Date,Close,High,Low,Open,Volume
2014-01-01,15.03171157836914,15.459602317709487,14.933115030970251,14.933115030970251,1199500.0
2014-01-02,15.021183967590332,15.125045254533603,14.921629769965849,15.033627785840519,697300.0
2014-01-03,14.89003849029541,15.354305775044262,14.728741759907942,15.046070493942382,5128200.0
2014-01-06,14.851269721984863,15.124565375437939,14.646896619779247,15.039848643428973,4769600.0
2014-01-07,14.876158714294434,15.047028184025802,14.792399617811254,14.88764580651294,2253900.0
2014-01-08,14.88956069946289,14.94029543464177,14.789528142702462,14.94029543464177,1756800.0
2014-01-09,14.840740203857422,14.912055480521403,14.712947106098778,14.800057476361502,3188200.0
2014-01-10,14.938379287719727,14.976190925065117,14.829252377244023,14.931199285118952,2183900.0
2014-01-13,14.989591598510742,15.046069413864775,14.886687058014553,14.943164873368586,1445600.0
2014-01-14,14.866588592529297,15.028363714276578,14.838349677795797,15.028363714276578,366000.0
2014-01-15,14.884295463562012,15.026926021978596,14.665084898851607,14.875680372612452,6362600.0
2014-01-16,15.16333293914795,15.354305489137584,14.8259020295299,14.885251848929906,3605500.0
2014-01-17,15.064739227294922,15.16285742760685,14.693804612111084,15.009697399110745,1908300.0
2014-01-20,15.024053573608398,15.258579950017404,14.847441019228155,15.124565399444064,900000.0
2014-01-21,15.285862922668457,15.316016198100044,15.007781803004773,15.028840711804527,1141400.0
2014-01-22,15.06234359741211,15.411740893254807,14.982413229517157,15.325588160386898,1061800.0
2014-01-23,15.070481300354004,15.172429133531278,14.83834854722898,15.172429133531278,693400.0
2014-01-24,14.842655181884766,15.171471030840808,14.687102442602376,15.171471030840808,1734000.0
2014-01-27,14.279788970947266,14.789525298983682,14.090732623809908,14.789525298983682,1689900.0
2014-01-28,14.700981140136719,14.818243867113724,14.119451130704084,14.137160586839755,2383200.0
2014-01-29,14.475550651550293,14.920194189283917,14.32239062409467,14.789529072996629,413100.0
2014-01-30,14.3434476852417,14.443001866497669,14.215176232594382,14.224269685254496,5068000.0
2014-01-31,14.65694808959961,14.885253019484356,14.358764794440406,14.36402952149688,734800.0
2014-02-03,14.286014556884766,14.779955904649539,14.18693963492739,14.779955904649539,983900.0
2014-02-04,14.179757118225098,14.591375291532973,14.119450575294884,14.481770021213759,515900.0
2014-02-05,14.208476066589355,14.454489528433374,14.12423769922188,14.25729552117305,497800.0
2014-02-06,14.197466850280762,14.502350847273751,14.128544303098591,14.502350847273751,1315400.0
2014-02-07,14.300371170043945,14.368336078176977,14.167791717286436,14.35828498765132,305600.0
2014-02-10,14.222356796264648,14.54973664535456,14.148648790655482,14.377910448825562,329100.0
2014-02-11,14.029471397399902,14.358765624257789,13.975865572773207,14.348714532140283,168200.0
2014-02-12,14.185503005981445,14.310902472493417,14.073983357825565,14.167315185598095,1193600.0
2014-02-13,14.188372611999512,14.348234252215478,14.044306977566421,14.044306977566421,838600.0
2014-02-14,14.123279571533203,14.310900843811368,13.98543539012283,14.188851755130967,310700.0
2014-02-17,14.395618438720703,14.477463169612916,14.119930059278413,14.119930059278413,1506000.0
2014-02-18,14.908705711364746,15.105420455012002,14.41620039546947,14.846963160909976,8535600.0
2014-02-19,14.743579864501953,14.847441142055498,14.69188749410385,14.847441142055498,745300.0
2014-02-20,14.476506233215332,14.816329881744887,14.293671316654683,14.789526972038276,791000.0
2014-02-21,14.64259147644043,14.74166640177737,14.368817424047283,14.40758579370906,1091000.0
2014-02-24,14.610522270202637,14.837391213611994,14.515276075948298,14.643069185536767,586100.0
2014-02-25,14.86945629119873,14.894824111446136,14.473633212539204,14.473633212539204,5958500.0
2014-02-26,14.817289352416992,14.980978832058211,14.60286513533776,14.933117009037064,892600.0
2014-02-28,15.043200492858887,15.172429604531333,14.836913007118769,14.8852541051167,1607100.0
2014-03-03,15.21023941040039,15.258580505460582,14.981457028062477,15.11451485834996,15068400.0
2014-03-04,15.173386573791504,15.220291671804475,15.04798709970907,15.04798709970907,881900.0
2014-03-05,14.910141944885254,15.28538453090694,14.837390663592247,15.172428882448546,1832600.0
2014-03-06,15.473004341125488,15.76640309424492,14.942687395752694,14.953217762650334,5313300.0
2014-03-07,15.667325973510742,15.746777973175035,15.187742887431588,15.507943611650855,4682400.0
2014-03-10,16.00619888305664,16.03395852677543,15.53331543373264,15.667331851030895,6902500.0
2014-03-11,16.2225341796875,16.398190026546015,15.977955774563352,15.993272507226216,3036400.0
2014-03-12,16.18471908569336,16.35750290397089,16.12967818088331,16.23497453931562,944800.0
2014-03-13,15.766400337219238,16.512576436379756,15.60318743854458,16.512576436379756,1025600.0
2014-03-14,15.850166320800781,15.986096184607858,15.655843343529751,15.794645209321656,1189300.0
2014-03-18,15.988005638122559,16.081815825717726,15.70896688821657,15.794641260398658,1363000.0
2014-03-19,15.978433609008789,16.09091089685874,15.754437584314037,15.797992316176588,3110500.0
2014-03-20,15.813310623168945,16.012897394620694,15.794643525163906,15.986094480035996,7044100.0
2014-03-21,16.017681121826172,16.089475678624076,15.823360012014849,15.823838374607826,1993000.0
2014-03-24,15.861169815063477,16.233062018981084,15.794640902294066,16.120106376042607,1076900.0
2014-03-25,15.894190788269043,16.12775946359223,15.801337353062468,15.823833168210735,7825700.0
2014-03-26,15.889884948730469,16.12776073047052,15.842499676722952,16.12728236799736,5335600.0
2014-03-27,16.253164291381836,16.319214841951123,15.794640989561088,15.890844814197486,3692300.0
2014-03-28,17.2085018157959,17.467916768381876,16.09952763323696,16.09952763323696,8717000.0
2014-03-31,17.144363403320312,17.374103399290107,16.89547795123357,17.230516130035383,2686500.0
2014-04-01,17.014659881591797,17.219033929943546,16.563315600032254,17.134794633891758,4765300.0
2014-04-02,16.766250610351562,17.2305179276621,16.66621805654942,17.2305179276621,2669800.0
2014-04-03,16.71120834350586,16.799752884924594,15.905680512674648,16.4460494301695,4806800.0
2014-04-04,16.832304000854492,16.97158421953154,16.532206288848908,16.67531523463211,1402100.0
2014-04-07,16.923240661621094,17.132878491911704,16.847617382435534,16.88494974655604,918400.0
2014-04-09,16.811723709106445,17.16112016780684,16.723657506880567,16.89548282149837,4270800.0
2014-04-10,17.09745979309082,17.383677631299953,16.694935946335228,16.694935946335228,16494400.0
2014-04-11,16.870590209960938,17.27837783291305,16.847616027931235,17.134790564585778,1397600.0
2014-04-15,16.826078414916992,17.03380279652948,16.7136011333175,16.90505205848404,1833200.0
2014-04-16,16.969186782836914,17.13479151734584,16.819377141691273,16.88638441558245,9339800.0
2014-04-17,16.916542053222656,17.120435906633286,16.84761949295833,17.03906861483272,8537600.0
2014-04-21,16.93328857421875,17.229557444545115,16.81889603887541,16.876330574879997,7016100.0
2014-04-22,16.89691734313965,17.115647729730213,16.794012783680632,17.00077862780149,16532900.0
2014-04-23,17.4865779876709,17.71871158647756,16.905048084509694,16.905526446967514,5004800.0
2014-04-24,17.4865779876709,17.4865779876709,17.4865779876709,17.4865779876709,5004800.0
2014-04-25,17.354961395263672,17.693350004904566,17.10224716684817,17.693350004904566,2266400.0
2014-04-28,17.774234771728516,17.804866404948644,17.249660977815708,17.606714775329873,1900500.0
2014-04-29,17.925004959106445,17.985789876033174,17.48371179358803,17.625864000639698,2954900.0
2014-04-30,17.899633407592773,18.09108431147994,17.49854652092397,17.891019230662643,4711000.0
2014-05-02,17.975255966186523,18.168620312474715,17.90059124863408,18.168620312474715,855800.0
2014-05-05,17.978607177734375,18.0130675373366,17.793856999318027,17.948453906629638,642400.0
2014-05-06,17.98770523071289,18.091088156525206,17.71871754822875,17.71871754822875,8320400.0
2014-05-07,18.033172607421875,18.05183970358717,17.807741494703496,17.807741494703496,8936300.0
2014-05-08,18.082469940185547,18.09252103138496,17.86469629753165,17.86469629753165,955700.0
2014-05-09,18.204038619995117,18.23562697612826,18.01354628079859,18.078638268805218,2512600.0
2014-05-12,18.188724517822266,18.39788397889695,17.737860509875816,18.157614519679406,9285600.0
2014-05-13,17.994882583618164,18.36007406573869,17.528223461771987,18.36007406573869,5057700.0
2014-05-14,17.286998748779297,18.187772077594733,17.0869336064816,17.995842752210216,4048400.0
2014-05-15,16.61452865600586,17.326244586879138,16.321129876320267,17.326244586879138,9318100.0
2014-05-16,16.95626449584961,17.230517795083976,16.75189230077609,16.94334322882379,5966800.0
2014-05-19,17.22956085205078,17.42148831443755,16.972059375341,16.972059375341,14438200.0
2014-05-20,17.041461944580078,17.40521837342113,16.94334465938463,17.329595086134237,6544100.0
2014-05-21,17.622514724731445,17.699094741795417,17.113735882611678,17.36405648246118,3973600.0
2014-05-22,19.561899185180664,19.815093542245798,17.622509832845445,17.709140918866908,14796500.0
2014-05-23,19.4116153717041,19.815097806315876,19.19767043024602,19.815097806315876,2847800.0
2014-05-26,19.201019287109375,20.006545353627683,18.57066886663319,19.786378063816592,4504100.0
2014-05-27,18.937297821044922,19.384333141470442,18.666394876971534,18.666394876971534,5453000.0
2014-05-28,18.625713348388672,19.286695468187613,18.331357837598233,19.286695468187613,3062400.0
2014-05-29,19.04402732849121,19.09523950293826,18.475898829727786,18.475898829727786,862200.0
2014-05-30,19.344608306884766,19.526008160166956,18.857846952068794,19.22160155806516,3352200.0
2014-06-02,19.94671630859375,20.102269953155425,19.228299733422805,19.487714653274583,4104200.0
2014-06-03,20.2338924407959,21.34669519603916,20.005109159781536,20.028083342974575,3762100.0
2014-06-04,20.231977462768555,20.62923748444595,19.721283436923617,20.571322750152326,1099200.0
2014-06-05,20.902057647705078,21.059524771422588,19.71937356022166,20.226715488468308,2348000.0
2014-06-06,20.54978370666504,21.05951913758969,20.2611722626568,21.05951913758969,6723500.0
2014-06-09,20.572280883789062,21.04994966762523,20.24585866640584,21.04994966762523,6161500.0
2014-06-10,20.217620849609375,20.607221623096223,19.904119896817196,20.607221623096223,3010700.0
2014-06-11,19.537017822265625,20.538780453455267,19.258457381934164,20.253999472642125,2823900.0
2014-06-12,19.724157333374023,20.301380326669825,18.708515012238653,19.145020889656664,10122300.0
2014-06-13,19.387203216552734,20.09173995520515,19.097156668528022,20.09173995520515,3729200.0
2014-06-16,19.087106704711914,19.804564751885888,18.908578870969276,19.804564751885888,3938000.0
2014-06-17,18.835350036621094,19.097158614663822,18.241853599765804,19.07753479343961,8111600.0
2014-06-18,20.236286163330078,20.569410938161706,18.83535017376326,19.001433285675834,3612400.0
2014-06-19,20.09413719177246,20.532556543034982,19.81557677238981,20.31286759186699,2175800.0
2014-06-20,19.839982986450195,20.150131723931466,19.644703340268084,19.893588805831307,2877000.0
2014-06-23,19.721763610839844,20.044357079350863,19.63561087911298,19.738515429463884,665700.0
2014-06-24,19.4599552154541,19.853384688051104,19.43219375449292,19.528397578202597,4513300.0
2014-06-25,19.259408950805664,19.695916593313637,19.078010954777405,19.575781866859543,2916100.0
2014-06-26,19.1938419342041,19.73851803127786,19.106730640065305,19.73851803127786,3136500.0
2014-06-27,19.138317108154297,19.353698923962348,18.96313965452226,19.33598855551969,3055600.0
2014-06-30,19.207717895507812,19.422621347428564,19.097155900222553,19.240743167916694,1653900.0
2014-07-01,19.237390518188477,19.374755405096785,19.145015438926976,19.374755405096785,4688200.0
2014-07-02,20.101314544677734,20.28319092253508,19.240745723453887,19.240745723453887,6191800.0
2014-07-03,20.985851287841797,21.119930713222153,20.06369187199649,20.121569233042862,5565900.0
2014-07-04,21.906082153320312,22.523427884515655,20.565287699324816,20.565287699324816,4165500.0
2014-07-07,21.43198013305664,22.841262139700483,21.31767518908415,22.349315576895105,3222100.0
2014-07-08,20.678625106811523,21.799973658412124,20.594222923321073,21.799973658412124,1923500.0
2014-07-09,21.029739379882812,21.992891992277016,20.59518635739267,20.88360171824994,2307900.0
2014-07-10,21.20288848876953,21.76476698854108,19.891995041501787,21.075561228006688,3997900.0
2014-07-11,20.514646530151367,21.578119748082404,20.30532907839468,21.085691105687875,1122900.0
2014-07-14,20.663192749023438,21.365904697773754,20.545993751664284,20.804024360016257,1315000.0
2014-07-15,21.187936782836914,21.346612907893945,20.748561497855242,20.748561497855242,3106900.0
2014-07-16,21.115589141845703,21.578116805045116,20.94244461006516,21.505771022190398,4487000.0
2014-07-17,21.216392517089844,21.50094978794294,21.134400503540764,21.365904443243828,2646100.0
2014-07-18,21.0649471282959,21.394359423191126,20.742288847947627,21.394359423191126,2881100.0
2014-07-21,20.982473373413086,21.37410131787731,20.88360093677365,21.10545861531111,2885700.0
2014-07-22,21.522653579711914,21.654803039479827,20.88360523430912,20.895663479249304,1377700.0
2014-07-23,21.6268310546875,21.766216570399262,21.317677071753096,21.674578321104498,1324800.0
2014-07-24,22.048843383789062,22.174242509498786,21.607056071046305,21.678919826588157,4084000.0
2014-07-25,22.1187744140625,22.383557179638462,21.245328160473072,22.184850056570994,7371400.0
2014-07-28,21.474903106689453,21.954309343017094,21.31815514503445,21.607052546714264,1733900.0
2014-07-30,21.351913452148438,21.799970778233458,21.231338394569523,21.41413096194681,3537300.0
2014-07-31,21.147899627685547,21.607049270600093,21.0765197698706,21.35094871003807,4863200.0
2014-08-01,21.204814910888672,21.75174290939899,20.94292619984739,21.462363463796514,1756000.0
2014-08-04,21.165267944335938,21.703033642320452,21.076525592787018,21.703033642320452,1218500.0
2014-08-05,21.285842895507812,21.404489840197076,21.030224301236817,21.07652545819703,2146900.0
2014-08-06,21.096298217773438,21.317673881482463,21.04758504793181,21.125235058626597,809000.0
2014-08-07,21.129093170166016,21.317673870129674,20.84501979153999,20.951124607661164,7479600.0
2014-08-08,21.259313583374023,21.703512837898945,20.739394302675485,21.124752127589055,1957600.0
2014-08-11,21.697242736816406,22.070060283971234,21.22121258990024,21.22121258990024,2361400.0
2014-08-12,21.96202278137207,22.13758113832635,21.574252987038417,21.9735989876784,8284800.0
2014-08-13,21.738239288330078,22.262982638562537,21.69917418416061,21.742099251055436,1333600.0
2014-08-14,21.797080993652344,22.22246986534665,21.52988620162938,21.52988620162938,4424700.0
2014-08-18,21.957202911376953,22.11829102748905,21.655283202502318,22.107680730472076,1212100.0
2014-08-19,21.921512603759766,22.18050725584353,21.704477105446465,21.772482726810043,2477200.0
2014-08-20,22.04064178466797,22.152052666949142,21.925852975215324,22.152052666949142,10504900.0
2014-08-21,22.497377395629883,22.764572145993785,21.997714675640772,21.997714675640772,2000800.0
2014-08-22,22.905405044555664,23.005723590525605,22.378733598128253,22.378733598128253,1459200.0
2014-08-25,23.134017944335938,23.439795815666347,22.625190937850455,22.625190937850455,1993500.0
2014-08-26,23.294620513916016,23.343333679889422,23.005723124717523,23.19864212779467,1280000.0
2014-08-27,23.879169464111328,24.018553108985962,23.343333834013542,23.343333834013542,4764800.0
2014-08-28,23.839139938354492,23.881581128447543,23.640430978114765,23.640430978114765,14013300.0
2014-09-01,23.50876235961914,23.90280233259424,23.155235433190327,23.84492497481708,2690200.0
2014-09-02,23.432559967041016,23.727245483967323,23.343335587763637,23.507317765687873,881800.0
2014-09-03,23.98045539855957,24.06196353739357,23.343337065005688,23.41085881786578,2871900.0
2014-09-04,23.57773780822754,24.018559234667507,23.199614108281512,23.777409037853918,2702600.0
2014-09-05,23.507320404052734,23.815992340711915,23.160063555396224,23.439796808057405,1156600.0
2014-09-08,24.848108291625977,25.06610783562205,23.34333207577974,23.728689859950503,3115100.0
2014-09-09,25.20067596435547,25.54262674458559,24.597318476083508,24.983158397938453,3046600.0
2014-09-10,24.774320602416992,25.513687442847917,24.5712714776805,25.29086382853913,1008400.0
2014-09-11,25.07093620300293,25.42687520296995,24.578025551249553,24.93107049888125,1719800.0
2014-09-12,25.29279327392578,25.407580246225052,25.079133855860157,25.407580246225052,1182400.0
2014-09-15,24.844738006591797,25.464975914207315,24.64554699188206,25.272538914747052,2813500.0
2014-09-16,24.805191040039062,25.243602282351212,24.6455489940553,25.243602282351212,2176100.0
2014-09-17,23.92788314819336,25.021741020391335,23.71663574131463,24.805187544643882,1647000.0
2014-09-18,24.605031967163086,25.272536889042584,23.692520608168504,24.558730813759578,1458900.0
2014-09-19,25.924604415893555,26.16768453986925,24.549085267473203,24.828818476347163,3817000.0
2014-09-22,25.873964309692383,26.236171576002025,25.51802718288385,25.668022976049016,1687700.0
2014-09-23,25.517065048217773,26.101130058925058,25.27253878826971,25.873966272850677,756800.0
2014-09-24,25.196813583374023,25.768822113779244,24.886693752183675,25.768340078433923,794700.0
2014-09-25,24.360023498535156,25.465455708069413,24.105368996649354,25.27542890239306,2525100.0
2014-09-26,24.66435432434082,24.790235464498952,24.037846355145426,24.115014327399923,3711200.0
2014-09-29,25.59712791442871,25.819467673983613,24.31758327787794,24.31758327787794,580800.0
2014-09-30,26.249675750732422,26.526516758531955,25.59037095455262,25.597124969210807,5372500.0
2014-10-01,26.719921112060547,27.105278973547154,25.79679757191677,26.24678313317583,6349700.0
2014-10-07,25.887950897216797,26.98325486090235,25.600501427470927,26.950941932228947,4899100.0
2014-10-08,26.057722091674805,26.306588501895018,25.76014250930933,26.051933987298593,1341200.0
2014-10-09,26.726192474365234,26.961554546254774,26.09244836793709,26.52651942167831,4362200.0
2014-10-10,26.349990844726562,26.815892686588523,26.092926199605557,26.815892686588523,2749600.0
2014-10-13,25.921714782714844,26.893067693840297,25.803069672346695,26.044219856200403,853000.0
2014-10-14,26.31140899658203,26.883417506702322,26.04421423838494,26.246779466009777,6291400.0
2014-10-15,26.31140899658203,26.31140899658203,26.31140899658203,26.31140899658203,6291400.0
2014-10-16,25.46738624572754,26.28488513247726,25.3207665378437,26.120420916402317,4973800.0
2014-10-17,24.748760223388672,25.754839905559894,24.491211640350087,25.715772958299535,2294300.0
2014-10-20,24.962900161743164,25.320285250308103,24.481081867885468,25.118202030534533,1109900.0
2014-10-21,25.50162696838379,25.65837492528066,24.887177258736678,25.06996800270205,1464200.0
2014-10-22,26.02733612060547,26.159969440859175,25.50452276484773,25.50452276484773,748400.0
2014-10-27,27.41298484802246,27.817633295368246,26.304658605080206,26.35288789878444,4833900.0
2014-10-28,27.16942596435547,27.66281865309093,27.008819857959697,27.16894392893636,1326300.0
2014-10-29,26.481664657592773,27.385011856072616,26.219292059229012,27.12312313292795,9653800.0
2014-10-30,26.961071014404297,27.105278708953104,26.246782876962172,26.246782876962172,1237800.0
2014-10-31,27.090808868408203,27.375366138964196,26.81589782530849,27.10383118348269,3217900.0
2014-11-03,26.909465789794922,27.394660204374002,26.349033372395404,27.394660204374002,2915000.0
2014-11-05,27.53211212158203,27.684037893228894,26.719919330777106,27.307842408996805,2914500.0
2014-11-07,27.810882568359375,28.92837306081877,27.3464285951521,27.68355531292933,6039800.0
2014-11-10,27.891429901123047,28.1181098127305,27.540314940032548,28.1181098127305,2291700.0
2014-11-11,27.946889877319336,28.323083511010914,27.645452199084527,27.645452199084527,1278300.0
2014-11-12,28.815034866333008,28.928375746774066,27.954128786173566,27.954128786173566,1664100.0
2014-11-13,28.799598693847656,29.130939135596346,28.552178402074166,28.895575247540815,1227800.0
2014-11-14,28.714231491088867,29.11164758736715,28.50684220646068,28.648639722079448,1976500.0
2014-11-17,31.620084762573242,32.65172495205414,28.716156885873065,29.111642937617475,5881300.0
2014-11-18,30.55613899230957,31.54244418216398,30.48717113022262,31.359167690949832,2036200.0
2014-11-19,29.17820167541504,30.944386464872828,28.98624490602667,30.84792420502434,3999300.0
2014-11-20,30.061294555664062,30.143768598325018,28.636098133046662,29.275628430659182,1360700.0
2014-11-21,29.86017608642578,30.94245772812187,29.7675756194343,30.19199856609534,1552200.0
2014-11-24,29.41646385192871,30.85757682791741,29.23029514750358,29.868861457374024,1606800.0
2014-11-25,28.992036819458008,29.6137226431312,28.504914302101504,29.6137226431312,2524800.0
2014-11-26,28.94911003112793,29.420317993343236,28.706513777562986,29.24524348670175,1102600.0
2014-11-27,29.37691307067871,29.535107152314996,28.74558285031928,29.02531608542652,1193700.0
2014-11-28,29.824003219604492,29.999077720440113,29.376909918998518,29.43671541852733,1929900.0
2014-12-01,29.778667449951172,30.28845848457773,29.247653980468943,29.92094515539187,4525200.0
2014-12-02,29.85535430908203,29.999079964875776,29.288169771469523,29.481088793596854,1658900.0
2014-12-03,29.955184936523438,30.336200712221494,29.420313432998995,29.978335508998647,5016000.0
2014-12-04,30.201644897460938,30.45244127944393,29.566456581391876,30.085893853363974,3114000.0
2014-12-05,30.865291595458984,31.06062448308452,29.903584973420685,29.903584973420685,1812400.0
2014-12-08,31.39485740661621,31.63889977521434,30.568676367548516,31.060140871874193,1994700.0
2014-12-09,31.363508224487305,31.60996446154112,31.108371670565113,31.5327946415481,1324700.0
2014-12-10,30.82477569580078,31.60031355068076,30.74133758327973,31.363505402264856,846600.0
2014-12-11,31.855932235717773,32.15929802609662,30.50114993803245,30.824772250123438,2765200.0
2014-12-12,31.868473052978516,32.176180881488975,31.64034521594414,32.04403327738852,840300.0
2014-12-15,32.24998092651367,32.50704934889328,31.337469347556926,31.831828018626734,1129100.0
2014-12-16,30.463533401489258,32.23695073126002,30.288458890603486,32.23695073126002,1629000.0
2014-12-17,30.87445068359375,31.253058151895242,29.90309799461152,30.655005023184483,1595300.0
2014-12-18,32.068626403808594,32.5552686782539,31.084733397751165,31.2038623609061,3191400.0
2014-12-19,32.0893669128418,32.2755355963381,31.94660717031094,32.09226280472446,2694800.0
2014-12-22,32.113487243652344,32.285187527263986,31.494215225078243,31.908993832280494,1402400.0
2014-12-23,33.60282897949219,33.90571648781649,31.944200292971928,32.235989947649145,3296600.0
2014-12-24,33.035648345947266,33.73209022206593,32.79642629441068,33.73209022206593,886900.0
2014-12-26,33.3693962097168,33.56810149803782,32.757836814169416,32.989342586557285,698300.0
2014-12-29,33.44318771362305,33.94429476658532,33.2015518416425,33.58642949385784,1577400.0
2014-12-30,33.36697769165039,33.558452422462075,33.011040606053015,33.41424291029279,1138500.0
2014-12-31,33.606204986572266,34.10779776954601,32.84513365555201,33.36553685782343,1585300.0
2015-01-01,33.75813293457031,33.953946026742514,33.42341636750554,33.606207143917196,756600.0
2015-01-02,33.21843338012695,33.953942078377416,32.95268470615769,33.66456263241343,1404300.0
2015-01-05,33.131614685058594,33.95393747354067,32.90252280805905,33.42340794794729,1446200.0
2015-01-06,33.04576873779297,33.61632934346613,32.7211823147317,33.27872060628061,1378100.0
2015-01-07,33.71858215332031,33.93416972534579,32.83259373241717,32.83259373241717,1094700.0
2015-01-08,33.66117858886719,33.94235970282989,33.428226760525234,33.428226760525234,968600.0
2015-01-09,33.279205322265625,33.87725671044951,33.1919090789289,33.57775082078534,1731600.0
2015-01-12,33.1649055480957,33.85748749827753,32.78195963861062,33.279210510402635,1177400.0
2015-01-13,33.597042083740234,33.855070841719346,33.018761526876354,33.18322758461254,1419200.0
2015-01-14,36.40353775024414,39.915168597709204,33.545911057158875,33.759570444584334,41759300.0
2015-01-15,37.235511779785156,38.436438440701416,36.89597123630202,37.02137033878223,12232000.0
2015-01-16,37.98404312133789,38.38146106516744,36.67652763590571,37.21429515209875,5086200.0
2015-01-19,37.63630676269531,38.39110425180595,37.468948494891805,38.02310887678961,3989900.0
2015-01-20,37.665245056152344,38.00719581527862,37.571196638499174,37.95703469671186,1867600.0
2015-01-21,36.82267379760742,37.94739877725701,36.655797521509506,37.91556603565213,5657400.0
2015-01-22,37.046939849853516,37.522970077254,36.712705312367675,37.08407497642984,1217100.0
2015-01-23,37.331485748291016,37.58855039493475,36.85738378393085,37.58855039493475,4241800.0
2015-01-27,40.219505310058594,41.71897755993129,37.23406516035978,37.469912930451265,11599500.0
2015-01-28,41.69582748413086,43.33371742957523,40.32995267241903,40.64826895906209,13940500.0
2015-01-29,39.822574615478516,41.91141799359532,39.64750009354878,41.783608698639405,4071600.0
2015-01-30,39.071632385253906,41.09440006560311,38.68145233497124,40.40712063076719,5898700.0
2015-02-02,40.12834930419922,40.802120641900096,38.76681288526349,39.53897830713439,3765600.0
2015-02-03,40.24602508544922,41.04374935206877,39.934461016945114,40.50839579567867,2104900.0
2015-02-04,39.61806869506836,40.60967784909957,39.1077956999142,40.511773169187926,2867700.0
2015-02-05,39.84283447265625,40.70615258978894,39.1155239433381,40.01598086745666,3847300.0
2015-02-06,38.993988037109375,39.88624307396802,38.304298292576654,39.84283780260968,3343100.0
2015-02-09,38.65155792236328,39.06633660538589,38.24642730898888,38.99399080166606,980600.0
2015-02-10,38.62068176269531,39.066329030659254,38.26474459862747,38.88305621914353,1728700.0
2015-02-11,39.667755126953125,39.95375665504368,38.637560880320635,39.047033380107266,2503400.0
2015-02-12,39.80183410644531,40.14860888552343,39.201850926854654,39.74154656725944,1900700.0
2015-02-13,40.36275100708008,40.5614562962148,39.413582855892095,39.413582855892095,1042000.0
2015-02-16,41.53812026977539,42.43133930864146,40.36275594988135,42.43133930864146,3374400.0
2015-02-18,41.661102294921875,42.32667912310438,40.57640855880695,42.32667912310438,2920100.0
2015-02-19,41.5689811706543,41.756113918822926,40.52286877932686,41.69052031396108,2802200.0
2015-02-20,40.42833709716797,41.39149154239998,39.83800203079778,41.38184715593746,5721400.0
2015-02-23,40.1519889831543,40.99553261927945,39.90891064948321,40.127390456654275,1133200.0
2015-02-24,39.74492645263672,40.41677347510433,39.54911335126632,40.34683785911925,1707400.0
2015-02-25,39.37017059326172,40.41676499903857,39.16278132535119,40.094588764742255,5669600.0
2015-02-26,39.51823806762695,40.116775125768186,39.259245249205385,39.51968785338327,1905200.0
2015-02-27,39.61711120605469,40.12642021523207,39.1729137689765,39.64556601176495,2808100.0
2015-03-02,42.166072845458984,42.86685297410976,41.12430234288822,42.35079175653802,4168400.0
2015-03-03,41.7662353515625,43.18516328399881,41.42959073108001,42.683570600356475,2753700.0
2015-03-04,41.60274124145508,42.43278034901444,41.091982476681125,41.768167676824895,2221400.0
2015-03-05,41.881507873535156,42.17233708734215,41.23426320268198,41.35049627334174,1266200.0
2015-03-09,40.65694808959961,42.30738194544697,40.03092399231902,42.30738194544697,2486700.0
2015-03-10,40.344417572021484,41.46817806336545,40.001020757590176,40.9955221884952,1462900.0
2015-03-11,39.864051818847656,40.58461011353391,39.4521691258116,40.532520852778845,1320800.0
2015-03-12,39.929649353027344,40.754382570588945,39.65522031595675,39.93447338718663,1240500.0
2015-03-13,39.6219367980957,40.57544328186014,39.35522403934351,40.32030673186082,2544500.0
2015-03-16,38.633216857910156,40.0695092813863,38.516501747017045,40.0695092813863,7726900.0
2015-03-17,38.91101837158203,39.741539420936896,38.700733235482275,38.87339754090583,3119500.0
2015-03-18,39.04751968383789,39.64508907896101,38.595123907514214,38.97083557323083,4020200.0
2015-03-19,38.92646026611328,39.60795162262508,38.82517763557962,39.12420517310253,1964100.0
2015-03-20,38.78177261352539,40.02128435637174,37.63052118643482,39.30747822477347,3521000.0
2015-03-23,38.51649856567383,38.998798819509304,38.209272803547016,38.998798819509304,4545900.0
2015-03-24,38.27583312988281,38.96986468573446,37.92857633428107,38.58402298403048,2209100.0
2015-03-25,38.0843620300293,38.29464721265082,37.82199126680989,38.11378458760334,2225600.0
2015-03-26,38.16490173339844,38.8734016959179,37.985970950062416,38.101721986552455,2005500.0
2015-03-27,38.2140998840332,38.58354134862664,38.0245532786793,38.39110253113172,1488400.0
2015-03-30,38.58064270019531,39.25924172401726,38.2140971535922,38.57437624100418,2434500.0
2015-03-31,39.63013458251953,40.50358270382642,38.48659945809549,38.883053325804596,3770100.0
2015-04-01,39.9349479675293,40.10809433289124,39.18400679025376,40.10809433289124,1292300.0
2015-04-06,40.907264709472656,41.22703077602523,40.07915372060344,40.10809424042987,1274900.0
2015-04-07,41.875244140625,42.1048217846968,40.61258365669841,41.23667968782608,1844900.0
2015-04-08,43.302852630615234,43.696410625632595,41.338926298132975,41.87476201214749,1882400.0
2015-04-09,43.451881408691406,45.32658314770654,42.443389847707586,43.8121568426501,5351800.0
2015-04-10,43.62019729614258,44.352327943462775,43.2025229197552,43.696399347615205,3245100.0
2015-04-13,42.96090316772461,43.62020988044261,42.635352631970385,43.62020988044261,3008200.0
2015-04-15,42.982608795166016,43.3081593257295,42.22057335411039,42.9729607274941,3832700.0
2015-04-16,44.22645568847656,44.41985858714456,42.20127785851453,43.13935183058314,1044800.0
2015-04-17,43.69110870361328,44.42034739665134,42.8408128771353,44.17823312977148,1872200.0
2015-04-20,43.96890640258789,44.313749343883266,42.81572696789817,43.145137418521806,1909900.0
2015-04-21,42.18584060668945,43.88932402038064,39.927711153512206,43.455253046884636,12573800.0
2015-04-22,41.28394317626953,42.43278438006601,40.436057641396644,41.574768742654314,1725600.0
2015-04-23,41.23330307006836,41.85065062504194,40.90871660399947,40.90871660399947,7722400.0
2015-04-24,39.933502197265625,41.09198782940216,39.74154907424552,40.63091176209949,2896900.0
2015-04-27,38.53772735595703,40.64827345073645,38.342878335771466,40.64827345073645,4170100.0
2015-04-28,38.65926742553711,40.50310078954065,37.749648166547864,37.749648166547864,2084600.0
2015-04-29,38.482749938964844,39.32677565171657,38.15044351591755,39.32677565171657,6349800.0
2015-04-30,39.011348724365234,40.513231320075946,38.11137384419255,38.43065792739028,4903600.0
2015-05-04,40.44232940673828,40.99552943467161,37.80848792214185,39.113593277386094,3258700.0
2015-05-05,41.382808685302734,42.394192360056564,40.99552091070088,41.09197948803899,3202100.0
2015-05-06,41.336997985839844,42.155460992827194,39.73624302581352,41.71801569928782,1621300.0
2015-05-07,40.32562255859375,42.04695296549813,39.45314196566287,42.04695296549813,1217700.0
2015-05-08,41.90658950805664,41.96012486922361,39.984622574559125,39.984622574559125,2022600.0
2015-05-11,41.932151794433594,42.92472512786006,41.48313034932833,41.785532096481774,1501100.0
2015-05-12,41.878143310546875,42.34597527271876,41.18893564829488,42.10337529422268,1168900.0
2015-05-13,41.73923110961914,42.53840156197375,41.583931095154,42.01752005154508,1755000.0
2015-05-14,42.29484558105469,42.63535023482822,41.82315738543648,42.19645516492654,2771900.0
2015-05-15,43.251731872558594,43.397387521626136,42.365747092677,42.38985990260878,1780800.0
2015-05-18,43.0264892578125,43.87968077243529,42.828748057881874,43.40702488244313,1529200.0
2015-05-19,43.22906494140625,43.81120186908589,42.80464192018458,43.39690527213273,1407200.0
2015-05-20,43.39496994018555,43.74463693129102,42.37104584548662,43.64625019901305,8276300.0
2015-05-21,44.14977264404297,44.3716303542551,43.146587074654576,43.59898649149801,4842800.0
2015-05-22,43.47454833984375,44.35040658898385,43.31056800561831,44.255876143192374,1645300.0
2015-05-25,43.4393424987793,43.886917861769035,42.84321928850961,43.40702773051542,2050000.0
2015-05-26,43.24593734741211,44.22693447444044,42.92568925304028,43.690616795300784,3720200.0
2015-05-27,42.5543212890625,43.5324262415825,41.53280739598679,43.081954992899576,4273000.0
2015-05-28,42.67585372924805,43.40653827679546,42.00834892165344,42.554314602245064,1993500.0
2015-05-29,40.67287063598633,44.265524665716136,39.700071673367475,43.39738626054576,23631300.0
2015-06-01,42.2485466003418,42.55818260627349,40.97141398515469,41.28490995413033,4038200.0
2015-06-02,41.33024215698242,42.83791263462687,40.97140914303197,42.83791263462687,2672400.0
2015-06-03,41.717529296875,42.111569284428086,40.22384522848675,40.70614552216247,2593300.0
2015-06-04,41.98182678222656,42.24950358349146,40.59280330736115,41.76045113142308,1721700.0
2015-06-05,42.930999755859375,43.358800651455134,41.477828617741906,42.15304981954403,3294000.0
2015-06-08,43.14369201660156,43.501557277635406,42.49161959967897,43.501557277635406,2425500.0
2015-06-09,44.20138168334961,44.55490498429305,42.44339484793833,42.55336147660026,5611000.0
2015-06-10,43.920196533203125,44.32339888275582,43.45525685959412,43.92791277879534,2279800.0
2015-06-11,45.00151824951172,46.03074853533923,43.66168787921505,44.3716340834244,8594200.0
2015-06-12,45.10906982421875,45.472241198701624,43.49384639753909,44.99862483799725,3890000.0
2015-06-15,45.48381805419922,45.652622445832655,44.89251880822333,45.155371623742525,2678700.0
2015-06-16,45.337677001953125,45.52915176317681,44.710688782466846,45.48092246624087,2233600.0
2015-06-17,46.071250915527344,46.204366257932406,45.30535566137495,45.36034080515975,9815000.0
2015-06-18,47.29340362548828,47.439059262564385,46.07125627615749,46.07125627615749,8103900.0
2015-06-19,49.75457763671875,50.552783962447954,47.3040094460614,47.3040094460614,7863000.0
2015-06-22,51.95629119873047,52.561098512206996,49.600256425411125,50.15924093309127,12956100.0
2015-06-23,51.30807876586914,52.26206734801463,50.59379057799242,52.26206734801463,5400400.0
2015-06-24,50.67721939086914,51.798569771284704,50.40038023173976,51.36498081033765,10692000.0
2015-06-25,51.94278335571289,52.0884390067803,49.77339580128172,50.71870774728312,7445800.0
2015-06-26,52.43327331542969,53.043386556562176,51.123829817933164,51.93409443770564,6722500.0
2015-06-29,52.622344970703125,52.76365861891571,50.36276534621485,50.44909752032076,5934300.0
2015-06-30,52.50707244873047,52.66719651747652,51.89551669678807,52.14631493829909,2855600.0
2015-07-01,53.035667419433594,53.68050561334008,52.377810591336825,52.57073144265455,5751000.0
2015-07-02,52.57652282714844,53.844007269514115,52.19454106316182,53.0530350414507,4948900.0
2015-07-03,53.64240646362305,53.92117746268287,52.61992845647215,52.61992845647215,5219900.0
2015-07-06,53.67279052734375,54.259265659612616,52.66670913071077,53.15913953154323,5063000.0
2015-07-07,53.61250305175781,54.59639242451105,53.3631509415328,54.1960859725186,5112400.0
2015-07-08,50.409061431884766,53.72728983544128,49.94219730469793,53.58356234497479,12273000.0
2015-07-09,48.6033821105957,51.00918374167704,48.11215562551024,50.40035134868213,18850200.0
2015-07-10,48.63581085205078,49.15752532062533,47.92437833888988,48.42576626972776,6691500.0
2015-07-13,49.31965255737305,49.75183793852051,48.786321884159314,48.88069535621136,9573700.0
2015-07-14,49.192848205566406,49.59696409796138,48.39672372493707,49.37627441745634,6645300.0
2015-07-15,49.923641204833984,50.12932876353691,49.19284962168453,49.24318410630446,4792000.0
2015-07-16,50.80591583251953,51.133562627932044,49.99382174568401,50.042217735445455,7216800.0
2015-07-17,50.12788391113281,51.387165585582764,49.945425074006934,50.73719636370138,8084100.0
2015-07-20,50.05673599243164,50.99563369858669,49.49194626444996,50.52425003979096,2941700.0
2015-07-21,49.429996490478516,50.61764959070198,49.190431370641434,50.04221477101839,4275200.0
2015-07-22,49.66762924194336,50.42939258217815,48.15958839302066,50.04222094686282,18540600.0
2015-07-23,49.7537727355957,50.5745808300666,49.36466262839036,50.04221755980452,9167900.0
2015-07-24,50.043190002441406,50.42939424758647,49.713124667790964,49.84863492924537,3066400.0
2015-07-27,50.60555648803711,50.821889184401506,49.37192213938066,50.04221786100947,7168100.0
2015-07-28,51.68141555786133,51.868711398790275,50.57409743812343,50.62297712944364,8062600.0
2015-07-29,52.65128707885742,53.23640337140539,51.699322004782076,51.97324841420275,5517800.0
2015-07-30,52.66144561767578,53.23204345065351,51.94807832419152,52.704037189778994,3616800.0
2015-07-31,53.34577560424805,53.6942326314243,52.08020221981471,52.316861448185776,6296500.0
2015-08-03,55.001426696777344,55.172265597203,52.800825372532024,53.47741284713858,4170800.0
2015-08-04,54.4647102355957,55.24970595416281,53.249467638564454,55.17226941772666,4563800.0
2015-08-05,53.83700180053711,55.36779125085174,53.53548965952295,54.688301528471435,5596900.0
2015-08-06,52.853580474853516,54.20433327870243,52.19199879406442,53.91395366032767,3163800.0
2015-08-07,53.06846237182617,53.960898863803614,52.65563983141795,52.99441543946824,4062800.0
2015-08-10,52.64305877685547,53.962352599306485,52.42720978000451,53.52678130173347,4285300.0
2015-08-11,52.77470016479492,53.09992848413296,52.30525126525202,52.65564683092705,3530600.0
2015-08-12,51.415714263916016,53.23639963354661,51.01015093280102,53.23639963354661,4404000.0
2015-08-13,51.84257507324219,52.38461605023712,51.41571411148145,51.49411804952988,3891700.0
2015-08-14,52.3822021484375,52.72339998851764,51.48250635695806,52.25782071821717,6539900.0
2015-08-17,52.267982482910156,52.55787841069714,51.011119399010575,52.55787841069714,8362500.0
2015-08-18,52.244754791259766,52.46254230224015,52.07730546479349,52.26847093291121,3680800.0
2015-08-19,52.18135452270508,52.36526076880396,51.88177716669114,52.244752644365036,6178000.0
2015-08-20,51.376033782958984,52.26847037450341,51.10743177361712,52.12811940911619,5316000.0
2015-08-21,51.72981262207031,52.25298188686117,50.40035366876928,50.448749659662106,4970900.0
2015-08-24,47.14616012573242,50.81656806471546,45.98899483704301,48.929094798121945,14469900.0
2015-08-25,47.579307556152344,49.198178757718125,47.03242583901436,47.56962983484455,24910200.0
2015-08-26,48.07973098754883,49.02588792511285,47.35135785340574,47.903083960668404,11040300.0
2015-08-27,49.36418151855469,49.809914255431224,48.41124903625449,48.41124903625449,6201100.0
2015-08-28,48.9048957824707,49.64439773723566,47.302961553185305,49.41499402365957,20694900.0
2015-08-31,48.601932525634766,49.06895918479838,48.38705093225785,49.00023665720317,4484400.0
2015-09-01,47.76804733276367,49.12267333836441,47.283596406381285,48.60192634705714,6406400.0
2015-09-02,48.60919189453125,48.92909208606243,48.087473740111825,48.11602689439875,4201500.0
2015-09-03,50.3538932800293,50.735260488270825,49.08106060676782,49.08106060676782,14177400.0
2015-09-04,49.12849044799805,50.85334770897222,48.51578839012617,50.85334770897222,6736300.0
2015-09-07,48.77470397949219,49.96477930450581,48.24911623969293,49.96477930450581,5277800.0
2015-09-08,48.50901412963867,49.36273246346394,47.968904200971956,48.93877735159001,3858700.0
2015-09-09,48.880210876464844,49.52727414574293,48.39672730483834,49.36369444809134,5512500.0
2015-09-10,48.926185607910156,49.51565514345282,47.80144324729304,48.589344818349474,5638800.0
2015-09-11,48.753414154052734,49.683597896133726,48.383179461219854,49.683597896133726,2067800.0
2015-09-14,49.837493896484375,50.14868743556613,48.74518168156958,48.74518168156958,6167300.0
2015-09-15,50.67137908935547,51.00047702869421,49.60665241687129,50.09255456348151,6967300.0
2015-09-16,50.33356475830078,50.96175629933251,49.84863007317476,50.83930968209593,4191600.0
2015-09-18,48.06375503540039,51.04886844687304,47.67077533171565,50.52618291747152,34401500.0
2015-09-21,47.776283264160156,48.61451199710141,47.138414002514274,47.90308319420004,7069800.0
2015-09-22,46.66799545288086,48.05697912078675,46.30114670559912,48.03859108256482,12573700.0
2015-09-23,46.89546585083008,47.225531173483475,45.27078649210943,46.66122511066822,14319300.0
2015-09-24,47.12002182006836,47.33829301172393,46.34519121337359,46.89788101700339,2846800.0
2015-09-28,46.68106460571289,47.586564752327455,46.55765058691278,46.761887052383415,2262200.0
2015-09-29,49.47065734863281,49.83895725467859,45.80411890796081,46.07562682498363,10475100.0
2015-09-30,49.66714096069336,50.332595955294614,48.60967365992409,49.50985307528396,8438400.0
2015-10-01,49.437744140625,50.2358072227437,49.13816678678339,49.75183992268789,5197600.0
2015-10-05,50.405677795410156,50.65685546063353,49.461939362574064,50.2309655738276,4358800.0
2015-10-06,49.99769592285156,50.743006048845984,49.77846099842256,50.57458562597474,7465000.0
2015-10-07,49.5592155456543,50.33307872146336,49.24027908324849,49.993819415139825,5900600.0
2015-10-08,48.79793930053711,49.55970260803577,48.654198740121736,49.55970260803577,4041600.0
2015-10-09,48.36140060424805,50.119651651867436,47.81596999706208,48.89328018631607,5027700.0
2015-10-12,48.0424690246582,48.78148736284912,47.78209731218752,48.36285664578081,4935200.0
2015-10-13,48.17071533203125,48.348333455910705,47.55462738837203,47.55462738837203,3583700.0
2015-10-14,47.814998626708984,48.25153732899833,47.6223820675167,48.170714880197195,2054700.0
2015-10-15,48.2452392578125,48.880689940299284,47.641735020402805,47.81596351756036,3411500.0
2015-10-16,48.37736129760742,48.60918347895857,47.903075505135526,48.39672042886418,2375900.0
2015-10-19,48.54627227783203,48.83665190319357,48.1707132013119,48.580149839251256,4130500.0
2015-10-20,51.40555191040039,51.77481916657128,48.677427960080124,49.06459955315579,37756200.0
2015-10-21,51.86241912841797,52.53658445560237,50.77784606274452,52.510449808971465,15041400.0
2015-10-23,51.039676666259766,52.091823359457656,50.879966564987676,52.026486737595874,4707600.0
2015-10-26,51.37699890136719,51.732715159877735,50.91335814245176,51.19406006074453,4329600.0
2015-10-27,51.501861572265625,51.881290260639105,51.1814739964563,51.301014710606665,2621600.0
2015-10-28,50.412452697753906,51.596719965048486,50.158369134589705,51.55219358648343,5687200.0
2015-10-29,49.96574783325195,50.81511276388401,49.50549669759102,50.81511276388401,10727000.0
2015-10-30,50.54893112182617,50.797206579198075,50.216447305132085,50.32292070026558,4139200.0
2015-11-02,50.55715560913086,50.81704727490256,50.09158006813094,50.65201647329903,2493100.0
2015-11-03,50.84947204589844,51.19405575744036,50.489398812267446,51.1650189036362,2081400.0
2015-11-04,51.73562240600586,51.784502099923024,50.90174693877744,50.90174693877744,4055300.0
2015-11-05,51.548805236816406,51.97808470056606,51.07548679039723,51.78449705720388,5950300.0
2015-11-06,51.274879455566406,51.600591435533865,50.832532663745546,51.600591435533865,4034000.0
2015-11-09,51.74722671508789,52.2684611081963,50.3325921782631,50.86011468932896,3162600.0
2015-11-10,51.70899963378906,52.24620359660694,51.30053040300531,51.746746806185016,3473900.0
2015-11-13,51.40361404418945,52.12230573044487,50.71977101410731,52.12230573044487,6087400.0
2015-11-16,51.03047180175781,51.47475335125052,50.44825782346578,51.300524858228655,5449100.0
2015-11-17,50.626853942871094,51.45492131363306,50.242100811882,51.08758882017498,4155200.0
2015-11-18,51.06629180908203,51.39732451842742,50.09254912327745,50.99950408701317,5910800.0
2015-11-19,52.43301010131836,52.51044663367215,50.817528661190266,51.106940869964944,3507300.0
2015-11-20,52.735496520996094,53.110088225814174,52.17845336314523,52.486737351500786,3861000.0
2015-11-23,53.20542526245117,53.236400615675834,52.56901080227125,52.834706888496086,4035900.0
2015-11-24,53.670040130615234,54.204338234186274,53.13961163868005,53.13961163868005,6254800.0
2015-11-26,53.72520446777344,54.63990225805201,53.18800053476831,53.76875974713098,7798500.0
2015-11-27,54.00445556640625,54.44051055562849,53.37771882883168,53.527747503148156,3494800.0
2015-11-30,53.63324737548828,54.1946511251518,52.98085976723476,54.1946511251518,2645400.0
2015-12-01,54.241111755371094,54.44534820932708,53.191387410688684,53.381589139327176,4725100.0
2015-12-02,53.93960952758789,54.4937504678402,53.739730055592325,53.913958580994255,2736400.0
2015-12-03,53.683101654052734,54.249829887082896,53.527748568582325,54.19271988629926,1828000.0
2015-12-04,52.724365234375,54.068342607449495,52.61450223718428,53.68165099937016,1700300.0
2015-12-07,53.01087188720703,53.44547578707218,52.65661042769741,52.778569653991944,1933400.0
2015-12-08,53.59646987915039,54.18013130133669,52.08165004755173,52.98473531439056,2675900.0
2015-12-09,53.279476165771484,53.92218617713487,52.86084547270258,53.62309620827021,7183900.0
2015-12-10,53.6017951965332,54.010748142189584,53.13863815139476,53.33416430152918,1871200.0
2015-12-11,53.47450637817383,53.99912668578041,53.247528579795485,53.60178999780062,2803200.0
2015-12-14,52.635799407958984,53.72036879720188,52.452856878852764,53.429989163800585,2855800.0
2015-12-15,54.26144027709961,54.44631760474103,52.55981192546744,52.994415801947945,3295800.0
2015-12-16,54.28419876098633,55.13259273587759,54.07851115837113,54.301619399860755,4391200.0
2015-12-17,55.52846908569336,55.75206099111723,54.44631823331268,54.49471422215573,9175600.0
2015-12-18,56.27377700805664,56.624168828009104,55.52072407752568,55.52072407752568,6464500.0
2015-12-21,56.815826416015625,57.34528380146864,55.65623897428852,55.65623897428852,3788400.0
2015-12-22,57.0640983581543,57.24316758726995,56.575777748224326,57.155569624683814,2572900.0
2015-12-23,57.219451904296875,57.60613980309724,56.68853975051549,57.10813780765292,2848900.0
2015-12-24,57.116851806640625,57.35012513854452,56.63869261566572,57.25333315534606,2460600.0
2015-12-28,57.16960144042969,57.25332978718664,56.96294646991931,57.25332978718664,902100.0
2015-12-29,57.94443130493164,58.06639421667498,57.02295795512152,57.20492938134073,3623100.0
2015-12-30,57.82634353637695,58.27933543556155,57.52628251172613,58.07607007646443,3829300.0
2015-12-31,58.17237854003906,58.463245546681556,57.70244601319176,58.075102865142256,5519300.0
2016-01-01,59.00383758544922,59.22549468379193,58.07607241720148,58.23190919879023,3039400.0
2016-01-04,58.58375549316406,59.03432890094862,58.03202941135176,59.03432890094862,4072000.0
2016-01-05,58.05527114868164,59.03288356076782,57.88249371360242,58.80203240742036,5112000.0
2016-01-06,59.11418151855469,59.8183547938804,57.60178377552384,58.04606907442567,3460100.0
2016-01-07,59.10498046875,59.914172243057926,58.36838082357114,59.04206605937918,7822900.0
2016-01-08,61.1202278137207,61.61097060272491,58.972379326596844,59.392464783704426,10350700.0
2016-01-11,61.03989028930664,61.84133925886869,60.215208881346555,61.09506179193591,5324000.0
2016-01-12,60.09712219238281,61.26057920896086,59.54733459410534,61.076669279378166,5845200.0
2016-01-13,58.82961654663086,60.93535740221516,58.41533915196276,60.20553679293053,10359400.0
2016-01-14,58.81072998046875,59.25017453845512,57.97395242434474,58.560036043079165,5575400.0
2016-01-15,57.83699035644531,59.48828790470623,56.929068033463174,58.36645140080797,4152700.0
2016-01-18,53.267372131347656,57.83408559320336,52.929076546893306,57.2552611835741,11221300.0
2016-01-19,54.63894271850586,55.269065409965094,51.775308229453195,53.267379537092694,6370100.0
2016-01-20,54.585697174072266,55.17226448486064,52.82115084314142,54.39791765161869,9801800.0
2016-01-21,55.57929229736328,56.38267612342524,54.30113148222369,55.075965844674215,7095800.0
2016-01-22,56.34008026123047,56.6144903409241,55.68962742276724,56.304747904969695,5613300.0
2016-01-25,56.68515396118164,57.592108951188514,56.3720255806869,56.381223293009576,4681400.0
2016-01-27,57.46578598022461,57.96862865710263,56.31442896688895,57.17589007287098,3929500.0
2016-01-28,55.90838623046875,57.88200253353708,55.462649823035036,57.587749598753476,6951900.0
2016-01-29,57.38303756713867,57.78521503027559,55.714319193452745,56.517703024411574,3596300.0
2016-02-01,58.106563568115234,58.72458628116224,56.9431028932614,58.72458628116224,3292700.0
2016-02-02,56.250553131103516,58.56101416210963,55.95678756208446,58.434214219856194,7836400.0
2016-02-03,61.751800537109375,62.81798178398613,54.21400856374536,55.753024533606876,51682900.0
2016-02-04,61.40480041503906,62.196087960219444,60.20553101832317,62.05428590012179,13885700.0
2016-02-05,64.83563995361328,65.33558043983703,61.44448320611258,61.44448320611258,23956600.0
2016-02-08,64.4659194946289,66.18690767764426,63.50621118687719,64.81873366621623,10352100.0
2016-02-09,63.729305267333984,64.5201092265075,61.90910327397307,63.88369097200576,9211800.0
2016-02-10,62.70861053466797,64.92469413824637,62.044602945921454,63.72929438268835,7918000.0
2016-02-11,59.81061935424805,63.254529633586834,58.666521334616775,63.25162742466447,11069400.0
2016-02-12,58.04461669921875,61.3476957232192,57.398520799528036,60.040981803301925,14716300.0
2016-02-15,60.108253479003906,60.97987979736607,59.20855770710139,59.49797363809322,9653700.0
2016-02-16,58.18642044067383,60.4755874506695,57.740203996962826,59.93451013499222,6572000.0
2016-02-17,59.14999771118164,59.673166959944794,56.4325187818913,58.55036302069304,6671700.0
2016-02-18,59.663002014160156,60.35071836734083,59.092404177226406,59.62476744700051,3276500.0
2016-02-19,58.541648864746094,60.157134089292306,58.269660967967845,59.91466674903902,4720300.0
2016-02-22,58.099796295166016,59.4210250509145,56.63579436950107,59.4210250509145,5274800.0
2016-02-23,57.05830001831055,58.511169466707784,56.701616318802124,58.38097991638721,4355700.0
2016-02-24,56.277645111083984,57.17492226819387,56.14020006854934,57.17492226819387,4758100.0
2016-02-25,55.684303283691406,56.672564321048284,54.28951152806921,56.61932762807872,11698700.0
2016-02-26,56.22199249267578,56.72096188541801,55.52265994362494,56.57577392158912,10910400.0
2016-02-29,57.41836166381836,58.75362869274296,54.629741686593356,56.22199448527616,6404700.0
2016-03-01,60.09761047363281,60.592706616767565,57.6908412127537,57.6908412127537,8677500.0
2016-03-02,61.666141510009766,63.002855925076766,60.43202348944321,60.786288625495374,12220100.0
2016-03-03,60.08647155761719,62.044601961862575,59.81641847331912,61.7639037540715,6545100.0
2016-03-04,61.314300537109375,61.821980272127725,59.56669463238684,60.9702005046292,4627500.0
2016-03-08,60.91260528564453,62.26432922390082,60.72918275165155,61.36511350663469,5294900.0
2016-03-09,62.17817687988281,62.673760359951416,60.06566081744582,60.931478957146346,6285900.0
2016-03-10,61.995243072509766,62.52857004351162,61.76583936590928,62.240128916948876,4042300.0
2016-03-11,61.951683044433594,62.4298459195829,61.27025848500556,62.4298459195829,4313900.0
2016-03-14,63.07788848876953,63.35132384126044,61.996221154516135,61.996221154516135,4579100.0
2016-03-15,62.66553497314453,63.83528008606686,62.151076050848225,63.35131281510425,5195800.0
2016-03-16,62.919837951660156,62.99409132651875,61.46048921093424,62.74997419255909,5833300.0
2016-03-17,63.88270950317383,64.54710954610113,63.04942318889933,63.43379015496113,9279200.0
2016-03-18,64.37628173828125,64.6742653966783,63.02322161848807,64.14430191564784,6992000.0
2016-03-21,64.5859375,65.18481507683398,64.0617946550898,64.71211715688163,11715900.0
2016-03-22,64.13506317138672,64.81790238156711,63.690994413698455,64.6926928535847,3453000.0
2016-03-23,66.7232666015625,66.96398470985507,64.150124356853,64.35298634721067,12459400.0
2016-03-28,65.03436279296875,66.97368893905161,64.93536075675786,66.96398053382515,6596800.0
2016-03-29,64.61262512207031,65.50755352528437,64.4490781023599,64.49857542089033,4419400.0
2016-03-30,65.88414001464844,66.21512176074646,64.74218449119978,64.7693620951416,4798900.0
2016-03-31,67.20809936523438,67.8472619773741,65.37214436193797,65.5711259446817,7455900.0
2016-04-01,66.75528717041016,68.2447236522587,66.0035338543715,67.352224401879,6645800.0
2016-04-04,66.67959594726562,67.58325533291959,66.31657855171588,66.97369920636392,6338500.0
2016-04-05,66.23162841796875,67.16780441379636,66.00401781032467,66.48836423773751,5577900.0
2016-04-06,67.43523406982422,67.89579464178303,66.45004188787034,66.87663414597431,4550500.0
2016-04-07,67.77542877197266,68.39566331329132,67.41484038297583,67.74000160886993,5609500.0
2016-04-08,69.2401123046875,69.64292593567437,67.55606325932075,68.1869762645453,7467300.0
2016-04-11,69.819580078125,70.17677679479429,68.9149507900229,69.40026734488221,5598600.0
2016-04-12,71.20079803466797,71.56478546621481,69.83705223731745,70.07971052501534,12334700.0
2016-04-13,72.12191772460938,72.99160113077689,71.63369090848865,71.72978263088672,10425400.0
2016-04-18,70.99113464355469,73.10517490990584,70.71547815918773,72.14716050872424,14558100.0
2016-04-20,70.01565551757812,72.01418737311964,69.88558806644026,71.79773659144642,15538400.0
2016-04-21,67.81327819824219,70.0806756558951,67.41483373279326,69.98264372886949,18101800.0
2016-04-22,67.6642837524414,68.10349458835127,66.88632295062595,67.81327182878049,9793000.0
2016-04-25,66.52574920654297,68.13748540560285,66.28891888477067,67.9336532988275,6605600.0
2016-04-26,67.98654174804688,69.22604062202093,66.39178636351201,66.73102511757764,13350500.0
2016-04-27,67.41678619384766,68.3495707387843,67.12463055943033,67.9443280950091,7996400.0
2016-04-28,67.62496948242188,68.33256473147904,67.21633529958716,67.2648699117598,15367500.0
2016-04-29,66.28551483154297,67.7812610072049,65.95647318514285,67.55607190393974,7697200.0
2016-05-02,68.46602630615234,68.91494556643882,65.51772993992422,66.72131283125067,7833700.0
2016-05-03,67.80358123779297,69.1648906617719,67.36194138190999,68.91495292449187,9893900.0
2016-05-04,67.4997787475586,68.32967345253394,67.10764355778319,67.75505577174869,8851300.0
2016-05-05,69.45365905761719,69.7302856693778,67.57062827623616,67.91034841582974,9150400.0
2016-05-06,70.51116943359375,70.66210515860341,69.04163071913528,70.11369499025312,6698600.0
2016-05-09,71.6196060180664,72.31215356417887,70.2398501771326,70.85620416355782,8606200.0
2016-05-10,71.94623565673828,72.42864188901645,71.28814507687761,72.06950498947552,7833900.0
2016-05-11,72.63102722167969,72.76788538092504,70.61793634003178,71.79677080763582,8210500.0
2016-05-12,74.44902801513672,74.69022748085888,72.34712474066816,72.9916192511611,9471200.0
2016-05-13,74.02194213867188,75.8064522437004,73.67106214316833,74.88435365604876,16253100.0
2016-05-16,75.42887878417969,76.27284362171294,73.92197274273958,74.15638150112822,12775000.0
2016-05-17,75.30560302734375,75.94233666477838,75.02994652640908,75.94233666477838,6229000.0
2016-05-18,75.1517562866211,75.90350970967077,74.59315643233865,75.07119355708006,7226700.0
2016-05-19,75.10953521728516,75.90350646846916,74.79310491245106,75.32015798185552,7909300.0
2016-05-20,75.42304992675781,76.12869767215379,74.44416723439129,75.18524214151606,7481400.0
2016-05-23,74.28935241699219,76.04910636116755,72.82320552393627,75.71909464239015,10553200.0
2016-05-24,74.01612091064453,75.17553853822457,70.03555616320678,75.17553853822457,43044900.0
2016-05-25,71.21776580810547,73.76810632749235,70.41942551555216,73.76810632749235,20068600.0
2016-05-26,72.39321899414062,72.99160773729442,71.63272729216453,71.72978912319623,16384900.0
2016-05-27,74.42718505859375,75.12507205762036,72.47960927739447,73.21486364091305,13854900.0
2016-05-30,74.18985748291016,74.93287256128605,73.37404047863092,74.7387489028962,7632500.0
2016-05-31,73.65940856933594,75.2240687248713,72.50629295719028,74.42911994227877,154592300.0
2016-06-01,74.1796875,74.92319152915026,72.60337838804939,73.06927825448459,9970900.0
2016-06-02,77.30655670166016,77.65064594879252,73.67105182498544,74.36796121825735,15882300.0
2016-06-03,76.67565155029297,78.57275242901308,76.50530643547839,77.65065387636857,13053400.0
2016-06-06,75.4579849243164,77.1561114953666,75.23377335927292,77.15562274273942,8372800.0
2016-06-07,74.61499786376953,76.2335319737169,74.25343936858019,75.70938916012098,14258800.0
2016-06-08,75.20415496826172,76.26942817831814,74.37620814807745,75.10757450218857,9940800.0
2016-06-09,74.92267608642578,75.61037319174076,74.64168037586553,75.61037319174076,3101200.0
2016-06-10,73.72589874267578,75.19301581702604,73.5254657098346,75.19301581702604,6892400.0
2016-06-13,72.80330657958984,73.36967463432033,72.31216940662092,73.28280255301853,9882200.0
2016-06-14,72.71885681152344,73.20514344028523,72.02096992494205,72.80718773737463,7466700.0
2016-06-15,74.26508331298828,74.62130253309576,72.69993442317693,72.70042317582285,4862300.0
2016-06-16,73.73172760009766,74.34468271670225,73.374530842143,74.01078317032685,5810900.0
2016-06-17,73.09014892578125,74.251995734986,72.55484614968432,73.93751294450779,6411800.0
2016-06-20,73.18428802490234,73.7681253334132,72.26364086776526,73.08868503590088,5460400.0
2016-06-21,73.82685089111328,74.59316328949618,73.04015158080695,73.57205522146222,4583500.0
2016-06-22,73.7588882446289,74.20294958314952,73.38034196759236,73.38034196759236,3036900.0
2016-06-23,74.70867156982422,75.12749560666134,73.5254679321892,73.5254679321892,3073000.0
2016-06-24,73.65262603759766,74.03894065836435,71.98605319646158,73.70989897407108,7542600.0
2016-06-27,74.69603729248047,74.85522253248718,73.10322960324511,73.10322960324511,6817400.0
2016-06-28,74.70623016357422,75.36917125266193,74.26313888853038,75.36917125266193,6163300.0
2016-06-29,74.60093688964844,75.1537088295551,74.45728061176982,74.73876516140868,1971000.0
2016-06-30,77.61862182617188,77.89330821590747,74.54510824690202,74.88385825935895,13410000.0
2016-07-01,79.27354431152344,79.98016953849867,77.60211398193486,78.13596515319323,11114200.0
2016-07-04,79.6341552734375,80.38639015099167,78.62129670735565,79.35412217740766,4235200.0
2016-07-05,79.30072784423828,79.78604443424058,78.72805782260043,79.63414602887364,4760300.0
2016-07-07,78.57906341552734,79.591433125578,78.43152675539524,79.01925184857319,4457900.0
2016-07-08,79.6676254272461,79.96997816729241,78.31164792291335,78.62128011490475,5548200.0
2016-07-11,83.15900421142578,84.59068673202262,80.07772952381697,80.5581882290237,26266600.0
2016-07-12,83.73798370361328,84.54215220288224,83.18326421024595,84.25096667932404,9689300.0
2016-07-13,83.23470306396484,84.97893539938251,82.73239863064278,83.86173569381417,11805700.0
2016-07-14,84.22410583496094,84.72973333321474,83.29979389551642,83.73548007337942,9246500.0
2016-07-15,84.51456451416016,85.33978611046835,84.12599257044609,84.5135862102335,7148000.0
2016-07-18,85.49229431152344,85.83520461702739,84.99977763818639,85.38834953252515,7276700.0
2016-07-19,83.96084594726562,85.77693381349238,83.54265065694686,85.58167324002025,8582700.0
2016-07-20,83.93218994140625,85.02892790684066,83.42024795625703,84.18379191769067,6288900.0
2016-07-21,84.59033203125,85.32958888306372,84.04487570695696,84.79579068067935,23674300.0
2016-07-22,85.85270690917969,86.21310817984015,84.3508842497484,84.58208268764947,7320400.0
2016-07-25,87.26952362060547,87.71978057059711,86.00521408184011,86.28206666886501,22901400.0
2016-07-26,95.66944885253906,97.04450695247967,86.45693089375942,88.39881238082499,95646500.0
2016-07-27,95.1361312866211,96.53692903157445,92.43507875412334,96.1711841985231,38403300.0
2016-07-28,100.22008514404297,101.61116652029139,94.00927125433594,95.10261474663419,59563200.0
2016-07-29,100.76261901855469,101.78989725605759,99.57116362304386,100.93067233463586,28248400.0
2016-08-01,109.0547103881836,110.82659642558524,101.31924749657979,101.61116000705822,52960000.0
2016-08-02,106.31385040283203,114.33685411896461,104.91402349210169,109.77115420932861,40981800.0
2016-08-03,97.19701385498047,106.37116257985411,96.55976002508687,106.37116257985411,54461400.0
2016-08-04,96.84827423095703,100.22786969629075,94.4561357871666,98.35690044794389,38068700.0
2016-08-05,98.06254577636719,99.6896874023962,95.34692254717358,99.08545878814103,26812600.0
2016-08-08,97.4762954711914,99.87571918125222,96.88033052508082,99.73631828746282,16569600.0
2016-08-09,98.88922882080078,99.66831443513259,96.26832315140024,98.11403418770493,14404700.0
2016-08-10,97.12611389160156,99.76547442829748,96.171200213171,98.59976587511977,11447200.0
2016-08-11,97.2135238647461,97.8760357054521,95.67575614436524,97.6273538213357,8901000.0
2016-08-12,98.64248657226562,99.07574176486504,96.96386542405273,97.3466045642255,7975400.0
2016-08-16,99.12043762207031,100.29974589621717,97.34126601691811,98.69786222430992,9063600.0
2016-08-17,99.17095184326172,99.57118191347384,98.44675494165239,99.08546883096909,3955200.0
2016-08-18,98.44966125488281,99.99326171883982,97.8128966032134,99.41914557212941,6188300.0
2016-08-19,98.92129516601562,99.47403686934467,98.35786623372171,99.08546493633531,4067600.0
2016-08-22,98.75662994384766,99.39631465975884,98.31900202730024,98.77363167871691,4942700.0
2016-08-23,97.53750610351562,99.4691821145061,96.31690885063404,99.4691821145061,6695400.0
2016-08-24,97.66329956054688,98.59003498128251,97.40003946489941,98.39575272156847,4375400.0
2016-08-25,99.95635223388672,100.46489240930799,97.39567131618382,97.72547091490819,12545300.0
2016-08-26,101.81419372558594,103.16544627029414,100.51782995587408,100.59650930172356,9162400.0
2016-08-29,104.36612701416016,104.9883282499986,101.20462701683655,102.75744718229299,10646000.0
2016-08-30,104.6944808959961,106.2740192368635,103.99650553533803,105.61344917739937,13942300.0
2016-08-31,106.96470642089844,108.43981829628655,105.0213649406137,106.85687805738576,19100900.0
2016-09-01,108.41942596435547,109.38259593599663,106.85688912975402,107.15317443697865,12919100.0
2016-09-02,108.21493530273438,109.57687521147973,107.62430652976194,109.08144578836463,10016000.0
2016-09-06,109.43941497802734,109.76144002349689,108.56756088656819,108.8094465346462,7553400.0
2016-09-07,110.677490234375,114.0454273611091,109.71286777841848,109.72257670336359,25193400.0
2016-09-08,112.9574203491211,114.00656226595078,104.91401380954544,112.09285175415755,16049330.0
2016-09-09,112.05887603759766,115.00715079211572,111.18459094820234,113.75401006588143,7584160.0
2016-09-12,106.31287384033203,110.14514947538186,101.99973962182074,109.2660100482738,10346120.0
2016-09-14,106.95886993408203,107.63401075145207,103.74830649921759,107.14829771992275,10497610.0
2016-09-15,106.75972747802734,108.11972546980589,105.3997294862488,107.7214372202695,6615510.0
2016-09-16,105.67658233642578,108.51799897639879,104.98200888350418,107.73114627785124,8039660.0
2016-09-19,104.51573181152344,106.51687464158695,104.15630889344752,106.51687464158695,8248830.0
2016-09-20,104.43315887451172,105.78344054330191,102.00459365562392,102.00459365562392,5971260.0
2016-09-21,103.96688079833984,105.39001649056078,103.55888361129286,105.39001649056078,7228850.0
2016-09-22,109.57200622558594,109.98486528661762,104.01544769427157,105.22973033096115,13636280.0
2016-09-23,109.43115997314453,111.17972263934487,108.63459080699477,110.58715208034882,11604320.0
2016-09-26,109.07172393798828,110.7280072569444,108.36744148087644,108.6054435491858,6485510.0
2016-09-27,106.72087860107422,109.77115615257955,106.0651629780833,109.77115615257955,9053720.0
2016-09-28,107.4494400024414,108.20715116395996,106.0845875369634,107.3425825400331,8753570.0
2016-09-29,100.75146484375,109.09116529842332,98.23062007861388,108.7997344736685,15500650.0
2016-09-30,102.5728759765625,103.55888026381025,99.13888864616248,101.02345760835672,11517110.0
2016-10-03,105.56488037109375,105.88545278670537,103.77745977142926,103.84545930703838,8814260.0
2016-10-04,105.2782974243164,106.50229631385132,104.13686885908054,106.07972094534243,4900220.0
2016-10-05,104.3554458618164,106.25944002088895,103.77744617914584,105.88543891832695,7291610.0
2016-10-06,104.64688110351562,107.34259016690899,103.5540266787394,104.53031470816461,11826710.0
2016-10-07,105.15687561035156,105.88544518732859,104.52544716135954,105.56487279472438,6068850.0
2016-10-10,104.32630157470703,106.1428710293702,104.18544805280469,105.41430146256737,3824020.0
2016-10-13,102.38345336914062,105.39973475375177,101.04774244484193,105.39973475375177,9690240.0
2016-10-14,103.09745025634766,103.92316837792211,101.03803164903303,103.1460245263437,8194600.0
2016-10-17,104.80230712890625,105.39973210667107,102.10174375015266,103.42773830469172,9208790.0
2016-10-18,108.54229736328125,108.89686581944828,105.40944963014444,105.78830522142276,13562070.0
2016-10-19,108.68801879882812,109.76630243739575,107.94973283652203,109.12030314680212,6481410.0
2016-10-20,108.93573760986328,110.2568778849201,108.56659830795394,109.13973623023902,5359990.0
2016-10-21,110.18885803222656,110.6454294652134,108.34314704013613,109.38257262552186,4660280.0
2016-10-24,109.66914367675781,110.95142580164811,109.30485889796634,110.40257510801605,3998320.0
2016-10-25,110.90772247314453,111.22829488342067,108.32373275161146,109.57687338246001,4172010.0
2016-10-26,111.5585708618164,113.00600110123025,109.29029178541354,110.74257648727358,9716900.0
2016-10-27,107.32315063476562,112.87970127901738,106.662580640499,111.80627967045437,20146350.0
2016-10-28,104.19031524658203,107.53687823590396,102.2620336312413,107.35231229617489,14524330.0
2016-11-01,103.04888916015625,105.88059731495376,102.61174293992615,105.59402096418086,9037750.0
2016-11-02,99.07091522216797,101.99976502497348,98.65805606584232,101.80548272281715,13298860.0
2016-11-03,100.13945007324219,101.62573069343185,98.59974072566173,100.03745449183673,9680280.0
2016-11-04,96.47718811035156,100.65917788075512,94.23805059265317,100.54260407749126,16667440.0
2016-11-07,96.21003723144531,99.90145178804165,95.7048915332274,98.0946061469483,10632580.0
2016-11-08,95.55919647216797,97.32719183214611,94.42262220322989,96.82204606564171,9603360.0
2016-11-09,90.26005554199219,90.77976464334051,81.22578999045326,89.3711997851962,33848550.0
2016-11-10,90.2649154663086,95.1317625199497,89.75006079612773,92.28548362332204,17539210.0
2016-11-11,83.35807800292969,89.37120841930961,82.57122517001432,89.37120841930961,27806070.0
2016-11-15,79.17608642578125,84.3780767685408,74.05181936587407,84.3780767685408,43683530.0
2016-11-16,87.40892791748047,91.57633956367222,78.05895125801726,80.33693934584336,77573480.0
2016-11-17,84.62577056884766,87.76833414750729,83.54263269686295,87.76833414750729,19293840.0
2016-11-18,85.33007049560547,87.56920809502496,84.02836299625373,84.70835834496084,16472760.0
2016-11-21,80.84209442138672,86.59779055639008,79.21981434836223,86.59779055639008,20767910.0
2016-11-22,83.3483657836914,83.83407885373299,80.65265676268201,82.57607636966641,14340860.0
2016-11-23,82.59550476074219,84.65492332765764,82.03693031231731,84.61121093235452,11615950.0
2016-11-24,79.72494506835938,82.65379436304285,79.28294438453185,82.32836748712174,16130900.0
2016-11-25,85.281494140625,85.87406462627212,79.97264690342114,80.72550357729011,16230360.0
2016-11-28,85.41264343261719,87.33120851189011,83.32893028247607,85.11635817349149,18188630.0
2016-11-29,88.13263702392578,89.98320267584677,85.86435782608453,85.92264102413135,25464460.0
2016-11-30,89.3517837524414,90.13378212777951,88.30749615678717,88.39978283018011,17753150.0
2016-12-01,88.80777740478516,90.33291617328376,88.3997801979904,89.95406056534671,9974750.0
2016-12-02,86.11693572998047,88.39978586058493,85.48550720584038,87.8169316119148,18182210.0
2016-12-05,87.64691925048828,88.18606103773575,85.97121069381956,86.16549295116928,7978130.0
2016-12-06,87.23892211914062,89.75005772453034,86.77749619909447,87.74892230925187,8784340.0
2016-12-07,86.55892181396484,88.47262491502447,85.06292480124274,88.07919854892602,8880280.0
2016-12-08,88.55034637451172,88.97291436311765,87.82663866174,88.20549425388182,10019200.0
2016-12-09,87.07378387451172,89.14777334102571,86.60749606768874,88.7689177404666,6517670.0
2016-12-12,81.94950866699219,87.11264090366573,81.01694047443526,87.11264090366573,23954250.0
2016-12-13,81.28408813476562,81.93008001893217,78.19980706545277,79.65694632754195,29139710.0
2016-12-14,82.44978332519531,83.33378455955234,80.90035763977093,81.5706439642222,14235920.0
2016-12-15,82.94036102294922,84.21293430391562,80.73037248735149,81.12379888755427,8334950.0
2016-12-16,82.64894104003906,83.83408216355352,82.37694289590006,83.63007614405569,6264590.0
2016-12-19,79.93866729736328,82.88208765992067,79.55009531364809,82.88208765992067,8083120.0
2016-12-20,78.27752685546875,80.57980226149235,76.38324127311947,80.14266342554694,20296040.0
2016-12-21,76.6066665649414,79.15180573883451,76.06752475676267,78.78265905958828,16082650.0
2016-12-22,74.35295867919922,76.23752778865898,73.87696193916834,76.23752778865898,18362220.0
2016-12-23,78.5835189819336,80.42437577648718,73.95467374398234,75.45067097742695,33652970.0
2016-12-26,78.68551635742188,79.78322521381276,75.97038210876126,78.68551635742188,21339160.0
2016-12-27,78.6612319946289,80.42437285050559,77.65094789666664,78.78266026489273,35055640.0
2016-12-28,79.67636108398438,81.68721270406299,78.78265089981446,79.30236739223258,21246090.0
2016-12-29,80.95381164550781,81.57552389860716,79.29267352443975,79.65695839514927,15940840.0
2016-12-30,81.81351470947266,83.02779744403169,80.91980439557167,81.59979976236728,8425640.0
2017-01-02,84.51893615722656,84.89293732956934,81.79408529580274,82.76551152217282,9499670.0
2017-01-03,85.87407684326172,86.35978993919488,83.4697985006713,84.51407869237013,12602640.0
2017-01-04,84.69863891601562,86.5540588010495,84.31978335280472,86.17520323783859,9714280.0
2017-01-05,87.404052734375,87.71977063072866,85.00462933221289,85.81091468971692,14234470.0
2017-01-06,85.3349380493164,88.87578338375452,85.08721961827665,88.49692774834614,40406250.0
2017-01-09,85.31550598144531,86.8212196077314,85.00951175768066,86.2432198130513,6153810.0
2017-01-10,87.404052734375,87.6177676398717,85.49034233147187,85.94205927470666,11472930.0
2017-01-11,87.05435180664062,88.3512048193238,86.55406793546524,87.91406601914504,20051890.0
2017-01-12,86.57350158691406,88.39492562722795,86.06835583602005,87.67121047377493,7377500.0
2017-01-13,87.4332046508789,87.96263751523415,86.27235074205512,86.76778013497955,8211850.0
2017-01-16,89.14777374267578,89.38092135283433,86.88921092829034,87.42835273326789,11175040.0
2017-01-17,88.82234191894531,89.8180551406875,88.44834821154477,89.7500556110335,8495540.0
2017-01-18,90.37662506103516,91.11976538767263,88.8854825342759,89.2449128366688,15251440.0
2017-01-19,89.98320770263672,90.56606936123949,88.98263988617256,90.32321280728628,5989970.0
2017-01-20,88.17633819580078,90.34262152124771,87.81691530508272,89.83748324257171,6978570.0
2017-01-23,90.30862426757812,90.5077683977795,87.92863327557787,88.34149233463994,8296480.0
2017-01-24,90.31834411621094,90.82348986068868,89.46834624152766,90.82348986068868,8262880.0
2017-01-25,97.12804412841797,97.72546913503346,90.45920568881837,90.45920568881837,38749460.0
2017-01-27,96.73947143554688,99.08546645720978,96.30233263632239,97.14261417373507,13869160.0
2017-01-30,102.4660415649414,102.87403880106892,96.08862602051104,96.17119636034205,48663840.0
2017-01-31,100.72718048095703,104.13688095209955,100.12974805885132,102.86431505946538,23045840.0
2017-02-01,103.56858825683594,103.93287303266025,99.57117205864705,100.93117003733639,18603790.0
2017-02-02,102.40289306640625,105.29773897235151,101.99975030677889,103.69002980810099,16817290.0
2017-02-03,101.74231719970703,103.7483145471779,101.25174966790952,102.51459920101182,9030790.0
2017-02-06,104.30204010009766,105.44832338220822,102.00947353587654,102.58261147123471,12180630.0
2017-02-07,103.0634536743164,104.42830616440976,102.23288109450748,103.94259311248227,6587860.0
2017-02-08,101.94632720947266,103.88432524061544,99.57119033167528,102.97118219665933,10462970.0
2017-02-09,101.11088562011719,103.13145370465665,99.66831725599391,102.77688525022225,9168710.0
2017-02-10,102.52916717529297,102.87402670594143,100.83403335375647,101.5334539285738,6433910.0
2017-02-13,102.86917114257812,103.94260032281285,101.34403235018512,102.67974333564182,4844760.0
2017-02-14,102.92259979248047,103.84545910122489,102.48546098034446,103.35974601600998,4381000.0
2017-02-15,101.06717681884766,103.45688424153853,99.95975160861026,103.00031276845247,6792040.0
2017-02-16,106.30801391601562,107.43972622289205,100.54260232807562,101.11574017518245,10350070.0
2017-02-17,105.83686828613281,108.60543853892275,105.0208739376759,107.82829471157947,14088530.0
2017-02-20,106.45858764648438,107.77972779626577,100.54260598238118,106.17201871251537,6175650.0
2017-02-21,106.45858764648438,107.4348756652572,105.3997367061677,106.0991647162159,3354820.0
2017-02-22,104.54975891113281,107.26003926495602,103.45690428836835,106.3711832824069,10006320.0
2017-02-23,103.76773834228516,106.75973258504612,103.60259767982325,105.20545226783041,11961770.0
2017-02-27,106.04087829589844,107.2454446035927,103.84545320029017,104.0251646599618,12234400.0
2017-02-28,107.6534423828125,108.70258437174004,106.46830132991951,106.63830386557288,12574750.0
2017-03-01,104.51087951660156,109.66429544305835,104.00087931504855,108.79972677853326,20450870.0
2017-03-02,101.87830352783203,105.84657791771352,98.99802894503793,105.20544060044926,25871530.0
2017-03-03,101.63545227050781,102.67002340361671,99.48860155158035,101.75688052889551,11857510.0
2017-03-06,100.44058990478516,102.58258605394907,99.70716592904311,102.38830381483892,11760840.0
2017-03-07,102.23289489746094,102.56318367128986,99.31861619242527,100.53289898619013,15346340.0
2017-03-08,105.03059387207031,105.30259199754146,101.902600606366,102.75259845415987,17634140.0
2017-03-09,105.61345672607422,106.3711679696239,103.74832021712214,104.39917398669495,13914440.0
2017-03-10,106.32258605957031,106.85687339108298,105.40945054488476,106.12830379978014,7484050.0
2017-03-14,109.45059204101562,110.3005899960372,107.18716713633789,108.02259429075633,12546820.0
2017-03-15,110.21315002441406,111.05343152625909,109.21258232659982,109.67400824211504,7815100.0
2017-03-16,113.02543640136719,114.43400883214227,109.8537304649267,110.71344472341755,12345030.0
2017-03-17,112.61742401123047,114.98770598146193,111.84028019467804,113.65684960431854,8228260.0
2017-03-20,113.9045639038086,115.82313636722442,111.00971829610333,113.17113987145554,9783710.0
2017-03-21,114.0988540649414,115.10913809574703,111.32542929546041,113.85599754055717,22847520.0
2017-03-22,112.65628814697266,113.4577117301687,111.71400362621559,112.20943302183497,6915510.0
2017-03-23,115.18684387207031,115.76484357248556,112.83114008716386,112.83114008716386,8737410.0
2017-03-24,114.34171295166016,116.37685185386961,113.71028449293702,115.63856592929825,6680100.0
2017-03-27,115.1139907836914,115.50256269899509,113.75399278582493,114.33684695308403,4792650.0
2017-03-28,116.06114196777344,117.15399642587187,115.28400546662851,115.98828796845766,8099590.0
2017-03-29,114.70113372802734,117.05684498375132,113.85113589100841,116.51284873970495,6326070.0
2017-03-30,114.73029327392578,115.60943278884947,113.94829489559041,114.62829026310219,6579660.0
2017-03-31,113.76371002197266,115.40542248613922,113.41399603657159,115.40542248613922,4745850.0
2017-04-03,114.79827880859375,115.50256122719887,112.87970639086544,113.66170467381956,4736420.0
2017-04-05,113.95799255371094,115.59970502188597,113.17113979033374,115.59970502188597,6807770.0
2017-04-06,116.38655853271484,116.96455824735915,113.24399450999282,114.41456473785287,8568760.0
2017-04-07,116.7265625,118.9025548658159,115.81341960400358,116.37684851478404,10999610.0
2017-04-10,120.52969360351562,121.6225479951262,115.59970897925186,116.73627576779249,10466890.0
2017-04-11,122.00625610351562,123.75968042263494,120.6511126115204,121.0396845143338,11429670.0
2017-04-12,123.0019760131836,124.1482591128868,121.23398079954573,122.39968916032495,10620450.0
2017-04-13,123.7499771118164,125.50825607815277,122.49683648432926,123.15740656522031,6133480.0
2017-04-17,122.35598754882812,124.53683460224025,121.09313053718145,123.84712289665876,6094760.0
2017-04-18,120.07312774658203,123.43911566472111,119.47569535193783,121.8556937714256,5837080.0
2017-04-19,120.743408203125,121.67112192950549,118.27598496085608,120.24312434259377,7772970.0
2017-04-20,121.62255096435547,122.25397944386891,120.7482733588374,121.71969950842936,4436370.0
2017-04-21,121.13198852539062,122.38998366332714,120.09741726088394,121.62255608348107,3801260.0
2017-04-24,123.5411148071289,123.85682531887478,120.66083262324021,121.5351175783579,4754880.0
2017-04-25,130.33624267578125,131.04537960352428,123.95397326912773,124.24540407400964,20927240.0
2017-04-26,127.22766876220703,131.1328055663019,126.43595417345254,130.65680147380073,12073200.0
2017-04-27,124.89625549316406,127.82510446749505,124.15310773971086,127.74252673047262,16276310.0
2017-04-28,123.9734115600586,125.79969010741591,123.24969638902235,124.15312303142325,11831540.0
2017-05-02,123.23512268066406,124.93998032687249,122.10826478280588,124.5271212462242,7085740.0
2017-05-03,123.3808364868164,124.61454442730532,122.39969400728219,123.37112015019713,10867780.0
2017-05-04,125.95026397705078,127.44140676574894,123.49255685342125,123.49255685342125,11213020.0
2017-05-05,123.78396606445312,126.57681592839036,122.87567767765185,125.79967213212907,4672050.0
2017-05-08,123.56539916992188,124.95939327675862,122.44826506401553,123.3954040462111,4716270.0
2017-05-09,124.93511962890625,125.59568230593241,122.83683555578737,123.85683599323018,5677030.0
2017-05-10,128.9082489013672,129.29682826034733,125.6588271994062,125.79968814346068,13021850.0
2017-05-11,130.1419677734375,130.6471135422815,128.0776871210625,129.68053440437993,6727680.0
2017-05-12,127.71826171875,130.07395832440983,126.77111527322603,129.393962969494,4388630.0
2017-05-15,129.48623657226562,130.99681182305125,127.99995586696706,128.51967237329177,6341950.0
2017-05-16,130.9239501953125,131.99738673688944,128.92767662143007,129.9185354202756,7885300.0
2017-05-17,128.6945343017578,133.47394925901764,126.04254501936086,131.14253239008644,24083020.0
2017-05-18,127.69882202148438,130.46253051087598,125.90167777546229,126.18824670131592,12109850.0
2017-05-19,125.23138427734375,129.5785218344855,122.93882558920042,128.61680469677498,11670100.0
2017-05-22,120.66568756103516,126.67395552363205,120.1994071907302,126.18824248125189,8738730.0
2017-05-23,119.84969329833984,122.88539981552171,115.65313290544336,121.41854435122943,13483830.0
2017-05-24,118.93656158447266,121.90426885104269,117.54256739241517,119.87399169900624,7871010.0
2017-05-25,122.28797912597656,123.17683491466828,119.3154101606193,119.48541269608562,9058070.0
2017-05-26,128.01455688476562,128.879125700587,122.56485473793084,122.56485473793084,13067930.0
2017-05-29,127.00909423828125,129.49109550533197,126.46995989515266,128.16995548364744,6522890.0
2017-05-30,128.3788299560547,128.70426425934212,126.64483060888224,126.7905534344627,5130050.0
2017-05-31,128.90341186523438,129.67569394630226,127.84940787416907,128.51969435054937,7262840.0
2017-06-01,128.94224548339844,130.0739503810992,128.25252642231166,129.5882373254225,3879680.0
2017-06-02,132.23538208007812,132.5996668791968,128.0339670281334,129.43282302839492,6680810.0
2017-06-05,132.41510009765625,133.34281387740444,130.95309895486102,132.94452558651602,5700090.0
2017-06-06,129.84567260742188,132.88137939139318,128.71396764038366,132.44424057905871,6016780.0
2017-06-07,130.4770965576172,132.11394713391743,129.69509085386568,130.27795243210016,5509880.0
2017-06-08,132.27908325195312,133.27965089613406,130.62766193397974,130.64709460533052,5708190.0
2017-06-09,133.75079345703125,134.25107728037264,130.53051372639905,131.91966068714353,5305820.0
2017-06-12,132.59478759765625,134.34821924173195,131.77879331222627,133.0805005993814,3700280.0
2017-06-13,133.23110961914062,134.05682789397994,132.21112387383053,133.47396619141233,4356440.0
2017-06-14,132.2111053466797,133.571096031706,131.53109518137978,133.49338016073494,6347270.0
2017-06-15,136.50965881347656,137.26252300105043,131.35625001338548,132.2208187257286,15697740.0
2017-06-16,137.00022888183594,138.41365571019412,136.32023354073235,137.45680035860264,8245160.0
2017-06-19,135.98509216308594,138.10765595982113,135.57223307882055,136.50480871830487,4262230.0
2017-06-20,136.93222045898438,139.19563007720032,135.51879379887762,136.74764714063033,7811610.0
2017-06-21,137.61708068847656,138.52537660089465,136.09681119641044,136.46594305839696,4491810.0
2017-06-22,136.17449951171875,138.6224973609086,135.54307849471135,137.84535353958645,4775860.0
2017-06-23,136.072509765625,137.50536921090594,132.69681291781976,136.4853688280607,6207810.0
2017-06-27,131.13766479492188,135.99965728619497,129.85539001978663,135.99965728619497,10538290.0
2017-06-28,133.3136749267578,133.7653845515327,127.6356876114392,130.268259131059,9982180.0
2017-06-29,133.6973876953125,135.4993790791616,132.74537938218091,133.9596620871873,7268690.0
2017-06-30,133.38650512695312,134.05679145587808,131.38536988701094,132.85221784862273,4962600.0
2017-07-03,134.7513885498047,135.0282485881921,132.74539097431241,134.0568223393562,4465140.0
2017-07-04,134.01309204101562,136.84965453009224,133.7216612407244,135.02823055675472,7043420.0
2017-07-05,135.85877990722656,136.6796360680497,133.09507173456822,133.57107581367026,6439290.0
2017-07-06,136.28245544433594,137.66545356357378,135.60557964823306,136.2435046580803,4181300.0
2017-07-07,135.5422821044922,136.70126499405376,135.12349796042074,136.2045644104022,2020050.0
2017-07-10,137.5972900390625,137.81643096738574,135.87342400457413,136.89605690167883,1496500.0
2017-07-11,138.2205810546875,139.36982981786244,137.285613619228,138.24006387739607,6655560.0
2017-07-12,140.60671997070312,141.41508624473082,138.29850322868674,138.7367701610767,6549340.0
2017-07-13,144.71673583984375,145.06735239892865,141.30796951692344,141.41510276722832,10117980.0
2017-07-14,146.03155517578125,146.93244641221645,143.23149705723856,144.6290889055966,5705220.0
2017-07-17,149.83963012695312,150.9304305653389,144.92612401055683,146.57207351129057,9470060.0
2017-07-18,147.29278564453125,150.48728529847068,146.77172782455514,149.78605221726048,5017080.0
2017-07-19,150.16587829589844,153.62821832441364,147.55087020177209,148.00374554366252,26552730.0
2017-07-20,155.3764190673828,156.60844383169277,150.67719488071626,151.05702819134433,21696350.0
2017-07-21,157.90863037109375,158.89717182652967,154.36838906953616,155.722155420247,13805410.0
2017-07-24,155.57608032226562,159.4620639196228,154.65570640012953,159.0432798156734,8354750.0
2017-07-25,158.5076141357422,159.033531477888,155.8292980750768,156.50131430079196,8138540.0
2017-07-26,164.317138671875,165.154721830553,158.75111391921033,159.33547979216388,14759060.0
2017-07-27,163.5574493408203,169.44487302353218,162.75395752237804,165.95819081532557,19555620.0
2017-07-28,165.7001190185547,166.6302270044361,161.92126832205315,162.84162746490426,9262680.0
2017-07-31,165.8705596923828,167.9060764987387,165.33489346412043,167.32172549966796,5769280.0
2017-08-01,167.1512451171875,168.28587048254957,166.15782933180253,166.53280303438953,6925910.0
2017-08-02,166.2698516845703,168.1203185373771,164.70181887774558,167.9985769059809,3961710.0
2017-08-03,165.7390899658203,168.39304909419366,165.3787245661287,166.93214925291016,7757090.0
2017-08-04,167.85252380371094,168.49044888082148,165.67090801735998,166.04588182217879,7106360.0
2017-08-07,175.1278076171875,175.88747435415434,168.45149942994215,169.0261164738711,15040330.0
2017-08-08,173.3406219482422,178.18107100634327,172.5809552622784,176.5740872155062,17610650.0
2017-08-09,165.3446502685547,172.3764494482249,163.8691420048188,172.3764494482249,18995600.0
2017-08-10,159.29649353027344,164.584957927008,156.80810162318943,163.62075881970335,18350020.0
2017-08-11,165.1206512451172,168.74368444388853,154.85540042262724,154.85540042262724,35055760.0
2017-08-14,166.63023376464844,169.6932579526671,166.05561672211343,167.64313265217493,13118550.0
2017-08-16,167.64796447753906,168.49042193719922,163.93242228052068,168.49042193719922,7057540.0
2017-08-17,168.3686981201172,171.65572259534724,167.56520622060248,168.49043976734794,7292690.0
2017-08-18,166.0507049560547,167.79891293801526,164.44859584324797,166.54254588510733,9323350.0
2017-08-21,164.6531219482422,168.5878198615579,163.47953081904714,166.0507135217821,10900570.0
2017-08-22,163.9031982421875,166.89318005418306,161.9212556371815,166.34777988469543,6543340.0
2017-08-23,173.29190063476562,173.8178328044985,165.16930255590464,165.16930255590464,18250880.0
2017-08-24,171.42193603515625,175.08393349922355,170.71096913090312,174.47035097497022,13245320.0
2017-08-28,178.22486877441406,178.95045898199854,172.09396217843317,172.72702755995678,13473450.0
2017-08-29,172.71730041503906,178.71673215653485,171.60701722387606,178.71673215653485,14822570.0
2017-08-30,174.1441192626953,177.19740936575553,173.07280165581352,175.11319290537529,10646010.0
2017-08-31,173.54513549804688,175.86310095185806,172.3861527711413,175.05473472333534,11167650.0
2017-09-01,175.30308532714844,175.98970995282045,174.33402663851737,174.33402663851737,4893960.0
2017-09-04,175.43942260742188,177.2558130748941,172.92667358380479,175.10828894085435,6589650.0
2017-09-05,174.7625732421875,176.7980900339117,173.80324845970833,176.26729823096204,7412290.0
2017-09-06,181.04928588867188,183.39159365137343,173.13607997115608,173.5548640433383,27428920.0
2017-09-07,191.20257568359375,193.41339337916736,182.23751866643903,183.0994442107541,42717340.0
2017-09-08,184.19021606445312,192.34690546466135,183.19681504043567,191.86481335415172,28563290.0
2017-09-11,187.03897094726562,188.4998705233852,184.85735556361968,185.04727964181393,10988040.0
2017-09-12,184.50189208984375,188.4560581676888,183.74222544735332,188.4560581676888,14739970.0
2017-09-13,185.74365234375,187.45290973343722,184.56032716367739,184.56032716367739,8108100.0
2017-09-14,186.01148986816406,188.50475624984355,185.14468999545457,186.31340675423684,9518700.0
2017-09-15,185.3151397705078,186.22577982568384,183.23579767020632,184.6187810762924,9221490.0
2017-09-18,186.18191528320312,187.89604705727086,185.690089171201,186.60558866670723,4309470.0
2017-09-19,186.196533203125,187.8424826107511,185.44174095337485,187.39448168220278,5980200.0
2017-09-20,185.5245361328125,186.8831622140172,185.047303526375,186.87830265364275,3775510.0
2017-09-21,186.9464569091797,187.579522345329,182.27644944462088,185.8264397805891,7548800.0
2017-09-22,181.45834350585938,186.02121759099256,179.8854362375111,186.02121759099256,17729430.0
2017-09-25,174.91839599609375,181.14668765906507,171.31483152824597,181.14668765906507,18268840.0
2017-09-26,179.21340942382812,181.42424153740265,173.45260215698409,174.9183761056829,10449470.0
2017-09-27,175.96534729003906,181.05413828519514,174.84531542632604,181.05413828519514,7641480.0
2017-09-28,179.48129272460938,180.66461805790732,174.43145119601357,176.96366873195203,39255550.0
2017-09-29,179.0137481689453,182.61243774201293,178.263830457899,180.95188019148765,12169640.0
2017-10-03,181.9112091064453,182.4663580636454,178.39531029396042,181.1515425363052,9752930.0
2017-10-04,181.40963745117188,183.09453745253188,180.3723963838044,183.09453745253188,5380690.0
2017-10-05,181.75540161132812,183.63510033836218,180.70355201492742,181.63853438763047,3984630.0
2017-10-06,187.34576416015625,188.41222205055976,181.96964950372976,183.0994154208482,12276150.0
2017-10-09,189.0696258544922,190.30651011563052,186.60557645160497,187.77429312766773,9995740.0
2017-10-10,189.99488830566406,190.83247144269956,189.2352216070785,189.3326060093601,5171170.0
2017-10-11,187.34091186523438,191.57265270286288,185.23722749995005,191.57265270286288,7269780.0
2017-10-12,190.2237548828125,190.67175580801137,187.28734704061222,188.9430304174228,10193500.0
2017-10-13,190.21401977539062,192.22519424586582,189.76601881784217,190.41367786816124,8498320.0
2017-10-16,183.7130126953125,191.57264539631575,182.64655471962942,191.47526099907694,26527530.0
2017-10-17,181.8430633544922,185.24208050662898,180.80094775998168,183.12377295205252,17824210.0
2017-10-18,181.97943115234375,183.48901577981903,180.04617308379056,182.12551519337626,7100460.0
2017-10-19,179.77830505371094,182.39818743683384,178.42453865653704,182.39818743683384,1698450.0
2017-10-23,178.594970703125,180.8496280620922,176.49614619676484,179.69064537001532,10111370.0
2017-10-24,177.8450469970703,179.98283725400861,176.866254351207,179.98283725400861,9298720.0
2017-10-25,168.13494873046875,177.2558382867942,166.88831545228007,177.2558382867942,28652790.0
2017-10-26,170.12176513671875,171.99658930352626,165.57835895853293,169.36695807681465,16412620.0
2017-10-27,177.15843200683594,178.09828878018732,170.67690815687595,171.41710685344452,16560790.0
2017-10-30,175.72674560546875,178.83846905534705,175.09369502225522,178.42454450738126,5639010.0
2017-10-31,175.3663787841797,177.65025292554952,172.82928740530122,174.0418292705987,7648830.0
2017-11-01,175.96534729003906,177.2265887384377,175.40533878870164,176.24292176096708,4689990.0
2017-11-02,176.3013916015625,177.44089165950012,175.50275924618126,176.7688753753479,4586030.0
2017-11-03,178.9066619873047,179.6906710610737,176.12607206849688,177.7428047081081,7699950.0
2017-11-06,177.4506072998047,179.68092241409946,176.45719137978134,177.0610400054236,5830970.0
2017-11-07,175.5563201904297,179.98284445992786,172.70756282779104,179.98284445992786,7695900.0
2017-11-08,172.9413299560547,175.78521319070822,172.5371393453573,174.77718873583638,5495670.0
2017-11-09,170.73046875,174.66515178183462,168.78260262589512,174.04670963740543,8663490.0
2017-11-10,169.95132446289062,172.2887579380217,168.59755806017796,168.59755806017796,8059540.0
2017-11-13,168.3686981201172,171.40736487946344,167.37042255724145,171.40736487946344,5445300.0
2017-11-14,170.91552734375,172.37642701319362,167.5359782528872,168.5878277982114,6335540.0
2017-11-15,166.9126434326172,171.79691686644955,166.25523568093098,171.6167416379882,9264650.0
2017-11-16,171.82615661621094,173.37958115814607,167.1756169717981,168.00346608241745,9010890.0
2017-11-17,174.07591247558594,176.96362020626302,173.1750214932513,174.33400412188354,9439390.0
2017-11-20,175.8192901611328,176.0384310820001,172.39105589616642,174.02238216535437,6021150.0
2017-11-21,176.25755310058594,177.52365427324312,174.45577087635823,177.1584293516597,4955850.0
2017-11-22,172.77088928222656,176.9344478908855,172.2449570164968,176.9344478908855,7382040.0
2017-11-23,171.76773071289062,173.59871498655258,170.14612364532593,173.06792318655434,5874120.0
2017-11-24,174.33401489257812,175.14238110249968,171.8017830335218,172.67833168982847,5729470.0
2017-11-27,172.70269775390625,173.77888975411386,171.8992058545563,173.3601056210256,5730990.0
2017-11-28,172.03555297851562,173.7448104317419,171.65571964013654,172.58095317095325,5529620.0
2017-11-29,171.0518798828125,173.16043856430764,170.53569651428833,171.8991969479295,6871180.0
2017-11-30,168.20310974121094,171.35378376284777,167.74536001731025,170.91064244030397,13045560.0
2017-12-01,166.69839477539062,169.63966206942646,166.08481216018558,169.172178337434,6018220.0
2017-12-04,163.22633361816406,167.90607544708095,162.66145058653828,167.90607544708095,8020410.0
2017-12-05,166.2893524169922,167.41910358363998,161.7751627275519,163.22632848006756,11099200.0
2017-12-06,162.78805541992188,167.01979601303265,161.91638111687814,165.5637558938729,9332130.0
2017-12-07,163.26043701171875,164.6093292258718,161.7703203138756,164.10775419177483,9861670.0
2017-12-08,165.7877655029297,166.36725687796246,163.9421581439336,164.10772498522303,7677140.0
2017-12-11,166.32827758789062,167.51647704418008,164.6141608471798,166.54254403810927,6161890.0
2017-12-12,165.49560546875,167.12694658532615,164.60444824979263,166.0556140983396,10518280.0
2017-12-13,162.82215881347656,165.64169982356904,161.77032394752533,165.05734877148976,9323780.0
2017-12-14,164.19053649902344,165.46151220285626,158.46380447732906,163.1338124289093,12570720.0
2017-12-15,168.4514617919922,169.43512879288366,164.7894641232507,165.56861351198538,15072790.0
2017-12-18,171.10543823242188,172.67834557508468,161.01063092973223,168.10086287197672,16301700.0
2017-12-19,171.19308471679688,172.4689495611352,169.3718345752369,171.99659141316957,7074670.0
2017-12-20,172.42510986328125,173.84705873125716,170.43829287378153,171.89919252698536,9578930.0
2017-12-21,170.24839782714844,172.86828069656937,169.79066286321907,172.86828069656937,8963980.0
2017-12-22,173.5987091064453,174.17820051804378,170.43830079859853,171.02266663146705,6627160.0
2017-12-26,174.28530883789062,174.82097496458587,172.79519252429003,173.8178251550649,4942240.0
2017-12-27,172.4786834716797,175.07420864339366,171.6070091864004,175.03525785826508,4504130.0
2017-12-28,170.9398651123047,173.5548730722452,170.00002325031838,173.36008942711925,8863760.0
2017-12-29,171.0908203125,171.98683695194617,170.25811170025503,170.36524493220182,4475070.0
2018-01-01,168.06675720214844,171.41221481233896,167.55543344020427,171.3635151881959,5353190.0
2018-01-02,167.96937561035156,169.43514974321548,166.54256712531364,169.43514974321548,5762080.0
2018-01-03,167.05873107910156,169.30365443604765,166.63994701042242,168.19823093836737,4161360.0
2018-01-04,170.82785034179688,171.24177485859784,166.93211815739068,168.00345045251794,7301470.0
2018-01-05,176.72018432617188,177.35324985202243,171.32460068794006,171.99661700473067,9843270.0
2018-01-08,178.8968963623047,179.49587055962706,177.2558214916456,177.2558214916456,8250220.0
2018-01-09,177.20713806152344,179.49588696515534,176.28190451830403,179.49588696515534,5127210.0
2018-01-10,175.522216796875,177.34834127953502,174.72358455649294,177.2558164501971,4067910.0
2018-01-11,173.39419555664062,175.11318700793345,172.68321364230815,175.11318700793345,8184710.0
2018-01-12,172.39590454101562,174.4216873117043,170.55031188949656,173.6522866486308,6063160.0
2018-01-15,169.28419494628906,174.811268613353,168.78261996225478,172.4835689504016,8470370.0
2018-01-16,164.3365936279297,170.0292334885806,164.0687679838532,170.0292334885806,10765810.0
2018-01-17,165.68551635742188,166.52797395147581,162.22806527922614,165.0914164925893,11995010.0
2018-01-18,161.74110412597656,167.24869553957157,161.08855576202413,166.73737165985142,9616920.0
2018-01-19,165.753662109375,166.66428710013258,159.0042985914003,161.7605308056577,9745970.0
2018-01-22,166.18710327148438,168.10089350010003,163.42601068856774,166.93216165143488,9244980.0
2018-01-23,166.41590881347656,167.321674132479,164.8284083020359,166.5425248452064,12454930.0
2018-01-24,169.38156127929688,170.13149389520757,165.28131142642528,167.029519482583,14413130.0
2018-01-25,166.57176208496094,169.64939397380712,165.89974592798092,169.56174356925453,8808910.0
2018-01-29,167.05873107910156,169.0017227141401,166.54254776322145,166.63994701042242,6431370.0
2018-01-30,163.46493530273438,167.41424192892242,162.74423428732655,167.02953417599718,6801040.0
2018-01-31,163.41136169433594,164.5946867930925,160.2119880323297,161.42452993394156,13322250.0
2018-02-01,168.43685913085938,171.41221747706308,160.1876449758926,163.7960538626812,19398120.0
2018-02-02,158.6439666748047,166.83474785048105,157.7966496087141,166.35264084646383,16450450.0
2018-02-05,156.3114013671875,158.5514506591082,150.61876072668704,155.82930919739118,14721640.0
2018-02-06,161.88229370117188,163.985992855455,147.18077172741502,149.011770790703,21094160.0
2018-02-07,159.88571166992188,164.30250159223053,157.83558677287323,163.62075143346553,14669830.0
2018-02-08,161.88229370117188,163.52336866838797,159.535111261283,161.08853581233075,7507460.0
2018-02-09,159.66659545898438,161.18592872356703,157.5141967601324,158.6585711296225,7037200.0
2018-02-12,160.09510803222656,161.2833074568899,159.26725905468578,160.21197523431215,4721150.0
2018-02-14,162.64195251464844,165.27158376112254,160.84991918571944,161.0885280385654,10660360.0
2018-02-15,163.33343505859375,166.7227177273408,156.00458033894532,163.50387630529036,11771160.0
2018-02-16,163.1581268310547,165.95332476563496,162.79777636123612,164.59468401166671,9476850.0
2018-02-19,159.98797607421875,163.1337754638641,158.12288608031628,163.1337754638641,6953100.0
2018-02-20,159.60330200195312,161.44890956376898,158.36154312530175,161.1713350371157,5839550.0
2018-02-21,155.48353576660156,161.47809210868988,154.59237876191196,161.47809210868988,16897440.0
2018-02-22,155.86337280273438,157.53366434802874,153.53567350356363,154.6605649410915,10506250.0
2018-02-23,159.0822296142578,159.5302453808808,156.0581714879318,156.49156399139903,7114740.0
2018-02-26,163.12893676757812,163.60129496456736,159.3841624203536,159.72504498516528,10366590.0
2018-02-27,161.36122131347656,163.61587871209196,160.7963532196607,163.23118585556688,6052440.0
2018-02-28,159.74940490722656,161.63397834156453,158.65372993567894,160.11462989774245,17563490.0
2018-03-01,161.60960388183594,162.25727778489494,158.5563286362532,159.23807890707215,12383900.0
2018-03-05,159.42796325683594,161.67287159966577,157.87453899445012,161.67287159966577,7437790.0
2018-03-06,159.50588989257812,162.82700537987586,158.51734837574176,161.18593045960935,9441760.0
2018-03-07,157.61648559570312,160.56750199598312,156.41367750204807,159.82244369415088,6445770.0
2018-03-08,158.56118774414062,159.52051254210352,155.2644292068876,159.23320403097287,6631960.0
2018-03-09,161.10800170898438,162.37411763331403,157.43141042704596,159.238052055329,8397180.0
2018-03-12,162.18421936035156,163.80582645228353,161.1908182013559,161.96509330809127,4861870.0
2018-03-13,163.68894958496094,165.45662574659553,162.02351738065224,162.2085670545799,8208020.0
2018-03-14,166.5522918701172,167.6041413874791,162.47638427848943,162.84160918614123,8486590.0
2018-03-15,168.1251983642578,169.45462237182628,166.93212439379587,167.03925762731097,7391870.0
2018-03-16,164.39015197753906,167.96935888687437,163.7230102200856,166.73733418050878,10176990.0
2018-03-19,158.93125915527344,165.461481906083,158.45890104118533,165.461481906083,8489840.0
2018-03-20,161.40989685058594,161.97477972114123,157.30964762579765,158.4588813251421,13187580.0
2018-03-21,166.01177978515625,166.7373552391293,162.20857195642694,163.0851058624207,11310980.0
2018-03-22,165.1400909423828,167.51649003931146,164.6092991962225,166.34777331357066,11537160.0
2018-03-23,164.13694763183594,165.08166394773568,161.18593146519325,161.18593146519325,10884260.0
2018-03-26,169.62017822265625,170.2434947606208,164.20511301264452,165.46148006879358,12889840.0
2018-03-27,172.62481689453125,175.11322440402208,170.4188583869538,170.4383412156136,16702390.0
2018-03-28,172.14755249023438,174.62621048448202,171.49014466542857,173.0679115561305,9869600.0
2018-04-02,177.11949157714844,177.7428082279995,172.2887763872718,172.2887763872718,6332030.0
2018-04-03,178.64369201660156,179.20370060879594,175.46380085839255,177.25583429783077,10494570.0
2018-04-04,180.1970977783203,182.08653028049162,178.8822822112517,179.203681902336,17934410.0
2018-04-05,186.56663513183594,187.199700607143,181.73593494468682,181.73593494468682,13859590.0
2018-04-06,188.70928955078125,189.28392142729186,185.90923162943696,186.8977732228786,16120010.0
2018-04-09,189.35694885253906,191.64568275612226,187.9934335749406,189.19624156638469,11317920.0
2018-04-10,187.58438110351562,190.15556390046348,186.3767135671103,189.91695504581043,10138110.0
2018-04-11,187.44802856445312,190.40391905868893,184.2097040130286,187.5795190426434,11889760.0
2018-04-12,187.90577697753906,189.14755057489987,186.12347765245048,187.360376828864,5353540.0
2018-04-13,186.4449005126953,189.80496709397568,185.78749262784797,188.06650761938818,5928860.0
2018-04-16,189.26443481445312,189.91696825539034,184.80869353143865,186.40594333668338,7727230.0
2018-04-17,188.46092224121094,190.8811464988752,186.80036458432699,190.8811464988752,6962030.0
2018-04-18,187.66229248046875,189.97050911639897,187.1217667562732,189.52738264427583,4629050.0
2018-04-19,186.34262084960938,188.5047535093918,185.84104590012615,188.45605388243388,6325890.0
2018-04-20,183.1383819580078,185.80696412398646,180.19224014022967,185.80696412398646,12261960.0
2018-04-23,184.98397827148438,186.9708100886752,181.22947038686053,183.09942012824985,7621250.0
2018-04-24,186.7808837890625,188.2856086054402,184.91093406984444,185.82643353739732,7848950.0
2018-04-25,185.03268432617188,188.84076639055058,183.94188398772602,187.57465036283162,6776750.0
2018-04-26,184.27789306640625,186.50819338314867,182.76829375088815,185.9238275639029,10983390.0
2018-04-27,185.15931701660156,186.55203436944575,184.3168594424906,186.2160262241151,6415910.0
2018-04-30,185.79722595214844,187.47239211183742,184.54084390186165,187.47239211183742,6472100.0
2018-05-02,185.54397583007812,188.62648218614177,185.0472753357298,185.92380911658887,6870830.0
2018-05-03,182.54428100585938,185.70470414562797,181.404781017201,185.53913729541677,4717500.0
2018-05-04,180.89833068847656,184.38987236273346,180.3383072939404,183.09941403918634,5621770.0
2018-05-07,184.60414123535156,185.24206620478034,180.76684257705253,181.63851683232542,4855190.0
2018-05-08,181.9696502685547,184.90119830479622,181.15155006073627,184.90119830479622,6697570.0
2018-05-09,180.08998107910156,182.62219833484428,179.69066492373247,182.62219833484428,6455530.0
2018-05-10,178.95046997070312,181.29277784578454,177.06103741244146,180.37240394930618,5887920.0
2018-05-11,181.29763793945312,183.17246210143514,178.04470500020886,179.690654292634,4832490.0
2018-05-14,181.58982849121094,183.48413555583952,179.49100379216887,181.4534784479219,6429710.0
2018-05-15,185.2372283935547,188.30998638906692,180.61590534669764,181.66288054349903,15703020.0
2018-05-16,186.9902801513672,187.87168841502572,182.40792314792228,184.31683855637283,9528360.0
2018-05-17,201.26327514648438,203.33775746661254,185.64139429749767,187.96909388117004,55812030.0
2018-05-18,209.3615264892578,211.51392519160035,201.1804943462194,201.59441888832833,83167340.0
2018-05-21,205.05673217773438,209.2982064483346,202.63163353386577,206.9607730733337,23768230.0
2018-05-22,209.3274383544922,212.11288767221617,205.4998883260782,205.5972875824971,19633730.0
2018-05-23,202.42225646972656,209.2008375363612,201.23405687223877,209.2008375363612,14438270.0
2018-05-24,204.01466369628906,205.48042306167997,201.40938940537328,204.08770571432495,8409320.0
2018-05-25,206.08424377441406,209.58065993276318,204.86682743562628,205.2076950938633,13421450.0
2018-05-28,204.03411865234375,208.2269085527901,203.18680157506512,206.9607924970705,8061900.0
2018-05-29,202.29563903808594,205.20768932757323,201.1220479371474,205.01290569104842,7272590.0
2018-05-30,206.3423309326172,207.44773959409528,200.26498335228095,200.95160793567058,12515080.0
2018-05-31,205.49014282226562,208.9086425319045,204.62334298848623,208.66515926555027,13233970.0
2018-06-01,202.32485961914062,206.4738091126567,201.19509370074275,206.4738091126567,6045740.0
2018-06-04,200.90780639648438,204.40422289023215,200.17248210178695,203.57151419571355,5131520.0
2018-06-05,204.5843963623047,206.43000385393225,200.1432635489128,201.1171967048686,8168790.0
2018-06-06,210.43287658691406,211.6259358252715,205.20771968471158,206.6686194663223,18029770.0
2018-06-07,211.28993225097656,213.99259077083272,210.38416670277675,211.53827509624008,14894130.0
2018-06-08,212.98455810546875,216.2082742964177,209.10830851928284,210.84678267359308,30395950.0
2018-06-11,219.16419982910156,219.96283223385336,213.89521733738678,215.2392499887778,20595810.0
2018-06-12,220.23062133789062,221.76456299191673,217.77144621485186,219.62191315287708,16551670.0
2018-06-13,217.28932189941406,221.2386280165911,216.7682790289824,221.08279516700478,10953720.0
2018-06-14,218.47755432128906,219.32974584087808,213.97311343203273,217.6740624321704,13213410.0
2018-06-15,222.40736389160156,223.1816389248,217.29421510324067,219.134948072609,16375000.0
2018-06-18,218.46780395507812,223.6150439140157,217.59612967646618,221.2775955761069,11268770.0
2018-06-19,221.14125061035156,222.15414937165858,216.89977605760828,217.6740511003451,11515820.0
2018-06-20,220.86856079101562,224.20915925687763,220.22090177860517,221.5649194336243,11272730.0
2018-06-21,219.8605194091797,222.83589271012536,219.14467799761672,221.76456037273883,7170230.0
2018-06-22,227.51565551757812,228.09514694643406,219.18852388693958,220.79064812324953,17142240.0
2018-06-25,232.82846069335938,233.64656098758027,227.31599539750948,228.0951449038802,23935350.0
2018-06-26,230.56405639648438,235.60902279500172,228.34349008487692,232.28304774869454,23379420.0
2018-06-27,227.46209716796875,231.77661402219732,226.20085548315618,231.77661402219732,10691260.0
2018-06-28,221.5405731201172,228.67950483818484,219.50505641887978,227.608172436986,17130030.0
2018-06-29,223.6491241455078,225.9524812983729,221.14124936192565,222.26128135395098,13784210.0
2018-07-02,223.96080017089844,225.43630830450002,222.1638923132101,224.00462537949565,8403760.0
2018-07-03,226.05963134765625,227.3159986129068,222.61677398447625,224.49159833103255,8106670.0
2018-07-04,227.06277465820312,228.3873243405044,224.64255017895914,227.21860752930692,9163790.0
2018-07-05,227.33106994628906,229.17008382610084,226.57498045783933,228.19447680276863,6887850.0
2018-07-06,228.84814453125,229.75545190915372,226.73106420964473,228.17497330940833,6906170.0
2018-07-09,229.077392578125,230.5554514619109,227.99935102036247,230.14568342513817,5516950.0
2018-07-10,230.8627471923828,232.38957446380482,229.26763517490943,230.24324213310055,7841340.0
2018-07-11,229.81398010253906,232.38958195977915,228.7798390753521,230.81885411096272,5948050.0
2018-07-12,235.6090850830078,236.97492889697253,230.27739652337056,231.70665717273025,13961500.0
2018-07-13,240.83831787109375,241.4627056862941,236.3115024892462,237.4480779679371,13904850.0
2018-07-16,241.1993408203125,243.84324262955636,239.99934824731918,241.4627589073638,11726440.0
2018-07-17,240.89198303222656,243.1456475869924,237.61882588969948,241.46271964694208,9446860.0
2018-07-18,242.80418395996094,246.1505087118714,241.10662247787738,241.77492575513202,14054780.0
2018-07-19,245.87246704101562,247.51147956701575,229.99933783928356,244.2822229531188,48898170.0
2018-07-20,265.4967956542969,267.80409646620285,242.61880173362135,245.95050766366566,73612740.0
2018-07-23,268.85772705078125,272.877252348434,265.07239741989144,265.3650675704483,35518880.0
2018-07-24,264.71630859375,269.07239013749995,262.1699886958102,268.19434982004356,27788370.0
2018-07-25,263.9066162109375,271.0529207028197,262.6334560289487,266.0480810453636,18841050.0
2018-07-26,261.6236572265625,266.1846080028124,259.00415483609305,262.9260842238016,21859050.0
2018-07-27,264.75048828125,265.80416059960913,260.1992729209412,261.9505007280495,9587030.0
2018-07-30,261.2675476074219,265.6187763459831,260.09683704928847,264.93095672506814,8221620.0
2018-07-31,263.2090148925781,264.28218852285346,260.2968125816301,260.68219639270745,7111740.0
2018-08-01,265.63824462890625,270.4040938464521,263.67726523922886,264.8772724404457,15845410.0
2018-08-02,261.8382873535156,265.97485139758754,261.46266914095725,264.80899391761284,7811730.0
2018-08-03,261.5895080566406,264.2919287115965,259.5358446159971,263.4138883716568,7418520.0
2018-08-06,263.04803466796875,264.18950794641347,260.1407151195494,262.8187813164462,6229050.0
2018-08-07,268.03338623046875,268.7309714654608,261.6578204152433,263.90170470121905,11664830.0
2018-08-08,274.4529113769531,275.08705003191005,268.4870835387616,268.79925518049237,21139340.0
2018-08-09,276.1114501953125,277.6626618693842,273.1699805776164,275.511431599363,11470830.0
2018-08-10,273.9943542480469,276.81872584771395,272.3163089856281,274.73094231057667,8775080.0
2018-08-13,269.30657958984375,273.9455958964776,268.70170797991915,273.9455958964776,8093650.0
2018-08-14,276.11627197265625,276.8284757740431,269.58945900779594,269.58945900779594,10516580.0
2018-08-16,278.69189453125,283.70649894532875,275.3211557296593,276.29190968787884,22297270.0
2018-08-17,278.1650695800781,281.46262608088443,277.2187295770252,279.60897869217683,6881330.0
2018-08-20,277.0480041503906,280.7748300409371,276.71141854401367,280.7748300409371,6654800.0
2018-08-21,280.1748046875,281.26747973872904,275.58946975658085,277.15529990083803,9515490.0
2018-08-23,282.3260803222656,283.8041096499159,280.1260814688777,281.8528953796887,16759200.0
2018-08-24,284.5455627441406,287.16018255661174,282.05289381590603,282.14557767885236,13277100.0
2018-08-27,287.87725830078125,288.68211624226456,285.36994107057836,286.76993478657096,9760040.0
2018-08-28,286.1065673828125,290.92606917067314,285.44313188150346,290.92606917067314,12337420.0
2018-08-29,291.2674865722656,292.09675855841544,285.85287909927604,285.85287909927604,14025830.0
2018-08-30,285.5357971191406,292.0870250197941,284.9699580992808,292.0870250197941,14529960.0
2018-08-31,278.69189453125,288.2772152820238,277.1796858426462,286.34064971053385,13572060.0
2018-09-03,265.7602233886719,280.97481572997685,264.90656726449225,280.97481572997685,25168400.0
2018-09-04,267.93096923828125,270.989506871246,261.80415814759135,265.7553547957375,26069920.0
2018-09-05,265.0626525878906,269.7358181789192,260.29192034798047,267.3309506384523,17284550.0
2018-09-06,261.86273193359375,266.4871005308034,260.62372150883914,266.2431987309815,11478790.0
2018-09-07,267.72607421875,268.4285124186604,260.74072483440847,263.25777768307637,12644360.0
2018-09-10,255.18467712402344,267.1212158712323,253.2676127180281,266.535875421437,15701790.0
2018-09-11,253.7310028076172,260.370001306827,249.9749098974577,255.7066010308916,33576600.0
2018-09-12,253.07247924804688,257.2627249000732,245.47250638515627,255.4090773393437,26823400.0
2018-09-14,260.7016906738281,261.8041312923191,256.21877554242593,256.6333965873947,17951310.0
2018-09-17,254.10658264160156,259.51145358278086,252.51148549408904,259.51145358278086,14553200.0
2018-09-18,250.77001953125,256.3358440978273,249.65781331373182,254.6334147285777,14492900.0
2018-09-19,243.85784912109375,253.43341930761028,242.5846742469003,252.1944091377287,18945570.0
2018-09-21,232.13595581054688,249.46273255145937,207.28235897755792,246.82859635815532,57508800.0
2018-09-24,220.5652313232422,236.3359118549901,211.5701336340417,236.30664483605236,77981720.0
2018-09-25,224.3115692138672,227.35059050756092,212.74086910525565,218.0481737933083,55373960.0
2018-09-26,225.90667724609375,229.65301953121568,223.91156266885105,227.218869884006,27287560.0
2018-09-27,215.0432891845703,226.67252262354054,213.86768098487866,226.67252262354054,27962940.0
2018-09-28,211.5115966796875,219.31645253586356,206.5359951167428,217.75547540999588,38310960.0
2018-10-01,215.46279907226562,217.8871829183393,200.2140578067323,211.5115879802725,48217720.0
2018-10-03,217.77500915527344,227.31156221350446,211.32136309328078,214.63355323069754,55677010.0
2018-10-04,212.59939575195312,215.80426836340482,206.6872196332421,211.60915522892256,40027180.0
2018-10-05,197.39456176757812,216.0579280320014,191.53603709734801,210.73110737872136,34704410.0
2018-10-08,192.66775512695312,203.9018694942977,186.55557767274283,194.340917612464,59666690.0
2018-10-09,201.05796813964844,206.42380645268693,190.01409013889034,192.68237578638272,48590160.0
2018-10-10,221.55548095703125,224.94572136062686,204.8774774912789,204.8774774912789,72359570.0
2018-10-11,210.93597412109375,217.56033841326806,200.97502113512655,204.87744872998337,54670860.0
2018-10-12,223.15545654296875,226.3408126426707,217.29206412635136,217.29206412635136,36655770.0
2018-10-15,224.99447631835938,226.31643449080494,220.59449421035262,226.31643449080494,24354130.0
2018-10-16,225.25303649902344,230.4383905385257,222.95060318257205,226.82864730073382,25284840.0
2018-10-17,209.80429077148438,231.14569414510646,208.0823449918874,228.29204065954582,38119850.0
2018-10-19,208.82870483398438,214.43844571544125,200.3848264894312,209.7555286109954,42867900.0
2018-10-22,206.37501525878906,216.482303636733,203.9994147689874,213.4627990011369,36819460.0
2018-10-23,203.2530975341797,210.2774651863082,194.88238741436803,204.3896731762091,90647750.0
2018-10-24,225.5408172607422,228.1944694698586,210.73111026802087,212.19452075599324,103572950.0
2018-10-25,227.80426025390625,229.0725524746065,220.17500550583867,222.92622470243074,52011590.0
2018-10-26,228.18470764160156,231.882251410966,222.29204824722794,227.31153525807758,37958310.0
2018-10-29,232.23838806152344,233.365213060075,225.8530414408702,228.1847417915999,22011450.0
2018-10-30,229.8871307373047,236.4773602313419,229.30177551852015,233.6578568341096,22022300.0
2018-10-31,232.44325256347656,233.3651934454454,225.06278316265113,231.0042262713708,28088120.0
2018-11-01,235.91152954101562,237.56030777560284,231.45788114275342,233.3115434002615,25521340.0
2018-11-02,232.51638793945312,241.45295047317737,230.73102557462147,238.34076216496928,23671170.0
2018-11-05,230.18470764160156,235.023709808161,227.57983885477972,233.17006254590117,16259990.0
2018-11-06,228.2676544189453,233.16032294218505,227.54569987775403,231.21885964757823,13686820.0
2018-11-07,229.11155700683594,230.68228495936438,228.6530205004928,230.24326476234583,1714670.0
2018-11-09,231.74082946777344,232.5700865471938,228.12132067981565,229.2335121466602,13278460.0
2018-11-12,222.20425415039062,232.68227912289294,221.46279815889602,231.74082190173723,14796780.0
2018-11-13,222.9261932373047,225.20424206840298,217.8627906676985,221.46278277841645,22977100.0
2018-11-14,223.79937744140625,225.85302605870797,220.97499093864948,224.29204886565654,14561460.0
2018-11-15,228.4188690185547,229.0725239145668,222.93594761941304,223.12131532911135,15771150.0
2018-11-16,234.35055541992188,235.82371657669063,228.29202962216124,228.4871480376845,19188730.0
2018-11-19,230.33596801757812,236.3213124391383,229.2969440356469,236.09692696605032,13577950.0
2018-11-20,232.20420837402344,233.45786689679298,228.85300083119458,230.73104721608354,12377020.0
2018-11-21,237.12615966796875,237.56031194212866,230.40911062171088,233.07251364690538,15147250.0
2018-11-22,232.34078979492188,239.49199054349603,230.2432408015737,237.26760788261066,16042790.0
2018-11-26,233.61888122558594,235.3066773295744,228.97011401920884,234.14570250612826,13914340.0
2018-11-27,237.6042022705078,238.03835452602726,231.7066598103561,233.65787378770645,15949550.0
2018-11-28,235.37008666992188,238.9261636950414,233.7798423940515,238.62861068648434,13962600.0
2018-11-29,244.535888671875,245.61881303767706,235.7895754869181,237.56030457432513,28612840.0
2018-11-30,247.5797882080078,250.18465706584777,244.58955042369638,247.60905522656705,27373410.0
2018-12-03,244.7456512451172,249.32123549244727,242.99930640837923,248.5846623428696,11155920.0
2018-12-04,248.1505126953125,248.6822167204485,243.4139449095046,244.77978874594746,13295870.0
2018-12-05,243.32614135742188,247.7944231287908,241.0041919727005,247.7944231287908,13270310.0
2018-12-06,237.306640625,243.31636814213732,235.90176423071986,242.04809101240508,13174720.0
2018-12-07,242.57003784179688,243.68222921145963,235.5749375317363,238.34078988984274,14787200.0
2018-12-10,233.71151733398438,238.4285835190639,232.42372389234268,235.1651770584329,13998940.0
2018-12-11,236.7554473876953,238.68226240840065,227.5213300937017,230.243267253938,21892780.0
2018-12-12,243.31150817871094,245.35540600309812,237.49688399834037,238.53590781916026,16831970.0
2018-12-13,242.8383331298828,246.7261274792533,241.46272373702578,244.89686442063947,17131610.0
2018-12-14,242.57003784179688,245.07247214518335,240.41395473711705,242.75540555117087,12043790.0
2018-12-17,241.40419006347656,244.86759777030198,240.6090680042856,243.7651571349495,10196020.0
2018-12-18,247.043212890625,247.6285830622225,238.69201911044738,240.94566896390864,16531070.0
2018-12-19,253.35537719726562,256.49683284121545,248.79441162122768,248.85782845632488,29463140.0
2018-12-20,252.81881713867188,254.62366630489058,246.98467644800778,249.75539680857327,14670280.0
2018-12-21,252.80419921875,255.9895708102048,247.0920236033917,255.12126616769174,30424640.0
2018-12-24,250.23342895507812,254.13097414161402,249.0724691342025,253.07244888710773,10500170.0
2018-12-26,250.47732543945312,251.99441691442516,244.26271376731373,249.75538580477308,16620680.0
2018-12-27,252.4041748046875,256.26757039288606,250.73101228382228,253.54564815535485,16263010.0
2018-12-28,257.0529479980469,257.93098836021903,252.2870981844217,253.95049505106562,19015810.0
2018-12-31,258.0627136230469,260.1261130103916,257.13099221551533,259.21392279872316,14533270.0
2019-01-01,259.2041320800781,259.9016874817997,254.83828499133156,258.04804021747844,9178720.0
2019-01-02,255.028564453125,259.7066134449923,253.84320543812902,257.08222804987423,13049150.0
2019-01-03,252.3115234375,258.34076864784197,251.24811518698996,254.82860662798683,12824780.0
2019-01-04,251.32125854492188,254.81880139516883,250.11148558744156,253.75539331005763,10510210.0
2019-01-07,249.13101196289062,254.14563150538388,248.32613913985406,253.7553946477243,10243280.0
2019-01-08,247.51637268066406,251.90173621466548,246.34564727236264,249.7553889317681,12333790.0
2019-01-09,246.27734375,249.73586868152742,244.87735012615164,248.389541182195,10939920.0
2019-01-10,245.33102416992188,248.04321058810476,244.36029991525987,246.43834770321195,9108390.0
2019-01-11,245.28713989257812,246.82860092585688,242.73105400638065,245.46275691489254,8182180.0
2019-01-14,248.27244567871094,249.06268490474883,242.35538730691087,245.4578250640962,10215040.0
2019-01-15,254.067626953125,254.92613623515726,248.8773897726305,248.8773897726305,14663030.0
2019-01-16,250.7163543701172,254.8431827604486,250.02856452497693,253.50172311529735,9525970.0
2019-01-17,247.40415954589844,252.34561106295422,246.5407527659451,251.12121959348744,9941830.0
2019-01-18,248.08709716796875,249.26758818658027,246.35051790107877,248.29198118780695,7537750.0
2019-01-21,253.09197998046875,254.24318909008943,246.4968671606711,248.584665536466,13321590.0
2019-01-22,255.79437255859375,257.07241520108033,251.2187738682284,252.19438075703707,14747130.0
2019-01-23,257.0090026855469,258.8285000363056,254.73096889842478,255.51144251330877,9925040.0
2019-01-24,257.1358947753906,258.8773570696339,253.96028881372155,257.4627148264055,7538560.0
2019-01-25,253.61390686035156,259.6090309839668,252.19441176280682,258.43829066419727,9169270.0
2019-01-28,239.85296630859375,254.63340513477323,229.75542877103103,254.63340513477323,23640470.0
2019-01-29,245.41883850097656,250.74079193927665,231.37985283556787,240.77983683299504,61188330.0
2019-01-30,253.21876525878906,255.96998393050407,248.38952884804903,251.7065864355914,38797070.0
2019-01-31,251.2041473388672,254.43828683862372,246.4383275179631,254.43828683862372,20834180.0
2019-02-01,256.4285888671875,262.23346352572366,251.21885007339708,251.21885007339708,21177680.0
2019-02-04,253.11636352539062,255.95538344870806,250.94563201063892,254.63342525443176,9421130.0
2019-02-05,254.00901794433594,257.7651107560374,253.0675607854085,253.6578137241434,10108170.0
2019-02-06,264.5114440917969,265.36510020458735,254.83829248866255,255.51146369088747,17984610.0
2019-02-07,263.0821838378906,266.438274256946,261.8626751034421,265.8529041097782,17605800.0
2019-02-08,264.1114501953125,267.0675382676973,260.4870736977286,260.4870736977286,15107850.0
2019-02-11,259.23828125,265.82362819565236,257.0724326191701,265.82362819565236,11947020.0
2019-02-12,255.78465270996094,261.1846413780962,255.24808073441284,260.29195257869225,12003700.0
2019-02-14,254.55538940429688,255.80416516289225,249.45295411877117,251.7017210893434,12141260.0
2019-02-15,249.86270141601562,254.63343406958737,244.4871269425201,254.63343406958737,16406960.0
2019-02-18,248.7261199951172,249.85294482682795,245.11636238562966,248.58952073155893,11545200.0
2019-02-19,249.73587036132812,254.33586858194641,248.29197620038977,248.87734634252806,11483390.0
2019-02-20,254.2577667236328,255.10168688480007,250.82852416787046,252.19436778732884,10381270.0
2019-02-21,258.9944152832031,259.51148584979677,252.97978923895738,254.63345040149233,11398230.0
2019-02-22,257.59930419921875,260.87732972819765,256.8188006638674,258.7846632399566,8256720.0
2019-02-25,259.2919616699219,260.9748898111877,254.99929653981008,257.46269842358174,10240400.0
2019-02-26,259.2919616699219,261.26756002133624,253.65783682582733,257.2968618955526,16189960.0
2019-02-27,257.7554016113281,263.08709071349824,256.09685767142804,260.487089517224,11478390.0
2019-02-28,258.43829345703125,260.1944039556631,256.5846460750004,260.15537133840553,11368430.0
2019-03-01,259.5846252441406,260.9065535765912,257.56022895953157,259.83338000129436,7070940.0
2019-03-05,262.9407043457031,264.22848280847563,258.0089889061029,259.0236284047001,8473070.0
2019-03-06,269.92120361328125,270.65290886822334,263.4138917791382,264.87730228902234,15434240.0
2019-03-07,266.80902099609375,271.4431543836151,265.85291538938196,270.7260677352903,8598510.0
2019-03-08,270.0772705078125,271.1211771348604,265.03339903190744,265.84313973511377,11780870.0
2019-03-11,272.2967529296875,273.945530841671,270.14552321296867,270.14552321296867,11690750.0
2019-03-12,268.5894470214844,274.7943223081163,267.8528590577058,274.0284673286387,13853350.0
2019-03-13,275.91632080078125,276.87242646475863,268.179763743374,269.2675561183959,15492960.0
2019-03-14,273.960205078125,276.5845903454428,271.9114243801927,276.2919201485225,8960550.0
2019-03-15,279.0967712402344,282.82844997492515,274.6333575169728,275.0040929231527,20915620.0
2019-03-18,285.8089599609375,286.93578495111586,277.56021517260865,280.19436620653573,18199860.0
2019-03-19,284.96502685546875,289.0625879030078,283.9065016645662,285.8528327415409,14805650.0
2019-03-20,279.86260986328125,286.2967392222977,278.8089674029669,285.34554621537114,14068620.0
2019-03-22,276.7455749511719,282.4870020448084,274.73094406365425,279.80408272733746,12508760.0
2019-03-25,278.0284729003906,279.2187145427947,273.26750633077427,273.5601764997422,10667570.0
2019-03-26,286.27728271484375,287.0236364784162,278.92607924019916,279.02364591018585,15706370.0
2019-03-27,287.3406677246094,294.06261476048707,286.09677465898596,287.8040870397301,24196560.0
2019-03-28,292.2772521972656,292.6821374906143,286.83337754013354,286.838260339465,13669450.0
2019-04-01,292.82354736328125,297.20892576385484,291.8040547384285,295.6284174410259,11090000.0
2019-04-02,298.06744384765625,300.19428976327373,292.52112036145587,295.10161996526915,11362380.0
2019-04-03,297.1698913574219,301.36498945220166,296.40403630715986,299.80401233327353,10527520.0
2019-04-04,296.5308837890625,299.02355258758575,294.3845364289237,298.5357490760236,7727760.0
2019-04-05,303.8235778808594,304.87722045455723,297.17966610140087,297.3650338332905,12444080.0
2019-04-08,295.0333251953125,305.365000059035,294.43818942561234,304.6820632295097,16421890.0
2019-04-09,293.5308837890625,297.47234454603955,290.677245121611,294.29673888414055,17333240.0
2019-04-10,292.52105712890625,296.2917976642246,291.3161970196021,293.7649498467727,9948990.0
2019-04-11,297.35040283203125,298.04795831061676,291.9016457113495,293.46259319657213,10167120.0
2019-04-12,293.5406494140625,298.73088598510674,292.80894413791333,297.7552789502411,10481380.0
2019-04-15,294.85284423828125,295.90160394458684,292.87236313384574,295.4723344642316,6516340.0
2019-04-16,295.8528137207031,298.2723297251992,294.4381717046122,294.4381717046122,10214780.0
2019-04-18,294.09185791015625,297.16989679009606,292.19429515831035,296.4576929650277,6588260.0
2019-04-22,291.82843017578125,293.6576932149107,290.2430688752024,293.6576932149107,6621570.0
2019-04-23,296.1015930175781,298.38939251316293,291.4186617795405,291.90161223070436,9919680.0
2019-04-24,301.7601318359375,302.34061922234747,295.80406984298776,296.09674004909175,9905800.0
2019-04-25,300.58453369140625,303.8430576182722,299.76991015298074,302.41867968245793,12405640.0
2019-04-26,302.1308898925781,302.926012080698,297.07236933517726,301.3650347272592,6138070.0
2019-04-30,302.0430603027344,304.38939402407675,296.58453776704914,301.6577062433826,9009680.0
2019-05-02,305.5357666015625,307.2138121416187,298.53579699629256,301.95042212533514,8958300.0
2019-05-03,303.59423828125,308.77959146447307,302.6625467689649,305.3747328269207,7307280.0
2019-05-06,296.0284423828125,301.8528177084139,295.2187016250853,299.12112985602323,9664870.0
2019-05-07,294.3454895019531,299.4918401172754,293.4235635375243,297.8430619464974,9702640.0
2019-05-08,285.0040588378906,294.3406243563995,282.92601130152195,293.8528208886382,11550230.0
2019-05-09,289.8869934082031,291.88209303602537,281.4626174957788,282.92602798535825,17452340.0
2019-05-10,285.1552734375,292.2918404704996,282.9260080427289,289.76502210938,16300890.0
2019-05-13,286.0333251953125,288.579674851944,283.5113895312965,285.84307469188224,13562290.0
2019-05-14,281.1553039550781,287.0187116159288,277.86263029445337,285.65286775578375,18617600.0
2019-05-15,292.9504089355469,294.950421306231,280.0772664158271,284.9748329945849,24536700.0
2019-05-16,303.41864013671875,305.26740456357743,293.68207218932446,294.04792479061666,36446720.0
2019-05-17,322.0575866699219,323.51126122917844,304.58934592571336,306.04790328328465,58487160.0
2019-05-20,332.44293212890625,336.0526597749846,326.1453729513738,330.7307372651994,27248590.0
2019-05-21,334.9551086425781,340.2916796524337,329.2673334348423,333.46731405354166,28849970.0
2019-05-22,336.47711181640625,337.5161058779204,331.5161287951192,335.8039406059631,15668120.0
2019-05-23,329.5356750488281,343.21855837277855,327.3795917414164,340.97467400106484,24062050.0
2019-05-24,338.33074951171875,339.0234221240336,330.8575965476585,331.70636984797534,15685230.0
2019-05-27,336.4868469238281,339.9941552649375,335.60880658217013,339.5112345656837,9320000.0
2019-05-28,332.6624755859375,338.3551339234578,330.41367889088235,338.3404855277796,16277680.0
2019-05-29,332.6087951660156,334.925861725534,330.194191727784,331.9990408082476,9212780.0
2019-05-30,339.6722106933594,340.45756716245813,331.71125420678305,332.574675906831,11751110.0
2019-05-31,338.2526550292969,344.48679732049226,336.45754193225673,341.213625500392,21728660.0
2019-06-03,342.5404968261719,344.3794957237357,337.5600125128107,337.5600125128107,12411330.0
2019-06-04,344.50146484375,346.3404936118903,342.3941500985713,342.87710058503677,10514000.0
2019-06-06,336.87225341796875,344.68196293621514,336.14054812180655,344.68196293621514,13149160.0
2019-06-07,342.3843688964844,343.31606038097874,333.6526752773492,336.89169731416706,12850440.0
2019-06-10,343.3746032714844,347.0965460536225,342.0477921512284,346.0429036800757,9832740.0
2019-06-11,346.52099609375,347.7063551155276,342.56003375634157,345.07223388041024,9031550.0
2019-06-12,342.0331726074219,345.3599960584584,339.7063701523976,345.3599960584584,12144700.0
2019-06-13,345.80389404296875,346.4380326034639,341.46243122244744,341.9502346956223,8803180.0
2019-06-14,343.2575988769531,348.27223366770795,341.5600520484586,346.72587497579076,8646410.0
2019-06-17,338.1942138671875,344.36982382293104,337.1698382650946,344.29175857766313,9534600.0
2019-06-18,342.3697814941406,344.389295272032,338.44296899701743,338.92588973234695,10835270.0
2019-06-19,343.9502258300781,346.1453415155512,341.47220555959854,345.2673011959944,8739410.0
2019-06-20,349.5160827636719,350.14533854631736,342.18438203085816,343.31608969843035,11070050.0
2019-06-21,347.8868103027344,351.12094985746063,346.3404815595806,350.935582147449,10582660.0
2019-06-24,345.8868408203125,349.2575499977242,344.68683345900615,347.511234856425,5437030.0
2019-06-25,349.25262451171875,349.8526430056169,344.4233881831932,345.88679854453306,8278690.0
2019-06-26,353.9453430175781,354.6331328297527,347.6087507516456,348.2770391428005,9788060.0
2019-06-27,355.3355712890625,356.97458385072696,353.17948822497436,354.63313308075465,11351420.0
2019-06-28,359.1306457519531,360.31603434931407,354.1160417109696,356.335541479078,12000360.0
2019-07-01,360.8769836425781,362.53552726937437,359.51113994747743,359.87210973405837,9138840.0
2019-07-02,362.0574951171875,362.9257996278452,358.052647485258,360.87701899789425,7064780.0
2019-07-03,362.4770202636719,363.930665114716,360.48677371775705,362.3404209973973,6050400.0
2019-07-04,364.1452941894531,365.84284075551676,361.4770234715735,363.9013924518848,7436160.0
2019-07-05,362.8428955078125,367.02337518811436,361.6038555296381,364.2916576506894,7762800.0
2019-07-08,333.00390625,363.4087051016719,329.26734474171457,363.4087051016719,38571320.0
2019-07-09,351.5209655761719,353.65754734751755,325.5015428346379,332.6819962634579,51961250.0
2019-07-10,334.5404968261719,351.21361587077115,332.8771000923879,351.21361587077115,29095840.0
2019-07-11,337.2770080566406,344.5677848289215,329.01866713286165,338.15169607091224,27122410.0
2019-07-12,330.0888671875,339.12905081883787,328.9649584308366,339.12905081883787,26966780.0
2019-07-15,333.4703369140625,336.197059790789,327.75302629848073,332.14120006361526,16180730.0
2019-07-16,337.0473327636719,338.6305816431596,332.879090974191,335.552038841339,16858560.0
2019-07-17,338.4742126464844,340.2773638598402,336.19707696346165,336.19707696346165,9155470.0
2019-07-18,338.8993835449219,344.01562432344997,336.58800828775975,338.15172163611845,13204640.0
2019-07-19,324.7721862792969,342.18308975488776,318.90828470548945,339.715370474313,30339090.0
2019-07-22,317.2957763671875,324.0783594935277,309.2866554962995,324.0783594935277,36920230.0
2019-07-23,320.2570495605469,322.2556463695096,313.53799435799317,318.3121980351202,22236910.0
2019-07-24,310.15643310546875,321.9281991305886,306.3888655054303,319.9833479335326,27679890.0
2019-07-25,297.7396545410156,316.9830310132569,292.82375062211236,312.63398772595644,102905770.0
2019-07-26,319.0549621582031,320.36456361647754,292.60876132796693,297.73967658611133,69450800.0
2019-07-29,317.8870849609375,322.5146674642935,310.7868613746828,319.8514721997071,34784730.0
2019-07-30,317.6231689453125,322.41690817010084,315.80048208184047,318.60537741153615,22849050.0
2019-07-31,317.8283996582031,319.3530417988346,308.84199144179814,315.9715031024494,24381300.0
2019-08-01,314.9013366699219,318.7031145320132,310.2004437716599,315.77116321125015,18925160.0
2019-08-02,316.44549560546875,321.29787117407795,304.9229192481662,311.66640092031537,33560190.0
2019-08-05,308.8370666503906,312.72190773188686,307.17072444542646,312.72190773188686,20133710.0
2019-08-06,319.8026123046875,321.24416107471166,308.1627613988675,308.8371126224672,20051390.0
2019-08-07,319.17218017578125,324.95791007378216,317.85282605530944,320.07132495989066,23989100.0
2019-08-08,325.9059143066406,328.3785252231942,318.70309249865204,321.53730594771093,15877420.0
2019-08-09,334.21307373046875,337.13524182441694,326.42385655908396,328.37359907396086,21017570.0
2019-08-13,314.87689208984375,334.6333527218288,313.52818978569695,334.2131135474496,19006940.0
2019-08-14,321.53240966796875,325.4367864083612,317.1393744153801,319.5777756191837,27702370.0
2019-08-16,326.1502685546875,328.2710598157267,317.95545500773545,320.61865010908934,17581540.0
2019-08-19,325.2560119628906,330.23544380574873,323.5896994220639,328.85742310869284,14328420.0
2019-08-20,321.9380187988281,325.8766053880179,316.1864983122176,325.153400302147,16887170.0
2019-08-21,318.7470397949219,324.6598254949991,317.2566373463675,321.52750783171285,15528010.0
2019-08-22,304.3463134765625,318.5076283292748,302.81680987031154,318.5076283292748,25061940.0
2019-08-23,310.23468017578125,312.74150115702133,292.99968196634285,304.72748825973116,31437870.0
2019-08-26,324.8846435546875,326.306656718434,311.0849300882066,319.9736308123466,29500170.0
2019-08-27,328.1585998535156,332.0922946952955,326.4336509095063,327.5966604906025,22259370.0
2019-08-28,325.08990478515625,328.6375708668313,322.1970245019569,327.28397704893825,12509150.0
2019-08-29,322.4461975097656,325.4465679216616,320.16906197448816,324.83085342651077,15299260.0
2019-08-30,325.69091796875,327.10803966949686,318.6053691157164,323.5066286040175,21189530.0
2019-09-03,318.458740234375,323.98057514277986,316.08386715838,322.80778285013326,11997260.0
2019-09-04,317.6524353027344,320.00777272826593,313.523265229192,319.28945908710017,18793490.0
2019-09-05,321.8011779785156,323.0032887008216,316.92437538762874,321.14639224975974,15012260.0
2019-09-06,329.6490173339844,331.11499285694964,322.31913971915804,325.44656609828996,17008940.0
2019-09-09,335.93804931640625,337.1743696546405,327.61131909858227,329.74675438703383,18025510.0
2019-09-11,333.8905944824219,337.7607614546425,330.8511231006351,336.7199164627223,13011120.0
2019-09-12,330.56280517578125,335.1219973870054,329.4144696170355,332.53211327075985,11640860.0
2019-09-13,334.96075439453125,335.80615394819495,329.60018453815155,331.2127517516966,13283630.0
2019-09-16,334.13006591796875,337.1695077795288,330.55797311432764,331.79915509286536,11797670.0
2019-09-17,329.1994934082031,335.6106912960033,327.7921543767005,334.72622050002127,13618720.0
2019-09-18,333.6413879394531,338.5915011433916,331.16388565885086,332.97192815168665,18536680.0
2019-09-19,328.5788879394531,334.86795102172607,326.45323514179023,334.8288499859784,12376920.0
2019-09-20,361.8222961425781,366.4938701477138,320.8189750736048,330.85111843660087,56480860.0
2019-09-23,393.24798583984375,397.76807763110634,367.85241416769765,373.335149029687,40110020.0
2019-09-24,387.1885681152344,393.37011035088807,383.7924152463974,393.37011035088807,21896040.0
2019-09-25,384.1735534667969,390.81932726501003,380.176330333591,387.0175496455065,24147290.0
2019-09-26,391.0050048828125,392.3928082618367,385.5613714055746,386.5289057722451,23881650.0
2019-09-27,396.5365905761719,399.23399504395843,389.94948353130826,391.5131966985084,20244780.0
2019-09-30,395.4273376464844,401.84828737895526,393.95647085592054,397.3672974876198,22563610.0
2019-10-01,390.18408203125,399.6347518158961,385.67866437125815,398.74538964719954,16155060.0
2019-10-03,386.99798583984375,391.4105564652882,384.2663717762089,389.4608138755327,12458400.0
2019-10-04,381.5396728515625,391.3177345513578,380.4011199809046,388.87444196571573,14782660.0
2019-10-07,381.2416076660156,386.8465365041482,373.28137096385575,379.1990185933563,14061520.0
2019-10-09,393.2626647949219,394.34747252212196,379.2039479590352,382.61966664785814,13566000.0
2019-10-10,385.9327392578125,392.3927905595747,384.18333340957497,392.2608432153994,11027880.0
2019-10-11,388.3076171875,392.39279529550635,383.5969418517715,388.8744479529425,16238660.0
2019-10-14,379.5215148925781,391.5425324390984,376.56513679706137,389.7540255448785,17683520.0
2019-10-15,379.1452941894531,382.7173870409548,375.582954227833,380.6650151405951,13948940.0
2019-10-16,392.5296325683594,394.0542447736904,381.15364783974394,382.1309648854869,23817690.0
2019-10-17,401.36456298828125,402.3809810816413,391.02456161803747,392.886349424071,21035930.0
2019-10-18,404.379638671875,410.3754590137484,398.7453910725365,400.70002534249994,18362130.0
2019-10-22,394.2643737792969,412.41312908508996,390.9366103520488,407.0525592772823,50347550.0
2019-10-23,394.6748046875,401.6772893851785,387.79937597263165,399.7177640164871,24422490.0
2019-10-24,393.4825134277344,398.74537553869936,392.15337649210716,396.9862166944042,12675570.0
2019-10-25,389.6807556152344,397.16700796804344,381.15365819440495,394.6210862575932,17580980.0
2019-10-27,388.86468505859375,392.3927851996386,386.5288830546876,392.3927851996386,2146910.0
2019-10-29,395.5446472167969,396.7907204847765,387.25698793358515,389.94950116607345,13355150.0
2019-10-30,390.14501953125,398.25184861575394,389.4608855937924,398.25184861575394,13385540.0
2019-10-31,393.61932373046875,395.81339568262905,390.4381520375563,391.3372968249764,12512200.0
2019-11-01,397.7533874511719,401.67732994183297,392.97921367701923,393.76105543046384,18756120.0
2019-11-04,401.970458984375,408.2741653891032,398.369048325618,399.4294587153608,18631580.0
2019-11-05,413.1900634765625,415.84836680284013,404.12056327373534,407.7366479586813,29346520.0
2019-11-06,409.3150329589844,418.29168746397664,408.1911243432514,416.3370534104066,20766950.0
2019-11-07,412.9995422363281,414.3042820513508,409.31995882940714,410.93252609450184,11416030.0
2019-11-08,406.5101318359375,414.3824132118671,405.3910847686401,412.42777918728285,15096930.0
2019-11-11,407.4483642578125,409.300369333712,404.89268971165455,406.56389351901225,7693020.0
2019-11-13,405.0539245605469,408.0298680989372,403.82741671692025,407.2382436750007,8990150.0
2019-11-14,411.5042419433594,412.52555142996033,402.6937438482632,406.36843584124404,13836290.0
2019-11-15,409.26129150390625,415.09098404409775,408.0836077734332,412.44732475975206,11931710.0
2019-11-18,406.0654296875,411.406463499011,405.11256947535577,410.3754012248835,9273640.0
2019-11-19,404.19390869140625,408.7286442696266,403.26544556880276,407.05254911701024,8295350.0
2019-11-20,404.4674987792969,408.713941927931,403.377770148116,404.609198993511,8138790.0
2019-11-21,403.0113525390625,406.5639097076635,401.87279960271536,404.6092755263767,7028530.0
2019-11-22,398.5792236328125,404.98066859506486,394.9338499027067,403.6319662119373,12226150.0
2019-11-25,404.7754211425781,405.5035175825232,397.0155212756263,400.6999958663446,13893040.0
2019-11-26,400.5387268066406,407.9272413549704,399.4294922306699,405.09791921842356,15027270.0
2019-11-27,402.493408203125,403.133549756218,400.2113809631398,402.7524115692462,4850640.0
2019-11-28,400.9002990722656,404.51638383214345,397.2793527807745,402.65459617633235,9697080.0
2019-11-29,398.17852783203125,404.1206024056767,397.020379682067,400.21133418409823,8319830.0
2019-12-02,386.0841979980469,398.48632298708986,383.1180373961463,398.25666781384234,20654040.0
2019-12-03,387.4621887207031,390.43813203672653,379.8342368786697,385.05799731007227,19843820.0
2019-12-04,390.0325622558594,391.3275192629982,384.57425494277567,386.82207220289877,14308300.0
2019-12-05,390.0325622558594,394.249687666228,387.79938924214343,390.0325622558594,12553040.0
2019-12-06,386.2015075683594,393.6437674978583,383.83149578299754,391.9041443096474,11713550.0
2019-12-09,385.5368957519531,388.1365626408324,379.2234360648743,387.9557613756122,12689420.0
2019-12-10,389.6416320800781,390.43814783402775,385.6004166754067,386.04022126268075,11594800.0
2019-12-11,394.5233459472656,396.3020701650299,389.36800439046004,391.07341789815246,13659810.0
2019-12-12,396.5121765136719,397.2793739637138,391.90902163876933,395.8133984140322,10870560.0
2019-12-13,397.9586181640625,399.6493575503792,394.94357362972096,397.76803418370395,8616560.0
2019-12-16,394.7823181152344,399.52231147497935,394.01022934314864,399.52231147497935,8260690.0
2019-12-17,404.19390869140625,406.07523207231156,395.51532856242585,396.4926456071246,13794840.0
2019-12-18,402.5910949707031,406.4515092326648,400.8026178996203,404.6532494470099,11097750.0
2019-12-19,399.9034729003906,405.0979153835563,399.26333142856447,401.9753802649165,7361040.0
2019-12-20,404.17926025390625,405.0979407202166,398.8431172025139,401.38414764496065,10542340.0
2019-12-23,406.5638732910156,408.9094281333942,403.63192228170544,404.47240058820734,11378790.0
2019-12-24,404.5604248046875,408.5869664779584,403.2068310793184,406.36843757641043,7519790.0
2019-12-26,409.2124328613281,410.1262219599401,403.9496005812978,405.581703429207,12650200.0
2019-12-27,415.6187744140625,416.33708817255786,409.6913437656716,410.2777101704224,11266480.0
2019-12-30,414.7049560546875,418.44320592960037,413.405137421882,417.78839034291707,8319100.0
2019-12-31,413.8693542480469,416.96257114112643,412.29096689088453,415.06657362983964,7796080.0
2020-01-01,413.5321960449219,415.5552496330273,412.52556060850515,414.16744620522053,4070420.0
2020-01-02,414.9736633300781,419.83092963628417,413.8937173917309,414.3823758538226,8638440.0
2020-01-03,409.83306884765625,413.8742848798684,407.83444211672276,412.42784473466713,11768500.0
2020-01-06,390.60430908203125,410.8640719519924,389.3435617668208,406.9548038462164,28667350.0
2020-01-07,391.67449951171875,399.918166813973,390.555452350811,396.30208163586065,21490420.0
2020-01-08,395.80853271484375,396.824950846276,386.0402531076321,386.0402531076321,16305760.0
2020-01-09,403.0650634765625,405.3910527286915,398.74530950048836,401.2765567832269,14193880.0
2020-01-10,405.0832214355469,409.09511844783475,402.4591276830091,403.6417027243599,11066240.0
2020-01-13,407.003662109375,408.7383937576281,405.19561975858926,407.34569918693575,6451520.0
2020-01-14,409.7890625,410.70774299231084,405.630603146665,407.54124502115127,7034340.0
2020-01-15,411.1817321777344,412.4278054827841,407.5461114671944,409.4909629015438,6169760.0
2020-01-16,412.4522399902344,413.4002387629573,409.30038640190526,409.49586175054225,5787280.0
2020-01-17,413.5761413574219,414.57791521975736,410.66864691905374,412.13462253181757,6711290.0
2020-01-20,405.8406677246094,415.64804741702903,403.1579373266379,413.3073541094202,8486390.0
2020-01-21,404.47247314453125,409.11472974202394,402.3663558180513,405.58173768615046,8979220.0
2020-01-22,404.8242492675781,409.1537564230727,402.9819971769443,409.1049025031715,7979010.0
2020-01-23,403.2214050292969,406.9401186075831,399.2339650862267,402.9477574824719,11545220.0
2020-01-24,409.93560791015625,411.0253067687578,401.7750053866577,402.65458467938316,8648920.0
2020-01-27,406.9890441894531,411.2550237872284,405.97751741181906,407.9321516119967,7821550.0
2020-01-28,411.74359130859375,415.26193805614406,405.6011809388146,405.6011809388146,10527640.0
2020-01-29,431.87640380859375,434.31969646402297,411.9489244200952,414.8613101771429,45814130.0
2020-01-30,426.53045654296875,438.32668004014846,424.6295677958594,436.27430834913827,35777740.0
2020-01-31,426.68682861328125,431.98389991569275,423.54964937112794,427.0875321652927,17369270.0
2020-02-03,426.0467224121094,427.76191867376997,415.3792980444682,415.3792980444682,10941810.0
2020-02-04,441.6739807128906,444.67924246850396,427.78631426074105,428.8418333406636,19583230.0
2020-02-05,442.5487365722656,443.6970722351239,437.60840578770444,441.25867084162115,12856310.0
2020-02-06,456.0503845214844,457.1742932461051,442.2359974653868,442.5487461023417,18464770.0
2020-02-07,454.8726806640625,458.0587438839157,452.1166393447545,455.815788065723,9503260.0
2020-02-10,461.4646301269531,462.6618493848058,453.47507579708935,455.4297097444906,11608790.0
2020-02-11,464.1620788574219,467.6462165875136,462.8573689239967,462.9551065957726,11674290.0
2020-02-12,466.0531921386719,467.3725761644912,461.48913806775784,466.18024813139266,8829640.0
2020-02-13,468.65771484375,469.170800307698,462.7596031235245,465.78929181231734,6810390.0
2020-02-14,467.32855224609375,470.57814325478375,465.9847413489487,469.1121677306256,7311180.0
2020-02-17,466.8301696777344,468.9167213547355,464.23050267531227,467.3285811054901,7164840.0
2020-02-18,465.0074462890625,466.370822679127,459.49539356714666,466.12160205619693,7286110.0
2020-02-19,476.7401428222656,477.6148606819913,467.1673388910988,467.64621470792076,11720490.0
2020-02-20,476.9747314453125,481.1722916370372,474.36528169660085,475.74819372753564,16346430.0
2020-02-24,469.4982604980469,476.53984725041005,464.34291850827697,473.02149955312626,12633890.0
2020-02-25,471.6483459472656,473.9890096590798,467.5484935644193,473.9890096590798,9593090.0
2020-02-26,470.0895080566406,472.8015569457436,465.91148357068744,470.57816658892403,8513460.0
2020-02-27,465.1833801269531,470.5781595050251,460.5215587109227,470.5781595050251,11748700.0
2020-02-28,436.4551086425781,453.4750927260555,421.39464993657833,453.4750927260555,49414100.0
2020-03-02,426.1835632324219,451.3201600557625,420.7985365062296,449.56586275078723,22382160.0
2020-03-03,436.30731201171875,438.3496932107334,423.1762666000125,431.0078707410213,20235030.0
2020-03-04,419.8800354003906,440.4900261083049,413.86550227272795,437.47298423913577,24729910.0
2020-03-05,424.219482421875,427.82917076462417,418.5820908883294,422.19177923107856,18332950.0
2020-03-06,413.9488220214844,415.1389880543538,395.4007900448381,404.06993276289575,33122380.0
2020-03-09,394.4505920410156,404.31480288621054,386.45247821498117,398.68231320336207,35456270.0
2020-03-11,394.82769775390625,403.4723561371624,390.3559887410569,393.19671643191054,27936830.0
2020-03-12,365.80322265625,379.0860987620606,355.3953624767476,378.1114380506276,52726190.0
2020-03-13,387.1773681640625,396.08649921257336,321.39968644493536,336.9698372014952,48499170.0
2020-03-16,359.72015380859375,375.5107100794646,352.6428026924444,375.5107100794646,31404670.0
2020-03-17,337.44488525390625,365.83754609531564,333.2474823697232,362.6441598286682,25585480.0
2020-03-18,299.87860107421875,345.78582260239614,295.7203599168821,341.8675696550602,54435800.0
2020-03-19,268.9978942871094,299.0656004004598,243.39212223589428,274.27775542817517,83247130.0
2020-03-20,289.1573486328125,298.17911999381874,256.80727039593944,274.26306904592667,61101890.0
2020-03-23,221.9837646484375,264.4821172571739,217.9528558878563,260.2454936065119,48442350.0
2020-03-24,242.36355590820312,251.61552373393735,206.1637914645352,242.14805078109796,62572210.0
2020-03-25,253.2759246826172,264.48213300593665,235.09522933861035,239.99304661649805,62263550.0
2020-03-26,273.6606140136719,287.6487777476392,251.2629071148657,258.34025844499416,50961240.0
2020-03-27,249.03439331054688,297.78726680049846,244.89084440830464,289.4609780906161,71706090.0
2020-03-30,219.62791442871094,236.5057874671089,218.05081677163926,234.12055300201456,76983550.0
2020-03-31,217.05165100097656,229.2178261328556,205.70830550384477,225.79914462715135,110431110.0
2020-04-01,217.39938354492188,224.0163385701367,208.9065713341452,213.54480426315178,64083010.0
2020-04-03,216.23863220214844,229.5802816460468,213.84359238555368,222.24336095074128,61726720.0
2020-04-07,220.72991943359375,223.92819325148733,203.89611029774613,219.9119774397319,111614780.0
2020-04-08,228.52230834960938,232.54831398133774,210.03305165522346,213.93661187837972,91093390.0
2020-04-09,249.96986389160156,251.37063226729322,231.872440488823,234.21359623013674,71932460.0
2020-04-13,224.0555419921875,246.84998748169536,221.9641794235925,246.84998748169536,81831990.0
2020-04-15,213.78482055664062,231.96062816033472,212.4085351038952,229.70762923389543,93336280.0
2020-04-16,217.46307373046875,220.40176391601562,207.86334946829203,210.11634826660156,72467400.0
2020-04-17,226.09793090820312,232.73446703327446,218.9520176247008,230.68718309330288,101915460.0
2020-04-20,226.10772705078125,229.75660682745925,221.87111818086805,227.74849879493078,54031770.0
2020-04-21,205.68382263183594,216.48350270425195,204.2389606960929,216.48350270425195,73839850.0
2020-04-22,210.43470764160156,212.56526105865348,198.10200783380796,201.7851608933687,90627230.0
2020-04-23,212.8052215576172,217.37489266297345,206.88376327976883,211.58567004800327,71440060.0
2020-04-24,193.58619689941406,207.03070915242273,192.97887243726336,207.03070915242273,104944510.0
2020-04-27,200.22764587402344,204.2389589983074,187.65005601506488,195.9126705019735,144952470.0
2020-04-28,218.2565155029297,219.8238228983032,199.34114892293397,203.84714647441953,147563440.0
2020-04-29,224.9518280029297,232.6462938741257,215.50883797787478,215.50883797787478,150601540.0
2020-04-30,227.07257080078125,236.95147345890373,224.43265542599184,231.67162776237484,88833050.0
2020-05-04,203.71490478515625,215.71945938235177,198.7093350685174,215.50395423236327,73127450.0
2020-05-05,196.14288330078125,209.13679155527169,195.61881328034156,208.6470098420275,115212090.0
2020-05-06,206.32054138183594,208.8331238974759,191.24506123494743,196.89224364509923,131496960.0
2020-05-07,201.84393310546875,212.5505690463845,200.6488794856147,205.60546799370124,77702040.0
2020-05-08,198.27830505371094,208.64698948827214,197.3820111825673,208.64698948827214,69663750.0
2020-05-11,197.3869171142578,204.99322590945704,195.45227352423132,202.76961292556197,76549900.0
2020-05-12,202.740234375,203.74918346273728,193.66948283828242,194.9037273187409,103365270.0
2020-05-13,211.68853759765625,219.41729197845206,210.11634257611408,217.46306784101316,94411850.0
2020-05-14,206.8837890625,221.27848053723804,205.39484849516197,211.48773409699172,143075310.0
2020-05-15,204.38099670410156,209.29350624297527,201.3982281355404,207.66252491601477,80267260.0
2020-05-18,189.89816284179688,205.06670281008184,188.6639183288206,204.72875223862084,108205710.0
2020-05-19,192.47930908203125,196.26042447427616,188.29168144787968,191.99442997303203,94135140.0
2020-05-20,200.10520935058594,201.79005958755855,189.54551713685717,192.97398902305355,163185080.0
2020-05-21,194.95269775390625,203.50918402318973,193.4147761541719,201.6920832876641,98795420.0
2020-05-22,185.65664672851562,196.59836791970773,182.7130539804597,193.46376808443867,161950940.0
2020-05-26,179.16212463378906,189.42305635432228,178.43235474591987,187.88024712001192,98692950.0
2020-05-27,189.68756103515625,190.62304588692135,174.65615928754804,179.2601043329381,173352460.0
2020-05-28,190.78955078125,194.24740808261495,188.7618475474958,191.40666550491218,90517750.0
2020-05-29,191.3723907470703,193.9535346786852,185.2354272299889,187.4884108772824,103618470.0
2020-06-01,211.6689453125,218.08997566214867,195.62369344387037,195.62369344387037,189159830.0
2020-06-02,229.8251495361328,232.64629678117717,211.66895411333476,212.09994943403822,234424700.0
2020-06-03,236.26087951660156,244.582265136072,234.89928709982775,236.7604514288452,187051760.0
2020-06-04,226.57789611816406,240.35056953391856,223.02697893333868,236.46658944655803,163153500.0
2020-06-05,234.1499481201172,235.97682435135198,222.85068036573344,229.60966205518818,158500390.0
2020-06-08,245.60104370117188,249.5633759292231,242.4958145160269,245.3806359535707,149925030.0
2020-06-09,239.36611938476562,248.31932850088393,236.59395309544107,248.31932850088393,123730770.0
2020-06-10,238.5873565673828,241.95215437948823,235.19317304969184,239.0134642453244,89614430.0
2020-06-11,229.11007690429688,240.8746276429427,227.2684929784957,236.07477309001732,100427670.0
2020-06-12,240.00772094726562,241.95215485439866,215.40598127823282,215.50394359501095,168024570.0
2020-06-15,230.33453369140625,238.02899989344345,228.33623096318192,237.05433910864505,120703460.0
2020-06-16,231.66673278808594,240.52197891503994,223.83022597072997,240.18893096257042,129143510.0
2020-06-17,234.70338439941406,237.5441121327367,228.4390725974067,229.903515021139,96502790.0
2020-06-18,247.4328155517578,248.9756249007381,232.45039530388263,232.64630499238072,127382680.0
2020-06-19,264.3449401855469,265.90734485896803,250.76820707352852,250.96413169286464,186038260.0
2020-06-22,278.2253723144531,280.50774172734043,267.22486532154784,268.4003532788695,139393260.0
2020-06-23,296.36688232421875,304.57072545629575,277.5102876624298,284.0684715258324,161869530.0
2020-06-24,287.4480285644531,306.11360454036907,285.15095088022593,306.11360454036907,201088070.0
2020-06-25,294.3930969238281,298.3750246299065,279.2735378810655,281.92324378701034,159821300.0
2020-06-26,284.4162292480469,299.62884712365883,281.3354833304088,298.0321540543287,125724990.0
2020-06-29,279.9543151855469,283.5297153629894,271.33904254072985,277.6082418769702,116139990.0
2020-06-30,277.31439208984375,287.66348133852074,275.8450470556982,285.05293662422986,97030570.0
2020-07-01,289.35321044921875,290.80294496561606,274.8654612267615,277.31436941678277,127048960.0
2020-07-02,290.3670349121094,295.4362928503061,286.52226097454053,291.9098590441473,116197340.0
2020-07-03,287.1590270996094,292.8356105981067,286.1304974070526,291.9099159384627,85435970.0
2020-07-06,304.5267028808594,307.05886613493186,289.4610116054751,290.93035684205114,114375830.0
2020-07-07,328.3446960449219,334.97632818845034,306.1428876082595,308.5624099230949,228764010.0
2020-07-08,314.2488098144531,333.91355580375847,311.5109470223488,328.3447406126817,191261830.0
2020-07-09,326.194580078125,331.0825913967313,312.9802806794464,316.88872869451484,187577860.0
2020-07-10,324.6419982910156,332.5617596611063,320.5180150349376,320.80699937853404,161504130.0
2020-07-13,316.84954833984375,330.89648299292486,315.0471553886012,329.1332809454204,131364670.0
2020-07-14,312.57379150390625,315.39984154391766,305.853970880608,315.39984154391766,124044220.0
2020-07-15,308.48895263671875,323.03057065997984,305.8441497287156,316.3989380454136,109802620.0
2020-07-16,313.93048095703125,314.9296248370112,303.88995637047026,311.501153026966,99999250.0
2020-07-17,323.3832702636719,325.5089061026551,313.9500699316861,314.4398516320475,84256260.0
2020-07-20,337.11669921875,338.33625072795604,324.8721581321043,327.6590168791808,105554950.0
2020-07-21,322.51629638671875,344.75729664431475,315.2871148428249,342.84713635563133,259600480.0
2020-07-22,318.6519470214844,327.17416015678134,312.83333830862114,325.2150334492557,170696590.0
2020-07-23,323.0404357910156,325.21506786223614,315.03251648419854,318.6519807399847,87180350.0
2020-07-24,318.5392761230469,322.2763123492468,315.41936953330537,317.8682776818559,66376830.0
2020-07-27,310.63427734375,321.2968358684213,308.778015227597,319.63156592007726,70898670.0
2020-07-28,317.3393249511719,319.3376424953613,309.6595521054226,311.01135427078896,82116970.0
2020-07-29,321.7130432128906,326.0965946644196,317.33929695975013,317.8682694764738,80700220.0
2020-07-30,315.25286865234375,325.6068607278709,313.95496511339513,322.8053238170731,65082780.0
2020-07-31,318.4854431152344,320.611078886509,311.62359692871877,316.98671235562404,72353970.0
2020-08-03,310.96240234375,317.77034979781394,310.4236245563699,317.77034979781394,44639200.0
2020-08-04,316.9475402832031,319.3376774383645,307.862095469834,313.6562215151206,66791450.0
2020-08-05,319.5482482910156,326.1945890761261,318.15728510220623,318.94582640877,69853800.0
2020-08-06,327.6835021972656,330.97485040842855,318.84785205122887,322.4722481949316,81729060.0
2020-08-07,339.35015869140625,341.0301064203058,324.23550183767924,326.48848581433714,101512670.0
2020-08-10,337.2587890625,348.41600048177315,334.3445820110063,342.25944101484004,71292450.0
2020-08-11,338.67425537109375,342.3133299762285,333.51196678593686,339.1542617862371,55718180.0
2020-08-12,334.8392639160156,337.9493656861462,329.32921991026325,335.50045723914513,56625270.0
2020-08-13,334.9764099121094,340.104440091973,333.1495336530703,337.9493885552187,46633590.0
2020-08-14,326.3023376464844,337.8318175662722,323.8632344375668,335.50045197826034,55313350.0
2020-08-17,331.5625915527344,333.0025507778057,324.47053303968346,328.1537005582657,46705720.0
2020-08-18,335.0008850097656,336.76901970524057,329.77982512559925,332.9536010457505,47062980.0
2020-08-19,334.02618408203125,339.4186848538589,333.149485686709,337.655482864126,41988490.0
2020-08-20,332.4442443847656,334.47194787604366,328.4525114171944,330.89651741207757,36774590.0
2020-08-21,332.0034484863281,336.96984258501084,331.0924616096909,335.99027908912416,26273800.0
2020-08-24,342.06842041015625,344.3165315432507,333.15441747735895,333.3454096190201,62055750.0
2020-08-25,356.8451843261719,358.5202294870887,343.82677745892937,345.2961226617453,98540590.0
2020-08-26,357.10467529296875,363.12411062772935,355.6794239100954,359.00993299869793,66650850.0
2020-08-27,355.8263854980469,359.3430143235468,352.2901761674278,358.22142505398085,46110620.0
2020-08-28,359.578125,361.26297526850243,354.3129716476679,357.5406462513916,42513280.0
2020-08-31,341.6520690917969,367.3215109011669,339.41866607786295,363.90774732446204,85297660.0
2020-09-01,356.938232421875,359.8916006384796,342.86678332685403,344.5124726197565,60651820.0
2020-09-02,359.3674621582031,360.4792760130407,350.04203077966906,356.82549432860526,42810110.0
2020-09-03,354.5725402832031,360.1609359358484,353.1325809902055,359.30381802082366,32213660.0
2020-09-04,352.3293762207031,357.5210804670845,344.8798152796235,346.91239151183385,49146490.0
2020-09-07,343.3516845703125,355.48355713060886,340.6529825804366,353.3285355551274,46651680.0
2020-09-08,342.8471984863281,350.1841189678865,340.3982899257115,344.8063253348214,44487030.0
2020-09-09,335.28985595703125,342.2055710457783,332.3119749040208,340.594200043415,45632470.0
2020-09-10,342.7198181152344,345.1442433402293,334.81473485304014,338.5860596592656,47622820.0
2020-09-11,347.1964416503906,348.4992477731554,338.60568169698143,341.86761455069575,46083840.0
2020-09-14,337.03839111328125,350.1988231921298,335.01068767126054,348.4307184039571,45315090.0
2020-09-15,344.1598205566406,345.21776582820956,338.4391735689663,340.3983004781933,38936370.0
2020-09-16,344.95318603515625,349.4493776810107,341.04964090623315,344.60546022002654,39077180.0
2020-09-17,340.09954833984375,344.51248658374703,338.5567239070579,341.75011040595183,27811560.0
2020-09-18,340.3786926269531,343.2194204383447,335.89227562464833,342.0047714182508,37690870.0
2020-09-21,326.2093505859375,339.614674580328,324.6518183272667,339.20324476043464,36274190.0
2020-09-22,323.54974365234375,328.5259419203216,315.1303959550222,326.09661419238836,42249680.0
2020-09-23,317.75567626953125,327.56598796559,313.47986179225455,326.194605213742,42443280.0
2020-09-24,296.6999816894531,312.9460328072258,294.5449301856907,312.5786965209415,59637770.0
2020-09-25,307.4800720214844,310.2424482476118,296.69019568572475,301.70555598927484,62325930.0
2020-09-28,326.6990966796875,328.15373395726084,309.811403595347,311.3052317786108,55886950.0
2020-09-29,322.7416076660156,330.30873974854785,318.7988715648464,328.93732728388204,46434460.0
2020-09-30,321.15960693359375,327.55128133632803,319.33763355746026,322.6583674702123,36035360.0
2020-10-01,337.24407958984375,338.9289298007945,324.7301633772798,325.704824158278,53821060.0
2020-10-05,331.3764953613281,344.7083382588428,330.13733336957125,339.41870212655977,42071900.0
2020-10-06,340.3296813964844,340.8880396704808,332.18951249586513,336.959981141563,47587570.0
2020-10-07,326.3072509765625,333.0515545216752,321.8159611777908,333.0515545216752,65710800.0
2020-10-08,325.8468322753906,331.87604335967467,323.45182265930436,328.54553402535385,44618100.0
2020-10-09,325.00933837890625,334.8588408738494,323.7456932633499,325.6950148004604,56840990.0
2020-10-12,325.9203186035156,331.0336404799296,323.7456867734568,328.1537218429895,32046520.0
2020-10-13,320.5719299316406,327.1741777244626,317.7360747381287,325.21014831168503,37776570.0
2020-10-14,330.31365966796875,331.322608763596,316.66344622411486,320.12130379397354,53044470.0
2020-10-15,314.90509033203125,330.11280325700557,313.55819091221406,329.9364890529466,52680190.0
2020-10-16,316.5312194824219,320.26335353475326,310.53139383451065,317.0210011679656,50762360.0
2020-10-19,320.0429382324219,322.7367374392376,313.12722338752707,318.85767495171524,42066370.0
2020-10-20,319.5482482910156,322.22736954492257,316.0854883302217,318.8478640969341,32520900.0
2020-10-21,316.67816162109375,322.7661446468146,303.7969087163975,320.31723611383427,75364600.0
2020-10-22,324.67138671875,327.66394562458163,308.5624600052114,309.54202337030733,70857690.0
2020-10-23,324.911376953125,328.81982523778294,323.5497695182171,326.331755798787,32047770.0
2020-10-26,322.65838623046875,326.1945955751691,317.0503800725058,326.1945955751691,35462450.0
2020-10-27,338.2677001953125,339.41867508689324,321.100829870676,325.8027515311627,60209460.0
2020-10-28,330.19122314453125,341.8578270175104,327.9480444452802,337.8465136328386,46491050.0
2020-10-29,331.0973205566406,336.18615942137075,326.5619373856285,329.8973494536087,37803490.0
2020-10-30,324.13751220703125,332.1699437751197,318.6372734666025,329.61817044192185,42876230.0
2020-11-02,334.9911193847656,337.6946941788459,320.7727415592829,325.75871593239475,42885510.0
2020-11-03,341.9460144042969,344.806352985793,334.6041907338317,335.99028146058805,44460450.0
2020-11-04,348.8666076660156,349.6992425618488,339.1248720558686,339.81054852180495,43711430.0
2020-11-05,366.0530090332031,367.3362345544012,351.43303885549767,353.62234846437025,63321410.0
2020-11-06,370.34844970703125,374.9083162034626,362.84008776839966,365.7787780104109,57440500.0
2020-11-09,378.6012268066406,379.94322378487163,370.8675850829637,373.21362849503254,41498980.0
2020-11-10,412.2541198730469,415.721752401913,380.3448336896879,381.92681883966975,114214480.0
2020-11-11,418.1560363769531,433.9025003743453,404.946608149299,412.49416102048633,138966540.0
2020-11-12,421.0456848144531,423.661132008143,411.42149322020344,417.2939704866333,55900380.0
2020-11-13,428.661865234375,431.9874723149947,416.3144574464235,417.2940208757092,60884590.0
2020-11-14,428.5393981933594,434.43635897845496,425.1305068695591,431.00788714886176,7894790.0
2020-11-17,439.62799072265625,441.19039535931006,425.6202476928561,430.88049775473587,58515230.0
2020-11-18,455.86431884765625,458.23974814329006,437.27709728975293,438.3546230122507,75130190.0
2020-11-19,444.3837890625,468.72104052325113,442.0328431138906,453.4300717112614,83510050.0
2020-11-20,461.9473571777344,466.4827401057108,442.2973194855003,447.85145663058296,87364100.0
2020-11-23,471.3119812011719,476.97875857494046,463.68120448850686,467.1537397052512,73250390.0
2020-11-24,471.2336730957031,476.26374076006726,467.2517454520679,473.61890760183405,42973850.0
2020-11-25,459.3907470703125,472.6393359489615,457.94588509044456,472.3454788893521,47633210.0
2020-11-26,472.2720031738281,475.4800673229072,454.51741658834584,455.9867616850754,62732080.0
2020-11-27,480.84808349609375,485.86344328895535,468.73579169869913,475.9698470335248,123647070.0
2020-12-01,476.175537109375,485.11895549182253,472.6638107859181,485.0014126700351,40174270.0
2020-12-02,472.5315856933594,478.4187411854428,468.72106985684024,476.4596144566786,36549700.0
2020-12-03,476.79754638671875,479.00646647013167,471.85566614705385,476.5575581548447,28768440.0
2020-12-04,477.5713806152344,485.66745546624776,471.65971271594015,477.0473106805044,36793780.0
2020-12-07,473.07525634765625,482.43007491863005,471.6597800512627,477.04737878497394,31151240.0
2020-12-08,469.42144775390625,476.5575703546035,467.74150019388117,475.0882253278165,29710760.0
2020-12-09,474.51519775390625,475.3674131018931,469.3283965618495,472.1495438475312,19659920.0
2020-12-10,469.6810607910156,476.0678032747904,468.72107791561154,475.08823989356654,19259630.0
2020-12-11,474.48577880859375,478.9084915648697,470.68016582066605,470.68016582066605,26700190.0
2020-12-14,479.853759765625,481.42596960222954,474.8922693280903,475.82286640780626,17863480.0
2020-12-15,501.78131103515625,504.47511016711655,476.9346969713229,479.0015612289549,59367960.0
2020-12-16,504.1420593261719,511.8218624784146,501.53644706018804,509.2750216233085,32691840.0
2020-12-17,517.8657836914062,519.4771846717476,499.73408486365105,503.48089706076144,37331520.0
2020-12-18,514.5155639648438,517.6942417235928,505.9443860787088,514.270673168097,32550430.0
2020-12-21,493.8811340332031,512.7719865031124,480.4953927885817,512.1156958140734,35515700.0
2020-12-22,490.8984069824219,502.02623263876626,472.77158183846024,496.63863404459414,54735210.0
2020-12-23,498.4900207519531,506.04241611657085,486.8772861678958,489.7816879904107,34314570.0
2020-12-24,507.8937683105469,511.22921006134305,500.1650293809464,503.39270362339295,26255590.0
2020-12-28,509.77447509765625,513.7613046251738,506.92397240006534,507.8937304333922,19326060.0
2020-12-29,509.4219055175781,513.9768989861252,506.189358437223,511.82184766995454,19695290.0
2020-12-30,522.5137329101562,523.8704376383025,506.82607219653147,509.4218790527772,38647000.0
2020-12-31,518.6984252929688,526.2704311639374,516.4258310541226,522.59706845223,28692120.0
2021-01-01,517.22412109375,522.8908683778653,514.2707234471676,520.1677135414571,14471870.0
2021-01-04,510.9598083496094,521.5195295165423,509.0006817320233,521.5195295165423,23336590.0
2021-01-05,501.4385070800781,511.7435034629872,495.90397975395047,511.136178927597,39534000.0
2021-01-06,492.749755859375,506.27265076557995,488.83150241878394,502.5160037558043,36079230.0
2021-01-07,497.7161560058594,502.66787157778697,491.86816147087546,496.14884862963106,30357500.0
2021-01-08,497.8141174316406,503.373127608211,493.89586394502845,502.5160096580146,29984510.0
2021-01-11,488.2388916015625,500.6499734374183,485.69205059367044,500.36098907168173,29241640.0
2021-01-12,493.9154357910156,499.4793484699185,484.9818227811939,488.2388529984949,33359080.0
2021-01-13,480.2701416015625,497.0304568117034,472.7617798664905,496.2468180593069,32693730.0
2021-01-14,477.767333984375,486.5295356515001,473.52093507402236,480.270141156347,26808110.0
2021-01-15,478.3795471191406,482.6308783990968,474.34375086758166,477.7330616095541,25449160.0
2021-01-18,462.3392028808594,478.0269246018558,459.0234012009722,477.04736123177,37034130.0
2021-01-19,485.7801513671875,489.286974893401,465.48850081578115,466.77172637124784,47674650.0
2021-01-20,488.01361083984375,492.97510201098004,480.08404366757105,486.6471007210573,33147070.0
2021-01-21,501.36993408203125,511.82188896795753,488.8021485071977,489.09600557679505,70618090.0
2021-01-22,487.0928039550781,503.201731265932,484.4528734137203,503.0058066280874,30847960.0
2021-01-25,480.8382263183594,505.74851355356174,479.00644775312486,494.5814980509804,36730600.0
2021-01-27,474.5984191894531,484.4528236029895,471.26790994585093,482.07249195682283,28004930.0
2021-01-28,471.1944885253906,480.867677306075,462.65759690013607,468.18722164890943,34773290.0
2021-01-29,463.7791442871094,484.88384943238674,461.09024772328115,478.68322669296157,42607950.0
2021-02-01,495.5218811035156,497.6181609336861,457.11321213087484,467.7414800114865,42907450.0
2021-02-02,506.7477111816406,522.8859931961518,499.0777135348945,499.577300401344,43479930.0
2021-02-03,513.790771484375,516.2298746086028,503.4955513260376,511.1949047462702,26507830.0
2021-02-04,539.23486328125,542.971899485054,509.96550848216043,510.7443043159458,53258880.0
2021-02-05,542.5360717773438,551.2003412039212,535.8211837529038,541.30671491825,44379870.0
2021-02-08,538.5346069335938,554.922684012491,536.340394412815,542.8740657611316,28008090.0
2021-02-09,528.9935913085938,542.5801293350563,527.2597451561096,542.4331709266836,22639040.0
2021-02-10,536.3991088867188,538.9900132326109,528.4744152595127,532.3632529720826,26380120.0
2021-02-11,545.327880859375,547.3800375652185,534.4253350040731,535.821200946601,20289470.0
2021-02-12,546.3465576171875,550.3186798396569,541.8993615175152,545.6167877021182,16252680.0
2021-02-15,566.1729125976562,568.0488146906741,548.5554799694943,549.0795200589034,31688260.0
2021-02-16,564.2529296875,570.321271243348,557.4008897226779,567.3042595624163,21268100.0
2021-02-17,558.8555908203125,568.0488022919768,555.4124113462278,561.2897913604736,23463950.0
2021-02-18,544.9654541015625,559.7959993127606,540.9345002784513,558.2532347074958,23175130.0
2021-02-19,538.5589599609375,550.7055681685629,531.4130627971786,544.6371666640208,27444560.0
2021-02-22,526.6964721679688,542.5507012330629,522.5724892954393,536.8006696459737,20005630.0
2021-02-23,527.3675537109375,539.2154043670371,524.0664297681328,530.9233737090243,21902450.0
2021-02-24,544.9212036132812,546.4885406422235,527.2988708035664,533.2742423345059,19087950.0
2021-02-25,541.693603515625,550.5096732354016,539.8716301226096,548.6533816456417,15845950.0
2021-02-26,515.7303466796875,534.253924837125,511.430048823009,531.9029486627193,37133260.0
2021-03-01,515.9164428710938,526.0157391048767,508.8831848536207,520.6379456202106,20318810.0
2021-03-02,520.7652587890625,529.9437624236156,515.4511396724117,519.168565775446,22086340.0
2021-03-03,542.9620971679688,545.9449103380707,523.0965853702081,525.4524039178435,22524130.0
2021-03-04,537.3787231445312,545.3376759358835,529.0621794829486,531.9029373174461,22346980.0
2021-03-05,533.3624267578125,540.6944439169114,529.1699268047204,532.8824502932656,20757600.0
2021-03-08,521.19140625,538.1672568245488,520.246101256131,535.7232509084538,17210420.0
2021-03-09,530.4384155273438,533.3722027502649,522.597006735108,526.1234106067677,18114960.0
2021-03-10,543.1727905273438,544.7351654022267,532.8824725564418,532.8824725564418,21912500.0
2021-03-12,544.4265747070312,555.4124036718284,540.8168862563375,548.5554604166207,25080130.0
2021-03-15,532.7894287109375,547.1498010110238,524.1202572537092,545.7196170068006,20870080.0
2021-03-16,534.44482421875,539.44553565432,530.9233227594767,537.6284050286546,15613050.0
2021-03-17,525.0263061523438,534.8807103289155,523.5227028285564,534.8415493214368,11347580.0
2021-03-18,526.206787109375,543.1679305606858,519.6584078673468,531.2172445673435,23390580.0
2021-03-19,534.180419921875,536.7028076196058,508.398304210923,520.7358764632384,32203100.0
2021-03-22,527.9209594726562,538.4659730414261,522.7929598026743,533.5191901955052,19384610.0
2021-03-23,526.8875732421875,533.3722782516812,524.0664258303938,529.9438063069964,18490380.0
2021-03-24,516.2593994140625,526.4174685060046,515.2504202731717,526.4174685060046,17376430.0
2021-03-25,501.751953125,519.1686196678539,499.8859158741555,517.2094928011828,23432710.0
2021-03-26,507.7125244140625,514.0747829560462,503.00573016032087,506.43420154408153,23474600.0
2021-03-30,508.74114990234375,515.2503680760108,504.4751702645353,512.7867516818587,18452800.0
2021-03-31,504.4604187011719,511.21452714826114,501.8253908916279,507.9035982340296,18459750.0
2021-04-01,516.4405517578125,518.0420877183769,505.6457438005256,510.3525388315273,21482340.0
2021-04-05,486.1083068847656,515.1523837956208,482.0039341036371,515.1523837956208,37396800.0
2021-04-06,489.10577392578125,495.60518631946223,485.13855431560813,494.67949177912146,20709060.0
2021-04-07,497.3341369628906,500.45894667277923,483.9043308081241,487.8225844988781,24027820.0
2021-04-08,492.6714172363281,501.0466722339983,491.251038368231,499.57732715413323,14078790.0
2021-04-09,477.2726745605469,490.7612514893784,474.59845578164436,489.7816881131521,29026460.0
2021-04-12,441.8810729980469,464.3130697564446,431.00791285408354,464.3130697564446,45000460.0
2021-04-13,463.21099853515625,467.73167362835176,442.17977315002713,444.24176467189767,31750190.0
2021-04-15,456.50592041015625,465.29260511728506,447.27842022482923,461.18823216694886,28971850.0
2021-04-16,452.2252197265625,459.4152111279493,449.61957762841945,456.57448339186584,21426480.0
2021-04-19,438.80517578125,441.19531266988173,427.28553148363966,435.9056767288066,34265070.0
2021-04-20,451.93621826171875,460.29679472406394,446.21066950242135,446.9747276906794,33945970.0
2021-04-22,459.287841796875,461.76613576149856,441.36674788167096,445.701303546514,25635390.0
2021-04-23,457.2406005859375,466.2525957826938,451.62769156754683,452.6660263753332,27295250.0
2021-04-26,463.9750671386719,473.03112532711816,459.41520104051824,459.41520104051824,29039890.0
2021-04-27,476.5625,478.9917981167241,464.95466765084063,464.9987611574631,26449970.0
2021-04-28,517.297607421875,520.1481103073232,481.45536010555435,481.45536010555435,85764540.0
2021-04-29,537.2757568359375,541.2087177948669,522.107233637401,524.0663602176538,72584860.0
2021-04-30,534.048095703125,541.1744423293021,521.8819367637979,524.066343699835,41248880.0
2021-05-03,543.7703247070312,546.5963746689941,518.3114816249669,520.7652927136289,40335910.0
2021-05-04,550.0982666015625,563.2439892142665,544.6371893016349,549.535005752189,48383470.0
2021-05-05,540.243896484375,558.3511106989337,534.0971125348053,556.6858410427975,43786930.0
2021-05-06,541.5809326171875,550.5047394455315,536.1492711548323,545.4208038036593,22231110.0
2021-05-07,538.1525268554688,549.8436132384563,534.6456732642171,547.575921654404,18510330.0
2021-05-10,538.514892578125,546.1065077076938,533.3721855548687,546.1065077076938,19973390.0
2021-05-11,531.3837280273438,534.6554960846059,527.9846717330713,530.0662439546535,16172480.0
2021-05-12,524.8892211914062,532.8824313551013,522.0484637267834,530.2474037056019,15393360.0
2021-05-14,522.1415405273438,529.4540074737397,515.9360447723966,529.4540074737397,15257620.0
2021-05-17,531.9126586914062,537.7802330893021,520.6427785318936,524.0663473638919,24115830.0
2021-05-18,557.2490234375,558.8408136604593,538.8577001771149,538.8577001771149,31478830.0
2021-05-19,551.6116333007812,560.5942112491258,548.0656192425927,555.8972223699258,22509060.0
2021-05-20,547.4534912109375,554.236955749258,543.1679013669691,551.2982655705367,14888270.0
2021-05-21,551.6656494140625,557.8614003660322,547.2135501499722,554.4329281952137,18569660.0
2021-05-24,548.839599609375,557.1756943738784,547.5759842462644,551.8860874649368,12150600.0
2021-05-25,550.38232421875,554.3152852189675,546.7922462463555,552.473701431173,13155460.0
2021-05-26,565.3207397460938,567.6373976936653,547.1939136778467,552.473774918428,29167460.0
2021-05-27,556.607421875,566.3982119269015,553.5511892045935,566.1826769142481,21525900.0
2021-05-28,549.6085205078125,563.2489282473732,547.7816444196325,560.7020874434626,15263750.0
2021-05-31,551.2933349609375,554.8932182894104,544.6372187848972,550.514598843727,17958110.0
2021-06-01,566.6577758789062,569.9099333083112,551.0435340107047,552.8655672428237,28534510.0
2021-06-02,568.9940795898438,572.5548020824446,562.5191799239212,563.8856899865663,20131950.0
2021-06-03,578.0894165039062,579.4118032979151,566.202404007983,572.0650771360649,22303780.0
2021-06-04,587.0963134765625,588.7175193703087,577.9423235082897,579.411668398565,24453670.0
2021-06-07,561.2653198242188,572.4421717914772,556.6320040361419,568.1467766810381,28358050.0
2021-06-08,563.77783203125,569.8119753534322,560.324907321205,563.3468217939512,17890070.0
2021-06-09,555.8532104492188,567.6569363396181,551.2296405510677,567.6569363396181,15381120.0
2021-06-10,596.2014770507812,599.003014001864,556.0981494045899,559.820478335348,52961200.0
2021-06-11,599.4927368164062,610.2679330663743,592.1656224985236,598.0576502819381,37027210.0
2021-06-14,606.7562255859375,612.1291761293168,585.3478871862036,594.5655522259224,26336010.0
2021-06-15,603.5236206054688,611.2278762355272,602.4314171144714,609.190427660631,15236610.0
2021-06-16,595.7311401367188,603.4991290659071,593.8896162923155,601.4518156343985,14816580.0
2021-06-17,592.660400390625,599.003049815742,579.9015625362539,579.9015625362539,18718570.0
2021-06-18,596.26513671875,602.2355467491625,584.3144516703923,596.5442859720246,27096150.0
2021-06-21,599.1009521484375,600.9621465254968,586.4744253480275,587.7380406117328,12719620.0
2021-06-22,589.3836059570312,606.2517161221497,587.7379468803019,602.4313955523095,15406110.0
2021-06-23,589.26611328125,599.0029751544218,587.8359292985649,592.7337459392389,12382150.0
2021-06-24,592.0088500976562,598.3172400181855,588.8154642358637,590.3828013579878,10824210.0
2021-06-25,595.1630859375,598.2193186473073,590.6962796856433,593.3215021523855,9619940.0
2021-06-28,591.3672485351562,599.2674285372946,589.2072948284939,597.5335824528366,8284810.0
2021-06-29,592.8709716796875,601.221773988704,587.9437986260888,591.6563225702614,13100790.0
2021-06-30,589.2906494140625,599.9825620367906,587.7380199544072,592.6358367873605,12257940.0
2021-07-01,584.5202026367188,591.6562957247111,581.8606616895337,591.6562957247111,11206010.0
2021-07-02,587.5177001953125,590.6767684497585,584.3096059374476,587.7380780594611,8112980.0
2021-07-05,594.8594360351562,597.136872922257,588.3306082479202,590.5787491128987,8631790.0
2021-07-06,607.5642700195312,621.3173756211712,592.9295934099612,593.1255180076544,34913930.0
2021-07-07,607.192138671875,615.753512994774,603.4501994085765,609.2884186413538,19479250.0
2021-07-08,600.2456665039062,610.361281692137,596.5761293180999,606.3483672812151,11305600.0
2021-07-09,602.0460205078125,605.4653006685446,594.6776029082972,596.831226019797,14475440.0
2021-07-12,603.3607788085938,608.2027329151924,598.8523808750673,605.8577791225242,9787400.0
2021-07-13,603.8267822265625,610.7634928576776,602.4237503849223,606.8389081646163,10021270.0
2021-07-14,601.8252563476562,606.5445669731992,600.4614488155066,603.4048872900925,7765740.0
2021-07-15,601.4131469726562,606.0735913413147,598.6954127674904,601.8252714862396,8709900.0
2021-07-16,600.9961547851562,607.3294699837195,598.2244049202228,600.952019975813,9631210.0
2021-07-19,590.1986694335938,600.7558122316335,582.3102754658732,597.3218004976309,12905320.0
2021-07-20,582.982421875,591.4300772907145,575.7366467436445,590.6500827364656,14018370.0
2021-07-22,607.8740844726562,612.6277694029138,580.9514277929673,581.8197518439207,34885910.0
2021-07-23,606.4367065429688,610.7635351173082,602.4237920675137,607.2314326029256,9537390.0
2021-07-26,604.62646484375,608.1438957014271,601.4426500595549,603.4049425556709,7335020.0
2021-07-27,611.3964233398438,620.7712689438503,605.8578333761689,606.3484065206029,20685280.0
2021-07-28,614.3937377929688,616.5522713233405,604.0917031058577,613.9914343318219,11491530.0
2021-07-29,627.9434204101562,630.8770381131886,614.5949448553929,617.1360801050557,14846640.0
2021-07-30,611.0677490234375,629.5868861728572,609.5076999952157,629.5868861728572,14068850.0
2021-08-02,608.3597412109375,616.5474380880366,605.3672570226361,615.1787198593076,10124350.0
2021-08-03,621.2520141601562,622.2429814824396,608.8993561710336,609.7824117749973,10917100.0
2021-08-04,623.925537109375,635.5325129187677,619.5937983829472,622.3409956467182,16320910.0
2021-08-05,613.044677734375,623.5674466270062,611.4503151818908,623.420310629731,8665670.0
2021-08-06,610.6948852539062,618.0731246041684,609.3899439052798,616.6504504901159,7297890.0
2021-08-09,607.6386108398438,615.1738070846875,602.0362440222272,610.763559346505,8811790.0
2021-08-10,605.3770141601562,613.0642561551555,602.624906311127,610.7634971073564,7310090.0
2021-08-11,605.1513671875,608.305718608121,594.2802507896108,605.9656753968178,7919290.0
2021-08-12,608.2616577148438,613.6971866321181,603.5276148633968,606.4465011379876,7946020.0
2021-08-13,604.047607421875,611.1412754600344,601.5407261206879,609.2918052458577,6679320.0
2021-08-16,625.6917114257812,627.4430311448067,598.8769674631684,603.3068571843237,14233350.0
2021-08-17,628.924560546875,631.5491147605857,618.6127039884947,628.9098289810236,16027760.0
2021-08-18,642.0718383789062,651.4810564927536,628.5271226962366,631.2694693565315,21537300.0
2021-08-20,653.5513305664062,660.5763714274376,633.3936971234696,634.9929703417349,21647320.0
2021-08-23,662.489501953125,669.0926565360735,657.0736157033876,661.2925323453259,17383400.0
2021-08-24,684.849853515625,691.6099650565574,660.1102262799659,664.72653581663,26229900.0
2021-08-25,681.4011840820312,692.1006130593215,679.051319567575,687.292972311371,15096670.0
2021-08-26,680.1256713867188,686.1401025965164,672.5757439241538,676.9909019805488,12345880.0
2021-08-27,683.5253295898438,689.1914732153977,674.2437242630364,681.8966531415549,9359060.0
2021-08-30,703.040283203125,706.1309176234539,684.8400335435698,686.4049329559324,15043820.0
2021-08-31,738.2634887695312,745.5533980330919,699.5572582273353,702.5006969015036,29464380.0
2021-09-01,737.7827758789062,752.9807221254022,734.2261206254195,738.3125733100013,22277890.0
2021-09-02,735.7075805664062,744.3368049458319,730.4682931303839,735.8596869795678,11833780.0
2021-09-03,738.1555786132812,741.2559743407999,732.1067737990886,735.8596700934479,8802470.0
2021-09-06,736.4827270507812,747.1428715059287,734.3977912635847,740.7654208627396,8970710.0
2021-09-07,731.6701049804688,742.3597115310639,726.7545531491426,738.6951450045036,8360130.0
2021-09-08,732.2490234375,737.233262794047,727.132319765293,731.6407175973226,8592560.0
2021-09-09,729.0553588867188,731.9350204121329,724.0858512924317,728.9915819922448,7004360.0
2021-09-13,730.5172729492188,735.3690479030337,721.3386697731598,729.05537475037,8025650.0
2021-09-14,727.77001953125,738.8030024733163,726.8330082518478,733.8972720452066,7192580.0
2021-09-15,727.4365844726562,733.8974546120909,724.0859913151378,730.4634424581573,6572830.0
2021-09-16,727.1765747070312,730.4633907249623,719.229254068696,730.4633907249623,5771290.0
2021-09-17,728.8739013671875,753.5153788529294,722.1236106507858,730.512398770458,34749690.0
2021-09-20,730.2130737304688,743.8068337704251,718.2725424721118,722.12352893418,10838060.0
2021-09-21,766.6530151367188,769.9153385778243,726.1463563983157,734.0102584053848,19931330.0
2021-09-22,764.6709594726562,774.6148852825834,762.4486490710568,770.1997276083952,15005410.0
2021-09-23,775.0122680664062,784.8188189146512,765.7502461380499,771.5340618940803,21091470.0
2021-09-24,764.646484375,779.9964755213541,757.9991951029857,779.9964755213541,11293460.0
2021-09-27,764.8475952148438,771.1809106828066,759.4120668429739,770.101673820094,6507740.0
2021-09-28,740.1080322265625,767.7469040030364,728.5059663968547,766.7657577998377,15723010.0
2021-09-29,737.3705444335938,749.1884927415392,731.5572655630122,738.70494868879,9458790.0
2021-09-30,752.3526611328125,755.4825196811536,734.966780463367,740.2747546745849,14907070.0
2021-10-01,738.0917358398438,749.5171419097306,733.4067390712775,747.6333580900514,9377400.0
2021-10-04,754.9969482421875,762.2525439080473,741.761294940204,744.4937608913225,10901980.0
2021-10-05,757.8568725585938,761.8599655133422,749.0167363972107,753.8145553172601,7732430.0
2021-10-06,758.9313354492188,773.2020905025101,754.0108727660659,766.2752005599186,17646310.0
2021-10-07,760.1821899414062,773.6337249675224,759.2108648523752,769.7974699411094,9405500.0
2021-10-08,758.641845703125,768.1393937386381,756.6599710752273,760.3883147059353,7565710.0
2021-10-11,766.9718017578125,775.5371887443208,760.584530545909,762.7332430750138,9086480.0
2021-10-12,770.7639770507812,777.5584028527695,760.388343483781,766.2752209817199,10994490.0
2021-10-13,777.9802856445312,785.8981430357779,771.3085031487009,775.8806183058591,10524380.0
2021-10-14,771.4653930664062,781.8753993426126,766.5057064106599,781.8753993426126,11348490.0
2021-10-18,771.7254638671875,789.8227132214788,765.3725659972148,789.8227132214788,8550980.0
2021-10-19,759.3384399414062,776.5477220185119,752.637194905219,774.1243197493642,12449890.0
2021-10-20,761.5018920898438,768.5857386913818,743.2182236338604,759.5052260990034,11028990.0
2021-10-21,759.1422119140625,768.2374561324348,754.0108365744267,768.2374561324348,6394610.0
2021-10-22,756.4833374023438,778.5394840897907,752.0485375612157,760.9769437337493,15173760.0
2021-10-25,750.2481079101562,768.9978565657019,721.1914739232874,760.3882750460938,11697290.0
2021-10-26,770.7540893554688,774.6099865970485,750.6847277866162,754.9919738223966,16605750.0
2021-10-27,734.1083984375,777.0629519156985,732.0332237292156,772.1621309831219,31122330.0
2021-10-28,734.3143310546875,745.2786278373707,721.4760713834926,739.784233083881,15723020.0
2021-10-29,726.06787109375,740.7359597046425,717.5171551286829,733.897399048933,9483340.0
2021-11-01,727.4168701171875,735.8792556734427,708.3875213468065,728.9915905272538,10373140.0
2021-11-02,731.4788208007812,741.25596923252,726.0727554313238,732.5924313420212,6871160.0
2021-11-03,737.4540405273438,739.6665300829585,731.0520373759185,734.4860492060808,6687040.0
2021-11-04,738.3223266601562,742.6295727927572,737.3313594299157,741.8446079357357,940330.0
2021-11-08,752.897216796875,756.7727561227949,734.4859946512751,740.1668692686719,9003010.0
2021-11-09,743.4635009765625,760.8199789011707,740.7653490429623,755.4825414080543,8002470.0
2021-11-10,743.8510131835938,746.652166075968,736.3501322470617,740.2747165628355,4649890.0
2021-11-11,731.2188720703125,745.7643170638117,727.0293584933104,742.7473403055303,6344000.0
2021-11-12,743.6204833984375,745.6956578956615,731.248244300077,735.8596433754453,4971280.0
2021-11-15,739.2200927734375,748.3643829024918,734.8785326449082,743.6107581214236,4025180.0
2021-11-16,741.3245849609375,750.5767857349135,735.9331917940256,738.3124591706176,5980490.0
2021-11-17,746.4217529296875,754.6977192825208,737.9446348248216,738.6068965770484,6455740.0
2021-11-18,734.3829345703125,755.2568414957798,729.9726877061734,747.6333172474517,7725390.0
2021-11-22,692.5223999023438,737.2822822212428,685.8260654896144,735.074703396238,19352430.0
2021-11-23,698.016845703125,704.266742312235,679.3554255000196,686.8023516332993,11875890.0
2021-11-24,704.1980590820312,718.179392752063,693.2778968353166,702.5006952801905,10993800.0
2021-11-25,699.1452026367188,706.915864069542,695.3187083569695,701.5195597636676,6154860.0
2021-11-26,667.8711547851562,691.5020231795938,664.7265643808555,688.8627374511036,16890820.0
2021-11-29,677.5550537109375,684.8400523192564,655.238888028909,663.9416500921271,14918150.0
2021-11-30,686.532470703125,706.4055909024672,672.011519557463,677.9719944376862,21955390.0
2021-12-01,690.5993041992188,697.3692362781047,681.9946336945661,689.9615352771476,11367680.0
2021-12-02,704.5120239257812,707.406417221392,689.0001047451934,695.6326627045311,8477040.0
2021-12-03,693.5968017578125,709.7415800913918,692.1986803265236,702.5007159656851,8164110.0
2021-12-06,682.0682373046875,696.2114968532685,680.7289824416004,693.5967041354256,8582530.0
2021-12-07,696.9228515625,703.4818113834392,682.6815003809937,691.5118160050537,10796080.0
2021-12-08,722.2708129882812,724.7089469699592,698.5761078483672,698.5761078483672,14026910.0
2021-12-09,730.0022583007812,732.7298136804707,719.8670009765601,726.0482102490954,10769500.0
2021-12-10,731.19921875,732.6218927425653,722.1236162361623,723.4972448947245,6791450.0
2021-12-13,708.264892578125,733.6030044349448,706.3271528431037,732.916190137987,12985990.0
2021-12-14,693.2681274414062,704.4629793575427,690.2363593008794,704.4629793575427,12764810.0
2021-12-15,671.8152465820312,693.9155866755852,670.2208841524125,693.9155866755852,18175280.0
2021-12-16,689.6329956054688,693.0277233245898,680.2188661409538,681.4060746688888,17683180.0
2021-12-17,677.0988159179688,689.2552321787616,673.5568923711315,686.8023665838194,16805110.0
2021-12-20,650.9070434570312,673.5420920424438,637.0189510162186,672.0851044000533,22263190.0
2021-12-21,645.3538208007812,662.2736821563791,641.6696120448473,659.8355482321066,13755910.0
2021-12-22,664.3536987304688,666.2718562861236,649.8916135726331,650.9904925069862,12678980.0
2021-12-23,678.7323608398438,686.1644945692857,670.9322374419887,671.1039260309782,13393990.0
2021-12-24,672.2814331054688,685.6200878405801,663.019409963662,685.320845415729,9807740.0
2021-12-27,676.0833740234375,677.8543358443011,652.8596587159849,662.3718190497224,9123600.0
2021-12-28,677.6432495117188,684.8399777126872,673.2379131047852,684.8399777126872,8624640.0
2021-12-29,678.1339111328125,681.8917179537746,672.3844086088595,675.5093569497349,5323790.0
2021-12-30,674.1553955078125,681.4011702535057,672.7621845796946,676.9811015406589,6589920.0
2021-12-31,684.5750732421875,686.7042034707654,674.5919233008157,675.2247817205606,7699070.0
2022-01-03,708.3483276367188,710.7374162232536,684.3494701778985,684.3494701778985,12697250.0
2022-01-04,720.4556884765625,723.5953684930084,709.9083661561559,711.3310402134659,9591730.0
2022-01-05,752.6176147460938,754.6142208367072,727.5198791534488,732.9063620015487,25832620.0
2022-01-06,760.2166137695312,763.2679640687469,737.9200305207959,738.3125129532067,15359860.0
2022-01-07,751.4942016601562,763.8223058839617,744.1993821618304,761.7570123252189,11659510.0
2022-01-10,758.5535888671875,761.2713830847077,752.5146050827786,754.108967705008,6390600.0
2022-01-11,752.5243530273438,761.3644892739994,742.8257139136507,759.3090168682942,10379120.0
2022-01-12,762.7921752929688,772.0640194691406,754.6780765227476,758.0335799796156,14584040.0
2022-01-13,766.1133422851562,770.1556599842944,762.7431073618976,768.0412611024661,6163740.0
2022-01-14,768.4533081054688,769.8171157136276,758.2788266686812,762.8411805123269,5696350.0
2022-01-17,770.4548950195312,776.0866647753328,765.4461626987533,767.2073034068087,6797740.0
2022-01-18,759.7996826171875,779.5206983575522,757.0573357220459,775.1006296950549,11300240.0
2022-01-19,742.904296875,789.3321437665796,733.2105673105815,770.1997922396085,50003170.0
2022-01-20,738.82763671875,750.5768384385829,726.1462742532881,746.6522536624334,29103830.0
2022-01-21,723.4727172851562,735.7615980404094,716.8107557950747,726.2935127585515,13704500.0
2022-01-24,680.1060180664062,721.1424706341361,668.9160765837399,721.1424706341361,25025820.0
2022-01-25,683.2456665039062,686.4098389593688,662.4894904610371,676.9908596484586,25259340.0
2022-01-27,670.8096923828125,677.2214566749645,658.162703050143,669.4949300796791,17610280.0
2022-01-28,673.777587890625,691.2763516052539,671.5945615894054,682.9807438686804,14675220.0
2022-01-31,686.826904296875,694.2492778215621,679.9441492144887,684.8302382106261,12512490.0
2022-02-01,688.23486328125,698.164058442362,675.6172771188002,694.2492945250598,13834490.0
2022-02-02,711.0808715820312,714.2745075845811,696.1233010044784,696.613874155292,13398210.0
2022-02-03,697.6587524414062,714.9661864599876,696.6138293020766,711.6253547735344,8398560.0
2022-02-04,702.3436889648438,705.2871274257388,692.1986113871523,695.6326229248632,8232080.0
2022-02-07,679.9932250976562,702.9912958456094,675.1267180858206,702.9912958456094,11830120.0
2022-02-08,692.1986694335938,701.2252267808366,678.4331589992759,686.8023651360958,16405420.0
2022-02-09,698.3161010742188,702.2946418703233,693.6703880245597,699.4149800664749,6491660.0
2022-02-10,700.2440795898438,710.349873829037,693.1798147240535,700.0478383660469,12442000.0
2022-02-11,687.9403686523438,694.6465237606114,679.0560979607577,690.7268499073583,12764610.0
2022-02-14,665.8008422851562,679.9342813070579,661.6898974095757,668.160527518191,11697660.0
2022-02-15,700.7394409179688,705.9345925555921,665.8007840911529,667.1793230546249,13468200.0
2022-02-16,693.5330200195312,708.873251133895,691.7081023770088,704.9535766778451,10540410.0
2022-02-17,694.8919067382812,699.3610206289185,685.0363096275146,698.5761156219563,9036160.0
2022-02-18,689.7555541992188,698.1835659666718,687.7834408856448,688.7645870210024,7625170.0
2022-02-21,687.4253540039062,694.7398154434014,678.0700917702882,686.8023166066218,8166640.0
2022-02-22,687.9159545898438,690.3491780172327,666.1001830759888,667.1794199486114,12587320.0
2022-02-23,691.1734008789062,698.3161144655438,689.4956192267845,692.6892550731511,7952280.0
2022-02-24,650.2841186523438,677.0105320303253,646.8157332388865,667.1794277698806,19300400.0
2022-02-25,683.800048828125,685.8162971237002,663.1567539217605,667.1794294692068,14132810.0
2022-02-28,687.0280151367188,689.2552362731692,667.8269759593209,673.066323250383,15808910.0
2022-03-02,670.2750244140625,680.5574183997734,663.4511351798819,678.7569933940636,16080090.0
2022-03-03,662.1117553710938,681.3372846134349,659.8207576504566,678.9531067570497,13339990.0
2022-03-04,641.4635620117188,657.1717224871776,637.7450394171977,656.2298604472932,19965090.0
2022-03-07,600.9519653320312,624.9900439453126,598.4991001674107,623.0277518136161,28435880.0
2022-03-08,604.5675048828125,610.0128537397621,580.1418536552596,601.246315765719,28857830.0
2022-03-09,635.0469360351562,640.1979540562988,600.6430389899955,610.2239468815809,22801310.0
2022-03-10,646.074951171875,666.5907517337566,637.8431201877909,666.5907517337566,20915610.0
2022-03-11,650.3037109375,655.8962564397478,636.7688154275197,642.6507823007253,12647710.0
2022-03-14,653.97802734375,656.2886671903107,637.7449814677173,647.6545333798374,12668460.0
2022-03-15,654.0860595703125,662.2736960007969,648.0470758644835,655.1309228016332,14792700.0
2022-03-16,671.1629028320312,676.932047585269,661.6212794838989,665.2171589395412,16335960.0
2022-03-17,686.2529296875,692.3850936981024,679.9441665395219,681.6709935064139,16706780.0
2022-03-21,674.086669921875,688.6419954918343,672.0851532137582,686.8023463498258,9620190.0
2022-03-22,685.4091186523438,687.7834756522959,663.9416353348117,674.047429062949,12737960.0
2022-03-23,687.2732543945312,697.0062675799606,683.8588848641034,691.7080542743083,11767500.0
2022-03-24,686.5618896484375,690.2902328279458,675.1511557869462,683.7607367136862,7837160.0
2022-03-25,684.2023315429688,693.4202199680337,680.9155154724805,692.5911801094206,7023730.0
2022-03-28,686.939697265625,690.2363340410252,674.0474221552016,685.8211762539825,9369730.0
2022-03-29,690.6630859375,692.6891550541039,685.2815138855765,690.7268628301546,7159500.0
2022-03-30,711.5125122070312,713.7299122240833,696.5157187299244,696.6138093972014,12722540.0
2022-03-31,712.3071899414062,730.4633041248112,710.4135850698309,715.0543871674117,16330110.0
2022-04-01,726.8428955078125,730.8558097127109,708.4170014811692,709.3637740047765,8715130.0
2022-04-04,734.9422607421875,744.7782750838709,728.9916068053916,730.8558084885368,10497590.0
2022-04-05,724.9148559570312,733.8923666570245,719.1800857909751,729.48211976206,10720820.0
2022-04-06,720.8432006835938,728.5010394406759,716.2367121773649,721.1424430826893,7670310.0
2022-04-07,715.275146484375,721.7310446830329,713.2932122062941,717.2177965925737,7182660.0
2022-04-08,722.7711181640625,728.5010382008705,712.3121262408512,719.0133714137547,8819730.0
2022-04-11,719.8326416015625,724.4784146052326,715.7461890306677,720.6568308003084,5975080.0
2022-04-12,713.73486328125,716.2318637609428,708.3876041538977,716.2318637609428,8055980.0
2022-04-13,719.028076171875,724.0859137038503,714.4756032022053,717.5122220226103,6723170.0
2022-04-18,712.4544677734375,723.5953643558631,709.5257006848723,712.8518008675269,7582220.0
2022-04-19,712.2680053710938,730.2965667703382,701.617622663909,716.2367249767888,11911100.0
2022-04-20,689.9910278320312,715.7166510601506,682.8777182667526,713.7789113737174,15581810.0
2022-04-21,700.3519897460938,705.1498091947344,691.4431651883674,696.5157343265954,8753430.0
2022-04-22,697.6685180664062,707.112049861381,693.8077103201488,694.6514816459351,8079870.0
2022-04-25,687.3419799804688,694.1560477392111,681.8966303766459,686.8023615304347,6849530.0
2022-04-26,710.40380859375,712.6015665124297,696.3194739776702,699.6553351455192,10124190.0
2022-04-27,658.7513427734375,696.6138009219862,656.2739845529181,696.6138009219862,39843570.0
2022-04-28,660.080810546875,667.6699617204027,645.5941731256796,662.0774166328578,24990940.0
2022-04-29,654.60107421875,669.494865431443,652.5602734807898,667.1793749142926,13375170.0
2022-05-02,650.1221923828125,652.4475041313099,640.2469532922647,642.6507735059253,12387410.0
2022-05-04,622.0221557617188,654.2087104601861,617.140977232603,650.4901279311225,16491150.0
2022-05-05,619.0492553710938,637.4947907333263,617.1409189522745,627.9335264379265,14860280.0
2022-05-06,588.7172241210938,608.8061700110609,586.2348953177392,608.4087770278741,30648650.0
2022-05-09,592.3131103515625,601.9577950460764,572.2584780044695,584.8612732193329,19356480.0
2022-05-10,581.6676025390625,599.7795833338365,578.8762702853404,588.6877324935665,11779330.0
2022-05-11,569.7515869140625,588.3540797759327,562.8835637961698,584.4687793095468,18613390.0
2022-05-12,548.7943725585938,565.6062633332033,540.2093428283175,564.1590965610084,24940440.0
2022-05-13,541.1757202148438,564.0609670095665,539.630402993027,559.253326738228,21053150.0
2022-05-16,553.896240234375,560.4257967753825,538.453009016968,546.9889927187891,14149550.0
2022-05-17,572.7244262695312,573.872410388406,554.5438191453891,555.3287240930205,14017700.0
2022-05-18,570.55615234375,584.4393350203867,568.0836447785932,577.8901961701582,16550940.0
2022-05-19,559.940185546875,563.6685293778874,550.5211454699634,554.445730530906,10650250.0
2022-05-20,566.0821533203125,573.1807319584829,560.4307414250434,572.9894012565227,10986100.0
2022-05-23,568.4761962890625,579.4895396712698,566.2391539564774,571.5177258980142,9680210.0
2022-05-24,568.947021484375,572.3025244744359,561.7061582691226,567.396793834531,10840690.0
2022-05-25,571.7530517578125,576.688245238807,569.2413202117591,572.8912147352889,8675980.0
2022-05-26,570.8112182617188,576.4674801296217,554.6811736585271,573.9704800226273,12595460.0
2022-05-27,588.0499877929688,596.2425950059826,575.0547103519951,578.8762942030093,16258050.0
2022-05-30,599.5980224609375,601.148250125053,592.7201784589676,597.3217562369372,8174840.0
2022-05-31,596.7479248046875,605.2887602523214,590.3017864102627,599.4803909083747,15489660.0
2022-06-01,589.6836547851562,601.4426787569449,586.455645148998,594.5746546928362,8876200.0
2022-06-02,594.3636474609375,596.5369127273347,583.7035031661567,589.3745571665372,7508090.0
2022-06-03,591.45458984375,605.170995261132,590.0613789358382,600.9520783613557,10434650.0
2022-06-06,590.7481079101562,593.5934558672517,579.9554996216608,589.4922719037529,7376570.0
2022-06-07,576.7765502929688,587.7016220449691,572.3663032241456,586.7253864352149,8969820.0
2022-06-08,584.203857421875,593.9859158867968,569.2855131239434,578.8762408993878,13341460.0
2022-06-09,578.7339477539062,581.9766286193499,574.4610753996405,579.3668061887067,12376740.0
2022-06-10,556.0646362304688,572.4988358896842,554.5830958140123,571.5176896413728,21518910.0
2022-06-13,525.72265625,544.928604421808,522.4603332719365,542.0881671088961,19327850.0
2022-06-14,527.439697265625,535.8039329567721,518.4572747735951,524.6189018506501,18845410.0
2022-06-15,538.1537475585938,539.6205562479317,529.4411650399453,531.5849669616244,16599430.0
2022-06-16,518.4277954101562,550.9086174652994,515.5775372822035,546.007797550277,21796860.0
2022-06-17,531.737060546875,537.1774989973975,512.1582730166967,512.1582730166967,19379390.0
2022-06-20,536.7311401367188,540.6115903706269,525.1094914076626,532.5661790452154,11194560.0
2022-06-21,544.4526977539062,545.9097453081333,535.2152282509143,542.0832513448764,10023590.0
2022-06-22,533.7042846679688,542.7210202385364,530.3094974092375,542.7210202385364,8983460.0
2022-06-23,534.5431518554688,539.1398192566664,524.2263855278258,534.2929547919035,11018570.0
2022-06-24,548.239990234375,551.0754572318209,535.2152505142016,540.6115545982128,13049330.0
2022-06-27,553.4841918945312,561.7062018760639,548.2399941778655,559.2533363656881,10490080.0
2022-06-28,547.1116943359375,551.3061186363279,542.0833196513884,550.1287311235502,7395000.0
2022-06-29,540.8862915039062,544.9286089497097,535.7058109610845,538.1586763958879,7559820.0
2022-06-30,531.7973022460938,545.0614938977994,529.4832374276629,542.8557337077725,11982750.0
2022-07-01,552.8604125976562,554.7855542872873,525.3523009401324,528.203080516873,12218900.0
2022-07-04,554.4262084960938,556.2626992882776,545.6326174565455,552.712747441166,7898180.0
2022-07-05,557.4591064453125,566.7056297550464,554.0470896993874,557.3508018094809,12284530.0
2022-07-06,582.6284790039062,584.8096573043618,555.9623406778878,559.3202048995447,22229520.0
2022-07-07,577.1141357421875,589.5412817897708,572.7124115946639,584.4305889782634,13352470.0
2022-07-08,578.344970703125,583.7412097280683,571.2352707234224,583.7412097280683,8032820.0
2022-07-11,577.19287109375,581.3729970297981,572.4957438161939,576.0604205849503,7613370.0
2022-07-12,578.37939453125,586.8480108523121,569.5612824300628,576.0406877735147,9754460.0
2022-07-13,578.90625,588.763293105838,577.6950052150438,583.9332193749682,8869340.0
2022-07-14,574.1746826171875,583.6378142039357,570.6148742923128,583.445786859257,6929200.0
2022-07-15,582.4808349609375,583.765885674875,572.4021932102759,576.5528090492829,5698590.0
2022-07-18,596.7198486328125,597.5371820236468,584.0711651437432,587.8672366905549,9664320.0
2022-07-19,597.3253784179688,600.4962037124106,591.0330719458227,594.770062379936,9785600.0
2022-07-20,598.1575317382812,605.5626356223806,594.9719811566224,605.5035549042611,8270920.0
2022-07-21,617.1134033203125,618.7135713084547,594.37622066218,598.6105594204656,13254930.0
2022-07-22,616.2615966796875,622.8345820268304,612.2685695360636,617.5170769693327,9532950.0
2022-07-25,613.1843872070312,623.7208900168222,609.0485563720476,614.4645095815,7240230.0
2022-07-26,616.8720703125,628.6148279724597,611.7564498096442,620.3727378351322,15304060.0
2022-07-27,629.8605346679688,633.1150226526149,610.0332146762623,618.304875526415,14449890.0
2022-07-28,696.8460083007812,700.1300667998286,642.2335477032382,642.2335477032382,64857820.0
2022-07-29,709.8934326171875,714.9056765465941,701.6119759496534,706.5355687633352,26067620.0
2022-08-01,715.004150390625,719.8292955646664,708.2096281218697,714.0243601932305,12270770.0
2022-08-02,722.9705810546875,724.359007892677,707.2445931130192,709.1402245778991,12491240.0
2022-08-03,718.4852294921875,726.3679073973515,710.7699369352849,721.4048867445554,12186210.0
2022-08-04,720.484130859375,727.2147042956642,709.489769052168,722.6800942619888,9494810.0
2022-08-05,719.3074340820312,725.5357918293016,716.4862246458998,722.7785915122473,7580780.0
2022-08-08,723.0001220703125,728.4948691462439,715.2996748648775,718.8446380801798,9574820.0
2022-08-10,704.0147705078125,725.6392142046711,699.6426171954135,725.6392142046711,19065230.0
2022-08-11,720.710693359375,721.3064289245398,710.7059179711133,713.3302317036953,10270510.0
2022-08-12,719.770263671875,723.0789039629386,716.0923538812965,719.0415814758921,10369410.0
2022-08-16,717.475830078125,727.1162639784033,716.0972600508763,722.6850301217966,8044640.0
2022-08-17,741.2076416015625,752.1281384345573,718.4507465429435,718.8446580678004,23444140.0
2022-08-18,737.3820190429688,747.28335871494,733.8517807397378,737.5543328011682,8353540.0
2022-08-19,719.011962890625,742.3498057167469,715.9888695781918,739.5236681446833,11004270.0
2022-08-22,699.3668212890625,716.8554333926495,698.0522604122681,715.0041576004484,10608620.0
2022-08-23,709.7557373046875,713.9210782942233,694.2267037205896,697.6732192709756,10886030.0
2022-08-24,706.7227172851562,712.5818051650606,703.08910312959,705.5508997091754,9530960.0
2022-08-25,693.946044921875,712.8378702275278,691.7747234228714,710.257912116801,13542960.0
2022-08-26,695.418212890625,703.2368817516622,691.83382240769,701.1197125113813,7591390.0
2022-08-29,685.7925415039062,690.8293678622837,675.6499512682612,677.584889788876,9967350.0
2022-08-30,719.4600830078125,722.2911492027106,689.3030735404192,689.3030735404192,17313810.0
2022-09-01,707.1560668945312,722.1779559397423,703.2861294951277,711.8137672580121,14625790.0
2022-09-02,708.047119140625,720.1247073142091,706.3829422859927,710.6812895037593,9063700.0
2022-09-05,708.6232299804688,714.3149326256492,704.861597525834,708.0816467435551,7070250.0
2022-09-06,701.0556030273438,714.4133126486421,699.6425343030464,711.8284264381629,7919050.0
2022-09-07,705.6986083984375,709.7802261238456,696.196049871934,696.983812731072,7919940.0
2022-09-08,714.67431640625,716.8209957637405,706.5356026700679,710.9668364150369,7722510.0
2022-09-09,707.1166381835938,721.2079595884584,705.5509090930726,718.8446107996414,6496070.0
2022-09-12,717.5546264648438,720.8041859485594,707.8009595098563,710.6566675999901,8347160.0
2022-09-13,729.031494140625,733.0245811239777,720.0656501382678,721.7987645645292,13827000.0
2022-09-14,736.9092407226562,744.447290749998,716.1021911841809,716.1021911841809,14933880.0
2022-09-15,727.3427124023438,741.7737323923046,725.708045850819,737.5493111882815,7174200.0
2022-09-16,716.2941284179688,736.5842959850335,708.4410216454711,727.2146841071213,11870360.0
2022-09-19,738.1549682617188,740.946667405462,708.1062627888864,716.38285228891,16481170.0
2022-09-20,751.8720703125,759.71045254859,744.9396725249621,745.4271034575453,16134500.0
2022-09-21,757.3126831054688,761.6799080994584,747.0125039524615,752.3250805274548,12392620.0
2022-09-22,760.1585083007812,765.9141600063678,748.3861799182476,755.2792105227578,12810390.0
2022-09-23,739.2430419921875,761.3352011324829,736.0771452834476,759.6906778150735,14123310.0
2022-09-26,714.8565673828125,734.600165714293,702.0060000969086,732.3353246769528,18752050.0
2022-09-27,713.2169189453125,726.7174332353683,709.9870730357596,721.306409077177,11428290.0
2022-09-28,709.2435913085938,718.598418267888,705.0683939452595,706.9295265754347,8690690.0
2022-09-29,699.6180419921875,720.5088770806352,697.9735784798726,720.0755984190264,9696320.0
2022-09-30,722.364990234375,724.9498766710876,691.9420885397849,697.2792467537571,16186650.0
2022-10-03,706.2205200195312,728.4948512580509,703.5421141186192,722.4880914844904,8201980.0
2022-10-04,737.42626953125,739.031365780115,719.469938912535,722.291148300752,11914950.0
2022-10-06,729.1004638671875,748.2877531314865,723.4629734338413,743.4626075316881,15100600.0
2022-10-07,723.2907104492188,729.4550594693203,716.1120722627115,727.259095776919,9911960.0
2022-10-10,718.1947631835938,722.5865701205119,711.0653493087284,715.398135630198,6531130.0
2022-10-11,709.2731323242188,724.0143407147557,706.2992629602423,719.5338831667292,7322060.0
2022-10-12,711.577392578125,714.7580146139969,703.5814818750198,709.4897938291837,7407310.0
2022-10-13,704.236328125,711.5577092624335,700.5977853127102,711.0161259974053,6086550.0
2022-10-14,716.1366577148438,723.2758681217638,711.0653324882551,718.8446340760893,8390120.0
2022-10-17,724.2802734375,725.9641038465883,710.6714546183025,714.4084450289922,6174010.0
2022-10-18,727.7464599609375,731.6459675080941,720.9125100272212,728.6918115154639,9069750.0
2022-10-19,726.7617797851562,732.6307249715453,723.7682565243089,730.3658839444104,6271770.0
2022-10-20,731.8822631835938,733.5169297628352,715.0041714814201,725.7327001622386,10260540.0
2022-10-21,708.2835693359375,737.5543087496718,704.3742048306741,737.5543087496718,23869600.0
2022-10-24,709.6375732421875,719.8293880053832,708.0127633048844,719.8293880053832,2278840.0
2022-10-25,699.4358520507812,713.1874756970758,698.1655865133345,713.1874756970758,9098990.0
2022-10-27,686.4572143554688,709.9821576945134,682.5084828911491,707.6188088567663,16414580.0
2022-10-28,689.9775390625,698.1654764977387,687.3335720668853,689.3030092361313,8396690.0
2022-10-31,703.4927978515625,704.0344411706632,693.8327106623598,698.5594080866111,8189860.0
2022-11-01,709.9329223632812,712.5423907229299,705.0585530278627,708.697095649987,7627420.0
2022-11-02,704.6843872070312,712.936334673465,703.0940761321297,709.6867750027657,5859140.0
2022-11-03,701.2772216796875,708.5050831635746,698.3723496847497,699.6426151323416,6323130.0
2022-11-04,710.1791381835938,711.449403669213,701.2772426734904,701.2772426734904,9219250.0
2022-11-07,708.0176391601562,713.985031786931,700.2334093672391,713.7339237224849,7224940.0
2022-11-09,703.4830322265625,712.4439479595002,700.5928853739074,712.4439479595002,6896340.0
2022-11-10,686.8511352539062,705.5509333475907,685.8122642600858,704.8616182519513,10081820.0
2022-11-11,694.3694458007812,704.8468064700963,688.8106898358674,703.9753809582971,12333420.0
2022-11-14,691.8436279296875,699.839538351273,689.40641327293,694.7091326814872,8550600.0
2022-11-15,691.8386840820312,695.4476561228415,687.4320322749442,692.7643219723592,7195210.0
2022-11-16,678.9684448242188,692.734792465384,674.7883189185437,690.3862288436708,13362040.0
2022-11-17,678.9684448242188,684.3794690555331,672.7598008819882,676.5017197714407,7339440.0
2022-11-18,668.771728515625,682.2131026964798,664.685121873493,680.4307642552582,13276890.0
2022-11-21,657.7034301757812,664.3897085096839,650.9334892192625,664.3897085096839,10717480.0
2022-11-22,658.2893676757812,662.4941356829894,655.8522129774923,657.8167219409515,9587690.0
2022-11-23,667.6441650390625,670.1010332329471,658.7767688946975,661.5831929723248,8936670.0
2022-11-24,666.7874755859375,673.5327743268097,663.4344797189164,670.9823866695864,7546110.0
2022-11-25,664.4389038085938,667.4422836467409,657.2996936528141,666.6545207534908,8590580.0
2022-11-28,667.38818359375,672.8386353623716,662.5728946318548,662.6172502479944,6040540.0
2022-11-29,663.124267578125,670.4850753210754,661.8293601892585,667.146864776057,6818600.0
2022-11-30,661.824462890625,665.0986644751437,657.5951130493893,663.208021465356,14828310.0
2022-12-01,664.4635620117188,666.6545370029834,660.450821426549,665.1380918939528,9816160.0
2022-12-02,657.3735961914062,663.8924291575591,654.5425299374402,662.7353967090388,14386020.0
2022-12-05,655.866943359375,659.6630747807742,653.0654475341939,657.2554303703021,10292500.0
2022-12-06,659.6187133789062,663.2080322069331,653.0654418046611,657.2406393991919,8409800.0
2022-12-07,652.3958740234375,662.2184193411691,650.0128114165228,662.2184193411691,9610270.0
2022-12-08,648.1369018554688,657.7920610482306,645.9754371970648,657.7920610482306,11377840.0
2022-12-09,641.7854614257812,651.6868003887276,639.0824134989169,650.1604984786748,11312920.0
2022-12-12,640.7072143554688,643.9075499714252,629.4321737803,640.8647428945579,11000480.0
2022-12-13,651.8936157226562,654.6409591724566,640.7564499796543,640.7564499796543,9586360.0
2022-12-14,655.3500366210938,658.6340351611526,652.5336953401894,655.6257266156628,6782830.0
2022-12-15,652.41552734375,661.1401809909034,650.3082749342321,653.0654753645289,8577060.0
2022-12-16,649.6090698242188,659.298728101546,645.9754554830284,648.9296115294446,8802330.0
2022-12-19,658.4813842773438,660.2538658564669,649.6189162792704,649.9241766617723,6595590.0
2022-12-20,654.1337890625,659.6482494551601,648.4372182297383,655.8226079590064,6077160.0
2022-12-21,642.6962890625,659.1608157491514,640.5594664719038,659.1608157491514,6223900.0
2022-12-22,639.1463623046875,647.4524610549599,630.9092010667456,646.9601017689865,8497060.0
2022-12-23,627.71875,636.7190324638829,624.3165303562427,635.1435067207511,9943030.0
2022-12-26,633.5384521484375,637.1031289607438,620.3727682090858,627.7237195981054,5305350.0
2022-12-27,640.5299072265625,643.0212742439455,633.1740878083567,636.7190508841862,7810350.0
2022-12-28,637.7135620117188,646.9600835667355,636.5270194396718,637.6052573964403,7559340.0
2022-12-29,641.1404418945312,642.0857332586806,630.4562093200949,634.1587607695516,5218800.0
2022-12-30,647.4722290039062,661.7210790867565,641.5442034704415,644.9907187615337,15202660.0
2023-01-02,645.3599243164062,650.8989661997247,638.5653422318886,646.4677326930699,5793400.0
2023-01-03,650.52978515625,655.8226481196783,643.0213051383632,646.4678205564096,7420810.0
2023-01-04,647.05859375,653.6562206528525,644.9907086487498,649.4219425249626,6712530.0
2023-01-05,600.6832885742188,639.0823864790428,593.2978988999616,639.0823864790428,51023000.0
2023-01-06,588.901123046875,604.6123260226925,585.0804098556723,603.6325357687522,29319220.0
2023-01-09,590.1763916015625,598.5120015687879,586.3999738276012,592.8006452463744,14005480.0
2023-01-10,581.3926391601562,592.3082670145914,578.5222059369449,590.7327412181287,11203750.0
2023-01-11,580.5655517578125,585.8091909658572,577.5916819886103,583.9382013556052,11088910.0
2023-01-12,580.8264770507812,587.3748200353668,576.7497274005243,581.6290251575169,14769490.0
2023-01-13,588.6451416015625,589.3541101781616,578.2268014885223,582.9534389732192,11084900.0
2023-01-16,591.904541015625,597.9408108545704,588.3250792199182,590.8311712760601,9083390.0
2023-01-17,589.34912109375,592.7956360030755,584.9228160398264,592.7956360030755,8170050.0
2023-01-18,590.6982421875,595.6563342377351,589.3541108493245,591.220171920138,7962810.0
2023-01-19,592.05712890625,593.7508761488294,586.9562937786649,589.1571254215723,5481420.0
2023-01-20,577.08447265625,592.7759613049145,574.7999182684042,592.0620643535365,8330900.0
2023-01-23,577.3405151367188,584.4305012242946,575.1741221512851,579.1129966329989,8560640.0
2023-01-24,576.5576782226562,583.0518686477257,575.3366367548841,580.2306594285279,6081450.0
2023-01-25,570.7330932617188,576.5576822810236,568.8719606392941,576.065322969427,8278370.0
2023-01-27,567.266845703125,577.1977543262772,559.3201594646341,572.6138604378252,16213520.0
2023-01-30,592.9779052734375,597.3500587477088,568.1876237823079,568.1876237823079,24481600.0
2023-01-31,579.644775390625,595.7547573804902,578.4237339340394,595.7547573804902,19967880.0
2023-02-01,572.8305053710938,588.9011209834347,562.1660456440967,585.3167907681543,26348660.0
2023-02-02,563.0276489257812,573.0077816271294,555.8736538191793,573.0077816271294,20250440.0
2023-02-03,592.234375,593.7853188233877,565.9227227232062,568.1826350930261,14868920.0
2023-02-06,601.0919189453125,603.0417026688076,586.4590147800754,590.8311678260867,10738200.0
2023-02-07,606.6408081054688,608.7530487289683,600.6783442125062,602.9382565640942,14721930.0
2023-02-08,625.4588012695312,627.9550967109597,606.8624400033925,607.0790492577603,19032080.0
2023-02-09,635.6359252929688,638.8658315007258,623.843942819029,627.7483188344424,18381540.0
2023-02-10,633.7156372070312,642.7849170668737,632.1893354114973,635.5324742606717,12912820.0
2023-02-13,624.8532104492188,637.4231585036655,620.0822774153853,633.6615260296352,7365570.0
2023-02-14,636.000244140625,637.3443755120701,621.3574822900994,625.6705548834475,10340900.0
2023-02-15,639.0775146484375,639.6732502354428,629.9540813719826,635.1435682085827,6189790.0
2023-02-16,633.8928833007812,642.5042426245285,632.1893393605231,640.5594474361687,5290480.0
2023-02-17,631.8644409179688,637.6841621800075,627.0196416696812,631.2046962077198,6160440.0
2023-02-20,627.009765625,634.5083887919454,624.6070496304424,632.6817548647725,4657320.0
2023-02-21,628.1766967773438,631.0324051942566,625.4933622237071,629.7276408295902,4485090.0
2023-02-22,610.3926391601562,626.2810847876322,609.0485077691045,623.4253765550069,9347000.0
2023-02-23,610.7569580078125,616.6751267160316,602.9087792094288,611.9041937016673,8097680.0
2023-02-24,614.09521484375,618.9941664593663,610.5256094658248,615.8184726124035,6077610.0
2023-02-27,609.9839477539062,614.5628531746529,604.1248600733722,612.0026088599851,5950040.0
2023-02-28,601.869873046875,615.1142900447776,599.6936233188021,612.4949650316829,9778520.0
2023-03-01,606.07958984375,610.9145924393763,600.6882788670343,600.6882788670343,5448040.0
2023-03-02,599.0043334960938,611.4709050693656,597.729139692784,607.0987519269909,5822980.0
2023-03-03,600.6832885742188,604.7156824871846,598.0196078696827,602.8250395592622,7120370.0
2023-03-06,604.1100463867188,608.8514686182069,602.6526821626935,604.6171908655346,6084770.0
2023-03-08,590.52099609375,603.5340793855903,589.3541069077302,603.5340793855903,13427950.0
2023-03-09,581.1121215820312,594.7701667961223,580.0092413127259,590.8312915193268,9408580.0
2023-03-10,578.4385375976562,579.7433019499513,569.2658801213009,577.5375415865432,7708610.0
2023-03-13,574.4404907226562,585.6613782276635,572.2199455060475,577.9313613790486,7933560.0
2023-03-14,564.396484375,576.0604487138802,562.8799790871698,575.07572999813,13725650.0
2023-03-15,563.1359252929688,573.1062006915984,561.3880258117348,571.1367635758197,6794730.0
2023-03-16,562.7765502929688,566.7055679854586,557.8431003714376,564.2142010181165,8849630.0
2023-03-17,564.4752197265625,572.7862481082019,560.117851421152,565.2334723719929,10471510.0
2023-03-20,546.59765625,565.2728121718287,540.1871280909953,565.1300688343298,17127560.0
2023-03-21,562.2841796875,562.7666821870683,550.0785733581116,551.6196603774727,11301140.0
2023-03-22,574.5045166015625,576.7497038892943,564.7361247853146,566.1934891003622,12425340.0
2023-03-23,574.3912963867188,580.9839948627526,568.428832261905,572.0723032332304,10544190.0
2023-03-24,556.2921752929688,574.0663350315745,554.1208538255656,571.5208757687667,12780420.0
2023-03-27,550.758056640625,563.7514264235016,549.9210698301491,561.0926740513187,11187430.0
2023-03-28,544.9876098632812,553.845149139584,543.8305774925232,553.5152467613651,9481360.0
2023-03-29,553.9239501953125,555.9721216986222,547.0112060898874,547.7153063645889,11096120.0
2023-03-31,553.091796875,560.6987839734904,550.0834888228162,560.6987839734904,12678280.0
2023-04-03,562.7716064453125,564.6376674189438,554.613179213843,556.8583664636167,7453860.0
2023-04-05,567.3259887695312,585.6171506209325,565.5387219270425,574.2879571826086,24333290.0
2023-04-06,584.15478515625,586.7938841027408,561.8361579622914,567.2964062016387,17405020.0
2023-04-10,573.9727783203125,587.8671432435414,572.2199503755209,585.4102751620987,9282570.0
2023-04-11,574.8540649414062,579.0144765525266,572.2346800805838,576.8480838374529,8116200.0
2023-04-12,576.7448120117188,578.6945357569375,569.7582017539212,574.7803030617737,10230690.0
2023-04-13,581.4222412109375,584.6275053941237,576.099807777481,576.7448273764676,8330060.0
2023-04-17,587.0350952148438,590.6342104824885,580.9839801213035,590.6342104824885,6728570.0
2023-04-18,582.5250854492188,590.2403776407479,578.0544844545665,588.369388181281,6408890.0
2023-04-19,585.6860961914062,586.8923525730764,579.014602874109,582.5251274878098,5549280.0
2023-04-20,582.2345581054688,587.4781363185967,579.6201014978961,586.8922576286975,4367310.0
2023-04-21,584.716064453125,585.4152363302019,573.8940161262567,582.2641246356035,6431010.0
2023-04-24,584.3074340820312,587.3551094814027,578.7191677146304,584.9228832436934,5448920.0
2023-04-25,598.2412109375,599.9595401421169,583.8101305365852,586.8824478601811,14944750.0
2023-04-26,596.3406372070312,602.6280751422986,592.1408580172377,600.6783515291369,9740070.0
2023-04-27,610.530517578125,615.8873896679007,597.330334659734,598.2166055237158,28271360.0
2023-04-28,618.4132080078125,619.9788771026875,601.7615809286756,614.8485310781757,14896680.0
2023-05-02,615.3654174804688,623.7848098003745,612.9676300343461,623.3268891949851,9912540.0
2023-05-03,608.580810546875,615.9415589327853,606.1878911687692,614.2724534912477,6682510.0
2023-05-04,629.2598876953125,630.1215165528652,608.7678940700747,610.230186906588,12451410.0
2023-05-05,629.220458984375,634.9466005824656,623.4893889846277,628.2455970956864,11600400.0
2023-05-08,655.6206665039062,659.2789223417863,629.0381942034377,629.6733568974215,22247350.0
2023-05-09,645.2122802734375,663.685612533104,644.2029796766318,654.837929519005,21307700.0
2023-05-10,653.0162353515625,656.3150189828855,642.5289570687663,649.0231480998438,8353210.0
2023-05-11,656.1622924804688,657.7920306270836,652.3760782791061,655.7241455897466,5674940.0
2023-05-12,661.179443359375,663.075014598504,650.3770493227098,654.8378533230954,9120780.0
2023-05-15,660.97265625,664.6850646587312,658.3631879835532,661.1794687958885,7390760.0
2023-05-16,668.09228515625,674.4338761242501,659.7615431388349,661.7309805810404,12651330.0
2023-05-17,660.2587890625,670.6377020883552,656.0195824490743,668.1316099306416,7407850.0
2023-05-18,668.56494140625,672.6269061945728,664.2075730174507,665.650152309137,11067180.0
2023-05-19,668.0527954101562,671.5781049304139,660.9431557584586,669.6086676725536,5928340.0
2023-05-22,668.92431640625,671.3811847072285,665.8569273312282,668.0528307571432,4197920.0
2023-05-23,667.6934204101562,676.8907193685205,665.3842839441708,670.5983525499395,7901960.0
2023-05-24,668.2251586914062,674.3895073819222,662.6910443947199,666.5561133817886,5539360.0
2023-05-25,673.6608276367188,674.3353575459279,664.301071532189,667.4423266070188,5302600.0
2023-05-26,679.8990478515625,681.4253498372087,673.6657615655477,674.1974880340262,6940730.0
2023-05-29,682.6118774414062,686.535966657936,679.6330796201527,683.414425508619,6407280.0
2023-05-30,689.874267578125,691.1494615101204,682.4150111466774,684.1825644457326,8819230.0
2023-05-31,688.3035888671875,691.8633373656315,682.1441685656824,689.7855953248534,21476270.0
2023-06-01,693.2911987304688,694.9455189580734,684.487811021188,691.6664489134719,5900260.0
2023-06-02,691.6565551757812,699.1502497662922,689.7954224806869,696.7623190323002,6642090.0
2023-06-05,693.5570678710938,698.3230726246503,690.5881266264698,696.196106721051,5771620.0
2023-06-06,700.5239868164062,702.3013968779019,691.7648946471262,691.7648946471262,6905860.0
2023-06-07,697.1759033203125,703.1875916830942,695.4083501024743,701.1197064774449,5344830.0
2023-06-08,690.297607421875,700.233384611503,688.8254578974381,697.1807809393324,4553600.0
2023-06-09,692.9613037109375,697.4269762951523,690.4896503098628,690.5585878269096,4473610.0
2023-06-12,698.923828125,700.1350129230075,693.3995104042349,694.2414857831197,5132550.0
2023-06-13,705.7232055664062,708.9974070011735,699.1502207928239,699.1502207928239,8001340.0
2023-06-14,698.8400268554688,707.2249202744641,697.3826625401954,707.2249202744641,4015200.0
2023-06-15,701.76953125,703.2564659528567,694.8174203359279,698.6578469181081,4370180.0
2023-06-16,709.3125,710.8289449875243,702.2028005465812,706.0432270779445,14148580.0
2023-06-19,727.3328857421875,728.578569261232,709.2189669105896,710.1741752560579,11845900.0
2023-06-20,713.8027954101562,726.343171861735,709.0958118387119,726.343171861735,8638260.0
2023-06-21,709.6029663085938,717.456133005705,706.732533299346,716.3827633138741,5468040.0
2023-06-22,692.2572021484375,709.4060555832675,691.2724835109575,709.0072757883652,8271940.0
2023-06-23,688.283935546875,694.7190458339326,684.9801634245122,691.3660497968502,8152260.0
2023-06-26,689.1751098632812,692.7496437501036,683.8871749601236,688.3184093551135,5635390.0
2023-06-27,691.1986083984375,692.2571929401386,684.7733554358218,692.2571929401386,7097890.0
2023-06-28,698.1852416992188,701.6120433941683,693.241934806308,694.655003675572,7097820.0
2023-06-30,708.1138305664062,711.5156590643634,701.2508418089282,702.1210812170924,8879080.0
2023-07-03,725.1625366210938,727.3381352290382,708.0545272929863,708.1138590569371,12092270.0
2023-07-04,777.3221435546875,783.2110770760802,752.8171616958847,756.5106994484865,41622080.0
2023-07-05,775.1763305664062,791.1124925782018,769.3665255055513,779.2506060527949,19786660.0
2023-07-06,768.0067138671875,773.7176522515389,764.9163923080888,768.970870050489,10459840.0
2023-07-07,753.7764282226562,766.2910240700928,752.1200278472285,763.4330800487938,10949150.0
2023-07-10,744.9652709960938,754.5279449050445,734.9822650786477,753.7763690621692,14515180.0
2023-07-11,736.1393432617188,759.4774275699498,729.9092067024096,748.3028368660752,16750430.0
2023-07-12,734.94775390625,742.4683417182324,731.6052570214027,738.7006237969854,11317550.0
2023-07-13,739.1654052734375,743.9417629643731,733.3703882356988,738.705538853855,7470520.0
2023-07-14,739.9317626953125,743.5462318437566,731.778262939339,739.106067385201,7266000.0
2023-07-17,742.760009765625,745.8305943757243,735.941565175192,743.6549958800384,5067440.0
2023-07-18,733.7659301757812,747.1161189323487,729.127973297149,743.6549588843498,13097090.0
2023-07-19,750.0531005859375,751.4672847479007,734.7548027758135,735.9365489007421,9759430.0
2023-07-20,751.22998046875,755.2400350033565,741.8749972900309,746.72058547891,6494360.0
2023-07-21,749.761474609375,757.2722238262216,744.9504714625906,751.2299809896789,6733940.0
2023-07-24,749.7466430664062,755.9965170288039,747.6452242722853,749.7515924098436,5843420.0
2023-07-25,752.2040405273438,756.451361440595,745.7365771486303,756.451361440595,8508690.0
2023-07-26,735.0663452148438,764.8175100299142,724.9646757580742,755.0273473940453,22288660.0
2023-07-27,720.3267211914062,749.3806926718662,718.7049663380766,749.3806926718662,21471720.0
2023-07-28,729.968505859375,731.2541278588557,712.9989594024746,723.7780246794346,10070500.0
2023-07-31,721.9288330078125,728.8115587529832,720.0251465864335,726.3492001211957,7493150.0
2023-08-01,718.9027099609375,724.8658234007877,716.3612826309005,721.9288107688683,7527650.0
2023-08-02,712.3512573242188,720.9102412174343,706.5711486280615,720.9102412174343,8985360.0
2023-08-03,702.9468383789062,714.4131389196965,694.0170159187077,709.5378547010682,10818980.0
2023-08-04,706.93701171875,712.5045398777197,699.2829129254101,705.9778048769389,7313490.0
2023-08-07,704.3115234375,710.3042727499725,699.3125660356488,708.2522871085881,7184090.0
2023-08-08,709.3993530273438,712.5045225455547,700.65253605613,705.5822024097894,8073620.0
2023-08-09,704.6279296875,713.3946049498472,701.1321843525876,712.0101166909211,5115720.0
2023-08-10,706.4573974609375,709.4389541463732,701.3299384143273,702.1259979941526,6161300.0
2023-08-11,698.2247314453125,707.9555618737905,695.3025066753116,706.4573595967904,6303960.0
2023-08-14,694.0170288085938,698.0567190953092,686.3530309325464,696.1876780306222,6937850.0
2023-08-16,690.4026489257812,691.6387776674246,684.3208713737565,691.6387776674246,5987950.0
2023-08-17,684.6422119140625,694.209835394404,682.6396593995953,694.209835394404,7101180.0
2023-08-18,678.5950927734375,683.9054966119958,676.9040470556215,681.7002020625492,7455330.0
2023-08-21,696.9985961914062,698.4621532675251,672.5528834699409,672.5528834699409,12308310.0
2023-08-22,699.1494140625,707.4116786323672,697.176557568646,697.2803730605823,12487800.0
2023-08-23,703.7478637695312,706.9667477214593,692.528728342332,702.121099091632,8032480.0
2023-08-24,705.824462890625,710.620617590687,704.1976983808458,707.0655408013581,9103600.0
2023-08-25,713.1473388671875,719.733405516507,702.2199137138255,703.6044018944215,13032760.0
2023-08-28,715.5306396484375,718.0424314953203,705.8888355684554,714.4774555576948,7036260.0
2023-08-29,721.2415161132812,722.9819345114156,715.5701121270181,716.9546003259571,14183050.0
2023-08-30,718.7445068359375,724.9548459549089,717.7457052601033,724.4702328383768,4602680.0
2023-08-31,708.3511352539062,720.4157627064197,705.5822192052581,719.9213112563809,14129800.0
2023-09-01,723.9362182617188,724.8064575987127,707.5599894731322,708.899933520938,6760760.0
2023-09-04,718.9571533203125,728.821435581415,717.7853058008894,728.821435581415,5813630.0
2023-09-05,726.3590698242188,727.6792165505018,719.9213023669519,720.2179611617435,12213530.0
2023-09-06,730.581787109375,731.4915609689252,720.9795172532095,723.4122403613612,6051570.0
2023-09-07,728.1489868164062,730.5817096666859,722.2650025201771,729.8103364368986,5496220.0
2023-09-08,732.8413696289062,736.7277509931089,728.8214767087295,730.7992826156731,6246420.0
2023-09-11,730.96240234375,736.1393549821572,728.030338997531,734.2604152981893,4068490.0
2023-09-12,734.8834228515625,737.6227032212357,722.4430073687112,733.8648238845564,9635170.0
2023-09-13,739.2939453125,742.4930317070101,729.8746210501239,734.6856239997034,5798460.0
2023-09-14,741.113525390625,742.8342068543316,734.4631772415403,739.2939777757487,6503720.0
2023-09-15,740.9058227539062,748.119913071407,737.2815152515639,741.5783298598583,7874940.0
2023-09-18,746.4882202148438,747.6106347271459,738.2160566452571,740.5795491959524,7066180.0
2023-09-20,745.533935546875,756.2140750115316,739.9960429800516,740.5547755441771,8441900.0
2023-09-21,740.11474609375,749.9493934023966,734.2604573942517,744.643938609928,6757250.0
2023-09-22,738.8439331054688,749.2916940255817,737.0886064211315,741.0788631813796,5263040.0
2023-09-25,773.3072509765625,776.2789091396079,742.6661078694559,749.0939769788454,23475330.0
2023-09-26,778.3309326171875,781.2284111289094,768.8720731232289,773.3122378818231,12468200.0
2023-09-27,775.0576171875,776.7832479638334,765.6828367684684,776.7832479638334,7441100.0
2023-09-28,765.31201171875,774.2121382056094,763.240228667118,771.8140002825958,7775050.0
2023-09-29,772.4074096679688,776.0910491372183,763.9275545155309,765.3120428351385,5730050.0
2023-10-03,787.9182739257812,788.6994854777103,766.8941888903087,769.445575239037,9445550.0
2023-10-04,776.6893920898438,795.3746732893186,773.3221483926579,793.5946599553811,11763840.0
2023-10-05,776.3778076171875,782.7018006462241,774.004416503966,782.7018006462241,7950610.0
2023-10-06,807.7902221679688,810.109230748623,775.7942896144405,776.2887410418556,21450340.0
2023-10-09,793.8616333007812,804.4725425437314,792.9023660618836,801.2141242531701,7478000.0
2023-10-10,799.3895263671875,804.4725017120741,793.1989846131686,796.5612785852189,9650240.0
2023-10-11,801.2041625976562,808.2302981270986,800.5613515933562,804.9471333779061,7123720.0
2023-10-12,792.5364990234375,803.6814547960573,791.4190338400925,803.4836621307327,7640920.0
2023-10-13,796.22998046875,799.3203020262785,786.7760711742726,791.077834997058,6622820.0
2023-10-16,794.6824340820312,797.9458622988026,789.4066751567602,795.5032404798982,4382460.0
2023-10-17,800.319091796875,806.8458870447345,796.8134479739599,799.0335301194888,8382830.0
2023-10-18,777.9254760742188,799.4884975720454,776.288812726577,796.0668716495471,15446420.0
2023-10-19,775.4531860351562,783.5077591488215,764.5208113112154,775.6262319718718,10614530.0
2023-10-20,768.2984619140625,774.5433864486874,763.6803020443698,772.333202844484,7711530.0
2023-10-23,771.2355346679688,779.7400758783622,767.5221992692816,771.3442995063751,8822300.0
2023-10-25,760.9064331054688,776.976105947928,759.0818757874298,771.235531600071,7087740.0
2023-10-26,733.9439086914062,757.1039964978623,731.9067712382689,754.0483204970762,13246300.0
2023-10-27,742.38916015625,746.5228274156469,733.4297022478072,742.6611325983672,9119440.0
2023-10-30,741.978759765625,744.3323534221029,727.0908343181081,742.2507321976938,7992760.0
2023-10-31,740.9503173828125,749.5586733388831,737.7709681240304,748.5796691627569,7494100.0
2023-11-01,738.8983764648438,746.5228397198252,737.4892018730178,743.6549971038137,4627780.0
2023-11-02,736.6436767578125,753.049603407894,732.8957562713833,744.6439282549496,8550300.0
2023-11-03,732.9254150390625,745.430051278167,729.0637202082291,744.4460977124863,11387550.0
2023-11-06,747.8134155273438,748.7924198473041,736.000961862332,737.3260580917039,6340430.0
2023-11-07,741.2420654296875,755.5218259149593,736.3370852498974,755.5218259149593,15630070.0
2023-11-08,737.7166748046875,745.237262663966,732.4458050134579,744.3472861953861,9167170.0
2023-11-09,730.472900390625,740.1938329594809,728.495094557734,740.1938329594809,7717910.0
2023-11-10,736.2183837890625,737.1282178802444,726.4925627650024,728.8214096917744,4962610.0
2023-11-13,727.9166259765625,736.7326737599126,723.7780696798894,736.5151440897621,7322400.0
2023-11-15,714.4131469726562,739.3236145596386,704.0148180250579,735.6844589667159,19234400.0
2023-11-16,728.0748291015625,729.8795890110422,685.4333398092524,686.7485975995427,45570430.0
2023-11-17,714.0867919921875,717.9435376183999,702.9171501356352,706.1261353615141,20800340.0
2023-11-20,699.0159301757812,715.8668752035733,697.1864838472223,707.1644808897621,19029400.0
2023-11-21,702.4325561523438,704.974043813278,695.1987291241705,700.6376949992529,16662250.0
2023-11-22,704.9246215820312,709.8196426586155,698.709333045161,700.7811160100655,10414040.0
2023-11-23,699.5152587890625,708.0544446043598,697.7698307630598,705.5821874653781,6061580.0
2023-11-24,694.2890014648438,703.7824456612401,693.3198355285142,702.9122062348217,7264990.0
2023-11-28,704.8455200195312,705.5822478814035,695.1888683219288,695.693218478721,7281580.0
2023-11-29,705.09765625,708.9049082171309,703.5104864328264,705.4833428613379,6824300.0
2023-11-30,704.2868041992188,708.4105126580453,700.7020309554631,705.2856058499068,12719340.0
2023-12-01,717.8792724609375,719.9065114703799,706.2745106367365,708.054523904592,9004770.0
2023-12-04,732.544677734375,733.7659583408794,723.3874271414912,725.8547350703577,11014260.0
2023-12-05,726.8238525390625,735.7437762375278,723.8818904801752,734.7548733124773,15222420.0
2023-12-06,734.4680786132812,737.6226812099829,728.3319193520455,730.7992272052545,7018000.0
2023-12-07,730.9179077148438,735.743758702704,724.4702414826704,730.7992441952933,6688620.0
2023-12-08,722.6506958007812,731.6002550106168,719.3279965291479,730.8536284894523,11443880.0
2023-12-11,721.1821899414062,727.1106580262348,718.9373610333108,724.3713776658078,5900550.0
2023-12-12,723.3380126953125,727.2392420139957,719.9213361571722,719.9213361571722,6333120.0
2023-12-13,717.7457275390625,722.3441502619597,712.7023467882705,721.8842838465323,6829550.0
2023-12-14,739.1257934570312,742.7896956257157,721.90902041276,728.6730824926539,17295670.0
2023-12-15,743.16552734375,744.5351676071671,736.2382572471354,744.5302182637156,11739380.0
2023-12-18,750.3400268554688,752.5551598500715,744.2483507624639,746.4239493671085,10827980.0
2023-12-19,754.7949829101562,755.6800099581673,745.1383316511178,755.6206781987596,7914080.0
2023-12-20,741.078857421875,760.960729553331,737.7363610196413,756.5106668074052,8745460.0
2023-12-21,728.5396118164062,739.4026954676187,722.4429869320222,734.4185863232649,9130820.0
2023-12-22,721.434326171875,735.7437214602321,716.2623232155908,733.6621002724912,11294850.0
2023-12-26,708.2819213867188,726.2503309593596,706.5958853602687,724.3713912620949,12258440.0
2023-12-27,715.2537841796875,724.2132428622983,711.1102782337936,713.978060692493,16052790.0
2023-12-28,717.8099975585938,720.9102178233607,712.0100916773932,719.4268634656994,18560640.0
2023-12-29,724.6433715820312,726.1514123416264,712.5194119543202,715.13996851463,9128020.0
2024-01-01,721.8052368164062,725.5531572687302,719.2291035878752,725.5531572687302,3314890.0
2024-01-02,734.7598266601562,736.2481303990959,719.9262827035571,724.272530397351,11129900.0
2024-01-03,730.2849731445312,740.2778777031901,728.6434209354853,736.2332384017828,5534050.0
2024-01-04,762.0040893554688,764.8126002318069,747.6106144641175,747.6106144641175,29118790.0
2024-01-05,762.557861328125,770.256504318614,758.7950929810448,764.9114550934808,10526010.0
2024-01-08,765.0152587890625,774.3109701860294,754.6614744046998,759.1807678976411,11212090.0
2024-01-09,763.9720458984375,772.3332376052322,761.2575120110265,768.7732109732386,12470830.0
2024-01-10,759.5318603515625,764.9411909619719,757.499671999258,763.0375044660354,5590720.0
2024-01-11,758.4638061523438,770.6817429853727,756.6145624883184,759.4774558061606,6517410.0
2024-01-12,757.6033935546875,763.3291796471891,753.2473079154362,759.8729690380136,8086380.0
2024-01-15,739.5015869140625,761.2525016758187,737.1282561355011,761.2525016758187,9972200.0
2024-01-16,737.3902587890625,753.0001248572622,734.5471629531456,739.2049173383755,11947230.0
2024-01-17,727.7188110351562,739.5213645833167,722.116637548373,722.2254627379597,13802710.0
2024-01-18,718.4923095703125,727.0166473873628,715.3723524358429,721.5035018761598,16869960.0
2024-01-19,723.7879638671875,730.6806491222688,718.0671866036704,727.8326036705821,8308100.0
2024-01-23,699.2235717773438,727.3380736207916,696.4447570783,727.1303822856321,25332970.0
2024-01-24,697.70068359375,702.516635830037,691.9155654838189,702.516635830037,20636750.0
2024-01-25,700.6871337890625,704.6724414254495,695.7920523899799,697.7006880911647,11683490.0
2024-01-29,711.184326171875,714.4773897004653,700.6475972499821,700.6871316368151,18603610.0
2024-01-30,674.1549072265625,691.0948200189839,672.9484745686839,691.0948200189839,41531470.0
2024-01-31,678.6741333007812,684.4196565982251,673.6406514604074,674.4317616899417,18105120.0
2024-02-01,666.846923828125,680.3602605190216,665.8283248474089,678.9708833006581,19111370.0
2024-02-02,677.2304077148438,683.3319218680859,667.8061338582696,668.0039265150391,13675080.0
2024-02-05,653.4868774414062,681.8486077931074,652.6759697511978,681.7497416377995,17712220.0
2024-02-06,652.4930419921875,662.4661505773942,646.2481170693912,657.4227090114159,24395330.0
2024-02-07,663.4747314453125,666.2832423008938,655.1729324594918,656.7304062751721,15382370.0
2024-02-08,650.2680053710938,666.2733980551434,646.4162088611463,665.7146654443156,21932090.0
2024-02-09,658.0654296875,660.3596915985137,649.9069809756037,650.6980912033707,12098740.0
2024-02-12,649.6251831054688,659.7812360828563,647.8798152077181,659.5439090235501,5447840.0
2024-02-13,653.036865234375,656.532670846935,648.0379682310628,652.6759253268659,9480140.0
2024-02-14,657.2743530273438,658.2137625195079,647.7314156611072,649.101055869035,6361260.0
2024-02-15,654.5944213867188,660.3300464273348,651.2568739291971,657.2248766772686,8808590.0
2024-02-16,654.5745849609375,658.6093256579569,652.8737009595312,657.6253721096629,10294310.0
2024-02-19,663.830810546875,673.1363608792772,655.1779096131629,657.5117061219723,13158810.0
2024-02-20,668.8543701171875,671.6628809910871,660.7107689882996,663.7417588779348,11067090.0
2024-02-21,661.4573364257812,671.4650283376205,659.1086921808595,671.4650283376205,8549440.0
2024-02-22,660.0877685546875,663.2423713736378,648.8192001458722,661.6798878153451,10223740.0
2024-02-23,662.3523559570312,664.4439364604978,655.8998002267024,659.9938730501269,12803110.0
2024-02-26,656.9529418945312,663.356064133968,655.0690528673524,661.5760509563269,8920560.0
2024-02-27,648.3494873046875,656.8293420510138,641.9067701918608,655.7415126068917,11503060.0
2024-02-28,642.6583251953125,652.3545109230957,640.314630142184,649.9070003795892,5353210.0
2024-02-29,642.3270874023438,646.6436997238424,629.5554268095229,642.6880877001036,16990980.0
2024-03-01,649.8526611328125,653.5363005506429,642.9946214544225,643.9488790194872,9190800.0
2024-03-04,652.918212890625,656.6265988934682,648.4681496872132,651.4892409079214,3971180.0
2024-03-05,625.4069213867188,656.260704773303,620.2399277375183,652.9182080522155,17175580.0
2024-03-06,624.121337890625,627.5479129698282,611.9133606571849,626.2227565367214,21047920.0
2024-03-07,634.9794921875,639.6817304159486,625.5206333127682,627.9533562326668,14694210.0
2024-03-11,636.2354125976562,647.9292016328424,633.2934505702432,647.7314089783794,12039710.0
2024-03-12,636.4628295898438,641.3035285842609,627.0979481287742,633.3923054097442,10946770.0
2024-03-13,638.4505615234375,644.2653156353725,632.0622871643352,636.7793131416424,11321830.0
2024-03-14,632.6456909179688,639.8201863993431,622.7913071643128,638.450546203969,12198650.0
2024-03-15,644.2059936523438,650.5003512995228,628.9422789662733,630.430582741197,19705000.0
2024-03-18,643.2467651367188,648.2258647870518,638.4456004113996,644.2059719984294,6764250.0
2024-03-19,652.3050537109375,659.3212905812494,643.2813150486486,643.746070424422,14080870.0
2024-03-20,657.5709838867188,665.6305061655747,653.2692201325056,653.6648054287006,14908310.0
2024-03-21,664.1224365234375,669.6503695959744,658.327480369721,663.3065796092641,18060920.0
2024-03-22,668.58740234375,672.7506450116877,661.2101648250671,663.0594084585088,11252380.0
2024-03-26,683.341796875,686.7930583099001,667.0150004752018,667.9544702939183,18503210.0
2024-03-27,694.4818115234375,697.0776816482081,682.8374556777577,686.8672470858751,15512750.0
2024-03-28,716.48486328125,726.7743660744383,695.406396567942,695.406396567942,35745180.0
2024-04-01,717.048583984375,726.1959366345027,713.992907548133,718.0671830350213,11252380.0
2024-04-02,712.7418823242188,717.4490698900564,705.5822348264029,717.0485352348928,9676150.0
2024-04-03,722.8139038085938,724.2082908208656,710.6405104511324,711.713491921012,9589430.0
2024-04-04,720.257568359375,726.8436351489883,717.4490575518245,726.349183696506,10405890.0
2024-04-05,709.6021118164062,717.8446392163069,707.658891060555,715.4465013976555,12004940.0
2024-04-08,709.888916015625,714.6752329060805,706.3536362150252,713.4934866243086,5182100.0
2024-04-09,711.377197265625,715.5058549269611,704.5439045765202,713.9879154868058,7102810.0
2024-04-10,715.0015869140625,717.3502314444465,708.0545194757877,715.5603195008678,5679860.0
2024-04-12,714.9323120117188,718.339089740595,707.6885862073565,714.3834781458953,10925880.0
2024-04-15,699.7724609375,711.891471607907,698.5066361699376,706.5761181685301,7584480.0
2024-04-16,687.707763671875,695.623935944621,685.4085524363373,693.2159598796806,9632930.0
2024-04-18,681.6705932617188,691.7376181166,678.9807458337842,685.1218549228721,13851330.0
2024-04-19,704.0494384765625,707.0655802789108,673.4478306997319,676.4145394281749,12183750.0
2024-04-22,721.127685546875,722.4923762673258,708.776298980304,708.776298980304,11652720.0
2024-04-23,717.93359375,725.8448168071468,715.6492305065625,722.7891407017154,10815670.0
2024-04-24,724.78173828125,733.7115603298254,716.9545936531564,720.2179611113195,8869290.0
2024-04-25,721.3947143554688,728.3120848088455,704.6031636501879,724.8657729390751,11733540.0
2024-04-26,665.6502685546875,692.231981471833,661.7243532886741,692.231981471833,58147230.0
2024-04-29,675.08447265625,676.3700947991734,663.8554987844434,671.4601650123005,16810300.0
2024-04-30,684.671875,689.7597999355404,674.624647697459,675.4157579770705,17986750.0
2024-05-02,680.6322631835938,689.2604174119629,678.8818856206508,686.0860171647952,11395720.0
2024-05-03,685.4580688476562,731.7881455404229,683.0302953294849,724.7669590979696,68186010.0
2024-05-06,678.37255859375,694.2049040819707,676.9040522358486,693.0182085002732,12299880.0
2024-05-07,679.6284790039062,686.6051818399118,671.26728794106,681.3491604221108,12981260.0
2024-05-08,672.3995971679688,680.3207191435722,670.970625218409,679.524659543034,7259250.0
2024-05-09,653.1852416992188,675.6877329895308,651.192587783747,672.4441023656302,13811150.0
2024-05-10,660.9974975585938,662.3671377062071,652.7945650598544,656.5227482362066,8249080.0
2024-05-13,664.419189453125,666.945829323192,654.6537725290698,660.9827757419764,5122560.0
2024-05-14,660.1619262695312,666.7035093955961,658.3720144075322,663.5538560253485,7558400.0
2024-05-15,660.587158203125,665.7245161749065,657.1309472863635,661.7738537924241,5950590.0
2024-05-16,667.2276611328125,668.7060661715958,654.9553420785269,662.5995423460143,10598510.0
2024-05-17,665.2745361328125,670.4761751132173,662.6687672994169,667.2128075714031,4801580.0
2024-05-21,666.8023681640625,670.9706204624854,663.0593972293242,663.0593972293242,7616240.0
2024-05-22,666.9705810546875,670.2240501533721,665.2597378436934,670.2240501533721,4160460.0
2024-05-23,675.0894165039062,677.7446185334336,665.5366404812819,668.4539162807214,7093170.0
2024-05-24,676.1030883789062,683.3319668293134,671.7617897622256,674.4318399096842,7420430.0
2024-05-27,681.8980102539062,688.2319625568224,673.4429021878743,678.2885507373569,6554710.0
2024-05-28,679.6779174804688,686.7930812672806,678.0808489141865,683.7225570003151,7528670.0
2024-05-29,673.1165161132812,683.1341072604279,671.0051987768518,680.167398577747,7213310.0
2024-05-30,654.3026733398438,672.3501511201675,652.087540518856,670.4662621390049,11555750.0
2024-05-31,662.3375244140625,669.6801164832647,656.8688623246592,659.098843225669,28417330.0
2024-06-03,683.8807373046875,691.1145644276157,675.7123896989492,687.1738008596595,11482120.0
2024-06-04,643.7312622070312,683.9202275712877,630.4947880961173,683.9202275712877,32993870.0
2024-06-05,676.0783081054688,678.5852108638021,646.3024550080901,653.0715270320783,12185170.0
2024-06-06,684.8944091796875,693.5126644270805,674.6592276242362,677.3985080589265,14657160.0
2024-06-07,711.15966796875,721.80027315883,686.3974999585087,691.7375999266702,29840520.0
2024-06-10,701.0184326171875,716.9545929818677,699.6735391769244,716.9545929818677,8723180.0
2024-06-11,705.8887939453125,708.9445305386997,697.275427746262,700.4399291754343,12052130.0
2024-06-12,713.7654418945312,719.624679727956,703.6044400680491,706.8678076904008,12685080.0
2024-06-13,721.3997192382812,724.3713772938959,715.1894403862633,717.1721351798792,13454950.0
2024-06-14,726.008056640625,728.821456493451,716.657962574695,721.5085000408552,11874880.0
2024-06-18,725.3306274414062,734.7005192323682,721.899163130893,728.3270323916475,9469040.0
2024-06-19,715.367431640625,726.7398149744196,709.8245898506901,725.3305800576533,5204000.0
2024-06-20,712.7122802734375,718.4281080462251,703.2088768726288,713.9879433741869,9001580.0
2024-06-21,709.0498046875,722.0446324694118,703.1611527489454,719.4903860910783,14998180.0
2024-06-24,703.8419189453125,706.3365356007052,697.7495074783413,703.2604847306948,6356540.0
2024-06-25,703.1065063476562,709.6212996555279,695.5083709195645,705.7451926619771,15608110.0
2024-06-26,711.4301147460938,713.5221860504696,699.1856620419774,702.6641976740269,9125520.0
2024-06-27,712.2798461914062,719.460573942277,703.9611816136837,710.6151305701421,11376060.0
2024-06-28,707.1912841796875,718.1685322186668,706.1726065291518,712.1059655688822,8295840.0
2024-07-01,723.21240234375,725.9207272336754,703.1611409512669,703.1611409512669,7727450.0
2024-07-02,712.1655883789062,723.1328879337183,707.8323412763633,723.0384996523459,12810270.0
2024-07-03,721.4284057617188,723.9975745885878,712.6028592214226,714.5856196463048,8363930.0
2024-07-04,706.3465576171875,728.0078809253473,705.6458641051147,725.6275490567873,18979770.0
2024-07-05,709.4224853515625,710.6051898962447,703.3599189257211,709.0249748175675,9310790.0
2024-07-08,705.471923828125,710.3816311026244,700.3783535151017,710.1132674990514,6777050.0
2024-07-09,702.4703979492188,709.8597991954725,699.8813929400646,706.6247561509977,9735030.0
2024-07-10,701.16845703125,708.5628327082638,697.7942578905146,702.4654466729166,8097140.0
2024-07-11,690.7676391601562,704.4432026593713,688.7500593640043,704.4432026593713,9718010.0
2024-07-12,696.1344604492188,700.1795076092436,687.2642069952807,695.4039825477894,10688330.0
2024-07-15,702.0430297851562,704.1549978450303,695.2350628917839,697.699834439601,5333730.0
2024-07-16,701.5808715820312,704.6519483721984,696.2239726888939,703.6580810261163,5582000.0
2024-07-18,706.6396484375,707.4247817645261,692.8397913076371,700.3882449748814,8646050.0
2024-07-19,688.9786376953125,706.6396797641813,686.7623329353718,706.6396797641813,9385980.0
2024-07-22,684.203125,691.5925263932671,680.739511809894,688.9488659071203,5751930.0
2024-07-23,668.5845336914062,690.225959062389,657.9401924261825,689.1476517995588,19322120.0
2024-07-24,656.6630859375,661.3888693290506,650.0935767208703,658.9340461175844,31006260.0
2024-07-25,660.6981811523438,662.5119405080181,651.1272338740966,651.9769710331029,9509650.0
2024-07-26,674.81103515625,676.6646486516896,662.6212986541362,663.4114061836091,11101840.0
2024-07-29,677.067138671875,681.2960489782841,672.4257952648938,678.2001619771381,7485650.0
2024-07-30,678.17529296875,685.6690914182183,674.1401940578238,677.0671406076982,11794130.0
2024-07-31,676.5205078125,681.2960329009433,675.1340435200711,678.5082424088558,8896590.0
2024-08-01,673.01220703125,680.2028838894711,670.8605059131542,678.9605496192615,8395230.0
2024-08-02,668.3757934570312,670.8604618341949,663.2176194796054,668.3757934570312,6222180.0
2024-08-05,655.6244506835938,660.9217805867173,649.2537877299146,660.9217805867173,9440410.0
2024-08-06,649.8252563476562,665.5929515605886,647.1567250390367,658.5364572427102,8918280.0
2024-08-07,659.6446533203125,661.8510095810441,654.0739859252901,655.9524096570016,4642840.0
2024-08-08,654.1832885742188,663.7095282421375,653.1049814038815,658.4420438172821,6903890.0
2024-08-09,657.76123046875,665.8910572919083,655.0578800059565,665.8910572919083,6994900.0
2024-08-12,656.762451171875,660.4248499070777,652.3795228768091,657.8507067960495,6748870.0
2024-08-13,642.5402221679688,660.4198862613507,641.2630686408131,660.4198862613507,10723270.0
2024-08-14,641.88916015625,645.0148921712703,639.1510509400183,644.2744658986547,7742760.0
2024-08-16,655.0480346679688,655.9524272329264,638.5597492381139,646.5106877500282,7534190.0
2024-08-19,657.5774536132812,661.5181038045527,655.3163810596429,659.7291546528827,5287300.0
2024-08-20,668.0974731445312,673.2358109601968,657.577426189841,660.6583906747377,9571590.0
2024-08-21,669.4044189453125,670.59209770796,665.3941908785135,668.0726706662808,6331110.0
2024-08-22,670.224365234375,672.351255901818,668.2664756906412,670.8604548909493,7282600.0
2024-08-23,669.4541625976562,672.0531160191972,666.3830857870794,671.3573967401463,6180450.0
2024-08-26,673.6781005859375,677.7181738114756,671.4617351343454,673.4444956552076,8983430.0
2024-08-27,682.1507568359375,683.1198138660923,668.872704045291,673.6780743587665,20359020.0
2024-08-28,685.7684326171875,687.4580191485584,680.9978817398458,683.3831268480939,8489860.0
2024-08-29,702.0231323242188,711.4102164531832,683.9347956052668,684.6801960962405,26391590.0
2024-08-30,715.599365234375,717.0802177780471,702.7685046603781,702.7685046603781,20443670.0
2024-09-02,739.4422607421875,740.431153873352,718.4667103516491,722.9391132945083,22963780.0
2024-09-03,730.8701782226562,741.4250446488375,716.1907380210192,741.4250446488375,18986560.0
2024-09-04,725.4734497070312,733.1759213026271,720.0817317222834,721.0457538886551,8867460.0
2024-09-05,720.0469360351562,728.1717893689445,714.8887621385913,727.5108894288851,6734470.0
2024-09-06,727.2276611328125,734.9648916174853,721.1054044009206,721.1054044009206,18428270.0
2024-09-09,730.2390747070312,733.2703580483353,721.8260214040064,727.9084848454536,8789380.0
2024-09-10,719.7438354492188,732.4752739711433,714.8887836644249,732.4752739711433,13089320.0
2024-09-11,730.0502319335938,738.642234679187,716.2106410666152,720.5538365804458,11048900.0
2024-09-12,738.2744750976562,739.4372828719743,725.1851988742337,737.449548240598,14467640.0
2024-09-13,755.1900634765625,761.3023717964473,730.6912702845822,738.2744828356314,22084380.0
2024-09-16,730.0701293945312,763.290133829076,727.7096944103594,763.290133829076,26795550.0
2024-09-17,732.032958984375,740.9280835888721,724.146624263555,729.2501426335814,15677860.0
2024-09-18,758.4301147460938,762.5447402196661,733.3250152548266,734.1946492042462,29749930.0
2024-09-19,754.3800659179688,770.0483990125776,751.3637052470688,762.7931795993721,17206440.0
2024-09-20,753.5949096679688,760.8054218170912,744.1332735148928,758.8176872075103,16450040.0
2024-09-23,754.8521728515625,758.912082003566,748.5510273942898,757.898378593347,5734970.0
2024-09-24,750.7872314453125,755.682015848209,743.8003757520975,755.0410126782717,10695400.0
2024-09-25,757.7145385742188,759.3146504386599,745.206696218289,749.872910675352,12720380.0
2024-09-26,772.075927734375,773.1691575392751,754.1018151308377,759.3146444535706,16681650.0
2024-09-27,770.843505859375,776.2104139074542,766.3711027062591,773.2288118053768,11781310.0
2024-09-30,765.5759887695312,777.6018198056745,762.907457426757,769.8496061373972,9619520.0
2024-10-01,765.5759887695312,776.6725562826821,760.4078665442956,761.3123197806568,7882880.0
2024-10-03,738.8261108398438,765.2778814117354,733.5734877746232,756.3330750056242,10406620.0
2024-10-04,716.7125244140625,738.4434238087,711.112072321837,737.449556481905,17681110.0
2024-10-07,722.48193359375,727.9084711608403,714.6204695486533,716.7125409082319,9362270.0
2024-10-08,714.2874755859375,725.0659374750487,711.6139700883193,722.0296801140275,9038050.0
2024-10-09,725.56787109375,738.1253947416064,716.1907350916989,717.174654060494,10543750.0
2024-10-10,727.4810180664062,732.2814141078209,722.8396747629785,727.510863202596,5594270.0
2024-10-11,725.7219848632812,728.5048014405701,718.1735304452302,728.0078677424524,3615870.0
2024-10-14,716.4591064453125,726.8996879020932,715.5844983167241,724.7976681440238,4451810.0
2024-10-15,697.3867797851562,721.1650438836688,693.6200443852651,720.0469431204706,14855670.0
2024-10-16,691.368896484375,701.605717653894,687.7561791037233,696.7009849013151,11256980.0
2024-10-17,685.71875,695.5878449266954,682.8861918223154,693.8137578410425,6897550.0
2024-10-18,685.7237548828125,689.6097494762975,677.8871012317123,685.0727426604419,7449290.0
2024-10-21,673.9315185546875,690.8123404474528,667.605502099843,686.6679307028929,22099660.0
2024-10-22,663.6946411132812,679.1095330759733,660.2906576471223,675.8297830258117,17006190.0
2024-10-23,695.2897338867188,705.5315295930252,656.0518098744292,656.5239332596005,26373910.0
2024-10-24,699.7720947265625,707.9167843431449,694.7729127990322,696.9494847393045,8951250.0
2024-10-25,686.7772827148438,701.6653966680313,685.1026186045988,699.7721108512147,10223240.0
2024-10-28,686.896484375,700.1795111005765,683.2837670427912,687.7561698816168,7149810.0
2024-10-29,697.943359375,701.670362006052,676.048432134572,686.6728767279247,14097500.0
2024-10-30,691.2347412109375,697.7395860249301,688.9488584404686,695.6077818107597,5660440.0
2024-10-31,684.749755859375,692.8050922470427,683.7558884764892,690.638468631654,7301530.0
2024-11-01,688.1139526367188,690.196136184048,685.9672259489859,688.7500422704345,450110.0
2024-11-04,680.1729736328125,693.222456410658,671.148641372924,693.222456410658,7162390.0
2024-11-05,688.7848510742188,697.1929909233248,667.0837957157746,680.3022197005025,12234300.0
2024-11-06,696.3233032226562,698.1023038526447,685.0031401113711,689.2469728959719,6962620.0
2024-11-07,686.2156982421875,699.578251541837,682.7868438809219,696.3233118281388,4590470.0
2024-11-08,685.3659057617188,690.8918662981018,679.9046096884491,686.2157035701208,4248400.0
2024-11-11,673.7228393554688,686.1859147392864,671.0742045669085,681.7930378072579,7623160.0
2024-11-12,659.7490234375,679.4921883965568,657.4432439345728,677.7181618894114,10572330.0
2024-11-13,652.5732421875,666.1146840933884,648.6574026154368,659.4309507931689,8673470.0
2024-11-14,650.8985595703125,659.8732101118493,648.9953255912069,653.1993647207028,5277030.0
2024-11-18,652.76708984375,661.6175077220023,651.480048609186,659.2322018151576,5965350.0
2024-11-19,655.4853515625,660.4049463345118,652.0763332271422,655.390902622179,8040460.0
2024-11-21,642.5997924804688,657.3438352373082,641.1437502422596,657.3438352373082,11010800.0
2024-11-22,664.2959594726562,668.1173501589124,641.6456846754861,643.0321489831416,9698550.0
2024-11-25,664.4400634765625,682.0911575081203,662.641165980151,674.8259895279239,11327510.0
2024-11-26,657.7363891601562,669.8466597168655,656.7922030982386,668.0776074763448,6632780.0
2024-11-27,666.407958984375,669.2007238284175,657.1699182341583,660.9217917675545,6420100.0
2024-11-28,646.947998046875,668.5000085325825,645.5168266744654,667.2825453255184,15768820.0
2024-11-29,653.5572509765625,656.8469494464103,647.0423971795695,647.9021433840127,7096430.0
2024-12-02,660.9863891601562,662.4125863758068,645.1192702841018,655.4555149510046,9202490.0
2024-12-03,663.451171875,668.1173864237712,659.0135880691056,665.5084845957932,13136660.0
2024-12-04,669.8665771484375,672.2916158482277,662.5964352385603,666.0650224975843,11304410.0
2024-12-05,680.8388671875,684.7646553497561,664.4450301121973,671.8543281869296,13482430.0
2024-12-06,680.8289794921875,689.2470068245896,673.707881110631,683.3781910090415,8332070.0
2024-12-09,682.6228637695312,688.2531001443601,678.6026268950453,680.8090438283174,8409100.0
2024-12-10,689.3662719726562,691.6173960970307,680.2078182391663,684.2577791941579,12045630.0
2024-12-11,707.1466064453125,712.1059950863745,685.0827379406123,691.7217649211524,19931040.0
2024-12-12,708.2100219726562,710.456171917063,703.1611587874203,707.8174249530981,9667960.0
2024-12-13,713.8750610351562,717.298880634839,693.7790319064774,705.546447885423,12504360.0
2024-12-16,716.4193725585938,720.3550484707322,711.2214050303072,713.8750745502272,7960740.0
2024-12-17,710.8934326171875,721.2892457691507,706.6396514490644,715.5844571636095,10318560.0
2024-12-18,703.1065063476562,713.4775098902775,701.7100935805659,710.5158045496859,7275140.0
2024-12-19,687.612060546875,698.1371422372633,684.5608805717452,690.7377927037467,9076750.0
2024-12-20,680.625244140625,698.0924755661163,676.296910429089,687.095330523432,27000190.0
2024-12-23,682.4588623046875,693.411299689527,681.3904427930831,685.4703094309058,5829280.0
2024-12-24,676.644775390625,686.7623377176409,675.2335007409897,683.9795212743992,6014270.0
2024-12-26,677.3951416015625,681.5942068314215,675.83476260489,678.8511232785883,3290960.0
2024-12-27,686.5387573242188,693.3914315964618,678.8511471088848,680.4860783453122,5554180.0
2024-12-30,684.6006469726562,695.210168142737,682.2898933952665,685.7684289042008,4908760.0
