Date,Close,High,Low,Open,Volume
2014-01-01,150.49856567382812,151.5506784202385,150.0120955864743,151.14340852453216,4492436.0
2014-01-02,148.65455627441406,152.6707181828933,147.8739473949962,150.46465741626386,7228992.0
2014-01-03,150.0347442626953,150.69091141295795,147.07070933697096,147.52323459646934,6513184.0
2014-01-06,149.71795654296875,150.01209514400173,148.65451962233655,150.01209514400173,5963420.0
2014-01-07,150.32887268066406,151.81088990644227,147.8173496062411,150.93977063527922,7896920.0
2014-01-08,150.39674377441406,150.90583459324654,149.33330685752512,150.50987506748794,4649480.0
2014-01-09,150.0008087158203,150.70221732329873,148.67716408496813,150.05737437158388,3777472.0
2014-01-10,149.79714965820312,152.6593770357011,148.49613972479003,150.0007915195961,6150508.0
2014-01-13,152.24078369140625,153.16846863011077,148.63190629770295,149.3559355640431,4752580.0
2014-01-14,152.11634826660156,152.9535226763812,151.2112978365638,151.38099479219588,3577120.0
2014-01-15,153.98301696777344,154.46948710482445,151.50543861832594,152.2747370187848,4627840.0
2014-01-16,152.28607177734375,154.98991317056263,151.67515986854488,154.85416110637445,4501176.0
2014-01-17,150.46461486816406,152.72724065565527,149.11834976261244,152.72724065565527,43374856.0
2014-01-20,151.60723876953125,153.11189044856016,150.78138863959012,151.16602397711156,5600368.0
2014-01-21,152.97613525390625,153.58704702359248,151.59593894570318,152.26341636424974,6251924.0
2014-01-22,153.20242309570312,154.9220273904161,152.64809069350122,152.84040840732942,7033336.0
2014-01-23,153.7454376220703,154.1074522602522,152.21816506291069,152.7272559159639,5482740.0
2014-01-24,152.36526489257812,152.7159692170418,150.17051455726065,151.595966404743,8842900.0
2014-01-27,146.8896942138672,150.44202007474433,146.0751405039351,150.44202007474433,17060448.0
2014-01-28,145.81492614746094,148.42825625085888,144.49128173485025,146.6181555648728,18395424.0
2014-01-29,146.04119873046875,147.2743326692055,144.93250646041776,146.50503430101014,10970924.0
2014-01-30,142.95272827148438,144.7854638784115,142.01374663377692,144.24242803710527,11425460.0
2014-01-31,142.20603942871094,143.97088488874337,141.43674108999215,142.54543331756227,9620984.0
2014-02-03,141.75350952148438,143.45047890921165,141.43673637845305,142.53411820183337,4776820.0
2014-02-04,142.68118286132812,143.7898750695671,139.5587619003328,140.65614374113517,7409304.0
2014-02-05,144.23110961914062,144.76282125118556,141.43675798122922,142.77171296079533,6905384.0
2014-02-06,146.3919219970703,146.98019931263576,142.43232596160087,144.52525529463472,13466944.0
2014-02-07,146.5615997314453,148.0888722875044,145.2832105123844,147.6137263496086,4029468.0
2014-02-10,145.69052124023438,147.10466275790253,143.90304083791153,146.53900615083526,6280820.0
2014-02-11,145.89413452148438,146.42585996413177,144.64969011227356,146.16565242730707,4464856.0
2014-02-12,146.04119873046875,147.704223325572,145.63392881023665,146.30139243590747,6436960.0
2014-02-13,143.11109924316406,146.6181696593997,142.82827098379022,146.16564444440155,3155200.0
2014-02-14,145.21533203125,145.67916759322884,142.39835993585575,143.45048653617494,4249112.0
2014-02-17,147.16119384765625,147.5232084671449,145.05694071571438,145.26058257040955,3650120.0
2014-02-18,149.42384338378906,150.32889388566548,146.48242925269065,146.7313126167168,5019672.0
2014-02-19,151.60723876953125,152.10501920687724,148.20198970696111,148.47350756460182,4060948.0
2014-02-20,149.9555206298828,151.01895748763036,149.52561621612162,150.64561871726028,3448436.0
2014-02-21,150.32887268066406,151.50542711916196,149.26543572896998,149.2993668320193,3043872.0
2014-02-24,151.82217407226562,152.27469918127386,148.37167011607775,149.8084318131908,5018984.0
2014-02-25,151.84483337402344,152.9535256967021,150.6908995769284,152.50100047274736,4020560.0
2014-02-26,153.2703094482422,153.67757941589537,151.2678769081539,151.59596048014322,4551340.0
2014-02-28,151.5054473876953,154.514751332517,150.49858975966393,154.31110944708672,4903584.0
2014-03-03,150.73614501953125,152.04846532132186,150.0573572279182,150.5098824223269,3678432.0
2014-03-04,151.98060607910156,152.4670624308,150.29494678187896,150.69090637069084,6443868.0
2014-03-05,151.53939819335938,152.72727701458393,149.89899410690646,152.38788306566263,4006984.0
2014-03-06,152.86300659179688,153.33816633639998,151.16603709672822,152.27472935749566,4948680.0
2014-03-07,160.97454833984375,161.7551571630427,152.9987907579769,153.76807540187426,22767568.0
2014-03-10,166.1785888671875,166.73293506434854,158.38383861887777,159.85454569176736,26123852.0
2014-03-11,164.07431030273438,167.43430398713627,162.80723160820017,166.18985983588055,13000472.0
2014-03-12,164.16482543945312,165.85048455883287,162.11715168677185,163.1918990287288,7110216.0
2014-03-13,167.9660186767578,169.5838016278838,164.60602492899991,164.60602492899991,11448452.0
2014-03-14,165.65818786621094,167.4117232252934,163.81414193234724,166.30303082910942,12208480.0
2014-03-18,166.07675170898438,168.52038507567775,164.78705210129323,166.39352487928517,8102724.0
2014-03-19,167.0836181640625,168.1809862397754,166.47270638780074,167.43432242877682,6055136.0
2014-03-20,165.21697998046875,167.08364673211543,164.71919941803455,167.08364673211543,5195084.0
2014-03-21,166.0428009033203,166.86866490446377,165.4432133086304,166.33695332672346,7525592.0
2014-03-24,169.84402465820312,170.3531155035398,166.07674687872245,166.18987817768615,11713860.0
2014-03-25,169.7308807373047,172.08400329477746,169.18784501867222,169.69693582615065,8031092.0
2014-03-26,168.80319213867188,171.1223835437142,168.36197735327923,170.3304645273583,9409312.0
2014-03-27,168.96157836914062,172.12925442828757,167.8868311347872,169.69693174001404,24554932.0
2014-03-28,168.5543212890625,170.62461572745323,166.31431609607822,169.6856342532015,12160900.0
2014-03-31,169.42543029785156,170.37573596963696,168.1357307297123,169.2331126139069,8262428.0
2014-04-01,167.0044403076172,170.500200674406,165.74868548342408,170.03636504870988,8051832.0
2014-04-02,165.60162353515625,168.79192107710077,163.33899724725947,168.55434807886658,10398752.0
2014-04-03,164.90016174316406,166.98178019320375,164.32319493945016,166.52925504362867,5559704.0
2014-04-04,164.1422119140625,165.85049184432515,162.92038830554458,164.16483265089764,7422408.0
2014-04-07,164.11959838867188,165.62425045022212,163.61050745491096,164.04041198963256,11733156.0
2014-04-09,167.8529052734375,168.54301725547575,163.30503251067304,164.7304841370639,10520384.0
2014-04-10,167.298583984375,169.39151318475174,166.52928556511173,168.48646271972396,7494792.0
2014-04-11,167.0157470703125,168.52038510456558,166.054131000988,166.088062105686,5207952.0
2014-04-15,163.80279541015625,167.16278915521266,162.47915104848877,166.14460755853233,8371868.0
2014-04-16,164.2553253173828,165.5789559073812,163.15794350099986,163.63310321251703,3572392.0
2014-04-17,162.6149444580078,163.20322173408724,160.03554511833076,162.06059828825562,12302328.0
2014-04-21,162.10585021972656,164.37978669557143,161.3252414507122,163.519991536791,6987752.0
2014-04-22,164.61737060546875,165.0812062262699,162.32081324004852,163.33899505594238,11395824.0
2014-04-23,165.85049438476562,167.30989099230166,163.49735769897313,164.0177727538894,21025344.0
2014-04-24,165.85049438476562,165.85049438476562,165.85049438476562,165.85049438476562,21025344.0
2014-04-25,164.35714721679688,166.9817876779905,164.04037407390666,165.8844196650712,6212444.0
2014-04-28,164.08567810058594,165.00203907979488,163.0335512441017,163.41820051475057,4882860.0
2014-04-29,161.9587860107422,164.60606151462179,161.21212210194918,164.35717814834905,6641236.0
2014-04-30,163.20323181152344,165.14909871019697,161.01980572396835,162.00404263779177,8786920.0
2014-05-02,162.2529296875,164.61737698018823,161.90222536599512,163.7010160723931,5915292.0
2014-05-05,162.16241455078125,163.61048696166912,161.5515027447936,162.87513348278878,5192324.0
2014-05-06,162.95431518554688,163.94986226566138,161.57410514201894,162.95431518554688,6184560.0
2014-05-07,161.91351318359375,164.49291238179555,160.97453166712322,162.56968025628626,6598624.0
2014-05-08,162.52442932128906,163.58786634583626,161.8908967779334,162.26423560686152,7520428.0
2014-05-09,171.2355499267578,171.95959308067134,162.90908818168865,162.90908818168865,16376444.0
2014-05-12,179.23390197753906,179.84479987411103,170.71511061567108,170.85086263491564,17561360.0
2014-05-13,178.3289031982422,181.0101099275539,177.05051377288868,181.0101099275539,12665216.0
2014-05-14,175.45529174804688,179.8334664315258,175.18377393442708,177.61609627190865,8501500.0
2014-05-15,178.3740997314453,179.00764600453255,173.32844695060191,173.9959243247654,9466188.0
2014-05-16,182.07354736328125,193.22829264259772,178.21577215155705,181.01011020383862,32868368.0
2014-05-19,183.70260620117188,188.929266615898,182.82017655765938,184.6076565801702,10522804.0
2014-05-20,184.6416015625,185.8973562957579,181.99432624294553,184.6302911939069,6357032.0
2014-05-21,183.15957641601562,184.29088942661485,182.14139470647632,183.80441930806788,3642388.0
2014-05-22,181.59835815429688,184.4040199324735,180.5575557130231,183.72523212904105,7806456.0
2014-05-23,178.6682891845703,181.68888973525745,177.09576116272473,180.7838392259909,9818936.0
2014-05-26,180.365234375,181.926438005308,178.74745128557805,180.78381465465426,17395232.0
2014-05-27,182.1187744140625,183.41978437942208,178.374117291875,181.01008213698415,7619524.0
2014-05-28,186.3159637451172,187.06262765534797,180.89697104378675,180.98748161895557,14355564.0
2014-05-29,183.32928466796875,187.9676682973342,182.68444173616857,186.1236224524017,13684008.0
2014-05-30,179.36965942382812,186.1688471578111,165.17168259778558,184.40400180437706,32807544.0
2014-06-02,185.39959716796875,186.0670608519269,179.5393897601871,179.5393897601871,8083132.0
2014-06-03,186.5195770263672,187.31149616135383,184.17776453689615,186.21412802686183,3624148.0
2014-06-04,184.7886505126953,187.7300640314404,184.4266221013282,186.07834997137022,2864340.0
2014-06-05,183.78472900390625,186.05508752316933,182.76934099082234,185.23364392668978,7674472.0
2014-06-06,186.0208282470703,187.33284267506252,182.7693142298722,185.5074312969864,10565276.0
2014-06-09,186.9791717529297,189.3864302191538,185.96378388989197,187.53820677206582,9339920.0
2014-06-10,186.3402862548828,187.92610129450622,184.82290743179706,187.36708018505948,4999344.0
2014-06-11,187.21871948242188,189.35216306120446,184.82286749635796,186.4201021537339,7743772.0
2014-06-12,191.63394165039062,192.79764963237832,185.4731789249399,188.13143952348608,12732048.0
2014-06-13,190.61856079101562,195.31898882999684,189.7628993329403,192.58087216415578,12212884.0
2014-06-16,191.44000244140625,192.30706998891907,189.45486494658584,189.61459121431298,5309880.0
2014-06-17,193.1627197265625,193.6761166028862,188.78173026324407,190.75546160293442,6988120.0
2014-06-18,190.49305725097656,194.26938771886665,189.1011868161646,193.2882180817434,5374628.0
2014-06-19,188.4166717529297,191.65677958084348,187.60664827764697,191.0064684521478,4720996.0
2014-06-20,187.5496063232422,189.7857323956887,186.95633929061233,188.47371801483482,2969768.0
2014-06-23,187.4355010986328,188.59919513397975,186.03221070884814,188.0173481163063,5840844.0
2014-06-24,189.15826416015625,190.01392578934875,188.2455584223509,188.32541460369512,5066224.0
2014-06-25,188.04017639160156,190.11659010607093,187.78918790800276,189.15824638606838,6330624.0
2014-06-26,185.3705291748047,188.6106231973096,184.5148675998227,187.10466439605474,21808264.0
2014-06-27,186.23757934570312,187.56099967239032,185.73558848336464,186.6140620473704,5142960.0
2014-06-30,187.45831298828125,190.00248534236206,187.08183029569048,187.08183029569048,6176100.0
2014-07-01,187.8575897216797,188.91861533995336,185.96372876622615,187.78913960074127,7641372.0
2014-07-02,191.6453857421875,192.12455066600916,188.35963963751848,189.5689719097981,7626724.0
2014-07-03,190.93801879882812,192.87751830105753,189.69445456792442,191.89636251469807,6062740.0
2014-07-04,195.46731567382812,195.99211860053285,190.5501031867863,190.93800584627482,5631988.0
2014-07-07,191.7708740234375,196.39144650552583,190.7212541405721,196.20890815578767,8131968.0
2014-07-08,189.21527099609375,193.57343446490526,187.10463939318285,192.580872741276,6732272.0
2014-07-09,189.45486450195312,190.49306434956938,186.64829753224046,188.93006156075197,5795552.0
2014-07-10,187.86903381347656,193.4935876574879,185.33628133820113,189.45486258258248,9857544.0
2014-07-11,185.2335968017578,189.71726858568422,184.54906760890077,187.3556345142582,9198780.0
2014-07-14,186.52279663085938,187.10464365198172,184.1725825508311,185.96376167849402,4921608.0
2014-07-15,188.65626525878906,189.11261810843624,186.30605086846282,187.2758006739631,6092036.0
2014-07-16,190.69839477539062,191.32587977166023,186.62545227940714,189.2722925111415,9589300.0
2014-07-17,189.79714965820312,191.44002272198455,189.27234666017424,191.37157257907364,5039100.0
2014-07-18,189.9454345703125,190.93799627482917,187.56098856055502,189.13541118852768,7288432.0
2014-07-21,188.80459594726562,193.25403647739702,188.3026049995349,192.05611018082317,9813656.0
2014-07-22,191.63394165039062,192.27284670408523,188.70188051658337,189.36359763928905,6970352.0
2014-07-23,190.82391357421875,192.80905096716603,190.52728705039485,192.37551025226682,7849852.0
2014-07-24,192.18157958984375,192.5808883037437,190.07094781637264,190.7554770402011,4278600.0
2014-07-25,190.6414031982422,193.90432329228085,190.33337059502676,191.8963735364712,10665952.0
2014-07-28,189.2837371826172,191.62254537340945,188.93006653424416,191.3259188272509,3884952.0
2014-07-30,191.3943634033203,192.1017186062959,188.66765261134165,189.61459025129994,4685380.0
2014-07-31,190.2991180419922,191.6453643758319,189.0555538737474,191.18901157477197,11901344.0
2014-08-01,186.0664520263672,188.88442505412922,185.27924064467553,188.4851163458433,6828460.0
2014-08-04,185.50743103027344,187.7207451083653,184.16118457016444,186.87648956186217,7363044.0
2014-08-05,187.1503143310547,187.7892055621913,184.8000998414534,186.42014695541957,6077104.0
2014-08-06,184.82289123535156,187.0019731553007,184.21821818096726,185.9751793151043,3381400.0
2014-08-07,185.16513061523438,186.76236526009777,184.82286604847795,185.48458311491942,3933740.0
2014-08-08,181.6626434326172,184.32089009267708,181.400235006235,183.68199896857757,7450680.0
2014-08-11,180.93247985839844,183.19141787098172,180.5788092224002,182.76929710007772,5626224.0
2014-08-12,184.18402099609375,184.4806475760416,180.71573640102034,182.7693243146683,6603072.0
2014-08-13,185.3705291748047,186.13491461107517,183.1458090798516,184.82290019610284,7839820.0
2014-08-14,188.63345336914062,189.76292945846464,185.575883702839,185.75842205751735,11873224.0
2014-08-18,189.92263793945312,190.41322281400127,187.92609426105588,189.3864289222541,6702168.0
2014-08-19,187.9831085205078,191.09772173502094,187.61803187656236,190.07092800629547,7892856.0
2014-08-20,187.23013305664062,190.43600853413247,186.87646243933398,189.1582263274821,9434852.0
2014-08-21,189.9568328857422,190.5729118858629,187.3328045635968,187.56098093943552,6390480.0
2014-08-22,193.2083740234375,193.66472684073526,188.94147239634694,190.3789809854783,10015288.0
2014-08-25,192.45541381835938,194.58885788088844,191.0293111223415,192.35273163888925,6656064.0
2014-08-26,192.2386474609375,193.60770607787,191.2346655711399,192.69500033324834,4165256.0
2014-08-27,190.89234924316406,193.03721273313337,190.29909624046482,193.03721273313337,4852968.0
2014-08-28,192.47821044921875,192.9231572400373,190.29912848987712,191.09774593557805,7991452.0
2014-09-01,191.94203186035156,193.72180537882826,191.34876473633582,193.01446395699304,4154656.0
2014-09-02,196.04917907714844,196.48270591073683,191.36015652172725,192.37553042976353,11442252.0
2014-09-03,195.46731567382812,197.37258301429375,194.3150137298335,197.37258301429375,9234780.0
2014-09-04,194.37208557128906,196.00355261017816,193.60770010446586,195.7867822171617,6406968.0
2014-09-05,193.59625244140625,195.21629916907082,192.60367683210666,194.40627580523852,3835208.0
2014-09-08,197.31553649902344,198.01147171461764,193.82444045993913,194.17811108490193,9788344.0
2014-09-09,197.50950622558594,198.4906759861488,195.72973291111467,196.25453589878413,7661044.0
2014-09-10,195.61563110351562,197.37259222427903,194.88546381513285,197.37259222427903,4314252.0
2014-09-11,194.94252014160156,196.9390638297654,194.634487543284,195.6384693686169,6532864.0
2014-09-12,195.2505645751953,195.77536755367714,193.71037374653875,193.97276827238798,6086556.0
2014-09-15,196.31158447265625,197.37261043472412,193.9499640110006,193.9499640110006,5809088.0
2014-09-16,194.17811584472656,196.69946227216005,193.49358664668404,196.4598798382016,5076268.0
2014-09-17,193.12850952148438,195.2961853101568,192.14733986518587,195.09082098051707,7905896.0
2014-09-18,195.8095703125,196.45986743888483,192.18156022113908,192.75200118350517,6652568.0
2014-09-19,196.2887420654297,197.3725799321089,194.26938655822428,196.2316979671834,6542108.0
2014-09-22,195.512939453125,195.88943607745202,194.17811310647835,195.53576544880718,6534316.0
2014-09-23,193.68753051757812,195.74111810642728,192.9459572216048,195.33040337401388,4716976.0
2014-09-24,195.1934814453125,195.6156021654658,192.82044159081565,193.28820037101323,6665496.0
2014-09-25,193.9385528564453,197.5095055082139,192.14735958590015,194.63448815887824,16595960.0
2014-09-26,198.8899688720703,200.56705987712164,192.8090621116812,193.9385381011239,9882252.0
2014-09-29,197.3953857421875,200.19054646763314,196.50550619382872,199.19798476033029,8682268.0
2014-09-30,199.11814880371094,200.74960177132883,196.49412010127642,197.19005536308728,12035432.0
2014-10-01,198.05714416503906,198.77590550086785,196.3458209147651,197.60079129829936,5870188.0
2014-10-07,196.79075622558594,197.82895615128848,194.88547476240714,197.37260331126242,5026288.0
2014-10-08,197.96585083007812,198.51347979332465,195.84381296936814,196.35720989986814,3140384.0
2014-10-09,202.5293731689453,203.75012530178054,198.1141652666836,199.42617960619808,7650420.0
2014-10-10,197.8973846435547,201.97034165130844,197.34976965149818,201.49116286562935,4266980.0
2014-10-13,200.06504821777344,200.33886266052446,195.23912611225884,197.14439332425184,5376512.0
2014-10-14,198.136962890625,202.1528757148457,197.40680958329543,201.93610535876527,7266240.0
2014-10-15,198.136962890625,198.136962890625,198.136962890625,198.136962890625,7266240.0
2014-10-16,195.9693145751953,199.42619294117046,195.10224695645996,198.14841054795875,5533084.0
2014-10-17,201.99314880371094,202.64344594306957,195.56997786861032,196.2887390662438,9977920.0
2014-10-20,203.94406127929688,207.54924557407193,203.11122578457625,203.98969934414862,9532004.0
2014-10-21,204.34336853027344,206.67077055343836,202.54078335902034,205.35875627722277,16037152.0
2014-10-22,203.9098663330078,206.80769576863136,203.36223734615885,206.51106920358134,4571544.0
2014-10-27,204.73129272460938,207.0244629589042,204.0239513937387,205.14200749501117,6724768.0
2014-10-28,204.28636169433594,205.40443180872282,203.98973511096327,205.13061729838475,5803492.0
2014-10-29,203.4306640625,205.9291983962654,203.0769934323282,205.40439546825735,7896188.0
2014-10-30,204.59437561035156,205.34735494860053,202.41527983849184,203.05418490297683,10738180.0
2014-10-31,208.06263732910156,208.6901224066631,204.75407964741345,205.381564724975,10105988.0
2014-11-03,207.80023193359375,209.76254322976928,206.59089990563527,208.82702564301184,7239648.0
2014-11-05,208.27940368652344,209.99072659246022,207.69755668386122,208.79280055830446,7524180.0
2014-11-07,205.23329162597656,206.86474473548006,203.90987112457412,206.4996680201911,9028492.0
2014-11-10,206.41981506347656,207.26405672161061,203.76155405630604,205.24470086634634,6389756.0
2014-11-11,207.16136169433594,209.30621152480913,205.9063914788057,206.70500888868858,5913408.0
2014-11-12,208.0398406982422,209.8994840004504,206.305705562285,207.86870839166286,9058664.0
2014-11-13,208.99818420410156,209.9222958734051,206.2486612663336,208.89550203489387,7388952.0
2014-11-14,212.22686767578125,212.8885848177391,208.03983623534148,209.51157682570806,8438056.0
2014-11-17,209.6826934814453,213.11674531818613,207.1841592600782,212.2040397707849,13464084.0
2014-11-18,212.7060546875,213.34494585765296,208.09688836596737,210.15047608010522,9189112.0
2014-11-19,211.41683959960938,213.96101201786675,210.41287180059385,213.35633899011415,3454848.0
2014-11-20,209.51156616210938,211.73628598668284,208.11968181323027,211.73628598668284,4770372.0
2014-11-21,212.85435485839844,213.34493970222354,208.5646412091006,210.1961080834189,8823808.0
2014-11-24,215.67236328125,216.76760735410343,211.77053799280577,212.74028781517939,7316860.0
2014-11-25,217.57760620117188,218.77553231640366,214.25764232431453,215.1703479359197,12156508.0
2014-11-26,217.06422424316406,219.0265497993237,212.9570487080927,214.4401954290907,8976428.0
2014-11-27,216.345458984375,217.63464728683775,215.17034495500013,216.9044800223127,13211448.0
2014-11-28,218.3990478515625,220.3955913608948,216.08305181002407,216.31122821109062,9251860.0
2014-12-01,216.76760864257812,219.60840798330347,216.3568938536648,218.661470227467,7389128.0
2014-12-02,215.23878479003906,216.6762932542587,214.3032671665832,214.88511417272193,4517556.0
2014-12-03,212.91143798828125,215.40997287841913,212.6604494662776,214.94221394552952,6661184.0
2014-12-04,214.80526733398438,215.45556449964855,212.660403615221,214.48581480505123,6839104.0
2014-12-05,215.11331176757812,215.48980841696167,213.50467085316126,214.7140030477762,4074180.0
2014-12-08,211.55377197265625,215.626715471969,211.06318710219188,215.626715471969,4057128.0
2014-12-09,211.46246337890625,213.3449185425167,211.07456074165452,211.07456074165452,4873344.0
2014-12-10,212.52349853515625,213.3449279812698,211.13161417835374,211.31415250784767,5565432.0
2014-12-11,213.0255126953125,213.51609759793703,211.06320093838286,212.1812710329864,4818844.0
2014-12-12,212.54635620117188,213.6187882663415,211.97591509488853,212.88862086494188,4616828.0
2014-12-15,214.8280792236328,215.4669703541831,211.7476978433683,212.20405064044454,6638628.0
2014-12-16,211.23431396484375,214.94218066960067,209.23777035459003,213.92679284817217,4989956.0
2014-12-17,210.34439086914062,212.77447489305524,209.0095646134462,211.29132841926986,7064016.0
2014-12-18,213.12815856933594,213.68719352140607,210.39004183441133,212.79730001184282,6493828.0
2014-12-19,214.81668090820312,216.53940999371335,212.77449928254762,215.63811040174443,6114108.0
2014-12-22,219.89358520507812,220.44120017349553,215.05624305342727,217.6802714832569,8295612.0
2014-12-23,218.9923095703125,222.23241737874636,217.98832779526555,218.98090353516528,7544080.0
2014-12-24,215.68374633789062,220.1445922601837,214.7368086885717,218.57018342531805,16664812.0
2014-12-26,216.4595489501953,217.4407046917263,215.06766454435535,216.85885765299832,3366480.0
2014-12-29,217.155517578125,218.13667347051205,216.37971212268346,216.7904269233589,3614800.0
2014-12-30,218.2393341064453,218.95808145497207,215.11331444712883,216.76759344977182,5681200.0
2014-12-31,217.13267517089844,218.43328354707816,216.71055436564293,218.1366569871594,4992528.0
2015-01-01,217.23533630371094,217.77155919353294,215.63810152231974,216.99575387185868,3544940.0
2015-01-02,220.2586669921875,221.1713725543031,216.85884712937593,216.85884712937593,5900384.0
2015-01-05,218.3990478515625,221.4566032697849,217.9312750879502,221.33110903455474,4796000.0
2015-01-06,214.99920654296875,218.2621261811353,213.92677470932165,217.68027916369562,8219680.0
2015-01-07,215.626708984375,217.07562362747217,213.63016538266783,214.4173767881261,5746112.0
2015-01-08,220.15599060058594,221.0915221823403,216.35686195478738,217.73732636830783,9525824.0
2015-01-09,222.6203155517578,223.612877344769,220.55530794097444,221.99283043675973,8985184.0
2015-01-12,220.65798950195312,222.3350944334962,220.07614245500247,221.19421240936452,4126412.0
2015-01-13,219.813720703125,221.77604602182961,218.06817966801236,221.0915168488172,5828348.0
2015-01-14,219.93923950195312,222.3921358239376,218.9808958280074,219.0607519980102,3685232.0
2015-01-15,226.61338806152344,227.76567604954334,221.50223133761725,225.89462685989295,11398476.0
2015-01-16,228.4844207763672,231.57622197821377,227.84552967469915,228.67837906242565,7821308.0
2015-01-19,229.214599609375,232.7399277712668,228.8495229404467,231.1997370727805,4239492.0
2015-01-20,232.95669555664062,234.33715997464017,228.6327500434172,230.45816122140855,8505804.0
2015-01-21,232.72853088378906,235.69481027067818,232.36344027372903,234.42844791428834,6740612.0
2015-01-22,233.025146484375,235.59213096217104,232.4090674243475,233.88080797697367,6470680.0
2015-01-23,237.9423370361328,239.12884305490425,233.743886129342,235.02166826961007,9987912.0
2015-01-27,245.07289123535156,245.91713283480996,237.5088374591417,237.98800236298473,9962400.0
2015-01-28,241.49046325683594,249.44240443213397,240.72607796387155,244.14872362212563,11364940.0
2015-01-29,249.85316467285156,251.1309469762645,242.095166865658,245.289636550973,20567616.0
2015-01-30,245.8258514404297,249.75050243167226,242.83674601950045,249.75050243167226,10570416.0
2015-02-02,246.7956085205078,249.39682526045186,240.1214482836659,243.80650301078938,5710352.0
2015-02-03,242.80252075195312,246.93250834582983,240.79458498628136,246.08826674090383,10200688.0
2015-02-04,243.62396240234375,246.61309590878477,241.23952985778013,242.5515443261483,6197512.0
2015-02-05,245.6318817138672,249.3511679801749,244.2285913567725,245.28961713182278,8059148.0
2015-02-06,240.3838653564453,246.190944270378,239.59666782632067,245.74601138005846,6903120.0
2015-02-09,237.32627868652344,239.98453943615863,236.04849636007233,238.90070148767109,5231896.0
2015-02-10,240.60064697265625,242.39185439107683,235.0217439020409,235.0217439020409,9275752.0
2015-02-11,241.5019073486328,242.96224187945407,240.2697492178285,241.41063121791316,4161588.0
2015-02-12,245.51783752441406,246.86408402579127,240.20131558901025,243.03070887840667,5525740.0
2015-02-13,243.19046020507812,246.88690738118763,242.68845532635746,246.7043550882766,7714500.0
2015-02-16,243.5897674560547,247.57143515654568,242.43746530306893,245.47222306899616,7388716.0
2015-02-18,245.2439727783203,247.10358790460901,241.19384222467787,243.58969410148046,5381692.0
2015-02-19,246.3848876953125,247.54858176381504,242.7340652977739,245.06145343477897,4507004.0
2015-02-20,244.8446807861328,248.68944729828067,243.8064670941431,247.1150246728657,6206024.0
2015-02-23,243.57833862304688,246.78422860068378,242.32336826011783,245.76882677671853,5581564.0
2015-02-24,243.61257934570312,244.37696484148697,241.20530678590234,244.21725247648226,5846288.0
2015-02-25,240.14425659179688,245.24402174494068,239.585235517017,244.14876381257923,4648524.0
2015-02-26,236.88133239746094,240.95427551803306,236.18538324435917,240.41806655515936,12426944.0
2015-02-27,240.49790954589844,241.53612323801974,238.54699031470355,238.54699031470355,10261784.0
2015-03-02,247.0124053955078,250.765896526936,243.6924271981507,246.51040053745317,14385232.0
2015-03-03,247.19488525390625,249.16861658788372,245.75739071649863,247.90222648852554,6029348.0
2015-03-04,243.0763397216797,253.11610172067634,241.8669936121925,252.13493202025728,12277624.0
2015-03-05,247.59420776367188,248.71227770203618,242.43742665909488,243.00786766299865,9702452.0
2015-03-09,241.6387939453125,246.84122671275568,240.95426478399432,245.75738887400195,5755808.0
2015-03-10,240.16709899902344,242.38039910382614,238.44435590821212,242.3233549995419,5134836.0
2015-03-11,241.0569610595703,242.30053922610483,239.58523433295147,239.7905986759501,5465536.0
2015-03-12,240.63485717773438,242.75690911525544,239.8362396738281,241.88982754101568,7530836.0
2015-03-13,237.9081268310547,242.77968735530018,236.07129568661193,241.8669817637389,5426780.0
2015-03-16,239.93893432617188,241.3878490751988,237.87392650857913,238.4443675793431,5348772.0
2015-03-17,241.42201232910156,243.21319121028057,237.9537148948327,241.8669450961091,5369304.0
2015-03-18,242.6770477294922,244.5823153057961,240.3153994500358,241.9012423144842,5148332.0
2015-03-19,240.0872039794922,245.0158366468833,239.28858655607152,244.37693156672066,5373572.0
2015-03-20,240.9314727783203,241.7529022695898,238.66110082542383,239.81340281768655,6483236.0
2015-03-23,239.07180786132812,241.73006832260089,238.67249918678047,240.94284308064073,5446740.0
2015-03-24,236.83566284179688,241.18243402886972,236.2652218909244,238.05642875951355,8973564.0
2015-03-25,235.99147033691406,238.83225572020973,235.27270901898146,237.31490475893494,10608900.0
2015-03-26,229.76222229003906,235.52366230088396,228.6555584251585,234.31434412710445,35800620.0
2015-03-27,231.51919555664062,233.54995721079604,230.02462895825124,231.58764569297708,10840896.0
2015-03-30,236.5961151123047,237.07527998236463,231.09705550736626,232.7399283753724,6955144.0
2015-03-31,233.35601806640625,237.28065511678096,231.5648248858951,237.28065511678096,5962256.0
2015-04-01,235.76327514648438,236.5847046500779,231.1427028535095,234.13180824763444,3844196.0
2015-04-06,235.4666290283203,236.58469897892746,232.69429407506047,236.1625782021294,7151172.0
2015-04-07,235.64918518066406,236.89273546188096,233.57278544017495,235.76327338457625,6197072.0
2015-04-08,236.2880859375,237.86248083980854,235.03311571744456,237.314879753909,4106144.0
2015-04-09,240.97708129882812,241.63879840435916,235.0216830561756,236.90413828453816,7002784.0
2015-04-10,237.9081268310547,240.26974697850665,236.12833978608452,240.26974697850665,6119324.0
2015-04-13,237.02967834472656,238.741001509941,236.1169726566122,237.30347890973403,4563236.0
2015-04-15,235.398193359375,239.28858434538623,233.92643883767184,237.303460766935,4893996.0
2015-04-16,234.94183349609375,235.83172701796377,232.283572891796,234.56533686912212,5610120.0
2015-04-17,232.3406219482422,234.5311098424967,231.838631077164,233.90362473534455,4049012.0
2015-04-20,229.340087890625,233.88080369900626,228.76964690599328,232.7399217297428,5188880.0
2015-04-21,228.86094665527344,231.46216338438168,227.17243559577744,229.31729949007956,6510744.0
2015-04-22,231.16552734375,232.96812664659674,226.6932750473985,229.65956853065583,6765936.0
2015-04-23,231.2567901611328,233.69826659220206,229.5682791664509,232.7513428523973,9627828.0
2015-04-24,229.64816284179688,232.51177415421782,228.2562783107113,232.4889620827179,7205244.0
2015-04-27,229.41998291015625,231.0286238762341,227.26371296862138,229.76224753812102,7370704.0
2015-04-28,229.214599609375,230.78902233854058,225.91744784725896,228.07371761049623,7942108.0
2015-04-29,226.61338806152344,230.34406647986052,225.4382740783578,229.0890963306389,7863564.0
2015-04-30,225.62081909179688,227.0355155418361,223.39609921588442,226.12280995171815,15143684.0
2015-05-04,228.39315795898438,230.34406328765428,226.35097650455972,226.81873531379452,3141448.0
2015-05-05,225.35841369628906,229.06627997689517,224.94768505916605,227.95961614630698,5138004.0
2015-05-06,221.468017578125,225.32420447092278,220.304323459925,225.32420447092278,11007696.0
2015-05-07,217.06422424316406,221.33112605662262,215.44417724171038,220.87477321939247,11736664.0
2015-05-08,224.06922912597656,225.39264948617065,217.99974233950934,219.3916128356685,11571932.0
2015-05-11,225.96311950683594,226.52215455475553,222.255252459226,224.99336966361489,6731344.0
2015-05-12,221.7760772705078,225.89465892309232,220.64660119053562,225.89465892309232,11107568.0
2015-05-13,225.9517059326172,226.67046724550465,221.69621001538175,222.66595982625137,7791848.0
2015-05-14,226.1342315673828,227.0012991523813,222.2438265068041,225.6664727055742,4455188.0
2015-05-15,225.91744995117188,227.61736693068858,224.57121753602715,227.01270782172114,8153624.0
2015-05-18,230.42393493652344,230.91451977355374,226.35099171478785,227.263697326541,5713304.0
2015-05-19,229.89915466308594,232.28360109425304,227.7428846573552,229.62534016720548,4786348.0
2015-05-20,233.66403198242188,234.29151702447328,230.35546056118807,230.3782865551494,4008840.0
2015-05-21,233.81234741210938,235.02169348115672,231.62185952901734,233.65263507252862,3934380.0
2015-05-22,233.7211151123047,234.79353313095143,232.36344871879533,233.81236339626622,4689536.0
2015-05-25,233.54998779296875,235.24990502296296,232.19233521625725,234.65665186132006,4369060.0
2015-05-26,234.42845153808594,235.06732878030556,232.29499372728094,233.7553144097465,4906344.0
2015-05-27,236.88133239746094,237.30345316169922,233.05937774317397,233.6069927405548,3218592.0
2015-05-28,234.88479614257812,238.14770201172695,233.24192324636346,237.08670401464968,9561160.0
2015-05-29,239.71070861816406,240.49790599255923,234.37137572275913,235.01025287853375,5058680.0
2015-06-01,236.4363555908203,240.95425909018618,235.2498495473314,239.34560445767625,3841320.0
2015-06-02,230.18435668945312,237.37192743964627,229.29447705786237,236.93838669545767,4726008.0
2015-06-03,229.4427947998047,232.0554175765592,227.72006562576803,230.23000622885763,5824832.0
2015-06-04,231.587646484375,232.2493497069321,227.03552439087971,230.19576204912514,5557588.0
2015-06-05,230.85745239257812,232.39764295709494,228.74682087824024,230.51518782268548,6753860.0
2015-06-08,228.963623046875,230.97157268396234,227.16102382419513,229.1461613908315,3811996.0
2015-06-09,228.59852600097656,229.54546365336103,227.51468807617195,229.317287248139,6040260.0
2015-06-10,231.73593139648438,232.51173667740613,227.49185619958186,227.7200325849375,7986248.0
2015-06-11,228.2220458984375,232.40907741143272,226.96707565536417,232.19230703863624,9094176.0
2015-06-12,230.26425170898438,230.65214050159562,225.92889950502345,228.40460821920325,6528344.0
2015-06-15,229.3629150390625,231.3138204309536,228.17639499970764,228.63274778970705,5999828.0
2015-06-16,230.09310913085938,230.5608680098207,227.50329838941872,228.17642161855014,6010524.0
2015-06-17,229.24884033203125,231.2567899408329,228.06232022285397,230.2299961029111,9686268.0
2015-06-18,232.648681640625,233.60702542861776,228.6898261647353,229.5226757020254,8431716.0
2015-06-19,235.13577270507812,236.15114651128744,231.176917861979,233.8351784079602,3742324.0
2015-06-22,238.93492126464844,241.15964115006685,234.67942586182758,235.50085532573075,5449652.0
2015-06-23,240.06442260742188,242.14082260311915,237.87393439378997,240.0416105345487,5655180.0
2015-06-24,238.6269073486328,241.36502434469944,237.9195381751291,240.4979428211851,6267396.0
2015-06-25,243.00787353515625,244.3426999458335,237.90813640773717,239.1859187166456,16573568.0
2015-06-26,242.51730346679688,244.36552690601323,239.92750665939883,243.46424118457304,5647504.0
2015-06-29,241.10260009765625,242.26629417402364,235.13578163063937,238.42152738134376,6487836.0
2015-06-30,243.4984893798828,244.6051395243679,239.12890505740444,240.0986549109292,7290136.0
2015-07-01,244.68499755859375,245.7460235653138,241.87844408517034,242.17505674223494,4971188.0
2015-07-02,243.27113342285156,245.45510230789807,242.6849270335663,244.83440658679072,4483444.0
2015-07-03,246.9608917236328,247.3976910939782,242.31709562944607,242.31709562944607,4039288.0
2015-07-06,249.08740234375,249.43223954127248,243.7424257821513,244.6160245743775,3267780.0
2015-07-07,249.8575439453125,250.92654491645118,247.93795574199962,247.93795574199962,4141472.0
2015-07-08,245.71949768066406,248.4207225145469,245.0643125888603,248.0758853017108,5400676.0
2015-07-09,246.91494750976562,247.57013259445853,243.70794462744155,244.3056568439522,2797964.0
2015-07-10,250.75408935546875,251.73112798004885,245.63900479149058,245.9378748900596,4900088.0
2015-07-13,251.99549865722656,254.2369401179621,249.4322035792888,249.4322035792888,7076084.0
2015-07-14,251.00698852539062,253.31740895611605,249.6621290780245,251.84609797879912,5674116.0
2015-07-15,252.12196350097656,253.2139479816451,250.76562628059025,251.27137628857258,3849404.0
2015-07-16,256.2599792480469,257.2485236741074,252.44378692230188,252.60472776950158,7310424.0
2015-07-17,255.30596923828125,257.8807423359676,254.167989686409,257.3405030236673,3510988.0
2015-07-20,256.386474609375,257.2485676645511,254.48986988798754,256.5473874211712,4551268.0
2015-07-21,252.43231201171875,259.3175495535076,251.29433252300026,256.685303737552,11028136.0
2015-07-22,256.1910095214844,256.8002274100538,250.27130533030152,252.05296387327888,7286400.0
2015-07-23,254.69677734375,256.7198055382491,252.90361256726396,255.8462347484398,5083172.0
2015-07-24,254.68524169921875,256.32897120788954,252.995545124917,253.6047630905963,4761008.0
2015-07-27,251.92657470703125,253.9151416371001,245.9838855153437,253.7772123606111,3328572.0
2015-07-28,254.83465576171875,256.07607512361545,251.14488700387122,251.50122995337873,6345672.0
2015-07-29,254.80020141601562,256.9956761474087,254.04157641392257,254.0530541494997,3943032.0
2015-07-30,255.30596923828125,256.78875791332814,253.13347812811895,254.4898433393503,9462188.0
2015-07-31,255.55882263183594,257.7083019642707,253.57025608081227,256.4668825866492,5649500.0
2015-08-03,251.82313537597656,256.9037315232701,251.374830147644,255.81174698211973,4345728.0
2015-08-04,249.76559448242188,253.3404183255249,248.73108279234486,252.44383591487303,5390928.0
2015-08-05,251.0874481201172,252.35185118402404,249.478207856963,251.07597038456282,4122780.0
2015-08-06,251.9495086669922,253.19092803697163,249.53564858316747,251.0184651866972,3743712.0
2015-08-07,251.19093322753906,252.3059013018003,250.259861500982,251.4897753161552,3227140.0
2015-08-10,251.65066528320312,254.24842166454252,250.12188162575595,251.73112167298046,3954376.0
2015-08-11,251.66217041015625,252.616225583156,249.25981587476144,251.74265487161352,2727688.0
2015-08-12,246.08729553222656,251.70815841623886,245.45509403418103,250.21386396631306,6005740.0
2015-08-13,247.71954345703125,248.9034619755534,245.20221523888887,247.59309193421765,3465052.0
2015-08-14,253.29446411132812,253.71975777069716,248.2598346847957,248.99547625435684,3601660.0
2015-08-17,250.92654418945312,253.29443759982786,247.31725926824217,252.66223604552553,2500212.0
2015-08-18,249.74253845214844,251.98397979667934,247.92639062194505,250.94946840689585,1857316.0
2015-08-19,248.70802307128906,249.8919694776257,247.1332724824725,249.39769732007736,3004576.0
2015-08-20,247.06436157226562,249.37478216434184,245.52409988616463,245.52409988616463,3044852.0
2015-08-21,243.9838104248047,246.66202340335258,241.61591723246727,244.6045061230687,7758972.0
2015-08-24,234.27085876464844,240.16756552097976,232.4777084182458,240.16756552097976,14686328.0
2015-08-25,234.13296508789062,237.31697029364966,231.20184891224096,235.56977271115937,12347920.0
2015-08-26,232.99497985839844,236.55829726126493,231.96046835434043,233.89156210783284,5573000.0
2015-08-27,234.97203063964844,237.81118425582406,231.98344197779636,235.63872141526087,13873432.0
2015-08-28,236.31690979003906,239.7193145470187,234.3513546888067,237.0295957504179,5553136.0
2015-08-31,236.2019500732422,237.454875265733,233.46625034140425,234.74214503397462,3441460.0
2015-09-01,229.9144287109375,234.78813015502442,228.28220506275068,234.78813015502442,10469144.0
2015-09-02,228.77647399902344,233.09843030006706,226.44307025136195,231.06388262055697,8681688.0
2015-09-03,232.25930786132812,233.33980038368233,229.6615375204913,230.42017642973258,6507368.0
2015-09-04,228.98336791992188,231.27079057333586,225.2936130833689,230.39720590032502,11404592.0
2015-09-07,226.31663513183594,232.14437763185535,225.29361539847935,230.12133572844678,5381740.0
2015-09-08,230.82249450683594,232.19035136323805,224.60393394245898,226.833883687586,7444488.0
2015-09-09,233.63868713378906,235.63874563473712,231.0409164516203,233.22488531360077,6553120.0
2015-09-10,232.42025756835938,233.78811451167599,229.0408504235362,230.58112595555338,4463740.0
2015-09-11,232.3052978515625,234.48926651023626,231.45469672557655,233.22486360258304,4301760.0
2015-09-14,234.4203338623047,235.01804606941758,230.6960892563581,231.92600300353575,5060344.0
2015-09-15,232.91453552246094,234.40882999456693,231.7535724381944,234.0180117109547,4332728.0
2015-09-16,235.2593994140625,236.35138375361063,232.54668322947705,234.2363937316538,4254052.0
2015-09-18,241.3285369873047,244.14470710218393,237.05256185403115,237.93763827755214,7841168.0
2015-09-21,242.06417846679688,242.5354671399618,238.24798620779467,238.6158068960865,4276688.0
2015-09-22,236.9376220703125,243.68493033056046,235.70770845905838,241.39752169083326,6025212.0
2015-09-23,241.20208740234375,242.17912602145063,234.17892075451576,234.30535824010818,5161152.0
2015-09-24,241.7078857421875,242.30559792334182,238.16755165899633,240.6963577094297,8252836.0
2015-09-28,240.55844116210938,243.68495955896034,239.79978808170915,242.53550220255016,5777108.0
2015-09-29,244.78842163085938,246.88042816580702,235.66171443519391,237.24797101678558,10418840.0
2015-09-30,245.70802307128906,246.67355605434688,243.99531472132102,245.5240986635997,9027796.0
2015-10-01,245.44366455078125,247.5701609167985,243.53555388367062,247.1793285306931,5034788.0
2015-10-05,252.5012664794922,253.98408315790925,247.6390567382173,247.6390567382173,8053372.0
2015-10-06,249.6505889892578,254.69672275201182,248.97242049101956,254.48981485093134,4758964.0
2015-10-07,250.06442260742188,252.50126634408034,249.05289462345397,250.12189546943233,4386268.0
2015-10-08,248.9954071044922,250.7425763941794,247.2252542839379,250.14486427703892,3881908.0
2015-10-09,249.69659423828125,251.7311278784132,248.32872332666938,251.7311278784132,3443228.0
2015-10-12,248.40921020507812,251.84607605616713,247.7770087362014,250.05291157382138,2217340.0
2015-10-13,247.44361877441406,248.77700020578195,246.71945520501455,247.25972248027438,1823652.0
2015-10-14,249.374755859375,249.77706590570264,245.30568833025845,245.7079983765861,2749148.0
2015-10-15,249.23681640625,252.07597014735472,248.512652739891,249.593131309244,3925952.0
2015-10-16,252.89208984375,253.22542120664343,249.43221244594474,250.58166964615646,4843688.0
2015-10-19,252.3748779296875,253.36339445577798,251.57025774981338,252.88062796043846,2654220.0
2015-10-20,251.70819091796875,253.5473227861239,250.85757559119185,252.42084890429382,3851356.0
2015-10-21,251.73114013671875,253.8001632063356,249.43222561492223,252.62772241280368,7273204.0
2015-10-23,254.83465576171875,256.0300799988523,251.9610128234946,252.75412704927675,4467048.0
2015-10-26,253.22544860839844,256.14505898770193,252.19093701626244,256.08758612147216,4887984.0
2015-10-27,255.3864288330078,256.0990867472784,251.85760053035824,251.85760053035824,8984032.0
2015-10-28,255.5243682861328,258.398011654173,254.04157953339347,254.04157953339347,7694760.0
2015-10-29,253.69674682617188,256.2140472360265,252.8806208700127,255.17953560519464,6702368.0
2015-10-30,252.78866577148438,255.63932573579947,250.68515311709857,253.34041093601712,8097460.0
2015-11-02,248.9954071044922,251.93802869137954,247.47812924931432,251.74262658463047,3156552.0
2015-11-03,249.40928649902344,251.04151048759377,248.09888815048072,250.80011319464666,2548592.0
2015-11-04,248.673583984375,252.44380958534498,247.8804696632069,250.59320014831184,2696444.0
2015-11-05,248.24827575683594,248.97243943425661,245.86890487067168,247.93792791306163,3596952.0
2015-11-06,248.4896697998047,250.35178490136292,247.1907775162447,248.4436746728142,5881004.0
2015-11-09,244.78842163085938,245.90338952547626,241.615908467676,243.22514858116196,11429432.0
2015-11-10,242.44351196289062,244.83438860030398,241.949239744212,243.6964371742313,4402580.0
2015-11-13,241.8572998046875,242.53546832507308,239.31698817668348,241.2480818783012,3940028.0
2015-11-16,243.90330505371094,244.83437658419876,240.294020774304,241.0986407912474,4734732.0
2015-11-17,243.86888122558594,244.55855563169573,241.66190067569593,244.4436098973441,2567404.0
2015-11-18,241.06414794921875,245.0297751177683,240.53541449783,244.07572007043206,2446720.0
2015-11-19,245.73095703125,246.2022176286266,241.2940411729266,242.53546051706695,3277680.0
2015-11-20,246.1792449951172,248.34023016199208,243.68492846258886,244.81140214070751,4648160.0
2015-11-23,245.07583618164062,247.24829955507116,243.46659573823243,246.90346231719798,3408280.0
2015-11-24,244.68496704101562,246.78847948855136,244.16771126192924,244.8918749652346,4002252.0
2015-11-26,244.59300231933594,245.29418248224675,241.63890273520343,243.4550508422674,8791484.0
2015-11-27,248.14486694335938,248.78854624394646,243.90335233688796,244.79993471359185,6925072.0
2015-11-30,247.76547241210938,248.51261951054533,245.9148352969705,248.09880373855253,5247776.0
2015-12-01,248.972412109375,249.40921142741362,246.78844358209977,247.60456936219612,1895332.0
2015-12-02,247.7769775390625,251.20233716154132,246.40910678633034,250.58164156814473,2562284.0
2015-12-03,247.5355682373047,248.51260670027986,245.3631057036201,246.5585297743295,3807712.0
2015-12-04,243.4320526123047,246.81144557156946,242.76536182047883,246.81144557156946,5859828.0
2015-12-07,244.13323974609375,246.236752347131,243.93783760565293,245.57006145951755,5814808.0
2015-12-08,241.213623046875,244.12175573264813,240.69636724334347,243.91484779865084,4902660.0
2015-12-09,240.7998046875,242.99527941161048,240.20209248885456,240.71934828703442,3890616.0
2015-12-10,243.82286071777344,244.42057286160923,239.61586411610887,240.23655979183823,6514340.0
2015-12-11,240.54689025878906,243.82284311028909,239.5468681588096,243.68491386596753,3033920.0
2015-12-14,242.54696655273438,243.65042858856464,239.11007280664015,239.3169807080205,5878016.0
2015-12-15,243.55850219726562,244.24817659461075,240.30556040679286,242.07571346814282,4557416.0
2015-12-16,245.3632049560547,246.75403166938253,243.53555072472557,244.3746602978822,6842768.0
2015-12-17,248.34022521972656,249.20231810986678,244.83438079982298,246.88042020500637,4878012.0
2015-12-18,246.6735382080078,249.4322357462148,245.63902663118017,249.4322357462148,3172128.0
2015-12-21,247.22525024414062,248.25976168252822,245.76544527144415,246.38614090930918,3097500.0
2015-12-22,245.16773986816406,247.4781603000358,244.6045170081171,247.0183773733288,2429536.0
2015-12-23,246.92637634277344,247.81145272490917,245.78842500330154,246.58153920197367,3013968.0
2015-12-24,246.9033660888672,247.45511106701198,245.59299632082426,247.4091159487993,2146352.0
2015-12-28,247.65057373046875,248.25979170822907,245.46660487417776,246.90342649015867,7755428.0
2015-12-29,247.81146240234375,248.24826174366484,246.28270680209909,248.04135383852122,4231612.0
2015-12-30,246.97238159179688,248.7310286316453,246.5700715777025,248.28275155539365,2112560.0
2015-12-31,248.77706909179688,249.4092706577238,247.1333394078019,247.1333394078019,9290008.0
2016-01-01,250.29432678222656,250.6391639718232,247.39770000219926,248.8345216255186,3195076.0
2016-01-04,246.0988006591797,249.2023352774879,245.54705555889615,249.2023352774879,5187536.0
2016-01-05,244.23670959472656,247.0873695083078,243.9953123198757,246.02984626888906,3160872.0
2016-01-06,245.31716918945312,247.5356273714684,242.91481467881343,242.91481467881343,4165536.0
2016-01-07,242.8113555908203,244.8114281862897,241.31706105919378,243.70793792238086,6055428.0
2016-01-08,244.22523498535156,244.71950733421576,243.05279392118328,244.13327277066765,3488356.0
2016-01-11,243.3630828857422,243.91482797725706,240.30554344442083,241.8573107289133,3288912.0
2016-01-12,240.684814453125,244.58149091669077,239.89170026772803,244.58149091669077,4258736.0
2016-01-13,243.7194061279297,244.31711823580048,238.3974138889909,241.84578535315183,4515148.0
2016-01-14,241.3285369873047,243.08721210020096,238.9721497483241,241.42049917506836,6279184.0
2016-01-15,239.58140563964844,242.6389454111728,238.65033394323223,240.92626515219754,5417260.0
2016-01-18,235.83413696289062,239.42043794890995,234.71916904962694,238.08708438461764,6495388.0
2016-01-19,238.12155151367188,238.523861511263,235.93758295532007,236.14446278946082,6405212.0
2016-01-20,234.09844970703125,254.7197146074459,231.7075871584727,235.63872515580508,9563588.0
2016-01-21,235.178955078125,237.53534245794003,232.97200275449225,234.71917217474646,6300804.0
2016-01-22,236.857177734375,240.0641523121796,234.96055919577933,235.7996545891503,4236284.0
2016-01-25,239.3514862060547,240.62736690208095,237.48937109366443,239.07559963126894,10143884.0
2016-01-27,238.0870819091797,241.08714844483583,237.4778639640643,241.0296755832763,4039468.0
2016-01-28,237.17898559570312,240.6733522945359,236.7881813758817,238.85720431994278,9951972.0
2016-01-29,241.35154724121094,242.52398809198243,237.98363168977025,237.98363168977025,5360184.0
2016-02-01,243.62745666503906,245.29416962641818,242.2366022100304,243.22514663987857,4609484.0
2016-02-02,242.25962829589844,244.89187424994756,241.43199660143995,244.8344013857725,6528628.0
2016-02-03,239.97216796875,241.7078595220674,239.5468744280786,240.12160301355865,4850244.0
2016-02-04,241.20208740234375,242.51248544689784,240.3630060974467,240.92622889976388,5675992.0
2016-02-05,242.5929412841797,244.55852431506167,240.37448328269042,242.02971848314886,7523904.0
2016-02-08,238.13304138183594,243.22514236626563,236.85716073364,242.5354680495371,3481924.0
2016-02-09,235.88014221191406,237.14454523362556,234.6387227234674,236.02954920959675,5535460.0
2016-02-10,232.86854553222656,236.8226812521729,232.2133464852157,235.38585969924623,7682280.0
2016-02-11,224.21315002441406,232.88006133241632,222.58092618442217,232.1903869158346,8803600.0
2016-02-12,223.31655883789062,226.7764223338848,222.07513940255922,225.06372823509884,12542144.0
2016-02-15,223.82229614257812,227.19021128752962,223.24756755343688,225.29360694336356,10912960.0
2016-02-16,223.78785705566406,225.75342634227027,221.15559688519755,225.63848060584345,7136096.0
2016-02-17,224.12120056152344,225.27065791586205,220.46592056214197,224.5809835032589,7503924.0
2016-02-18,227.46609497070312,227.87989676888418,224.60394365013855,226.67296667250423,6799856.0
2016-02-19,227.43162536621094,228.19026440058298,223.799342995989,227.30518786572586,3328660.0
2016-02-22,227.30517578125,228.97188882743365,225.9832999170354,225.9832999170354,4002396.0
2016-02-23,223.00619506835938,226.55802072621927,222.0751375155026,226.4200914707814,6078320.0
2016-02-24,218.30491638183594,221.36248390705268,217.56927496338383,220.69579308618722,6463468.0
2016-02-25,216.70718383789062,220.06359343995595,215.6841640654895,219.3164462175168,8463196.0
2016-02-26,220.92568969726562,223.2246042622736,217.24742639325288,218.39688367575687,6209388.0
2016-02-29,223.4199981689453,225.89133123541797,213.33926378480152,220.94866510247266,8812752.0
2016-03-01,226.2476806640625,226.84539283345634,223.42000454722773,224.13267647538592,4322560.0
2016-03-02,231.54669189453125,232.39729314167596,228.74201314813115,229.43168755963305,6358976.0
2016-03-03,233.53521728515625,234.48927238833994,232.19035795316012,232.36277653579862,4610400.0
2016-03-04,234.61570739746094,235.6157435850757,228.30518453326582,233.44326666048917,5704624.0
2016-03-08,233.1444091796875,235.40883424810335,232.07540837251986,235.40883424810335,1913688.0
2016-03-09,235.59278869628906,236.76522957580303,231.44323645496658,232.88005813646004,6528172.0
2016-03-10,234.77664184570312,235.81115336423989,232.2133465816334,235.59276771327274,2671392.0
2016-03-11,236.48931884765625,236.97211333372027,232.8800343771471,234.4662909642646,4730856.0
2016-03-14,236.2249755859375,238.6158242653281,235.69621401477127,236.3284155154205,3008656.0
2016-03-15,236.02952575683594,237.56981521344355,234.86859084455435,236.30541231736774,7690036.0
2016-03-16,236.89163208007812,237.76523081027824,234.24789445157418,236.0985178072572,4803548.0
2016-03-17,234.1214599609375,238.85721825210038,232.4547469365605,237.92614664779708,5113484.0
2016-03-18,236.42037963867188,237.2479832700528,233.4202849041289,235.16746839359888,4135068.0
2016-03-21,240.37451171875,240.77682178505628,237.30546625408397,237.4778848539295,5318796.0
2016-03-22,242.27110290527344,242.90330440304265,239.2480246760835,240.5814063329109,4120264.0
2016-03-23,241.23658752441406,242.08720272744708,239.21355960150007,242.08720272744708,8464300.0
2016-03-28,240.81129455566406,242.07569753423795,239.466435181947,240.23656592903956,11270868.0
2016-03-29,242.25962829589844,243.5699983739211,240.0641536592422,240.81130089351802,6733952.0
2016-03-30,244.8229217529297,245.96090142296936,242.28263772265518,243.2251871832757,7814380.0
2016-03-31,246.2482452392578,248.0299040705202,244.84591293304223,245.25970072706573,20080392.0
2016-04-01,244.7079620361328,247.45518191815623,242.9493147552028,245.70801237287918,5158648.0
2016-04-04,245.76547241210938,246.62756537263604,244.6045093334314,244.88036785563116,6179960.0
2016-04-05,243.09873962402344,247.57014584568984,242.6849517887175,245.75399750133622,6663028.0
2016-04-06,244.02980041503906,245.28269772709217,242.93781591012015,243.9148546776792,4295376.0
2016-04-07,242.65040588378906,244.77690162459916,240.70783451329768,244.60448305101997,3911692.0
2016-04-08,243.53549194335938,244.4550577055945,242.3630512090936,242.5354697895127,2962796.0
2016-04-11,246.20225524902344,246.92641898233612,239.74231064178005,243.7539335769005,4049620.0
2016-04-12,244.37460327148438,246.2137348106865,243.51251036248337,245.8918811787421,4941480.0
2016-04-13,248.6851043701172,249.42074586876015,245.86893378677175,246.44366247725043,4974604.0
2016-04-18,250.07591247558594,251.04144527069016,246.35165441678575,249.08736808680658,4117068.0
2016-04-20,252.38632202148438,252.8805942501029,249.0988911339857,251.01847912320906,3821352.0
2016-04-21,250.84608459472656,254.06456519386506,250.35181231870268,251.7311611469049,8191728.0
2016-04-22,251.07598876953125,253.0760334464492,249.47822612493573,250.46677072699987,7809320.0
2016-04-25,251.32884216308594,252.88060953980747,249.31729185992836,252.88060953980747,5561960.0
2016-04-26,256.0645751953125,256.3289559642722,251.15639855692143,251.73112715773817,7053796.0
2016-04-27,258.4439697265625,258.62789412088415,254.94963073783157,255.1450328674717,5763636.0
2016-04-28,256.08758544921875,261.31761626239916,255.2599817902671,258.4439729584539,8089584.0
2016-04-29,260.31756591796875,261.15667528476877,254.30589916216587,256.05309655278717,5611940.0
2016-05-02,256.93817138671875,259.77732503446725,256.5588449012969,259.2600692987792,3862716.0
2016-05-03,257.0186462402344,260.92680096839536,255.90367829801983,257.91522852574974,4695296.0
2016-05-04,259.1681213378906,260.81185082300414,256.1565489462604,256.9036961610464,5292328.0
2016-05-05,260.30609130859375,260.8693141169896,258.0991110124562,259.31754688166046,5214248.0
2016-05-06,257.39794921875,260.29457566925527,256.8462041655778,260.2371028108606,2733152.0
2016-05-09,262.39813232421875,263.2142302138398,257.24855772763135,257.4784492001315,6953180.0
2016-05-10,263.20269775390625,263.80040984554785,261.1796419913614,262.88084414673983,5453000.0
2016-05-11,261.8004455566406,263.2257615995198,259.708410503194,260.8578679774277,6147372.0
2016-05-12,264.168212890625,264.8349035903715,260.352021107722,262.9957723154384,4221688.0
2016-05-13,262.2832336425781,263.9154577775714,259.77741053018786,263.9154577775714,5045316.0
2016-05-16,267.3177795410156,268.0304373974539,260.3635634320077,263.22570065500986,4518768.0
2016-05-17,265.1683044433594,268.8006008890089,264.6740602339493,267.8350679416456,4295424.0
2016-05-18,262.2256774902344,264.6050482892873,260.12216519489886,264.6050482892873,4162644.0
2016-05-19,261.9153747558594,262.6969833386138,260.2371557243399,262.09927110236197,3855796.0
2016-05-20,262.2832336425781,264.03040353444317,260.6050143670788,262.0648198667644,2016632.0
2016-05-23,261.3290710449219,264.3636265563223,260.51294528075385,262.5244952008269,3463532.0
2016-05-24,262.0647277832031,262.9153429229248,261.0532279284927,261.70841289985896,3259468.0
2016-05-25,269.731689453125,270.3408794354994,263.52461938395703,263.52461938395703,5767348.0
2016-05-26,272.0190124511719,273.31790453774556,268.1108584586344,270.3752832476096,13705560.0
2016-05-27,272.8351745605469,273.5708159496973,270.51324854626796,272.0190487163692,5775184.0
2016-05-30,271.2144470214844,274.72029174882294,270.8351205039748,272.88116008857975,3814532.0
2016-05-31,271.70867919921875,272.62824489373315,270.6741677928901,272.62824489373315,5515640.0
2016-06-01,270.1569519042969,271.9500884351139,269.2028967430501,271.9500884351139,5675632.0
2016-06-02,270.1109619140625,271.409854286285,269.20290186479434,270.05348904859176,7910616.0
2016-06-03,269.3753356933594,272.4213977355501,268.7546399363468,271.2949238960419,4524420.0
2016-06-06,269.2259216308594,271.82370672491464,268.9845524011525,270.35239555827076,5547308.0
2016-06-07,269.8235778808594,271.2719052101155,268.43275147579715,270.57072507741265,5628504.0
2016-06-08,267.27178955078125,270.8121234323451,266.90396884970517,270.3063734762306,4742812.0
2016-06-09,266.53619384765625,267.6396561400789,264.94993698544033,267.24885183997776,4648184.0
2016-06-10,266.9844055175781,269.59366762474065,265.8004590453738,266.30623702704054,6322312.0
2016-06-13,265.0418395996094,267.81201453871944,264.616546059729,265.46713313948976,3323236.0
2016-06-14,264.8004455566406,265.9843920673636,263.05327625158236,265.5246091942999,3828768.0
2016-06-15,268.8695373535156,269.1798851762473,265.11078996435896,265.52460576994736,3045824.0
2016-06-16,267.1683349609375,268.7085963396798,265.60506198851795,268.17986288056665,4727768.0
2016-06-17,268.9729919433594,270.81212351220285,267.94998623335846,268.28331760504307,3761652.0
2016-06-20,269.4442443847656,271.0994513488818,266.3981831336546,266.4441501915235,2742764.0
2016-06-21,268.202880859375,270.2259088955525,266.9499555485618,270.1224689623956,2670968.0
2016-06-22,269.31787109375,270.1224912805431,268.0534679430751,268.0534679430751,3803840.0
2016-06-23,273.59381103515625,273.9961210756012,268.39826983970846,268.92703140374755,3926732.0
2016-06-24,267.1108703613281,269.4097847666018,263.6854822848864,266.63958168307903,11173964.0
2016-06-27,266.6625671386719,268.74309591562474,265.07633863792347,267.13385582032157,4163788.0
2016-06-28,268.2718200683594,269.68565811802773,264.37517116205254,266.96145001037695,4034980.0
2016-06-29,270.78662109375,271.0647437589296,268.7933049180397,270.02174132462847,5420668.0
2016-06-30,272.67559814453125,273.4984225126117,269.36118508494854,271.41241759514264,16278892.0
2016-07-01,272.2236633300781,274.6573359268987,271.5978731224833,273.498444214127,4304876.0
2016-07-04,271.82965087890625,273.38255445337006,271.50515554137894,273.0812312913972,7249852.0
2016-07-05,270.16082763671875,272.1773161720998,269.3264312707786,271.8296486618535,2136328.0
2016-07-07,274.8079833984375,275.5264905648139,269.0714697147537,270.6939180293309,4832616.0
2016-07-08,272.30474853515625,274.7963654288733,271.470352257306,274.68047627102595,3118868.0
2016-07-11,278.0760498046875,278.57437886994785,273.74180637612693,274.8890977856715,5102532.0
2016-07-12,278.6322937011719,280.42857555645577,277.10256255403175,280.42857555645577,7046032.0
2016-07-13,277.6125183105469,278.58597606183514,276.58111597184245,278.0876752446611,6687072.0
2016-07-14,278.2151184082031,278.6323307279792,276.32611932168146,278.36577998441413,3459668.0
2016-07-15,283.6271057128906,284.1602071414677,276.9982517269682,279.01473999340044,5774216.0
2016-07-18,284.4963073730469,287.0574693046532,283.3837883355456,283.9284617668148,4438484.0
2016-07-19,282.3871154785156,285.2611723557001,281.3441130201767,284.8555602885683,2586004.0
2016-07-20,285.59722900390625,287.0574437086631,283.17515692455316,283.46487981888976,4690332.0
2016-07-21,284.7628173828125,287.3819235237886,283.3489753932833,285.2495461604209,9112904.0
2016-07-22,285.2727966308594,286.1651375951018,283.11724671799675,285.8638144311086,5620272.0
2016-07-25,289.0160217285156,289.59546764263774,284.39205465112434,285.78272484501736,9872884.0
2016-07-26,287.12701416015625,288.7146901042448,286.2810175744983,287.96141051170423,5665992.0
2016-07-27,286.69818115234375,289.1550539750517,285.0873331481974,287.6368946641569,10734736.0
2016-07-28,289.3636474609375,290.0126381082714,286.3737296107477,286.94157520722473,10646528.0
2016-07-29,288.8421325683594,289.72290150623917,286.2462266881643,289.2593448638292,3395676.0
2016-08-01,287.9382019042969,291.7972880785781,284.5426440504448,289.4911052428229,5560864.0
2016-08-02,288.16998291015625,291.2178450390449,287.49782015537545,289.0275513361952,5329396.0
2016-08-03,287.5094299316406,289.7113241570145,285.3191359405442,287.660091510975,4733876.0
2016-08-04,287.63690185546875,288.95802699310417,285.9217365886551,288.934854819212,4662880.0
2016-08-05,289.54913330078125,291.03252055088785,287.8107954982951,289.12034896815305,5784912.0
2016-08-08,289.6302185058594,290.88182724588717,288.45975482237696,290.39509837289177,4728776.0
2016-08-09,289.07391357421875,290.39506699330815,286.8720195023222,290.39506699330815,4210856.0
2016-08-10,284.36883544921875,289.94308724534557,282.7116147502205,288.5640175150847,3619720.0
2016-08-11,284.6817321777344,286.24623589619534,283.23311762360385,284.34566491847727,2856072.0
2016-08-12,284.7860412597656,286.2462561509551,282.6305196266467,285.3307430052642,4641496.0
2016-08-16,284.4615783691406,287.0458843197461,281.33257066507497,285.78270363799953,3468568.0
2016-08-17,286.2230224609375,286.82564036993364,284.16018997457667,285.87535501806485,5511036.0
2016-08-18,290.3023681640625,290.8586418335666,286.1419583168572,286.9415822651572,6111656.0
2016-08-19,289.05078125,289.7229441390538,287.7412278838402,289.7229441390538,4110636.0
2016-08-22,289.79248046875,290.75433798049335,287.63693051023495,288.57564413903305,5501292.0
2016-08-23,290.0589599609375,290.6500059793923,288.80737969897655,289.95467103685786,5314524.0
2016-08-24,292.4578857421875,293.01413105703966,289.0391556361746,290.1980471975349,5570936.0
2016-08-25,291.70458984375,293.61676081259765,290.7195320719194,292.96777025738595,8729888.0
2016-08-26,291.3684997558594,292.4810469302826,290.62682050174385,292.04066249485464,2521136.0
2016-08-29,286.96478271484375,290.9977318495462,286.52439817087645,290.9977318495462,2944184.0
2016-08-30,294.0455627441406,294.474346964975,288.32062143128724,288.58717215015764,9867608.0
2016-08-31,299.2721862792969,300.15295530328024,293.3154941593059,294.1267183628283,11161364.0
2016-09-01,297.53387451171875,298.9940895220363,295.6101310667174,298.5305327940951,5224676.0
2016-09-02,297.85833740234375,298.7622785819174,296.94282428178775,297.95105439647386,3955188.0
2016-09-06,301.4045715332031,302.2157957569504,299.0056712730588,299.0056712730588,5508884.0
2016-09-07,298.2407531738281,302.47070751260594,297.3947566474222,301.54359423287383,4016444.0
2016-09-08,298.85498046875,300.2108780229419,297.5106548549555,298.9940418062884,2905380.0
2016-09-09,299.0867919921875,300.03707757963633,296.28227958308,298.99407499245336,4013768.0
2016-09-12,296.653076171875,297.69607860746333,294.70613263345973,295.4478119370218,3985728.0
2016-09-14,294.23101806640625,295.9809559439095,293.29233271536464,295.51739923922054,3849508.0
2016-09-15,296.58355712890625,297.5802153045907,294.3237183221083,294.82204740995047,3501812.0
2016-09-16,300.8134460449219,302.3547773219625,297.5569780677289,297.5569780677289,6525816.0
2016-09-19,299.0288391113281,301.89129602923066,298.53051000817584,300.6165151246926,5894832.0
2016-09-20,298.6347961425781,300.1529556137566,297.6149940631276,299.60828216376484,3778248.0
2016-09-21,299.6893310546875,300.848222512749,298.50726742611454,299.4575527630752,4256400.0
2016-09-22,302.91107177734375,305.2404267613699,301.439285202576,302.47068734019075,6555800.0
2016-09-23,304.2554016113281,305.5881270050507,301.65949563998714,302.71409835579925,4876808.0
2016-09-26,300.41949462890625,303.3746684007465,299.8516207320905,302.72567774531535,5576772.0
2016-09-27,300.8598327636719,302.7372313296016,300.1181252298636,301.0800108307364,4056812.0
2016-09-28,300.21087646484375,301.3118235122925,298.76226192872696,301.2886513383652,4989652.0
2016-09-29,296.0967712402344,302.70245263385215,293.88327721033664,300.83662604572373,16450012.0
2016-09-30,295.0190734863281,296.908072738122,293.75589276895244,296.00413149502214,4138428.0
2016-10-03,298.34503173828125,298.97085015631546,295.8418429458972,296.90801752190805,3900548.0
2016-10-04,298.8897705078125,300.1529511470756,297.2093775380702,298.66956410823843,2775512.0
2016-10-05,298.0901184082031,301.32344323792506,295.84187982001663,300.8482863220407,3647020.0
2016-10-06,297.1282043457031,300.29198405466747,296.456069856062,298.32186834568074,2895712.0
2016-10-07,296.8153381347656,298.47255893329077,295.80710800901755,297.60339015363644,3337464.0
2016-10-10,297.68450927734375,298.507333712583,296.38655621474146,297.8351708589973,4719312.0
2016-10-13,292.6780700683594,296.444467723169,291.2178553525787,296.444467723169,4519356.0
2016-10-14,292.4578857421875,293.8948999609739,290.650003589165,293.37339875836176,4067116.0
2016-10-17,286.8720397949219,293.5240951217841,285.7247483304465,293.31548895735557,5135360.0
2016-10-18,291.5423583984375,292.04068745234395,287.17334266147157,288.1468003023451,2610968.0
2016-10-19,291.6582336425781,292.73600845349176,289.25933376877094,292.29562400144357,3044904.0
2016-10-20,290.9976806640625,293.76742026984857,289.95467822440634,292.09862768369953,3200356.0
2016-10-21,294.52069091796875,295.0421921220526,289.7228911576977,291.11356103525463,3956408.0
2016-10-24,292.8634948730469,295.9461294196254,292.2840490981354,294.76406569745615,3255664.0
2016-10-25,289.79248046875,293.8949459202078,288.3438657905155,293.8949459202078,5501796.0
2016-10-26,287.2428894042969,293.1995810377227,286.2578315233401,288.1815746443159,5366540.0
2016-10-27,290.2096862792969,291.3454059308371,283.7314922698164,287.17339534471535,11623860.0
2016-10-28,291.8205261230469,292.481088723954,287.42830966687615,290.76592337381953,5320536.0
2016-11-01,291.9943542480469,292.93303951758577,289.039180512242,291.1135852683095,3402416.0
2016-11-02,288.8305969238281,291.04406319353734,287.7528219361371,289.9778884406651,6474432.0
2016-11-03,290.87017822265625,292.040670003064,285.4929327589477,288.5639953601704,6315812.0
2016-11-04,288.2627258300781,290.3719314734801,287.8107693597811,290.3719314734801,5734920.0
2016-11-07,289.5954284667969,290.8470371306372,287.4051345250166,290.186474536549,5671392.0
2016-11-08,290.71954345703125,291.5771118805562,287.42827450277895,289.97783589442133,5348164.0
2016-11-09,290.0126647949219,291.4381073274902,277.0562491766014,278.13402417894605,13645468.0
2016-11-10,296.3401794433594,297.37158163993064,290.67318259905585,292.90984902374305,10700736.0
2016-11-11,295.7027893066406,297.13980356038076,293.3386334880095,295.2855770171023,7139320.0
2016-11-15,290.8238525390625,298.76226014971235,289.873567067679,296.0968094191292,12512524.0
2016-11-16,288.4133605957031,293.8949237839198,287.4167307480977,293.8949237839198,8647744.0
2016-11-17,285.1336669921875,289.46793838562087,283.9632034971066,287.0110939466605,4815624.0
2016-11-18,280.7762756347656,286.4780169147087,280.26634633097194,286.4780169147087,6879900.0
2016-11-21,277.8326110839844,282.65361059344684,275.43371156047533,282.65361059344684,5552520.0
2016-11-22,277.6820373535156,279.7100977247997,275.66554892268715,279.7100977247997,10017784.0
2016-11-23,274.5993347167969,278.82928859616516,273.75333828227343,278.82928859616516,3532692.0
2016-11-24,270.1376037597656,274.9586036297921,269.07142925771626,274.4255022321429,15285996.0
2016-11-25,275.6539611816406,276.55787397499796,268.3992886091868,270.9488500726592,5969960.0
2016-11-28,274.5298156738281,277.879029323359,273.0580290226353,273.55635806178367,4130180.0
2016-11-29,273.2087097167969,276.4999507243977,272.6872084681328,274.58777947929605,3932644.0
2016-11-30,278.0412292480469,278.5975027991407,273.7533309104561,274.65727189432755,6442840.0
2016-12-01,277.49658203125,279.96502669481373,276.51152421238777,278.66707381566897,4476984.0
2016-12-02,275.6075744628906,278.58591999805265,272.7335178467879,275.5844022912386,4062672.0
2016-12-05,277.2879638671875,277.89058178923483,272.68717026551406,275.2599037398409,4551936.0
2016-12-06,276.8475341796875,278.79447724230874,275.8624765645825,276.9750235412932,2702964.0
2016-12-07,273.8692932128906,279.5015184457129,270.48533495522105,278.5628048091573,5628192.0
2016-12-08,278.01806640625,279.42033641613637,275.1208377025584,275.1208377025584,4309696.0
2016-12-09,277.739990234375,278.667103574664,275.35266206582935,277.9253959264805,4387952.0
2016-12-12,274.5298156738281,276.3145256869116,273.7533639721675,276.2797532807847,3425272.0
2016-12-13,274.9470520019531,275.89733752408887,273.1623701260703,273.5563819812899,2526868.0
2016-12-14,272.5018310546875,275.3527164565158,271.96875775467515,275.12093807566015,4314144.0
2016-12-15,272.7103576660156,276.8591951311519,269.69723959426597,269.83630092354264,4941488.0
2016-12-16,274.0315246582031,274.65731481770194,271.53990766724087,272.7103712312298,3255828.0
2016-12-19,272.7451171875,273.3825075187221,271.2965027983588,272.75671741991306,3160436.0
2016-12-20,273.93878173828125,274.6572888183121,271.5746260737686,272.57128409310974,4189992.0
2016-12-21,273.49847412109375,274.6573659605899,272.3395822815976,274.42558759269065,2658876.0
2016-12-22,271.8991394042969,273.3825262993319,270.8097926261276,272.6640191716084,2805716.0
2016-12-23,274.9470520019531,275.64238701228476,271.0184205108812,271.41243236610086,4752516.0
2016-12-26,272.3395690917969,274.9123031922255,271.20384948544364,273.1623935752917,4183864.0
2016-12-27,274.7036437988281,275.0976839047968,272.0845658517174,273.33617439395437,4899296.0
2016-12-28,275.0628967285156,276.9634674657124,273.73017150737473,275.7930040300514,6507840.0
2016-12-29,279.3392028808594,279.9765932219189,273.8344681171635,274.65729242019495,8100816.0
2016-12-30,279.571044921875,280.9153707195186,278.12243018012833,278.134030415365,4066540.0
2017-01-02,277.46185302734375,280.4749715328303,276.2913893530886,280.3243099489049,3708656.0
2017-01-03,275.79302978515625,278.5859415769371,274.83114409446534,278.31941914241906,3847500.0
2017-01-04,274.773193359375,276.27975241195696,274.37918153984646,275.7814233743757,6967120.0
2017-01-05,274.9354248046875,276.8591961285741,274.2169176897935,275.58441540131827,6776384.0
2017-01-06,276.6621398925781,277.7630866840255,275.3989313348645,275.8393157100927,5525260.0
2017-01-09,277.02142333984375,279.09585617939973,276.3145164740067,277.8674198255509,4573796.0
2017-01-10,281.4599914550781,282.0278653033711,277.044631525675,277.2532093747914,5546116.0
2017-01-11,286.01446533203125,286.9647508466879,281.7265661354003,282.1901228053063,9343404.0
2017-01-12,286.2462158203125,288.2626758209366,284.04432185246395,286.2462158203125,2916316.0
2017-01-13,285.666748046875,287.3355404504173,284.7628070394359,287.17330696152385,3850412.0
2017-01-16,289.17828369140625,289.5954677738086,285.7363806186135,285.89861415733816,3765864.0
2017-01-17,287.0574645996094,290.279189077747,286.5359633518507,289.0275804244755,3559612.0
2017-01-18,288.00775146484375,291.1135867914929,287.6021393813365,287.61373961530956,4612888.0
2017-01-19,286.5475769042969,288.5408649963926,286.24625374095183,288.5408649963926,3512412.0
2017-01-20,286.55914306640625,288.56403135252646,285.08735627599,286.4780263066046,13942068.0
2017-01-23,288.4829406738281,289.72294923791503,286.43170785187505,286.4780522064504,4793848.0
2017-01-24,293.7906494140625,294.70616254982536,289.5490944281316,289.72292818504263,10261864.0
2017-01-25,299.13311767578125,300.29200936698857,294.3816617418313,294.9611075874349,15636984.0
2017-01-27,299.43438720703125,301.31178575191257,298.5304461911257,301.0800074551803,6852236.0
2017-01-30,297.82354736328125,299.6777739631059,296.80374536797973,299.6777739631059,5319628.0
2017-01-31,298.21759033203125,299.61983223555256,295.9809238160394,297.23253244149237,6101040.0
2017-02-01,302.6329040527344,303.6295620240057,296.792102421175,298.1132273661175,10910664.0
2017-02-02,301.0105285644531,302.6329769968642,299.5966863034317,302.6329769968642,5971636.0
2017-02-03,303.87298583984375,305.0202772370742,300.5005998767984,301.0800456922184,8005104.0
2017-02-06,304.57989501953125,305.94739281272354,303.9656767919763,304.1627110052838,4310220.0
2017-02-07,302.96905517578125,305.48384444293157,301.99556919629316,305.02028777458116,3411920.0
2017-02-08,302.62139892578125,305.64608932327155,300.8830613548369,303.0617834357381,4940960.0
2017-02-09,300.7671203613281,305.92418759990136,299.58505667540624,303.4905154199005,4465376.0
2017-02-10,302.1462097167969,303.3398737132683,300.8482567945156,300.92937354717344,3296736.0
2017-02-13,303.6759338378906,304.78848105562224,301.12637239940256,303.0617439441284,2795792.0
2017-02-14,303.884521484375,304.5566842086299,302.2389012237849,304.5566842086299,2446060.0
2017-02-15,306.457275390625,306.8744876730399,303.03854525982644,304.0931479056105,6126940.0
2017-02-16,307.7784423828125,308.9605061776549,306.00533254392263,306.642722935512,5043700.0
2017-02-17,319.1703796386719,337.0057118763094,315.3228364970895,334.91970678216444,402259960.0
2017-02-20,326.5988464355469,328.07063320525333,315.0215299108889,315.496658522044,10566716.0
2017-02-21,328.0937805175781,329.5423948777221,323.88699875707033,325.89188669015937,6260028.0
2017-02-22,324.29266357421875,328.8471135226461,323.29600541487963,327.96634453098574,5296776.0
2017-02-23,323.16851806640625,329.4381045528116,321.4881252715048,325.3704120735184,34494980.0
2017-02-27,323.00628662109375,324.1072337281035,319.5296115463261,322.38049642493723,4681376.0
2017-02-28,322.195068359375,323.62051082488216,320.89711529958777,322.844059035896,2928008.0
2017-03-01,322.5543518066406,323.678471164206,321.3375154488804,323.6668709292106,3481736.0
2017-03-02,319.87725830078125,323.56253929959183,318.98491741480177,323.22647204813603,4601988.0
2017-03-03,319.15875244140625,320.8970898730043,317.30452584770165,320.8970898730043,2492824.0
2017-03-06,320.02789306640625,322.14867020545285,318.25478338316236,319.11238008342576,3679124.0
2017-03-07,321.2910461425781,321.5923692292451,318.9732633012863,320.37553323756686,3112876.0
2017-03-08,322.6817626953125,324.304210919769,320.0974570866725,321.68513290481167,3782144.0
2017-03-09,323.14532470703125,324.1883271543914,320.236523746456,320.236523746456,3509316.0
2017-03-10,324.5128173828125,326.3438717537174,322.90196938996525,323.33075361962767,5860704.0
2017-03-14,326.9696350097656,330.08707010657656,326.03094987497263,329.6119132764318,7155020.0
2017-03-15,328.337158203125,329.12521013957434,326.9349163612278,327.0276050534264,4271860.0
2017-03-16,328.510986328125,329.7857670498432,327.65341788717865,328.68482006290475,4980108.0
2017-03-17,330.4810791015625,330.8635189502424,327.46796124071966,328.7891145095003,3390464.0
2017-03-20,332.8568420410156,333.72601074714595,330.50428641777245,330.66654821886806,8142344.0
2017-03-21,333.9809265136719,334.91963993598245,332.37007866311336,332.37007866311336,5557280.0
2017-03-22,331.651611328125,333.0654534537947,330.4695475277537,330.9099037112186,5636544.0
2017-03-23,331.651611328125,332.6018968031979,329.79738472573786,332.4628354666694,4922472.0
2017-03-24,330.1334228515625,332.474378071877,329.5887494938198,332.1383108471475,3810364.0
2017-03-27,326.77264404296875,330.05231278157623,325.4283468236009,330.05231278157623,5864084.0
2017-03-28,329.1716003417969,330.21460291359375,327.52597972050177,328.73124411275376,8061400.0
2017-03-29,331.1185302734375,332.5555729548213,329.1252422116516,329.3106762006219,8575772.0
2017-03-30,339.8333740234375,343.02032604119444,330.2957184376256,330.97945318958864,34321092.0
2017-03-31,334.3518371582031,337.0056876868542,332.9611671952587,336.95934333872384,9651392.0
2017-04-03,332.1846923828125,336.1017518319543,330.5158997183661,335.15146633433193,4149052.0
2017-04-05,331.9876708984375,335.2673397841503,330.8751519387067,332.6598336848957,5744080.0
2017-04-06,333.4130554199219,334.45605767879545,330.29564887458747,331.7906074616741,6124416.0
2017-04-07,333.4941711425781,334.9196132173429,331.1184437823859,331.6863175419898,4648360.0
2017-04-10,332.4049072265625,334.4561398476426,332.0572397215234,334.4561398476426,3393876.0
2017-04-11,333.6448974609375,334.03890929451086,331.7906708685877,332.37011667869706,4356260.0
2017-04-12,334.61834716796875,336.06696165888303,332.71777627318994,333.5290003881019,3565092.0
2017-04-13,333.830322265625,335.82361013898577,333.0770427331789,334.4561124060487,4804236.0
2017-04-17,333.0190734863281,334.6415215898799,331.03735769969006,333.830297538104,7137056.0
2017-04-18,335.4527893066406,337.237471135555,333.2972395140399,333.7607961753946,3638860.0
2017-04-19,335.8468322753906,337.64311450460684,333.29727040166443,335.38327557107675,4338144.0
2017-04-20,338.89471435546875,339.7986555637676,336.762336595731,336.77393683033625,5781372.0
2017-04-21,346.87945556640625,347.43572923717795,336.8434704903442,339.7870440705156,17258032.0
2017-04-24,355.32781982421875,356.70688972449955,346.9721987768524,347.2271493096871,20206952.0
2017-04-25,356.2548828125,358.213398325253,354.528117329578,355.7913261663334,9057780.0
2017-04-26,359.4070739746094,359.95174739282487,340.3548782248711,357.62236385318107,7795852.0
2017-04-27,363.5674743652344,364.807482743386,358.3524620609265,358.3524620609265,16180420.0
2017-04-28,358.4451599121094,361.55099495506107,356.26643811820287,361.55099495506107,5437728.0
2017-05-02,357.0776672363281,359.4649952035172,354.70193950221574,358.5610541143266,4007040.0
2017-05-03,357.935302734375,360.2414859062268,356.78798297236096,360.2414859062268,2507964.0
2017-05-04,355.7333679199219,357.6107666061252,352.90565551098183,356.76477010071994,5131028.0
2017-05-05,355.1307373046875,357.6107823515535,353.7632678254207,357.4253483747449,2757896.0
2017-05-08,355.7333679199219,356.93860383635456,354.28475345630034,356.47504720799566,3747252.0
2017-05-09,355.9535827636719,358.2365937354766,355.235075574159,355.7334046597621,3345836.0
2017-05-10,359.67364501953125,360.41532440196323,356.2549144504451,356.9386492469604,2342244.0
2017-05-11,358.4220275878906,361.5742073264447,357.170418903879,359.48820228417674,3875744.0
2017-05-12,359.63885498046875,360.85569122507263,356.0578627703968,358.3061295697122,6147604.0
2017-05-15,360.04443359375,360.92517419868875,357.4600997701221,359.2563816785147,2804780.0
2017-05-16,361.4930725097656,362.03774591827766,358.85079392956044,360.4152976331125,3590376.0
2017-05-17,360.9136047363281,362.82577581322556,359.6040516128936,361.2960446103578,3472472.0
2017-05-18,360.9020080566406,361.9218382996768,358.8160032249422,359.0246093667623,3107280.0
2017-05-19,361.8639221191406,363.86881035670604,358.1554687939805,361.4583100367012,2854136.0
2017-05-22,365.2826232910156,366.20973654809944,362.2926773782701,362.756234006812,2860052.0
2017-05-23,363.6833801269531,367.0325940467598,362.73309461122307,366.20976963944565,3080172.0
2017-05-24,363.138671875,365.155131880701,362.03772488830384,363.6717733121744,3467388.0
2017-05-25,374.8203430175781,377.65962764339935,363.21982594334963,363.21982594334963,20090804.0
2017-05-26,376.8715515136719,378.26222144545665,371.10026563811465,372.38664664231646,5443156.0
2017-05-29,378.2390441894531,381.9706694642827,374.9362031458451,375.4345321900223,5916340.0
2017-05-30,377.5784912109375,378.60989343866373,374.5885451633315,377.79866930212546,4434184.0
2017-05-31,379.23565673828125,380.8117605520843,376.21096679079596,376.6397510025179,5318912.0
2017-06-01,377.47418212890625,380.08168833829467,375.6083835505846,379.8846824166804,3359540.0
2017-06-02,378.7838134765625,381.5303815916279,376.9179862201515,378.72586888218024,3213544.0
2017-06-05,379.0849914550781,379.8730150021729,376.63971919164237,378.65617898632297,2899900.0
2017-06-06,379.8730773925781,380.99722491216335,377.7986726850137,378.9575643190168,5002632.0
2017-06-07,380.3019104003906,381.2521959327689,377.87980977901003,380.2091934060296,2554276.0
2017-06-08,381.2174377441406,384.61299619984396,380.4989305242346,381.0204318070583,4248768.0
2017-06-09,386.32806396484375,387.0697431733857,380.13956666390715,380.13956666390715,5305272.0
2017-06-12,386.780029296875,388.4604219335206,384.7519692181648,385.67908239700375,3971412.0
2017-06-13,388.6227722167969,392.14582033112924,384.98386321353837,385.1576969868136,5051620.0
2017-06-14,387.3479309082031,389.3759912806739,386.3744732467183,388.2286998729773,3858360.0
2017-06-15,385.76025390625,388.3677600919112,383.268636884396,386.6062504606929,3526692.0
2017-06-16,386.89599609375,388.1591767361372,384.3116619304142,385.91093814353377,3755104.0
2017-06-19,392.3775329589844,393.09604010949624,386.698963983346,387.3015819710897,3825532.0
2017-06-20,390.9057922363281,392.6325296474042,389.3528602965979,391.7054162361943,3660264.0
2017-06-21,393.7218017578125,394.31284776242745,389.29484171932086,389.9901766455735,3410932.0
2017-06-22,393.5595703125,397.73157989178446,391.98346648747,392.85263514982097,6675460.0
2017-06-23,389.07470703125,394.6605592364063,388.2750548009354,394.48672548545795,5217468.0
2017-06-27,386.52508544921875,392.8642162594155,383.88280718563834,391.4735464673468,6000432.0
2017-06-28,386.2470397949219,388.22875610607963,384.2421795994872,385.91097248753584,4449036.0
2017-06-29,388.0202331542969,392.4182799400579,385.2320607785395,388.9418295763282,9187708.0
2017-06-30,385.4537658691406,387.30863619818945,383.34222245399116,385.8620731663375,4330432.0
2017-07-03,386.98193359375,389.05847327027374,384.3337751690905,385.5820230452513,3504332.0
2017-07-04,385.7569885253906,388.8717836111036,385.442014367285,387.3668912550151,3766080.0
2017-07-05,384.68377685546875,387.1919500783323,383.8088327079582,385.69870637033,4014200.0
2017-07-06,386.876953125,388.0085417929682,385.2903764383363,385.57037563782274,4571676.0
2017-07-07,388.98846435546875,389.5484342682471,386.84194625128004,387.5068980621562,5517396.0
2017-07-10,391.1233215332031,407.84059176012454,387.55356685197154,389.175118453025,1309252.0
2017-07-11,392.06829833984375,394.4948157258668,388.96515180561414,391.4033465057242,4410280.0
2017-07-12,392.2666015625,393.1415456552045,386.9702847138302,391.97495353159854,5738892.0
2017-07-13,392.8032531738281,395.07810786027517,391.89330560299857,393.8415087920641,4481004.0
2017-07-14,391.9632568359375,393.38652194136114,390.10838684362545,392.88488165676523,2443252.0
2017-07-17,392.5232238769531,393.75982285036014,391.27497607172234,392.5699046480023,2399340.0
2017-07-18,392.8032531738281,393.80650533140647,391.35666182292505,391.9049544357154,2322188.0
2017-07-19,394.8447570800781,395.7546760951017,392.4065626040821,393.1415212926599,3987244.0
2017-07-20,399.18450927734375,400.14110914815274,393.87651497231724,395.21809595051076,3698476.0
2017-07-21,397.3529968261719,400.1994705176604,396.6413641626717,399.9311486044756,3873508.0
2017-07-24,404.8307800292969,405.97404596994545,395.4747171948606,398.97449345322224,19678176.0
2017-07-25,405.8923645019531,410.4070698929277,404.3524687420956,410.4070698929277,11160468.0
2017-07-26,407.73565673828125,409.47386774732763,404.224202776208,406.4407279862363,3895344.0
2017-07-27,417.55828857421875,419.6931576729964,408.668863053387,409.70711856156953,17961712.0
2017-07-28,414.9568176269531,416.8233650213954,410.89707134779053,413.44024786896875,9255396.0
2017-07-31,416.33343505859375,417.87333108493374,412.1687065505645,414.73520942154954,7369140.0
2017-08-01,419.3199157714844,422.1080883964112,413.4869543987381,415.7384831848695,8516860.0
2017-08-02,418.0249328613281,421.60636474048823,415.7850818328917,421.60636474048823,7397916.0
2017-08-03,415.2951354980469,418.106634022227,414.0002352771881,417.17336028557025,4256784.0
2017-08-04,417.6983337402344,419.21490358763646,412.0753650791946,414.6068644359148,3545068.0
2017-08-07,417.30169677734375,419.1448896220629,416.4734049436376,416.7067233777797,1918660.0
2017-08-08,414.8168640136719,419.3315701732294,412.0636950036741,418.129974499851,4035372.0
2017-08-09,411.6786804199219,414.61851533722404,410.2554437346622,413.20692748437256,3270056.0
2017-08-10,410.7454528808594,412.04038166761734,408.9722383615535,410.64047097112484,7788444.0
2017-08-11,408.0856018066406,410.17379031363146,403.90919631140594,407.1406507948162,6359836.0
2017-08-14,409.98712158203125,414.12852359107853,407.8406034825191,409.0071955977437,3577084.0
2017-08-16,415.59844970703125,417.59333365812637,407.9689485070162,411.18872572336284,4426832.0
2017-08-17,411.90032958984375,415.5284138019569,409.1821643980908,414.43182865979117,5454868.0
2017-08-18,408.8088684082031,410.87373069414645,406.67399920493887,410.6404122780794,3707464.0
2017-08-21,406.7206726074219,410.40711516513596,405.5540804665318,409.2405230242459,4009724.0
2017-08-22,407.6072692871094,409.24049818522604,405.2274328566401,408.61054985988176,6609556.0
2017-08-23,413.54522705078125,414.8284783760305,408.30723985203764,408.30723985203764,3360524.0
2017-08-24,411.2237548828125,414.12855809926987,410.4421437967331,414.11690926589864,7878276.0
2017-08-28,411.1654052734375,413.241945006819,410.25545769574745,411.200408734359,1507784.0
2017-08-29,407.40899658203125,410.4071328168185,405.5074456143437,410.4071328168185,4918596.0
2017-08-30,412.6352844238281,412.97358472502896,408.3188938490185,408.762176041971,2694320.0
2017-08-31,414.478515625,415.2718039871628,409.80049816918256,413.4402599988813,7303436.0
2017-09-01,412.4136657714844,415.6451204451294,410.8970959227967,415.54013854041443,2295172.0
2017-09-04,408.5172424316406,411.8070265794524,407.397302581586,411.8070265794524,3642524.0
2017-09-05,409.5554504394531,411.7836525666192,408.54052108902283,409.9404314982371,3682436.0
2017-09-06,410.6170959472656,411.2937250662833,405.5074168170147,406.84899774146686,5751632.0
2017-09-07,412.1686706542969,414.54850717126357,410.6637497404406,410.6637497404406,6946420.0
2017-09-08,417.0916748046875,417.639967389647,413.20691745646076,413.76688735479786,8311664.0
2017-09-11,425.4211730957031,426.73942798172817,417.68666109130874,418.33996411768106,11477676.0
2017-09-12,428.18597412109375,429.28258783795957,424.2429154135185,426.4360858847424,6687680.0
2017-09-13,429.737548828125,431.40578131529213,425.5728205078923,428.13932326314824,4995376.0
2017-09-14,429.1658935546875,432.2223590615173,427.32267240009116,429.34088236402414,8154016.0
2017-09-15,431.3941345214844,432.0591148855772,427.77769856504057,428.3726720019901,3767332.0
2017-09-18,434.0772399902344,435.01051366355586,432.2223699570088,432.4673656887566,4084928.0
2017-09-19,431.5690612792969,435.83879967071306,431.0674494715296,435.11551827971545,4241468.0
2017-09-20,431.3707275390625,434.3105337468419,430.53078697701847,431.1724125909932,3446128.0
2017-09-21,429.095947265625,431.28914634877276,427.1360666278918,431.1724871260655,7712496.0
2017-09-22,425.59613037109375,429.06090326187245,424.63953053153153,428.09265458989347,8243524.0
2017-09-25,419.9148864746094,425.2112039738826,418.24665383667536,425.2112039738826,10149228.0
2017-09-26,418.1766662597656,419.1799184986521,416.4734301947581,417.4183813028284,11438732.0
2017-09-27,414.49017333984375,421.27973366903063,412.97360360907595,419.03988253214715,7337220.0
2017-09-28,418.8766174316406,419.7398842892051,411.4104271607932,413.9069231401055,27646464.0
2017-09-29,421.30303955078125,425.10614100828445,419.09819197921564,419.9964621572146,6213632.0
2017-10-03,422.0380554199219,424.8728801683671,419.2965637439316,421.83974044173954,4394424.0
2017-10-04,419.2732238769531,422.7496742230462,418.4216059007074,421.8164004915449,6625104.0
2017-10-05,419.646484375,421.1397278875829,418.3632331265891,418.80654379956303,3336196.0
2017-10-06,419.9964904785156,421.0114199294014,418.573253784529,419.5065274830452,3030660.0
2017-10-09,418.92327880859375,420.67316719125284,417.75668655348767,419.69324108946626,3062492.0
2017-10-10,420.6031188964844,423.46126964039075,418.2582857830928,419.73985210511194,3798180.0
2017-10-11,417.67498779296875,423.5312746144555,417.08001441161366,420.7314534904376,5267440.0
2017-10-12,424.3595886230469,424.97785970194286,417.17336930295494,418.829924525077,5381560.0
2017-10-13,431.82574462890625,433.16732554856765,425.10616271705766,426.20274790236687,6433464.0
2017-10-16,433.3073425292969,437.0637636822569,429.7725624997823,433.97229438088766,3274544.0
2017-10-17,431.9306945800781,432.5023132762862,429.0958702806421,431.6390465756351,2613288.0
2017-10-18,435.95550537109375,437.47207523189763,429.0726113874452,429.5392482676926,3926720.0
2017-10-19,431.2657775878906,435.1388577028288,429.4575598145947,434.3922501437754,570008.0
2017-10-23,434.74224853515625,436.23546372456025,428.3843212222505,433.9489601650016,4162892.0
2017-10-24,435.6288757324219,438.5453563804099,432.33909125774267,434.6722757761331,11328872.0
2017-10-25,418.82989501953125,434.6722216219161,416.4733846457972,433.9722663536038,21367208.0
2017-10-26,418.8882141113281,422.306334615377,410.13877347703163,412.50696110496494,28571464.0
2017-10-27,417.885009765625,421.7230867700062,415.0735111279895,420.99980529116067,7472088.0
2017-10-30,423.4729309082031,423.7062493274363,418.19994032978394,419.5648473860475,5422352.0
2017-10-31,421.9564208984375,422.65637625519463,419.79822521510295,422.65637625519463,4682460.0
2017-11-01,424.9195251464844,425.80614659765524,422.773006923261,423.4962883801349,4190612.0
2017-11-02,425.1294860839844,426.92605500123466,423.92789052841323,425.3394783575919,4737944.0
2017-11-03,427.1360168457031,429.30588952766453,425.0128249361374,425.96942475459537,3810488.0
2017-11-06,426.6460876464844,429.3059235210724,425.24617702630695,425.80614697062884,6148244.0
2017-11-07,425.5027770996094,430.4607933607583,424.8144991758563,428.8392417878478,7446376.0
2017-11-08,426.02777099609375,427.81266266144144,424.4062193186311,425.85278217559403,3283144.0
2017-11-09,426.4710693359375,428.13930173923734,424.8961699971147,426.2727543747066,3113308.0
2017-11-10,425.1061706542969,428.0926578889359,422.8546421551846,425.0361637342456,7744360.0
2017-11-13,423.13470458984375,425.3745561099328,418.80663576368266,425.1062341846406,3335872.0
2017-11-14,420.5214538574219,424.40621129532565,419.97316125980547,423.6829298805177,4712468.0
2017-11-15,420.0315246582031,420.82481305621104,417.17337374746126,419.50655816439337,6148368.0
2017-11-16,421.76971435546875,423.70626871622164,418.8532339815961,420.9064475573039,4012972.0
2017-11-17,425.9344787597656,428.90928879451275,423.04132448070186,426.6694090421704,6358772.0
2017-11-20,428.8742370605469,429.2358635039426,426.7393679325945,426.7393679325945,2392424.0
2017-11-21,430.76416015625,431.6391042865606,428.3959723472918,428.71094653795274,2275532.0
2017-11-22,432.8639831542969,433.9722456094824,430.36748754248487,431.5690545773164,5660796.0
2017-11-23,429.9707946777344,433.97221081238877,428.8392061683713,433.7388924194789,3232580.0
2017-11-24,431.9657287597656,433.4589723449685,429.53921149396746,430.0058483342651,5203684.0
2017-11-27,433.4006652832031,434.4389209143691,430.61249292864693,431.4057812946662,3870472.0
2017-11-28,435.22052001953125,436.53877482200545,433.00399497366857,433.0389984338012,5090540.0
2017-11-29,437.07537841796875,437.5886675152225,432.9923063403807,435.1388242686696,3274584.0
2017-11-30,432.5023498535156,437.22704792506545,429.305898846993,436.0021262028118,5796312.0
2017-12-01,431.2190856933594,433.9722543987122,430.2624858826019,432.78233617161135,3858148.0
2017-12-04,427.9293518066406,432.782386827113,426.996078032031,432.782386827113,3641932.0
2017-12-05,424.7445068359375,426.63440882533973,421.606385475453,426.0394354610831,3893360.0
2017-12-06,420.74310302734375,424.95448326793854,419.7398224649714,424.6278317954509,6395120.0
2017-12-07,422.2247009277344,423.8462526175189,420.69645382458936,421.52474564041665,4231304.0
2017-12-08,429.39923095703125,432.33903738764764,423.2396188997263,423.2396188997263,8956400.0
2017-12-11,430.7991638183594,432.0474117485997,429.3059201390163,431.1724676178816,3198232.0
2017-12-12,424.6161804199219,431.61573272593324,423.6945556108796,431.42906660527245,2410588.0
2017-12-13,424.9544982910156,430.47248461663384,423.49625816697557,424.6512014339668,2907460.0
2017-12-14,428.8509216308594,429.30588114500694,422.7729655623655,425.5727865263547,3683092.0
2017-12-15,437.1103515625,440.5051457252877,432.92229761296153,433.03895681468964,12450124.0
2017-12-18,438.39361572265625,443.07166124254644,422.14301122722367,432.80565118742686,12297988.0
2017-12-19,439.6885681152344,441.8234373817977,437.7403649795602,438.59198291970597,4952112.0
2017-12-20,435.8738098144531,444.0282771597041,434.8238769297641,443.04835119316186,9343504.0
2017-12-21,435.9088439941406,439.80525047052896,435.18553405982226,438.6153321469392,6854544.0
2017-12-22,437.85699462890625,438.63860559688453,434.38054466489353,438.40528718965214,4470904.0
2017-12-26,435.9205322265625,439.2920010095841,433.20236651382555,438.8720163956501,6785696.0
2017-12-27,433.2139892578125,436.37546533562056,431.9074117630877,436.32878456147665,3489384.0
2017-12-28,438.1836853027344,438.84863712659455,433.5056394266462,433.7156317081951,8700520.0
2017-12-29,436.8654479980469,438.45199628402827,435.873844638838,437.8920548191258,6345872.0
2018-01-01,432.6889953613281,438.8136036806783,431.75572171266526,436.93537907024364,6580516.0
2018-01-02,436.8537902832031,437.4720898664656,433.6340127905395,433.6340127905395,4776316.0
2018-01-03,432.25738525390625,438.2303312304897,431.9190564493103,437.4720463501494,4531288.0
2018-01-04,433.94891357421875,435.255490965294,432.3390108596568,432.3390108596568,2373776.0
2018-01-05,434.81219482421875,435.8504788652752,432.93399866217055,434.67220947072013,2870868.0
2018-01-08,434.1123046875,436.4688153488086,433.44735279770714,435.13891156922284,4570308.0
2018-01-09,434.8355407714844,436.2704547930066,432.805681850187,434.4389108383009,5305528.0
2018-01-10,434.9522399902344,435.81553533782073,433.3423654817401,435.18555843856757,4615888.0
2018-01-11,436.90045166015625,437.70538887726343,433.0973497352986,434.9522199214611,4059096.0
2018-01-12,435.2088928222656,438.2070290476211,433.97229371112456,437.00543339835286,4336708.0
2018-01-15,442.7800598144531,444.3316331027293,433.9372854358322,436.29379593198075,12576444.0
2018-01-16,443.3399963378906,445.6381770520921,439.86354622379923,444.109930026245,6445384.0
2018-01-17,441.0884704589844,443.89996879622515,440.2718559937072,442.60504018021334,2905496.0
2018-01-18,451.3078308105469,455.90419228809475,447.51640648880607,448.9046396941117,16649540.0
2018-01-19,455.4842529296875,457.28082202913674,447.7964216270681,451.50619056618507,11455988.0
2018-01-22,458.085693359375,463.8369978468347,455.70585697620254,457.30408238420324,8849768.0
2018-01-23,455.27423095703125,458.8673117344211,453.407683651893,458.47068182457986,5047796.0
2018-01-24,456.7558288574219,459.4039873339698,455.1109225382041,455.5659105641331,4790568.0
2018-01-25,460.7922058105469,461.97047523331474,455.087581789182,455.8808701196716,8723668.0
2018-01-29,466.5551452636719,468.25835249859955,461.5037961965146,461.5037961965146,8235892.0
2018-01-30,465.5868835449219,467.0801270535938,462.9387253082055,466.1235272762613,6397560.0
2018-01-31,467.9667053222656,469.78660024190094,463.6036626176594,464.16363247610485,6943348.0
2018-02-01,464.5719909667969,470.13662974670444,463.2070838670087,468.03676390664475,6521420.0
2018-02-02,454.5042419433594,464.28028857258,452.98767234755246,463.3703411188459,7346124.0
2018-02-05,446.5364685058594,451.5294885699681,444.6699210786227,447.50474567998907,7926784.0
2018-02-06,442.5584411621094,446.1048701600004,428.4426751345571,433.97231092970753,10749804.0
2018-02-07,436.95880126953125,444.93828080707715,434.532283711511,444.93828080707715,8364972.0
2018-02-08,438.86029052734375,442.9783665225845,435.48885059857577,439.57192313298515,5171444.0
2018-02-09,431.5224304199219,435.06885911521874,430.2625052187955,431.1491266332464,6408952.0
2018-02-12,437.85699462890625,440.03851604027886,432.8406488734099,433.9722374522368,4381108.0
2018-02-14,439.37359619140625,442.81504294806587,437.3903895858736,440.92516940845593,3577188.0
2018-02-15,439.08197021484375,442.0801064198968,437.4720673108888,440.9018369261044,4915224.0
2018-02-16,438.3119812011719,442.103405552861,437.6237032498279,439.5485802283777,3583520.0
2018-02-19,438.2186584472656,440.4118573585593,433.75063335268595,439.2452652228981,3654552.0
2018-02-20,434.7189025878906,440.0035709084739,433.69232424498875,439.7469263227484,4084068.0
2018-02-21,433.36566162109375,435.9671678361138,432.152388685023,435.8271539918047,2753072.0
2018-02-22,432.3857116699219,433.97228841793,429.6675746914474,431.639104071597,13253596.0
2018-02-23,438.7669677734375,439.77021989445865,431.7324116877343,433.2489814234372,4076748.0
2018-02-26,445.9998474121094,446.758132294568,439.4669315016969,440.528513248387,4788884.0
2018-02-27,443.9000549316406,448.3797580464837,443.3050814561306,446.74652879901373,4787328.0
2018-02-28,439.6186218261719,442.2434544467589,438.17205879666216,440.8668983463009,4066364.0
2018-03-01,437.3204040527344,441.7418054959263,435.8388376829858,438.4753473976598,3909840.0
2018-03-05,436.2938232421875,438.1720481531312,433.56400877558895,437.27377781882353,3781464.0
2018-03-06,430.76416015625,438.61533118182126,429.1892607216909,436.30547298155045,4576828.0
2018-03-07,427.5793762207031,432.4324112647783,426.62277629332687,429.30593840837923,5628164.0
2018-03-08,432.30401611328125,433.62227084384295,427.4393328953028,429.25922791039267,5518724.0
2018-03-09,431.88409423828125,435.1972045747498,430.2391879028755,432.79401333658683,4108108.0
2018-03-12,435.6638488769531,436.17713804277474,432.43239424012285,434.0189425134606,6557116.0
2018-03-13,434.0306396484375,439.7469415817189,432.8057178055915,435.71052106898117,5124200.0
2018-03-14,435.022216796875,435.8155051625328,431.17246266592923,433.03901012335746,3680392.0
2018-03-15,438.8253479003906,440.3885701077409,435.18555733065443,435.18555733065443,5870924.0
2018-03-16,432.3390808105469,438.89532345254526,430.83418822505234,438.63867885797526,7896336.0
2018-03-19,430.9974060058594,433.97221554792173,430.0408062807402,432.33898677973065,7838740.0
2018-03-20,429.1892395019531,433.0156673389115,428.1976362032941,430.49581697570034,3657372.0
2018-03-21,433.71563720703125,434.7188893718679,430.075875378634,431.17246061214826,5921140.0
2018-03-22,435.7804870605469,438.6386377587087,432.8290032963986,433.71562470139077,6673224.0
2018-03-23,429.66754150390625,432.362352127021,428.6642609199748,430.8574597323759,7190152.0
2018-03-26,441.7767639160156,443.3050110043477,427.7893356191955,429.2825792472503,10501768.0
2018-03-27,441.5784606933594,443.07170436112744,437.7053804009874,441.8584599017713,6136836.0
2018-03-28,440.0618591308594,443.2349838951618,437.7170261366285,439.32690042352505,8837508.0
2018-04-02,450.58453369140625,451.64614392407515,441.08848512900124,441.08848512900124,4596368.0
2018-04-03,447.0147399902344,449.3012432815043,445.87147410397404,448.8929360707864,4079884.0
2018-04-04,439.3969421386719,449.1263094729365,438.27700225963594,446.3264882566009,3714108.0
2018-04-05,445.3816223144531,446.5715407864413,441.0185499421527,443.6084076815631,4858892.0
2018-04-06,448.76470947265625,449.47631365171907,444.65831047593423,446.15152576110154,3720008.0
2018-04-09,452.4161376953125,453.10441570875315,447.13146927207725,447.6914392307902,4003536.0
2018-04-10,448.1697082519531,453.33771726129595,446.45482345830663,453.33771726129595,6067236.0
2018-04-11,447.70306396484375,447.97138585574766,444.56494247205364,447.0147859884523,2870812.0
2018-04-12,450.02459716796875,450.9811970304485,444.68159944856467,447.0381098847965,4712516.0
2018-04-13,449.137939453125,452.6377156047078,447.7613551372522,449.83789468344156,3297172.0
2018-04-16,453.12774658203125,454.970967994774,447.9364111779883,447.97141464100827,2847744.0
2018-04-17,454.6210021972656,455.2042983253093,451.2612108034826,453.4544099411782,2667832.0
2018-04-18,450.91119384765625,455.78755474957177,450.31624893763126,455.2042586723391,2712720.0
2018-04-19,452.4044189453125,453.757677181487,451.0045084173745,452.6377373666355,3169032.0
2018-04-20,456.3475036621094,457.5374219086095,450.806191183614,452.87105350566594,9361380.0
2018-04-23,451.64617919921875,461.7372019296158,434.0423139441264,461.7372019296158,15304620.0
2018-04-24,451.4711608886719,454.5159777848411,449.3712950240734,451.4711608886719,5037416.0
2018-04-25,448.1463928222656,452.1711359050115,446.10485647594527,449.8146253615098,4020592.0
2018-04-26,450.3629150390625,452.4511036670759,445.92986471618093,447.22479343984025,7847480.0
2018-04-27,448.76470947265625,451.5878570028242,446.2215326881432,451.0045608816632,5777008.0
2018-04-30,453.64105224609375,456.09089585508553,450.024616442344,450.304587176584,4609552.0
2018-05-02,459.5206298828125,461.5038364601184,454.03764699261393,454.970920676052,7100048.0
2018-05-03,459.1473693847656,460.78059848472986,454.0376897900551,459.18237284744447,4152772.0
2018-05-04,463.95367431640625,464.30365194349935,458.7740168279294,459.63728358225814,6881436.0
2018-05-07,461.3638916015625,463.67374986707745,460.803921646096,462.3554949772566,5264128.0
2018-05-08,458.94903564453125,461.9471718163766,456.0442040610086,461.7955091384711,7100564.0
2018-05-09,461.5971984863281,462.0871615046239,456.40586329648823,456.40586329648823,4327332.0
2018-05-10,464.93359375,466.40351115564755,462.4370981042989,463.97699394563097,7171672.0
2018-05-11,469.37835693359375,470.60327870513663,463.37040729221684,464.9336293986366,6057068.0
2018-05-14,471.7115478515625,473.02980271084607,469.53002617182125,470.6499375755565,4742916.0
2018-05-15,475.456298828125,481.8025486085794,472.86644152033546,472.94812575425465,9826684.0
2018-05-16,472.0848388671875,478.06946228308743,470.63827599607004,473.7647486491745,6841604.0
2018-05-17,473.1114196777344,477.00782584588853,469.55331382144766,472.2014721559418,6615476.0
2018-05-18,469.4716796875,472.39980886447876,467.45346959295676,472.39980886447876,5217460.0
2018-05-21,465.0152893066406,471.53652776622573,463.3820603633632,470.39326180968106,4848108.0
2018-05-22,464.2803039550781,469.89159455672655,463.25369726765314,466.33348884867735,3960372.0
2018-05-23,459.05401611328125,465.23695457681464,458.0974162359288,463.790391687282,5726292.0
2018-05-24,463.37042236328125,464.3620257344011,456.4525249132179,458.9606981460504,4520744.0
2018-05-25,468.66668701171875,470.36992282715505,464.2803179153753,464.303644060535,4759588.0
2018-05-28,476.4828796386719,478.7694116129504,468.0367639842001,468.4567485447829,5103940.0
2018-05-29,474.2430114746094,478.93270598751684,473.3564185735697,475.5029366300366,3351244.0
2018-05-30,477.9178466796875,479.00275463460133,470.4399793271082,471.23323923365706,4866996.0
2018-05-31,502.3613586425781,507.186687902472,488.401995757936,493.09816879407,39639192.0
2018-06-01,495.5872497558594,502.0209850054679,493.33306337534515,496.85519376593544,21151356.0
2018-06-04,480.4654541015625,506.482264308303,478.528282715126,504.83860373799325,88796324.0
2018-06-05,484.5511169433594,485.3376914664156,475.0178635336077,481.35769661092223,17105460.0
2018-06-06,483.0835876464844,484.8329005825765,480.18367795665455,483.75275788744796,9782000.0
2018-06-07,484.2223815917969,488.355036719887,482.1091037635001,486.8052767152707,10563896.0
2018-06-08,481.2051696777344,483.99936991371237,477.8356423405238,483.47105040743907,6180888.0
2018-06-11,479.54974365234375,484.39851961015336,478.7279133322856,481.8038724201316,7091188.0
2018-06-12,479.9136657714844,481.9917166441849,478.6339700617147,481.8038582541426,5234256.0
2018-06-13,477.0020446777344,482.48484986278504,475.2762067456696,481.8273741443,7897960.0
2018-06-14,478.399169921875,480.1837100063803,475.48753680338393,476.661580104133,16927576.0
2018-06-15,476.5676574707031,478.75138950543726,474.85357142590306,475.7223520151556,10880816.0
2018-06-18,474.1138916015625,478.7278873088505,471.75405320269425,476.6850348549972,7487404.0
2018-06-19,475.1352844238281,479.1739815783252,474.1490995982215,475.4757454875541,10981152.0
2018-06-20,482.8017883300781,483.23620726811595,475.48752172883127,475.7223303815369,9051712.0
2018-06-21,483.1423034667969,486.2417661962618,480.66506073225696,483.7058212989429,13510704.0
2018-06-22,489.1886901855469,490.46838603615976,481.322599344813,482.98970658988196,7848980.0
2018-06-25,491.91241455078125,492.5816421946241,486.77012757904987,489.1182142924132,6992336.0
2018-06-26,491.6189270019531,493.80265921410205,488.3668611456805,489.8226635116669,9161932.0
2018-06-27,496.0567932128906,497.6769500205704,490.75009461806656,491.45452059120254,19126804.0
2018-06-28,500.34197998046875,502.4904559621135,495.72795611754543,496.6202403550795,37533540.0
2018-06-29,495.082275390625,502.49049959525075,494.29570082677577,498.19348993251145,19458120.0
2018-07-02,486.8171081542969,495.0706105350471,484.4690212947561,495.05891596182084,9864876.0
2018-07-03,486.10089111328125,489.5760708512574,485.02080564053733,486.8170690131268,6863100.0
2018-07-04,493.93182373046875,494.9884628192441,485.81917215027005,487.52153512663034,6097992.0
2018-07-05,498.6748352050781,499.9075805304821,491.34881730794274,494.2721733286354,9735968.0
2018-07-06,496.6554870605469,501.44561785793235,495.7632600624915,496.221125459142,8121344.0
2018-07-09,499.1209716796875,500.14241221262523,494.91791987847927,498.22874469267197,6182296.0
2018-07-10,503.9932861328125,504.74471970772674,498.96840372698927,500.1189432332853,10950736.0
2018-07-11,504.4277038574219,506.17701690919836,501.2695388456107,503.67632761066994,5857920.0
2018-07-12,508.5838317871094,511.84770672457074,505.30826227711367,505.51956715143496,8020668.0
2018-07-13,512.0941772460938,514.418817346762,507.9146290115367,509.15906903287544,7161188.0
2018-07-16,509.26483154296875,514.242764122971,508.06728433739215,511.7420172704641,9017336.0
2018-07-17,511.1197509765625,512.1176877821904,507.9498340645682,507.9498340645682,6361924.0
2018-07-18,510.99066162109375,521.2752937467711,510.3918879940895,513.5266069478326,17460272.0
2018-07-19,513.315185546875,515.0527465344452,509.7695521888673,512.5872558398422,5304776.0
2018-07-20,514.0078735351562,517.2482442871284,509.7930698412642,513.3151995007275,10006964.0
2018-07-23,506.3531494140625,511.41328776237805,502.03269277856026,504.8386449444962,16880132.0
2018-07-24,507.1280822753906,509.3000627180564,504.13427139495946,504.13427139495946,5208792.0
2018-07-25,509.61700439453125,511.13150880478815,507.18671180327374,508.2785491550945,7038616.0
2018-07-26,514.8414916992188,517.3891312686384,508.3607497419521,508.3607497419521,21281092.0
2018-07-27,517.0839233398438,519.3850599207711,512.9865232471259,517.0369730680573,10554596.0
2018-07-30,509.51129150390625,516.3442464820189,507.04580055890347,516.3442464820189,7169120.0
2018-07-31,511.7654113769531,513.2681636851529,504.8503086577488,507.186643071447,8860944.0
2018-08-01,506.8814697265625,510.70886255256846,505.23780901949675,507.84420821409253,6071560.0
2018-08-02,500.189453125,505.707457264457,498.1114306427529,505.66050699236786,8905704.0
2018-08-03,498.1816711425781,504.1458443121825,496.3854081825691,500.975928034763,13604008.0
2018-08-06,496.4560241699219,501.8800705069737,494.53060437937086,498.0292309258718,5744632.0
2018-08-07,500.3537902832031,501.1991244566728,494.97669447395936,498.96844201003967,7428456.0
2018-08-08,501.63348388671875,505.261266075008,500.8586038740913,501.516079561361,9945380.0
2018-08-09,497.442138671875,502.9601420982564,491.8419292852061,502.9601420982564,8944408.0
2018-08-10,496.49114990234375,498.6866337606767,492.62855898661405,498.61617969879643,5442940.0
2018-08-13,491.1375427246094,494.02570089585447,488.4020445881002,489.3412792892311,10054252.0
2018-08-14,490.5387878417969,494.2722225543108,490.09261699808627,492.62856195674306,4935964.0
2018-08-16,487.3923645019531,489.97525997607727,485.2086323176534,489.10647932732127,10625160.0
2018-08-17,487.77978515625,491.46626959535394,486.4413299541072,489.08292733781207,6065328.0
2018-08-20,492.2059326171875,494.8827859055283,487.2280001770316,487.2280001770316,7811136.0
2018-08-21,492.170654296875,495.9158405860353,491.37227053649883,492.6285196730597,7776320.0
2018-08-23,488.37847900390625,494.74181622955956,487.6623584959617,494.2721989384067,12574552.0
2018-08-24,486.0187072753906,491.5954127145241,485.1264229398632,486.2887142924375,9714628.0
2018-08-27,488.5076904296875,490.39791170545453,486.11265343941454,487.69761197616907,12574788.0
2018-08-28,491.8890075683594,492.68733418445834,488.12031662559315,490.28054511004365,9973532.0
2018-08-29,488.0498352050781,491.7011215981488,486.69968531216057,491.25495071599113,9873692.0
2018-08-30,485.13818359375,490.2569663965723,484.1402468129462,489.2473350441185,21827460.0
2018-08-31,483.98760986328125,488.1085134080727,483.2949357653232,485.86607918728106,15771500.0
2018-09-03,487.23974609375,488.15547698363014,484.52769446802455,485.91304270170696,7661608.0
2018-09-04,481.7804260253906,487.9206496299713,481.122950303974,487.67408906864836,7130536.0
2018-09-05,480.38330078125,483.752799385921,477.9647887335589,482.2500468628833,5641508.0
2018-09-06,481.87432861328125,483.47103899314413,477.2720845332553,481.1229523540322,10402412.0
2018-09-07,482.98968505859375,483.7058629714643,479.18579604806587,481.59258492935595,5919300.0
2018-09-10,479.27972412109375,482.5318184789387,475.51103348960424,482.5318184789387,8598592.0
2018-09-11,469.71124267578125,480.8881290039828,468.24368857115485,480.4889657527908,18186536.0
2018-09-12,472.3998107910156,474.63049312666425,467.16359471681454,470.06347602052426,12246008.0
2018-09-14,476.5676574707031,478.3991765103619,474.0669394730345,474.2782730027131,10334672.0
2018-09-17,467.7857971191406,475.0061633544436,466.7996122205609,474.61875199917984,9338220.0
2018-09-18,467.0813903808594,471.93019510209257,465.14421887209676,468.41981698481396,9325736.0
2018-09-19,460.5419616699219,469.14770483101194,459.40314539633374,468.4080518159874,16712264.0
2018-09-21,462.63177490234375,469.5821056940648,448.5315030219591,463.48883226720335,22610148.0
2018-09-24,452.1710205078125,463.08962308700353,449.65857933657696,461.9273316970658,13390792.0
2018-09-25,458.4404296875,460.69458707203876,449.65858014421724,452.17102131996546,16682552.0
2018-09-26,462.150390625,464.4515269457104,459.12138185806106,460.9176451667265,14726724.0
2018-09-27,464.0171203613281,466.3299798358366,459.08613870143256,462.4321619706474,18352208.0
2018-09-28,471.03790283203125,473.2450812069738,464.25192712831097,465.07375740162604,14460716.0
2018-10-01,477.9412841796875,479.4792923957831,469.1007609012587,471.91846487224274,12449588.0
2018-10-03,476.93157958984375,481.87428431287384,471.26094514507656,476.7671963423181,15332148.0
2018-10-04,459.6966247558594,473.79689535359336,456.23319724205584,471.49575916729185,17970584.0
2018-10-05,461.46942138671875,467.2691832003726,455.56397848951855,458.8043204515025,15729180.0
2018-10-08,456.7028503417969,462.3382582637522,453.1807203905748,461.39902361009297,20128020.0
2018-10-09,455.6696472167969,461.3989838429504,453.1806813317528,456.56193152613554,12459364.0
2018-10-10,461.9039001464844,465.4495054784106,454.47219969906104,456.70288215689675,15939932.0
2018-10-11,454.95355224609375,457.47774546092376,450.2691020588108,452.00669195793205,14359904.0
2018-10-12,465.3555603027344,468.936392546365,455.9984404675856,456.7028664827261,9600320.0
2018-10-15,471.5075988769531,472.15332277097076,462.64357087725637,467.269290580042,12585968.0
2018-10-16,467.9149169921875,473.89078541022445,466.6821716331565,470.3217055502956,9406004.0
2018-10-17,463.6531677246094,472.6698258733057,461.04679736822436,471.04964040966115,7940796.0
2018-10-19,462.04473876953125,465.1207264699463,459.7553543441709,459.9666878699143,9867348.0
2018-10-22,469.3590393066406,474.3134963327304,466.94049862740013,472.90464436342523,20331160.0
2018-10-23,466.0599365234375,469.35900947380196,463.27745979354967,463.27745979354967,19428564.0
2018-10-24,467.79754638671875,471.6836411210028,463.18355054917953,470.55654810339286,18072336.0
2018-10-25,462.29132080078125,470.4626453160439,460.8002628162647,463.41838521848933,29847056.0
2018-10-26,460.5067443847656,464.2636830415066,457.64209012426744,462.29131317725137,15155712.0
2018-10-29,452.3119201660156,461.38725168249755,445.00934812029163,461.18767005989235,17044280.0
2018-10-30,449.1302490234375,453.65031557353615,445.97208411993347,452.0066550098639,13828704.0
2018-10-31,448.8954162597656,450.3394951243443,442.61428515739937,446.6177839234255,23449404.0
2018-11-01,449.0011291503906,453.1807349588011,445.19724014605544,453.1807349588011,19629052.0
2018-11-02,457.74774169921875,460.2249845866228,448.95416863756265,452.24148995603855,30092868.0
2018-11-05,459.2857360839844,460.1427934202508,455.05918023045075,457.8534089995868,5705296.0
2018-11-06,457.0667724609375,463.98187548608945,456.2214384212209,459.0508940158426,8485588.0
2018-11-07,459.7436218261719,461.38728250853865,457.876904373608,460.459799731613,958760.0
2018-11-09,456.7967834472656,460.20150909590456,454.66003032454637,459.8023171667845,10101620.0
2018-11-12,451.07916259765625,460.694565223055,450.1634031421028,458.2290744305769,7907764.0
2018-11-13,452.6523742675781,454.98870886583813,448.0618537026201,450.5977985835728,13350420.0
2018-11-14,459.6966247558594,460.2249442071176,454.7304161813997,455.18831023705553,26110636.0
2018-11-15,463.7823486328125,464.28719300414963,453.46249042513404,460.67113376638343,10392524.0
2018-11-16,470.6269836425781,472.66980741053203,464.9211220431463,465.1559306906428,15813216.0
2018-11-19,472.88116455078125,474.5483002986628,470.06346064005197,472.2002137063884,12286428.0
2018-11-20,472.5406799316406,474.21956759599294,469.394266794337,472.6698361608857,5705168.0
2018-11-21,474.0199890136719,475.24098259750536,470.5565612301664,472.61113703394085,6545604.0
2018-11-22,470.9087829589844,477.83563865446683,469.6525623197253,472.7285501332213,12974552.0
2018-11-26,481.3108215332031,481.8273891401136,472.4467942719754,472.88118457730934,18184436.0
2018-11-27,484.6450500488281,485.560780846586,479.1857489763304,479.25620303608025,12895440.0
2018-11-28,490.573974609375,492.7694584290291,483.72932535617474,484.87986481673295,13021108.0
2018-11-29,500.3890686035156,501.8800693841869,491.68939520306446,493.3330560275255,31908636.0
2018-11-30,499.7784729003906,501.91525460267167,495.4462646581016,500.142437782823,13040924.0
2018-12-03,496.2211608886719,502.9601580773831,494.7183510439008,500.37726277446467,10799856.0
2018-12-04,489.7052307128906,495.68109986897144,488.07332192989173,494.366148393072,8157420.0
2018-12-05,492.9103698730469,494.34272575240243,487.4510680599201,487.93243731946336,11798844.0
2018-12-06,492.4055480957031,493.48563361525805,489.5760920695541,490.6796813873691,11730252.0
2018-12-07,494.88275146484375,497.3247385821171,488.4724636240853,494.6713892764455,9903920.0
2018-12-10,490.4565734863281,494.22526382865266,485.091172839859,485.091172839859,10915056.0
2018-12-11,483.6002197265625,486.35922166731183,477.1312292427723,482.76663746217514,18905780.0
2018-12-12,489.6465148925781,490.7031538727838,483.729348068693,485.3377530094282,11370488.0
2018-12-13,493.40350341796875,498.96845781158777,491.05541655767894,491.9241972307183,7064236.0
2018-12-14,492.0885009765625,497.32474559898566,490.29223764466326,494.24872919945005,6158284.0
2018-12-17,500.189453125,500.7530283690887,492.86343356256333,494.03747699649034,8437324.0
2018-12-18,501.4221496582031,502.25573187997946,493.70871944799256,498.73360192289687,7413968.0
2018-12-19,498.6045227050781,507.0458840074396,496.279939504891,500.87046105658976,9009896.0
2018-12-20,501.89178466796875,502.5962106842029,493.7204314143853,496.0450716637596,7980476.0
2018-12-21,495.71624755859375,504.6272814901696,495.2231838002918,501.08164802301764,10220308.0
2018-12-24,488.55462646484375,494.0374317294471,487.77980373051804,494.0374317294471,5601488.0
2018-12-26,498.34613037109375,499.43796759539066,485.819066739475,487.6975358230495,7601916.0
2018-12-27,494.2840270996094,502.0679119709213,492.7342668691588,500.8469182908011,11639868.0
2018-12-28,498.4751892089844,501.9621200957392,496.73762837681494,497.17204724801854,9415612.0
2018-12-31,498.1935119628906,501.7860958504838,497.0194686876204,501.7860958504838,5866528.0
2019-01-01,504.3924865722656,505.07340873021195,494.4131188962852,499.59060379417036,6373440.0
2019-01-02,499.7902526855469,504.25161740296545,497.72392493010705,503.1480281223448,8134232.0
2019-01-03,495.86895751953125,499.7315486504346,493.8026297718144,498.78056207790377,12771664.0
2019-01-04,497.19561767578125,499.79026500116737,495.5285104782037,496.67905005577603,7287120.0
2019-01-07,497.9468994140625,501.3986321439914,497.3246794736744,499.6023117246012,5387012.0
2019-01-08,493.8026428222656,498.6162206529154,492.3115848076029,498.26400764091665,8343460.0
2019-01-09,497.0429992675781,498.1113901709123,493.70872765140484,497.32475820355967,8568628.0
2019-01-10,495.0941162109375,498.68670058492125,491.3723755939215,497.08999004911294,7691540.0
2019-01-11,495.89239501953125,498.73360278703433,494.9766641596367,496.33856587733516,6408040.0
2019-01-14,493.48565673828125,495.422828416376,492.73428040113674,495.422828416376,4855160.0
2019-01-15,498.2404479980469,499.32059071097746,493.5677788264635,494.2839566691894,5087556.0
2019-01-16,497.8413391113281,498.9684322117089,495.0353869225107,497.8061407407654,5252452.0
2019-01-17,500.6826171875,501.52789413653227,496.2330036570196,499.0272043385882,8240228.0
2019-01-18,500.2012023925781,502.25577839113936,496.51471749471324,501.3165436489399,5207976.0
2019-01-21,504.40423583984375,508.7129979871169,499.32065092065733,502.47881615648697,17561512.0
2019-01-22,501.51605224609375,504.08719536612466,499.91934204292727,503.89933699051784,8796976.0
2019-01-23,494.3661193847656,501.51608879171346,493.4386366626351,501.08166984936196,7624288.0
2019-01-24,493.62652587890625,498.1817911405713,492.6050852351728,495.44629306908894,10111572.0
2019-01-25,492.158935546875,495.446256681253,490.7500836321416,491.4545095895083,11262236.0
2019-01-28,489.3764953613281,493.5796051967228,487.6389340319209,490.7501490919536,15360436.0
2019-01-29,483.1423034667969,489.1064202746107,482.0621607411309,487.99107918180977,14762788.0
2019-01-30,477.7651672363281,483.0601139646413,476.1919606855232,483.0601139646413,18514160.0
2019-01-31,488.3902893066406,490.6914257737419,474.7831381335117,476.89641619642055,16579404.0
2019-02-01,490.8557434082031,497.0899246894855,487.6036779188113,488.3902525205132,15654188.0
2019-02-04,494.24871826171875,496.1506913103842,489.0242256532682,491.92413549231185,7938288.0
2019-02-05,496.39727783203125,497.5595692775353,492.39377856299734,494.9766739202663,8690288.0
2019-02-06,498.4165954589844,499.43803609380046,496.2916228778102,496.9138429165516,10875684.0
2019-02-07,497.1486511230469,500.1424616328208,494.4718552448418,498.9801701942932,7217308.0
2019-02-08,498.4165954589844,503.65284021287,494.6596567765675,495.9159060790346,12235644.0
2019-02-11,502.4083557128906,503.1714839023567,496.221181557175,496.221181557175,7036364.0
2019-02-12,500.0719299316406,504.3689393438295,498.9213905703717,502.0208530340351,9772388.0
2019-02-14,495.4933166503906,502.4906275080613,494.41323100575903,502.4906275080613,7441388.0
2019-02-15,493.2507629394531,495.00013322616223,487.97932026301004,494.82402674035905,8416524.0
2019-02-18,490.7265930175781,497.3247392593423,489.81086217893676,494.6948937464669,7138744.0
2019-02-19,489.35302734375,495.01188197780425,487.9793736736031,490.6796734181402,5268636.0
2019-02-20,495.0588684082031,495.6810884356774,488.8481334002276,490.39789350919574,4892500.0
2019-02-21,496.8316650390625,497.78265166207717,491.5954773155014,493.49739323519253,5261544.0
2019-02-22,491.0906066894531,499.69637928381246,490.53884068234737,497.6534978885687,8890708.0
2019-02-25,499.0622863769531,500.1306772095615,491.95932464901887,491.95932464901887,8140596.0
2019-02-26,495.598876953125,498.96840416590805,493.3565001037048,495.7397850801287,9607428.0
2019-02-27,491.27838134765625,498.8392081566859,490.31564298468345,496.8785903912916,7030092.0
2019-02-28,487.8267517089844,494.47184837022587,486.80531108931683,491.47803790207473,11645376.0
2019-03-01,489.1886901855469,493.3095366902935,487.6976321254993,489.8696124322691,9352928.0
2019-03-05,494.76531982421875,495.70455440614404,486.05389614633003,490.49175661539516,11837276.0
2019-03-06,494.09619140625,495.516795461756,490.87932378288065,495.44634138870737,8458044.0
2019-03-07,499.32061767578125,500.1424479893788,491.9241448534031,495.3523742349434,10204852.0
2019-03-08,499.7198181152344,500.14248520179916,495.31715539338757,496.63210692351413,7053460.0
2019-03-11,499.7784729003906,503.35930490799063,498.3109187989152,500.6120550952951,9224108.0
2019-03-12,509.7695617675781,510.7087963355516,501.786067939804,504.1341543597376,15097292.0
2019-03-13,522.8132934570312,524.5626067097525,510.02797191632516,510.7088941780267,57166348.0
2019-03-14,522.390625,527.7325226149005,519.0681050184108,527.1103025265578,15379864.0
2019-03-15,529.02392578125,530.6440826500462,523.1654610156061,523.8581351167194,12763088.0
2019-03-18,531.008056640625,538.0992670271777,527.6150828158658,531.1137090771234,14358720.0
2019-03-19,532.4873657226562,534.401033468184,528.5543204681729,532.8982808984978,11957992.0
2019-03-20,539.8250732421875,540.059881886486,530.9140966563264,532.7808139132334,11711992.0
2019-03-22,534.4595947265625,541.7034632756665,533.2034030588418,540.0598030056494,30403880.0
2019-03-25,535.6689453125,537.2069533221476,529.0238495409722,530.6675099700831,9199260.0
2019-03-26,542.72509765625,543.5821264585747,533.6262607662846,534.4010835951958,11786848.0
2019-03-27,539.9307250976562,546.6462752480446,535.1406516895488,544.4155931295608,13885300.0
2019-03-28,540.7174072265625,545.9301481435697,537.2070291370998,539.7781725630897,19554328.0
2019-04-01,542.8306274414062,547.573750521827,541.1400166923678,545.988792195917,9647076.0
2019-04-02,538.8507080078125,544.7561232234284,536.6434720782605,544.7561232234284,10910496.0
2019-04-03,538.3574829101562,543.8167835219373,537.3008440820696,538.2048802321849,7659452.0
2019-04-04,536.291259765625,543.1124632137542,535.3637769681624,538.3575875630502,9211552.0
2019-04-05,541.3748779296875,543.2885456082115,535.8333705361161,537.1952722507735,8351180.0
2019-04-08,537.5709838867188,545.4488267832432,535.3873089635672,544.5213439369325,6398132.0
2019-04-09,537.0661010742188,540.7643374243855,532.3112257668615,539.2615849491364,10777600.0
2019-04-10,525.3491821289062,536.3029832655077,523.8581241967372,528.3194887685606,108128700.0
2019-04-11,530.0806274414062,531.3720752602004,525.2552973077345,527.1220149623596,8793300.0
2019-04-12,531.900390625,533.5322995724208,528.8126792495134,528.8126792495134,9170444.0
2019-04-15,537.4301147460938,538.3927959320159,531.6890540227838,533.015700125601,10219780.0
2019-04-16,541.24560546875,542.384392847286,535.4340922904735,537.9347810912033,8273776.0
2019-04-18,538.56884765625,543.5937872601484,537.2422016883826,543.1124180529847,10614856.0
2019-04-22,532.7103881835938,545.9301270258738,530.9023729916132,545.9301270258738,20980420.0
2019-04-23,527.2158813476562,537.7118166974003,526.3471007946778,534.7884604256,15282400.0
2019-04-24,535.3050537109375,536.2794867395662,527.6268218353347,528.3194959314001,12354128.0
2019-04-25,531.4776611328125,539.7781703680324,530.1862134757891,536.9839128597633,18086636.0
2019-04-26,535.5868530273438,536.5378396569926,529.9396927464303,532.0529708894993,11707568.0
2019-04-30,544.1572875976562,544.7560611128523,534.987998465814,536.5377584667533,12536836.0
2019-05-02,553.1621704101562,554.0661492208892,544.1689886046292,545.577840355062,17169300.0
2019-05-03,556.01513671875,558.3749751395048,553.3265891153252,555.1346042726722,12351520.0
2019-05-06,546.7401733398438,552.2464245530464,544.0633777401177,551.3306937758582,13748092.0
2019-05-07,545.3079833984375,553.678890254833,544.286542667813,552.2465343172764,9924204.0
2019-05-08,541.7622680664062,545.6483627634416,537.2422014675208,545.3548519453321,12064208.0
2019-05-09,537.923095703125,540.0598772785411,533.3913347678941,540.0598772785411,9027724.0
2019-05-10,539.238037109375,545.9065794973313,538.0287955543353,538.0287955543353,10594200.0
2019-05-13,537.0543823242188,543.1946634835718,535.3637713536324,539.1324619988231,11071632.0
2019-05-14,537.21875,542.6428533775367,534.3188972304139,539.28507782603,10494744.0
2019-05-15,536.9369506835938,541.7505282075591,535.8803117149184,539.1206826841227,8956348.0
2019-05-16,542.560546875,544.5212218981783,535.3636851780278,535.4928413919106,8050136.0
2019-05-17,554.6416015625,556.3322125798328,542.783763316484,543.1124725353436,14758780.0
2019-05-20,571.1369018554688,572.6279025414492,558.8446448255158,565.4192877058159,17699632.0
2019-05-21,564.4095458984375,575.1402898400529,563.4116091264627,572.4634941351707,10325176.0
2019-05-22,564.890869140625,569.6457439614076,562.1905698596868,566.3232247332185,11386660.0
2019-05-23,547.5972900390625,572.9096173156408,544.5447775085488,565.6540527697989,33081996.0
2019-05-24,557.2831420898438,560.2886470009946,549.4874489133429,554.0779695658612,13692800.0
2019-05-27,565.5014038085938,568.6830149786518,557.0247890829756,558.5862435883819,12049024.0
2019-05-28,567.3447265625,568.2370110202788,560.5000764057456,567.4151806324396,7364840.0
2019-05-29,567.509033203125,570.7729080061649,565.9358266303697,565.9358266303697,7475216.0
2019-05-30,572.8274536132812,574.7880714451217,566.6050243878411,567.297698440124,9359200.0
2019-05-31,569.4932250976562,578.8033658407885,553.3970794626586,576.8779462310475,19785080.0
2019-06-03,576.9483642578125,577.5823361556912,569.3992316675275,569.880600871478,8480860.0
2019-06-04,575.8212890625,578.9794540779587,573.1796916343841,576.4552609799813,6442988.0
2019-06-06,569.0236206054688,579.9774222696217,566.6755338756323,576.032625098229,15634924.0
2019-06-07,574.7294311523438,576.2791913398175,565.654098782773,569.5636402958801,7970932.0
2019-06-10,572.9801025390625,579.9656604407216,571.0781867162606,579.9656604407216,7077140.0
2019-06-11,574.9054565429688,577.6057559278509,573.0152928346142,575.6333862642075,7103292.0
2019-06-12,569.892333984375,574.9054641652375,569.0939501946361,574.107137701828,7308620.0
2019-06-13,574.0366821289062,575.7507967001718,567.2859335950034,571.9821064881531,11107948.0
2019-06-14,571.7825927734375,577.3827449370204,569.4110023691194,573.6258063646881,11956920.0
2019-06-17,568.7066040039062,572.9096563052752,567.6030147099586,571.7591167421601,12810020.0
2019-06-18,567.5911865234375,571.0546139724894,564.4799720353061,567.7672930038977,12419652.0
2019-06-19,570.1976318359375,574.0836692937438,567.462076554043,569.8806172147409,10744276.0
2019-06-20,573.26904296875,575.7852747896277,570.4928932031455,573.7415790990657,11171492.0
2019-06-21,570.3984985351562,574.0606544899699,568.3783945203262,573.1864739598666,13250260.0
2019-06-24,571.2843627929688,574.2731884591333,569.4060431911678,569.8667543866836,6915000.0
2019-06-25,573.8243408203125,576.8485841311103,567.7522619975663,571.7334026797203,8899800.0
2019-06-26,583.0859985351562,583.5821845991668,572.2413162344866,572.879228543472,10533636.0
2019-06-27,581.7630004882812,589.3708223775111,580.3099169479973,583.2869183180919,19879236.0
2019-06-28,577.3801879882812,584.7635663513028,575.7972032037782,582.1646171675192,12756844.0
2019-07-01,587.256103515625,588.0712168075379,578.8685871650154,580.2743706224641,8524160.0
2019-07-02,589.4888305664062,590.0795007373146,582.9205667293801,587.8349540878633,7246828.0
2019-07-03,588.2247314453125,591.4498249584212,586.6535719756185,590.4338608002702,7463256.0
2019-07-04,586.8426513671875,590.1739965875495,584.0546765687225,589.4416001706891,7993964.0
2019-07-05,584.149169921875,589.4770265894634,581.2194688430377,587.1498206429052,7583060.0
2019-07-08,569.3116455078125,584.6690722418177,566.3464692711029,584.6572473001092,14607140.0
2019-07-09,562.1171875,569.5951069485533,560.6641618602692,567.9530553055912,16482688.0
2019-07-10,564.3854370117188,566.5709169875882,559.069404637982,562.0227559567246,11569148.0
2019-07-11,568.7327270507812,570.351186589512,566.0156439332255,567.7522375205458,9097596.0
2019-07-12,565.6021728515625,571.2962570473821,563.5112348081819,571.2962570473821,8976272.0
2019-07-15,565.8030395507812,567.7522514001575,561.6919976324263,566.0983746794747,8233184.0
2019-07-16,564.9642333984375,571.296229613895,562.7905785526459,571.296229613895,12770568.0
2019-07-17,566.44091796875,569.7841460349224,564.9878922956555,565.377711569128,7759736.0
2019-07-18,569.85498046875,573.895187861456,567.4922995800656,567.7522175508764,10802584.0
2019-07-19,561.2902221679688,571.9341103479861,559.2465264182437,570.587393874127,8939228.0
2019-07-22,542.766845703125,555.1945697595224,538.9865564306252,554.0486465007414,22171296.0
2019-07-23,534.7928466796875,542.117157811594,529.7249074491386,542.117157811594,27802864.0
2019-07-24,538.9038696289062,541.762736623964,531.8394767294125,533.1980182625952,17363740.0
2019-07-25,540.1207275390625,547.0669869403489,538.7503609565746,539.8726344855927,19462008.0
2019-07-26,538.0533447265625,541.9162934734342,537.0019632394681,538.2659629391828,12829828.0
2019-07-29,530.2564697265625,537.1673111479672,525.2357729674223,537.1673111479672,9976492.0
2019-07-30,532.1348876953125,536.6121571541547,529.2169532611534,532.7846250429258,10394136.0
2019-07-31,531.9930419921875,535.6197803845661,527.8820001430158,529.2405417121429,13891840.0
2019-08-01,526.1087036132812,530.4183410722914,520.2362032749215,527.8373106620138,18241676.0
2019-08-02,524.3446044921875,526.6296425415806,516.6842985727197,523.5513217893141,27825536.0
2019-08-05,516.0331420898438,520.9466158530028,512.066843991872,520.24808536213,19822440.0
2019-08-06,518.3656005859375,523.3737689389926,513.1324317569491,513.1324317569491,24890940.0
2019-08-07,517.1578369140625,521.4201267787388,512.6587531680152,518.5786002022879,18750136.0
2019-08-08,528.7962646484375,531.1287076436796,516.9210739126851,520.4729823454337,19711600.0
2019-08-09,540.3637084960938,542.0212658841185,530.3710169476325,532.0759215559696,30436112.0
2019-08-13,525.7653198242188,538.3035443330222,521.5622284123144,538.3035443330222,15440068.0
2019-08-14,527.920166015625,529.3290782043871,521.6688299760862,529.3290782043871,14254052.0
2019-08-16,527.5057983398438,528.7608176645286,521.9174965746467,524.2617332329899,15247560.0
2019-08-19,522.5686645507812,530.8919473810793,521.3491412250062,530.0631686942667,8498200.0
2019-08-20,525.8245239257812,527.5294283348353,522.5686080084531,523.136890207802,10270592.0
2019-08-21,527.0677490234375,530.7025008644707,524.3090652783917,526.8427485595611,10472712.0
2019-08-22,514.8136596679688,525.8837748919289,513.1442510506022,525.8837748919289,13992044.0
2019-08-23,512.1141967773438,515.5003613793839,506.6442919380624,511.7116586774683,20099616.0
2019-08-26,534.2424926757812,536.6104314910203,513.1323412623266,519.7388674324413,25280244.0
2019-08-27,535.142333984375,538.2088032623816,530.4420100085757,534.2070096918413,20660832.0
2019-08-28,532.1942749023438,534.526717874484,527.1861071861758,532.7862596352718,13662588.0
2019-08-29,527.3281860351562,533.6624231243272,525.7535296588891,531.8391215804882,14783716.0
2019-08-30,527.56494140625,535.1541972255666,526.1560293076145,528.879159072258,19233320.0
2019-09-03,523.5393676757812,525.9191575058488,520.0348070225922,525.6823636483496,11428676.0
2019-09-04,532.2534790039062,538.46931876538,520.7097765897407,522.6041277551423,15060704.0
2019-09-05,529.2698974609375,538.0904708192375,526.8664623414039,532.5495163172213,17296252.0
2019-09-06,531.8153686523438,534.3491094966399,525.9902737081954,527.5767811917681,12870004.0
2019-09-09,532.6915893554688,535.3673142208179,524.7589935745563,531.8391081769959,10643404.0
2019-09-11,533.0941162109375,538.4693261543216,530.6906234502475,538.4693261543216,15209116.0
2019-09-12,537.723388671875,541.9738271224787,532.348121515514,532.9519574527928,18132300.0
2019-09-13,534.5504150390625,536.9183542031692,529.944784927078,533.0231058404166,15371340.0
2019-09-16,531.4010620117188,535.781749610595,530.6551842746951,533.2362149247615,11030184.0
2019-09-17,523.6342163085938,532.431086609831,520.4966971190984,532.2889871447702,10656556.0
2019-09-18,518.0458984375,526.6651740003866,516.2107455576505,525.043170335129,12959884.0
2019-09-19,521.44384765625,524.2853743327779,513.3691528927131,520.8992101477138,10623310.0
2019-09-20,568.115966796875,572.9939447204633,523.504014961774,524.7353317954808,46150034.0
2019-09-23,595.4182739257812,607.4710605618943,582.0394182977014,596.5075490128261,41920410.0
2019-09-24,593.7844848632812,597.644179692128,581.3528034781756,591.9848278621729,23379048.0
2019-09-25,587.1068115234375,591.9374420908302,582.560379903726,591.9374420908302,15608976.0
2019-09-26,588.432861328125,603.8244653467681,585.5202846977793,587.1541973494428,30671560.0
2019-09-27,589.2379760742188,593.6423661754355,586.1123078464277,591.1560299788491,14873170.0
2019-09-30,581.3052978515625,587.2488476192086,576.119534781264,581.9446876038255,18218458.0
2019-10-01,591.41650390625,594.3527253212801,578.2980863579686,583.2234113411605,18768352.0
2019-10-03,579.4584350585938,589.0485889890971,576.0485678633604,587.225229523867,16298876.0
2019-10-04,563.4274291992188,587.0594739386505,561.3436889554499,585.6624129373488,18403632.0
2019-10-07,562.101318359375,577.7060117729852,559.3781887662469,568.8735885739426,22513220.0
2019-10-09,581.6369018554688,582.4656805535213,563.5695146757208,566.9319766884739,17427270.0
2019-10-10,568.56591796875,580.5950031422398,566.979352418176,578.6296598082755,11556858.0
2019-10-11,567.7371215820312,579.6715119387164,563.0722351431893,574.6514924334763,17186318.0
2019-10-14,570.38916015625,577.7297710855158,567.0740455430332,572.5676524827331,12267802.0
2019-10-15,579.2216186523438,580.145091796512,571.54946111912,571.6205108558286,8400374.0
2019-10-16,578.2980346679688,584.8809164640575,573.0885690152525,583.2944089411139,10586816.0
2019-10-17,577.777099609375,582.4419277448391,574.5093323198743,581.329008008613,12243614.0
2019-10-18,582.0394287109375,584.3363180675698,577.9428825202974,580.3581688315088,11233806.0
2019-10-22,586.9174194335938,595.2999008800527,583.744346293607,595.2999008800527,20006228.0
2019-10-23,588.0066528320312,591.8664053050052,583.933808954648,590.4929890015461,10190214.0
2019-10-24,585.4019165039062,593.950200126325,580.7844350714618,591.0376233528876,13107494.0
2019-10-25,582.0394287109375,590.4929597056838,577.7771383460893,587.2488947124186,12993542.0
2019-10-27,586.1596069335938,588.1487104141279,584.8809429761882,587.2251795017689,1750082.0
2019-10-29,588.432861328125,595.4656288329024,586.1596166871203,586.3017161563129,14232568.0
2019-10-30,591.2033081054688,597.9992813530005,588.6696249825086,590.516628932025,12011366.0
2019-10-31,582.6787719726562,598.5676667088752,581.1396115333599,595.6313874919168,13217706.0
2019-11-01,587.2725219726562,589.0247735514826,581.3763197035677,586.7752317027432,11512260.0
2019-11-04,585.7570190429688,591.9847097517586,582.0630691407218,590.3034500516609,9935176.0
2019-11-05,587.0121459960938,589.5221847508188,582.0631760380811,587.7225277782593,12367810.0
2019-11-06,595.1340942382812,596.2470139570956,581.5894953166282,588.4091130876647,12130336.0
2019-11-07,598.472900390625,601.3144272886943,591.9847704311052,597.194236410899,16963034.0
2019-11-08,594.6368408203125,600.0357533996864,592.6714398527363,596.2470509314959,13251496.0
2019-11-11,598.9701538085938,600.7461080104378,592.2215278415865,593.1924059296649,14286610.0
2019-11-13,595.5603637695312,601.4565087824031,593.6896572642707,597.6441038503623,9293496.0
2019-11-14,603.303466796875,604.7715773095834,595.3945164164026,598.5202419214672,11055218.0
2019-11-15,605.1978759765625,608.5603378765574,601.9774557334334,608.0157003310413,9279012.0
2019-11-18,597.6915283203125,605.9319100976571,596.1049628825585,604.7716430689543,9130292.0
2019-11-19,602.3563232421875,603.8244338328341,597.2415519723761,599.230655382196,10570578.0
2019-11-20,603.0430908203125,607.5895227205286,600.0358194672698,602.8773466312821,11054258.0
2019-11-21,607.7789916992188,609.5075990162085,600.6751735288667,601.5750020593154,12019526.0
2019-11-22,598.9701538085938,607.9209745480895,597.6677873939082,607.9209745480895,7688010.0
2019-11-25,601.9774169921875,605.9555659156172,598.6860050379559,598.6860050379559,7893556.0
2019-11-26,603.8482055664062,606.074045315987,600.0120977688067,605.4583579923924,8716002.0
2019-11-27,605.4346313476562,608.9154899789958,602.0247646347251,604.2980091100126,9580666.0
2019-11-28,599.2306518554688,607.6368351005303,597.6677890291662,606.2870636546285,12366040.0
2019-11-29,603.80078125,606.1450756971117,592.9319636666191,600.3672694795663,15567626.0
2019-12-02,599.4437866210938,603.3271836430782,596.0576221263682,603.3271836430782,8946204.0
2019-12-03,594.5421752929688,600.9829582398772,593.784446324688,600.6040648502295,6991906.0
2019-12-04,592.7662353515625,595.2525715277253,584.5020928032309,593.1687734559762,11395614.0
2019-12-05,589.9010620117188,596.1287543040909,587.6041723160284,594.6369408939756,12772494.0
2019-12-06,590.1141967773438,596.7207245316793,586.3964856971199,591.4875553707037,13774650.0
2019-12-09,588.64599609375,591.9137638268414,586.0886679479555,591.7480196412462,8265350.0
2019-12-10,591.748046875,593.7134481086975,589.6642486731402,592.4584286839736,9788900.0
2019-12-11,591.3927612304688,593.8790971635698,588.4328375005865,592.0320931939212,11054642.0
2019-12-12,598.425537109375,601.19601419843,593.4055179530598,593.4055179530598,12913148.0
2019-12-13,598.5439453125,602.5694417190632,596.365452937033,599.0885828591198,11775186.0
2019-12-16,595.4656372070312,601.4565347253566,591.1322970678702,601.1013438583927,11327576.0
2019-12-17,601.9774169921875,603.7297264688573,594.5184094398851,596.720604184195,12427354.0
2019-12-18,612.0411376953125,615.1905079007316,603.1850695974337,607.6131036463731,17447172.0
2019-12-19,610.3599853515625,618.2688785595552,609.0812635932508,618.0320846573876,13018376.0
2019-12-20,614.101318359375,615.4747346337728,606.2161272088615,610.33631822104,15026044.0
2019-12-23,616.8007202148438,617.5584490809625,610.3599381363234,615.190510242462,10195782.0
2019-12-24,610.5258178710938,616.1851698274687,609.4838898641705,615.0012001452966,7179208.0
2019-12-26,601.6696166992188,611.8044075067481,598.9228420576536,610.7861821418609,14949758.0
2019-12-27,603.824462890625,605.7188141467524,601.4565238204657,602.4036994485294,7092992.0
2019-12-30,607.2106323242188,610.3363003603699,603.374582561169,607.1395825893263,9334190.0
2019-12-31,602.4509887695312,607.1158167272321,600.8171340925469,607.1158167272321,8357056.0
2020-01-01,605.5294189453125,606.1924535035355,601.7407161109154,604.3454493095634,3673698.0
2020-01-02,609.38916015625,609.9811449630853,605.7188543538712,605.7188543538712,6137166.0
2020-01-03,600.6987915039062,608.5603376104458,598.4255468849254,607.2342686142049,10855550.0
2020-01-06,587.69873046875,597.5730818969894,585.3544940901224,596.720600771484,10890186.0
2020-01-07,597.0047607421875,602.1431767378965,593.050314229868,596.1996846178865,14724494.0
2020-01-08,595.4419555664062,597.7388448014235,587.2725661329978,590.5402756575533,11332110.0
2020-01-09,602.1195678710938,604.2033658480826,598.1887658278872,599.0885942510204,9546316.0
2020-01-10,607.4711303710938,609.4602340876271,603.871874164867,608.1341649432716,9214580.0
2020-01-13,609.033935546875,614.0066076489296,604.2980573544421,607.4710726189669,7451568.0
2020-01-14,610.6915283203125,612.1359943771557,605.0084741599063,610.4547343969623,7886290.0
2020-01-15,608.2052001953125,609.9574521269482,603.3982719253166,609.2234256414325,11787448.0
2020-01-16,609.8153686523438,611.4018762888768,605.8845666176381,607.163288419645,7150400.0
2020-01-17,605.3162841796875,608.513001967246,602.3563603023184,607.0211887708494,16918814.0
2020-01-20,594.3053588867188,617.9610470531414,593.1687365718038,617.9610470531414,22178450.0
2020-01-21,589.3089599609375,591.9847425595085,586.4911357107582,591.9847425595085,14984804.0
2020-01-22,587.6513671875,594.3526456307169,584.5967492247966,591.0612337852921,18368310.0
2020-01-23,589.5457763671875,590.4929519914465,582.9865967313965,587.248887040562,11508920.0
2020-01-24,589.4037475585938,593.8791293563715,586.8226592396154,590.0904267767455,11831756.0
2020-01-27,574.5567016601562,584.8809389292223,573.8700224675994,584.8809389292223,18888552.0
2020-01-28,579.2925415039062,581.4710915111248,574.5803662813082,577.2088015490133,13412158.0
2020-01-29,585.283447265625,588.1960236793792,578.8426650097595,580.2871308654205,13788350.0
2020-01-30,580.6423950195312,586.7516319136959,576.4510963819321,586.7516319136959,12111984.0
2020-01-31,580.7608032226562,586.2070634943107,577.8955736075096,583.1997343998446,11178268.0
2020-02-03,564.8955688476562,567.3344998460584,557.744346592457,566.8846145462204,13077010.0
2020-02-04,582.4182739257812,584.4073194738172,567.3581594243379,567.3581594243379,20897704.0
2020-02-05,589.4510498046875,591.0375573266558,581.234313274247,584.8335688880729,18020682.0
2020-02-06,587.1541748046875,591.3690599560683,585.9228002816666,589.4510640616896,11827550.0
2020-02-07,588.290771484375,590.5640161625739,583.270752115284,590.0904283388669,6815448.0
2020-02-10,587.3910522460938,588.6460138398753,580.6424251679804,588.6460138398753,9219834.0
2020-02-11,587.5330200195312,594.3526959818439,586.3254058019519,588.8117417811588,11613520.0
2020-02-12,591.51123046875,593.3582346641225,589.1669937125963,589.7115734966399,6297930.0
2020-02-13,587.9119262695312,596.6733008644125,584.2179181807978,596.6733008644125,9112140.0
2020-02-14,577.46923828125,591.2269861835692,575.4091430350544,588.7642950823292,14688858.0
2020-02-17,576.427490234375,583.9338464468528,575.1487682927701,580.1451434690955,10152690.0
2020-02-18,574.5805053710938,577.0668417841975,569.9630234610438,576.3091127252655,10529116.0
2020-02-19,581.1869506835938,582.513019706518,574.8882673522369,578.9611110497709,10012268.0
2020-02-20,576.4037475585938,582.5130422467998,574.9829840409186,582.5130422467998,11123414.0
2020-02-24,573.017578125,575.2908228585611,568.3054022887617,572.5439902897593,16568084.0
2020-02-25,568.447509765625,572.5677008658114,567.3582346048321,570.1997616562753,13886680.0
2020-02-26,567.9501342773438,570.5311645044618,561.5093521550158,567.1213556782315,13814786.0
2020-02-27,568.044921875,569.4893879376268,559.3072491927961,565.937479073151,20655098.0
2020-02-28,557.7206420898438,561.2015005946217,554.1450313456189,556.7024168345805,24313056.0
2020-03-02,558.6441650390625,568.8500053945262,552.2744321654279,568.4000622917009,14664898.0
2020-03-03,559.6860961914062,561.367298227923,553.1505612982381,556.4656759635528,22369550.0
2020-03-04,544.0813598632812,558.833632138287,536.6223516377066,558.0522006667385,34288870.0
2020-03-05,545.265380859375,551.7298668268896,541.1925367522988,546.0468124046383,19549708.0
2020-03-06,537.474853515625,540.3163805679825,521.4202141076019,532.7863223170319,23053566.0
2020-03-09,524.40380859375,529.6606217571953,504.3710209743091,525.6824725647729,34420590.0
2020-03-11,527.4821166992188,530.4183379455845,517.1578794969449,523.3145209195276,35538240.0
2020-03-12,483.6752624511719,511.4748748564138,475.2217309428317,509.1069356209674,59000770.0
2020-03-13,506.6443176269531,512.161569967552,435.32196830376034,464.1397781291805,66342364.0
2020-03-16,473.3510437011719,491.1105876119212,471.219898431882,490.1634119366812,31986322.0
2020-03-17,461.79547119140625,478.3236976526971,452.1342970177646,477.37652201378086,42676838.0
2020-03-18,415.2891845703125,470.2727207173597,409.6534777648702,466.4840180328291,61181406.0
2020-03-19,424.1215515136719,435.67710547774163,376.502303667405,401.12886944187676,67220048.0
2020-03-20,418.10699462890625,433.14340788887984,390.4968305499615,414.38934181029646,88637464.0
2020-03-23,365.3966979980469,397.22180713467804,362.2947033776795,376.3128921030309,50276954.0
2020-03-24,363.5733947753906,383.606154859156,349.86302086691546,376.62073413795537,61057272.0
2020-03-25,405.74639892578125,410.81379480726923,357.6772311510899,364.8757724018992,47228042.0
2020-03-26,426.74993896484375,444.08326913612314,398.2873248177175,412.0687177171039,57043156.0
2020-03-27,428.33648681640625,468.2125849223154,413.0159043103058,447.51679250707997,55235936.0
2020-03-30,393.85931396484375,420.0723877005265,392.13070689519276,416.75727302870723,39268444.0
2020-03-31,408.18536376953125,413.7263182768991,396.8666030278932,404.3492849888451,35211092.0
2020-04-01,392.9121398925781,409.10881994288405,388.3420059433593,409.10881994288405,29103504.0
2020-04-03,385.429443359375,399.70812797666855,383.6061417785563,399.2345401473123,34996280.0
2020-04-07,424.38201904296875,429.68620822188024,400.3474380216403,413.9157401505629,60412638.0
2020-04-08,420.9722595214844,447.5405268551247,410.1744332094615,416.7336424013843,56219352.0
2020-04-09,438.0923767089844,440.86288260703225,421.4931305509712,432.38564965509744,44457146.0
2020-04-13,424.0268249511719,448.3455758120512,419.6935139266889,442.33100497402285,34158056.0
2020-04-15,408.848388671875,440.67349824915425,399.23456101454815,440.67349824915425,57978752.0
2020-04-16,416.638916015625,421.82470881618804,405.50960140764863,409.6534951446611,53854396.0
2020-04-17,431.10699462890625,435.70080234780517,420.1908009598806,433.3328632046106,55883462.0
2020-04-20,447.4694519042969,455.0942333496393,442.8046233171163,450.38202863591187,66232986.0
2020-04-21,436.4822082519531,442.3310060307355,430.0177232076101,438.0687158227306,33178006.0
2020-04-22,439.77362060546875,441.85741849282465,429.6862062216211,435.29823900880433,38289354.0
2020-04-23,452.2526550292969,453.9338858625016,432.172521651164,442.8045730635775,40901222.0
2020-04-24,444.2490234375,453.88655236824343,438.54229631301587,441.8574108639782,33284568.0
2020-04-27,440.2945861816406,453.4129741043949,438.684376089416,447.61152351828474,27421072.0
2020-04-28,441.0997009277344,446.9721724701217,436.6479639199274,446.9721724701217,29441436.0
2020-04-29,462.7426452636719,470.1306325655098,442.3783690959177,442.80460969418954,55877778.0
2020-04-30,474.44024658203125,482.58596242566557,469.84643919589695,474.25082880760095,43793134.0
2020-05-04,437.1215515136719,454.64430059926866,434.51681854148853,453.4603310664581,26722324.0
2020-05-05,431.6516418457031,447.06692023148156,430.0414316301239,444.22539319611195,29672858.0
2020-05-06,448.20355224609375,449.908456941775,428.90484738253866,435.2272336099908,33785846.0
2020-05-07,438.0686950683594,446.73534563293526,436.3400881148069,445.40930563436973,21831730.0
2020-05-08,439.98675537109375,447.04322540288103,438.1634538388063,446.119723379116,20807484.0
2020-05-11,433.71173095703125,451.8027919285637,432.85927864015434,443.7517987809897,28550784.0
2020-05-12,426.9631042480469,430.680786073331,412.5423489795209,426.7026367214937,49568418.0
2020-05-13,439.32373046875,454.64428410530485,436.69529507686207,450.3819939418176,44346966.0
2020-05-14,423.2454833984375,431.4385477334595,421.49320250579467,425.28190544966697,39554890.0
2020-05-15,420.6170349121094,422.6297831519755,414.38934350185036,421.7299547295974,24349628.0
2020-05-18,396.2272644042969,420.5459875978959,393.6935522032802,420.5459875978959,46649964.0
2020-05-19,393.3857116699219,410.7426869335507,391.2308640881771,407.68803988874686,47460692.0
2020-05-20,405.912109375,409.1798768985452,394.11978998824173,396.13253822530055,40014306.0
2020-05-21,407.07244873046875,418.6516779573364,403.6389366657734,407.9722772475583,48478908.0
2020-05-22,397.26910400390625,412.16344570269695,394.5223006173569,402.54961939702196,42047432.0
2020-05-26,403.686279296875,412.8501922779216,401.9576721489945,405.8647717604575,38005152.0
2020-05-27,427.9576110839844,430.8701586021425,405.93577920464736,407.2381456061135,56025754.0
2020-05-28,447.6589050292969,449.908447265625,432.83561144259414,435.7008120888158,75488806.0
2020-05-29,450.68988037109375,452.2763880759633,437.334697476126,447.0669218258737,53025166.0
2020-06-01,467.7389831542969,471.21984178011917,457.5331433561633,461.74808616644845,39190230.0
2020-06-02,474.0613708496094,475.9557219818755,461.84281182759344,467.28907133285867,41623594.0
2020-06-03,484.1251525878906,495.49126035224316,480.9047611690921,483.0595799849826,50546088.0
2020-06-04,474.3929138183594,492.03403078925146,469.3728657021748,486.87196992255116,54275882.0
2020-06-05,489.3819274902344,493.6679200813478,474.91382639752493,475.0558969523371,35195984.0
2020-06-08,481.1178894042969,505.152471843992,476.6188050067185,502.0031012034842,49812664.0
2020-06-09,467.5732116699219,486.2562554622076,463.9029063572049,483.05953793177673,61844146.0
2020-06-10,469.7280578613281,473.5167603419333,463.2636015970991,468.8519319748906,36497730.0
2020-06-11,458.7171325683594,468.0941941542392,457.0122280466569,466.4839840683493,30897714.0
2020-06-12,465.4184265136719,467.2654305596224,439.4894935687484,439.4894935687484,42644876.0
2020-06-15,449.83740234375,461.27456034573714,446.59333717251553,458.4330332799523,32009936.0
2020-06-16,469.0413818359375,470.72261279198466,450.85559824373564,461.748117949204,45399970.0
2020-06-17,463.7608947753906,473.0669074428646,460.9193677203461,468.37837623983796,36957838.0
2020-06-18,483.035888671875,485.38015409345786,460.32734758550146,464.11605003476484,40870126.0
2020-06-19,489.3819274902344,493.9520611909721,479.34188954345046,482.08869292333486,47877752.0
2020-06-22,487.2034606933594,495.34914792027973,484.85919524719657,492.2708271479766,29694474.0
2020-06-23,493.6205749511719,494.8992388553897,481.42566049492433,492.0577121251195,28830512.0
2020-06-24,488.9794006347656,500.8190955653895,487.81913365596864,496.5568053903649,39429246.0
2020-06-25,487.2034606933594,496.79361386861143,476.90292580142204,483.95939574936546,70646790.0
2020-06-26,500.32183837890625,503.4238617805108,486.8482877802117,493.0049295517514,39969138.0
2020-06-29,509.60418701171875,512.706152486314,491.11055987281685,491.11055987281685,46005956.0
2020-06-30,504.7735290527344,510.7881286085143,500.25080039283444,508.6332810624773,35746130.0
2020-07-01,513.6533813476562,519.0522945133749,502.6188188972583,504.77360897345386,34846718.0
2020-07-02,515.9265747070312,526.2744568521122,513.9374712071245,516.3528153006549,36954496.0
2020-07-03,508.6095275878906,518.9574659015598,506.73887914907795,517.6313971120956,27597254.0
2020-07-06,522.367431640625,530.3710783748387,520.9466680006233,524.7116685222196,35558216.0
2020-07-07,523.3856811523438,526.4876472220212,517.6552791036895,525.3984297346702,24349850.0
2020-07-08,525.8482055664062,532.7389312253459,523.314522382233,524.2616979883546,30056350.0
2020-07-09,532.7625732421875,535.0121152953822,524.3800922946875,529.4711611519176,20114484.0
2020-07-10,523.3618774414062,530.4183473749359,520.7334997816465,529.4238245358104,17562978.0
2020-07-13,511.59320068359375,527.103200519176,507.3546131659067,525.6350899595362,29922114.0
2020-07-14,501.45843505859375,506.2180156165715,497.26719455242556,503.23438932485243,26612674.0
2020-07-15,498.759033203125,511.0012670090253,497.3145672016317,506.8336709933505,20974394.0
2020-07-16,503.2107849121094,504.60784592235433,489.7371761133544,498.9958415538396,23662456.0
2020-07-17,520.2125244140625,522.8409599731156,501.1980194464601,501.553210316007,28405738.0
2020-07-20,536.5987548828125,545.9994624639867,532.3838113117391,537.522228097427,65124096.0
2020-07-21,539.2034301757812,548.3909875427954,537.0485824919947,545.5968656816383,47512422.0
2020-07-22,533.4255981445312,542.0212281345551,529.2580602600719,539.1797013815561,24718012.0
2020-07-23,535.3436889648438,541.7371246026141,528.6424096786076,532.7863031475329,20149122.0
2020-07-24,529.9920654296875,531.7917220922633,521.5385352402088,531.7917220922633,19598440.0
2020-07-27,511.2380065917969,522.3673193800389,509.27260574996956,520.8755063164347,37970094.0
2020-07-28,514.6242065429688,518.2945120793429,501.7662859081783,511.00124822550674,35596450.0
2020-07-29,504.18157958984375,515.5003400046988,499.89564452262283,511.9484313689292,33592086.0
2020-07-30,497.5751037597656,513.2035033624112,495.7043969995043,508.6333688861004,26956266.0
2020-07-31,489.1215515136719,500.9138426553435,483.083277558819,500.9138426553435,37726696.0
2020-08-03,474.5350036621094,486.3509968464558,470.27271321005446,485.8774090184497,31783542.0
2020-08-04,493.312744140625,502.50035903602105,475.0085640821371,477.3765030855376,60306168.0
2020-08-05,486.6351623535156,500.01401757537576,483.0595513733578,496.29630713217466,33221360.0
2020-08-06,492.86285400390625,499.63518340575604,486.01953267313473,491.11060207750614,33646888.0
2020-08-07,494.3546142578125,495.9411218281457,483.3436978902163,490.09232405100107,24836784.0
2020-08-10,497.5751037597656,503.8974902186321,494.33103843475357,494.4257328836954,22172854.0
2020-08-11,505.1524963378906,507.21259194183745,496.5568652203703,496.5568652203703,20136148.0
2020-08-12,503.75531005859375,504.8445851020734,496.32000486582825,504.37099731117087,20666432.0
2020-08-13,501.55322265625,507.37831837353264,500.34555054567113,505.76810816309927,19892740.0
2020-08-14,489.9029235839844,504.7972960094688,486.5168167379499,504.7972960094688,20924512.0
2020-08-17,489.09783935546875,495.84646604229073,483.1543177737902,495.84646604229073,19561012.0
2020-08-18,500.3454895019531,502.78447813082306,484.00671109417516,486.84823777378875,24040824.0
2020-08-19,505.1288146972656,506.64433058023064,500.22719176501477,504.37108566129297,17715624.0
2020-08-20,501.52947998046875,506.24165546400184,498.2143653819199,499.61142626690406,19216734.0
2020-08-21,514.150634765625,515.6424479794565,504.1815879057319,504.56048129086855,28924302.0
2020-08-24,529.021240234375,531.8153618213412,514.1505727326426,514.3163168895124,36779740.0
2020-08-25,530.2762451171875,533.7334592375407,523.8828097137209,529.9447567762272,27601738.0
2020-08-26,529.6842651367188,535.983006159888,525.445677344286,530.8919371815633,25190062.0
2020-08-27,526.6769409179688,535.1068262437444,523.9064640600558,533.1651279730452,20645996.0
2020-08-28,527.8135986328125,532.7862704907259,518.5786366109733,526.6059266286294,38696610.0
2020-08-31,528.4529418945312,544.0576947927252,521.2780750696418,534.9174270102438,38501166.0
2020-09-01,533.8755493164062,541.5949957589843,524.7352816648081,534.2070376515376,28877884.0
2020-09-02,537.1195678710938,539.4164569376438,530.7497778325928,532.3599877737123,19761682.0
2020-09-03,535.5805053710938,542.7079677503818,534.207089058651,538.58777662407,19833362.0
2020-09-04,530.0867919921875,532.9756657065822,523.030322951089,525.682402790353,23661370.0
2020-09-07,525.9192504882812,530.1815406768401,520.4729908029005,528.6660828453123,17615466.0
2020-09-08,526.8427124023438,529.8500411093245,522.3673309236393,527.576796599215,14624918.0
2020-09-09,519.2890014648438,525.6824365033987,516.8026656165168,521.4201464776954,15728872.0
2020-09-10,516.47119140625,523.2434621677486,513.369168233938,522.3673363118392,15188088.0
2020-09-11,510.8354797363281,523.2434566732622,507.21252159133104,519.2653076868147,20794730.0
2020-09-14,501.0322570800781,518.10512268416,498.3801766066042,515.2635955030769,21650590.0
2020-09-15,506.9757995605469,509.65158250763324,501.10329858727306,505.7918299212182,16505110.0
2020-09-16,517.9393310546875,519.0522508698061,505.9575360808241,506.83366198587436,18710112.0
2020-09-17,513.1797485351562,518.1050734094782,510.52766831390994,513.3691952247481,18318686.0
2020-09-18,500.7243957519531,517.2525634487629,495.94111280255106,517.1578690147392,23481778.0
2020-09-21,496.9356384277344,507.3782134022764,493.24163093340445,499.6350654198192,19842878.0
2020-09-22,490.3528137207031,501.126936039716,487.55863417247144,499.18523764552447,18620678.0
2020-09-23,495.9648132324219,499.6351186060683,489.85551917731163,495.37282849473695,16079828.0
2020-09-24,487.9849548339844,495.8465019463841,485.42756876317446,491.5842110987074,19809510.0
2020-09-25,494.4256591796875,498.1906590346689,485.73533468255306,497.26718595658224,20321544.0
2020-09-28,499.2561950683594,501.5294394480504,493.7862911094248,496.76985932038747,16152422.0
2020-09-29,503.2107849121094,506.69164399047804,497.74082220966153,501.05593710544423,12644446.0
2020-09-30,510.81182861328125,514.7426307785333,498.21440373132714,502.0031064212992,18813842.0
2020-10-01,524.238037109375,525.6825031478362,516.2580935562258,516.2580935562258,21203080.0
2020-10-05,527.7426147460938,536.1014519504577,526.1561069937795,526.6296948488595,16940126.0
2020-10-06,541.8319091796875,543.6789135667269,533.3546741393953,537.5459733368774,19371990.0
2020-10-07,550.4274291992188,551.6587459363651,538.7534781835764,542.210692302306,21248778.0
2020-10-08,564.4219970703125,569.7261576245393,550.9483886643206,558.8336375702047,35060674.0
2020-10-09,584.1942749023438,585.8281297469175,564.350933803847,568.7789683314858,44972388.0
2020-10-12,574.7698364257812,588.5512296372209,570.9574315684628,583.247069481048,19220546.0
2020-10-13,567.5712280273438,578.9373342709433,565.9373733792287,574.6513997281895,18353952.0
2020-10-14,573.7515869140625,575.0776558026911,556.7024270883041,566.1978850601087,22582918.0
2020-10-15,553.7426147460938,576.3564354466505,551.2562784387027,575.0303662916343,28246896.0
2020-10-16,567.9974975585938,569.9628984257118,555.5184710040381,558.8335854942584,25822848.0
2020-10-19,569.9866333007812,584.8809468387893,564.8008120814739,584.8809468387893,42359556.0
2020-10-20,579.6478271484375,581.2817399211143,571.0996011238872,571.8573301233379,27411978.0
2020-10-21,590.4219360351562,592.4583868682222,578.5822400545762,582.7971833858658,35640752.0
2020-10-22,584.0758666992188,591.9847599679864,579.1978891526778,587.2251793734391,21913060.0
2020-10-23,585.2598266601562,591.250666084375,583.0812765302468,588.9064295975948,15866230.0
2020-10-26,573.4674682617188,588.1960370144519,570.4838420510097,582.4182890828363,19571976.0
2020-10-27,583.9811401367188,585.3545564024548,567.2871691713575,580.6186781144091,24317780.0
2020-10-28,572.8517456054688,583.4601230411454,569.0156962937793,581.5657719923105,16571186.0
2020-10-29,562.243408203125,570.4127976829093,558.1232175029422,568.5894962307826,23060024.0
2020-10-30,560.514892578125,567.973900810896,557.1050255565358,560.0413047538221,11522716.0
2020-11-02,575.5276489257812,580.145130577315,557.649707146766,565.629651054136,21926080.0
2020-11-03,591.0139770507812,592.3400462511466,580.3819521733202,580.8318375389686,28164230.0
2020-11-04,595.4893188476562,598.9938801743824,582.5130014005952,592.9319331329635,23404822.0
2020-11-05,601.0775756835938,604.2979956500186,593.0976333063729,599.5621179411627,21433928.0
2020-11-06,619.287109375,620.4000291628225,599.3253716836275,599.6805625400184,35705724.0
2020-11-09,634.8681640625,637.4254919967238,622.8626667877825,622.8626667877825,26288440.0
2020-11-10,660.0156860351562,660.6550180387974,640.0776500995573,642.6586806298552,41517356.0
2020-11-11,658.263427734375,670.0321323909316,649.0521669138899,662.9756616627177,36116194.0
2020-11-12,649.620361328125,657.6003619970146,644.0794071994167,652.3198464713761,27053948.0
2020-11-13,643.5111694335938,648.2470477549742,637.9228098899588,648.2470477549742,22472480.0
2020-11-14,648.6732788085938,651.1596151122721,646.5421334054408,647.7735081094111,1835066.0
2020-11-17,667.0248413085938,668.9902426165448,653.8354301192207,656.298121836649,31059900.0
2020-11-18,667.14306640625,672.0210435465297,662.5729906887243,664.4436392500219,18862776.0
2020-11-19,650.8753662109375,662.7624081519232,647.8680953131696,658.14492720945,20266882.0
2020-11-20,664.7515869140625,667.0011291667048,646.4711077495306,650.070363791555,20405362.0
2020-11-23,660.4655151367188,674.2232634515739,651.3489502514798,670.1267175383426,25246636.0
2020-11-24,681.1139526367188,684.334372809639,663.9937998702551,666.8116241633022,40154400.0
2020-11-25,664.3489379882812,693.5219326676075,661.6021058346439,687.3179445258476,24152602.0
2020-11-26,675.64404296875,678.1777261235598,656.8662752328055,670.1267335648304,27943126.0
2020-11-27,682.3690185546875,684.8080074601961,670.3872810499112,678.0830833467495,17994580.0
2020-12-01,678.79345703125,686.2287628068216,675.0994488482569,682.3690104462229,17147574.0
2020-12-02,666.3143920898438,678.0830962284707,660.5603460504777,677.7042028299456,17892150.0
2020-12-03,652.2251586914062,678.1777957887336,650.7334032246226,676.7570322500701,37933222.0
2020-12-04,656.2032470703125,663.7096021718844,650.3781517907096,654.0247547427127,26912322.0
2020-12-07,649.880859375,653.527462315225,643.1795804342909,651.1832258266534,24316318.0
2020-12-08,651.7989501953125,657.7187980398132,646.5184343558151,651.1832628950788,19457896.0
2020-12-09,666.4328002929688,667.7825719160998,651.2069971437802,652.1304703281169,22069074.0
2020-12-10,656.3217163085938,663.9701717176157,651.5384905424463,662.075820300447,19727966.0
2020-12-11,654.877197265625,660.6549449862631,650.2360139542217,658.3107086284568,21356384.0
2020-12-14,649.83349609375,657.3398509855255,647.8680952076361,654.9719120410531,17222050.0
2020-12-15,658.9027709960938,660.631320326763,646.920975772821,653.9300987811489,21561436.0
2020-12-16,668.09033203125,670.9792640576541,660.4182322709024,664.9173166786283,16832092.0
2020-12-17,682.8189086914062,684.3343665170745,665.1540607427205,671.831637116775,21924478.0
2020-12-18,668.3980712890625,681.8242726781727,666.0064877956263,679.5984333379837,22995918.0
2020-12-21,650.0703125,674.3179850066851,647.2524303718895,671.3107140052659,23761824.0
2020-12-22,650.2833862304688,655.8243980885657,636.9755808252437,655.8243980885657,22851558.0
2020-12-23,651.4910888671875,654.0010695985399,644.5767183346328,647.6313366151035,15467394.0
2020-12-24,661.6495361328125,664.9173036746126,652.1304324501009,658.0029330191164,14952188.0
2020-12-28,669.1085205078125,672.9682726910083,664.9172799846416,665.3908677908984,11699194.0
2020-12-29,675.904541015625,679.48015232617,672.4947316976208,672.9920220532118,14495346.0
2020-12-30,678.4146118164062,681.9191735548343,669.1796485141934,681.9191735548343,16216726.0
2020-12-31,680.2142333984375,683.8608366188828,674.8863702322585,679.5985460859396,22145750.0
2021-01-01,674.8863525390625,683.3872308658292,672.7788520330828,681.9664673920958,8810938.0
2021-01-04,670.6004028320312,681.0193356443933,662.549409295206,681.0193356443933,15740192.0
2021-01-05,675.667724609375,677.5857784188031,667.2852432584963,672.1158159334071,14386824.0
2021-01-06,672.7551879882812,681.9664477871121,669.2269241099976,679.5985087322957,22134050.0
2021-01-07,670.7186889648438,678.4618375541515,668.9664373148993,678.4144903386681,19894842.0
2021-01-08,678.0120239257812,682.9136463718647,673.962824881487,678.1777681029891,13768764.0
2021-01-11,687.3890380859375,693.758829135686,680.2142286543354,686.7023588514919,17331392.0
2021-01-12,701.3834838867188,704.5564988055578,686.2760225365455,687.862529995965,20388156.0
2021-01-13,696.48193359375,708.9136137714456,692.4327346400382,707.019262506273,16934650.0
2021-01-14,695.5821533203125,704.6987194148936,689.5439082446808,696.7187757202818,12297166.0
2021-01-15,694.587646484375,696.9555857845563,684.3344577523865,695.7479136170566,14165236.0
2021-01-18,702.3780517578125,711.731410769727,694.7532997710615,696.1267159476713,42825632.0
2021-01-19,712.205078125,715.8990864870037,694.7533773788126,706.4983792073738,17360254.0
2021-01-20,706.593017578125,710.8553078986365,703.751490697784,710.8553078986365,13346052.0
2021-01-21,698.4473266601562,707.7059336769149,695.2979561553767,706.5930138834698,26333054.0
2021-01-22,683.6476440429688,695.1794946049523,682.0374340732837,695.1794946049523,15392364.0
2021-01-25,692.7879638671875,701.3835947711163,689.1413606041951,693.853536512856,20344718.0
2021-01-27,667.5693969726562,697.073942054867,665.9355420753217,695.2269379463488,23556276.0
2021-01-28,649.5020141601562,663.6386573049136,635.5548755229009,658.2397444156159,42704446.0
2021-01-29,658.5238647460938,667.1668424746923,646.2105814067206,658.9264028315245,28704502.0
2021-02-01,699.3707885742188,702.0939184433921,663.4965124716306,667.8771996524747,26370544.0
2021-02-02,739.0574951171875,747.5583733559366,709.1504127425507,710.8553173311757,42420206.0
2021-02-03,745.8060913085938,749.0738008830458,730.2723883286894,747.7951369461741,20237254.0
2021-02-04,747.8424682617188,752.0574111584991,730.9590519716828,741.6384797696535,24484684.0
2021-02-05,756.6038208007812,766.3834199558067,733.1138786291295,733.1138786291295,27054716.0
2021-02-08,760.226806640625,772.7295359697247,755.7040200816045,767.2122266050849,17447580.0
2021-02-09,763.3525390625,771.0009941477288,751.4417934690837,762.4764131313533,18421366.0
2021-02-10,749.0975952148438,764.7733417696696,742.112174301666,761.6950206892861,19788006.0
2021-02-11,744.6458740234375,756.6987199722709,740.7861213301096,749.2160085200398,13648618.0
2021-02-12,749.1922607421875,754.1886355811185,744.9536726964518,745.3799133148704,9910106.0
2021-02-15,765.60205078125,769.5801999926454,756.1776416929837,757.7878518274786,10355244.0
2021-02-16,770.3616333007812,777.1576069056083,761.7423003535508,767.7805450141519,13897358.0
2021-02-17,751.3471069335938,768.0647807827121,749.6895494962994,767.2122995476974,12794426.0
2021-02-18,736.09765625,760.5584237121387,733.1140295170923,760.5584237121387,14720560.0
2021-02-19,728.8990478515625,740.7860913158588,726.0101735308317,731.6932277267678,17139508.0
2021-02-22,733.1139526367188,745.3798888586701,729.064753611122,731.7168916782571,29451838.0
2021-02-23,724.1868896484375,737.7077884015558,721.1085685500753,735.8371394738815,18239906.0
2021-02-24,760.795166015625,764.3470748323017,718.0775657714667,722.931841154258,14314332.0
2021-02-25,760.7714233398438,774.9080070475392,758.6876255402033,762.3579308447829,20109570.0
2021-02-26,726.6731567382812,752.4836927211386,720.3270684390092,751.6075668233725,27912846.0
2021-03-01,738.2760009765625,744.7404857285171,729.6566687036201,740.6912870896532,13536018.0
2021-03-02,742.680419921875,751.8206882642336,734.5347322820953,746.2323286853281,16110038.0
2021-03-03,751.5128173828125,755.8461574794367,741.1649351223799,750.1631036638017,11222410.0
2021-03-04,735.031982421875,744.0064482821596,728.8989856058892,733.3744250896104,16291438.0
2021-03-05,724.58935546875,731.9773138054445,720.3744123616639,725.0629432827818,17445822.0
2021-03-08,719.6166381835938,736.429004524836,716.3015236937714,730.2723633294515,15117050.0
2021-03-09,739.98095703125,741.4964149068451,728.496452578125,731.6931703125,15066696.0
2021-03-10,736.7843017578125,745.900867921295,735.0793970504816,744.4801043633497,11055016.0
2021-03-12,734.984619140625,757.7405377905536,726.9810309590243,757.7405377905536,15631204.0
2021-03-15,723.9500122070312,733.303371388489,717.6276265503748,733.303371388489,12230386.0
2021-03-16,716.1358642578125,729.5147207460253,715.1176388389844,725.0156362632634,13722366.0
2021-03-17,708.1795654296875,728.8516862209648,705.7405764899419,721.8662655765469,21064428.0
2021-03-18,706.1194458007812,720.8243708649012,701.4546172951518,715.9463931517981,18065540.0
2021-03-19,709.19775390625,715.6858838559789,698.0921427541265,703.2779062108723,21235020.0
2021-03-22,695.7716064453125,707.9664936714229,691.6277127277023,707.9664936714229,14015632.0
2021-03-23,710.4528198242188,713.9099764186892,695.7478940590526,696.1741346833069,19761428.0
2021-03-24,700.3416748046875,713.4363314696999,696.6476667715011,706.0720757291848,16368900.0
2021-03-25,693.0247192382812,708.2742816057414,686.8207304085842,705.7405405403921,23964356.0
2021-03-26,706.2615356445312,709.9081387163341,698.0684432741003,707.5401996278873,12021258.0
2021-03-30,735.8134155273438,740.0047142264807,711.1158555293341,713.5311419893512,25607644.0
2021-03-31,707.3744506835938,733.1139368392285,704.698667969491,733.1139368392285,30774506.0
2021-04-01,704.106689453125,710.0975869218903,693.8061543963869,710.0975869218903,35763762.0
2021-04-05,686.5128173828125,703.2778359432572,677.7040964544115,700.9098971016974,16006586.0
2021-04-06,682.0848388671875,692.6932173036304,678.4855830970582,691.4381980531808,15075734.0
2021-04-07,685.376220703125,689.8753046696546,673.2287402423026,681.6349234429235,25088180.0
2021-04-08,678.5567016601562,691.8645088213298,677.467426469423,688.123153205223,17613592.0
2021-04-09,673.323486328125,678.5566548887363,670.1741157477531,675.3362345728195,28157816.0
2021-04-12,647.418212890625,662.5493196905331,640.7642813018523,659.7077929441834,22549128.0
2021-04-13,663.188720703125,666.0775949671928,644.5530507466788,647.8681656292848,18600682.0
2021-04-15,677.2779541015625,680.4036222634213,658.7606812378839,665.3909109555909,34444984.0
2021-04-16,676.5912475585938,684.3343968185246,674.1522587343736,679.5748161245511,15606526.0
2021-04-19,668.8953857421875,671.4053662659722,649.9045275050281,658.2870080077744,24069242.0
2021-04-20,658.9500732421875,675.5256461606865,655.4218094629292,674.8626116817444,23186270.0
2021-04-22,673.6787109375,675.7151617997141,649.3126393851161,653.5512274824252,38485312.0
2021-04-23,669.7241821289062,679.4090292715103,663.1175977980581,667.285193457898,22713528.0
2021-04-26,665.296142578125,676.7569438349715,664.3252644958056,669.1795392853847,30170952.0
2021-04-27,681.3507690429688,682.9136319631285,665.2961882990259,666.4564553260143,20592906.0
2021-04-28,699.3944702148438,700.4363402266798,677.7041263450838,680.1904622383832,24103940.0
2021-04-29,697.3580322265625,712.1103036895167,691.9117725521276,703.8461619317026,24078552.0
2021-04-30,668.8480834960938,688.5019775026257,666.5748388962347,684.3343816732215,35232902.0
2021-05-03,669.8662109375,673.3944745779464,652.2724711950027,659.7077762015139,22473700.0
2021-05-04,657.5056762695312,673.9155067414977,655.1140923271569,667.7351622095179,21486328.0
2021-05-05,664.2542724609375,667.5693872393219,654.3562753461298,663.4965435023666,14421612.0
2021-05-06,663.4491577148438,668.1376884767826,660.6549781447178,666.622172836726,11477044.0
2021-05-07,670.00830078125,674.838872933729,667.877155806155,669.1558196668091,12048334.0
2021-05-10,672.4236450195312,677.2305728857831,669.0848856230303,675.8098094461626,11060050.0
2021-05-11,664.7042846679688,674.4838280318311,660.678787732968,661.1286730895307,14519034.0
2021-05-12,662.7861938476562,667.09583170597,657.7424716999027,662.9045908097584,13774926.0
2021-05-14,656.7952270507812,662.5019831493979,654.664081956677,660.3471355409549,10604142.0
2021-05-17,682.0848388671875,683.1977586511666,654.1668607756777,660.726040338843,15120692.0
2021-05-18,699.3470458984375,702.2122750684749,689.0702142806481,690.9408628719897,22165280.0
2021-05-19,690.585693359375,700.3652928007363,687.9099685903982,696.2687468484748,10130916.0
2021-05-20,678.5567016601562,694.232448095952,676.5202507595741,690.6568366668654,10684184.0
2021-05-21,709.1030883789062,711.2815808574237,683.3872458173004,683.3872458173004,19341646.0
2021-05-24,715.0938720703125,720.066543946563,709.6713149106149,711.9208569498711,22146102.0
2021-05-25,700.41259765625,716.8934749022702,696.4108041907768,715.354314675395,19236974.0
2021-05-26,699.5128784179688,704.2250538719275,696.1740613259808,700.9099392941847,12283990.0
2021-05-27,702.1649780273438,705.1722490585071,692.5984695791637,697.6421913176409,20439496.0
2021-05-28,712.015625,716.5384120604125,700.3180283108625,706.0721322104973,17750020.0
2021-05-31,717.8880615234375,719.6166685711843,704.461858834904,710.3817063881385,15661054.0
2021-06-01,715.9226684570312,723.168585066384,713.8152258292779,719.9955698673149,11030162.0
2021-06-02,712.2760620117188,715.2122832918838,707.0665961326437,715.1175888548506,10624016.0
2021-06-03,720.1139526367188,722.1976927085534,704.5802496675188,714.1704026204795,10287260.0
2021-06-04,710.8316650390625,720.1613804324387,710.0028862960756,717.959185353156,9424476.0
2021-06-07,710.3106689453125,717.0119480537238,708.4873674295712,715.1175968039121,8091668.0
2021-06-08,702.3544311523438,710.9974087636919,701.6203469157421,708.7478666456698,9872540.0
2021-06-09,701.0520629882812,711.3288954100806,697.1449635294709,702.7569675535597,10223442.0
2021-06-10,701.4072265625,705.1722264064853,697.90266531903,701.9044590603982,11483540.0
2021-06-11,703.9172973632812,708.7479281753265,701.4073164160874,706.1194924532565,7205974.0
2021-06-14,700.6494140625,703.7514371284857,692.6458268742463,700.0811318540942,8881964.0
2021-06-15,705.7642211914062,708.4873510500545,698.447312782573,703.751473035014,7569602.0
2021-06-16,703.0885009765625,707.5402382681639,700.0101799934681,704.6987112068459,7702098.0
2021-06-17,694.3270874023438,700.3179848535726,691.4382132789289,694.2797401828149,9283802.0
2021-06-18,700.8153076171875,705.6458804529288,689.0703060798735,695.9373297487107,11938060.0
2021-06-21,705.0302124023438,706.4983809928871,690.9646763172761,692.0775962076742,7260472.0
2021-06-22,702.7096557617188,714.17045829429,700.909998856465,708.960992086573,14366824.0
2021-06-23,703.5147705078125,709.3399243472963,700.2470026908098,705.6459158913771,7844868.0
2021-06-24,713.3416748046875,716.7514840843272,704.6986968360997,705.6458725038901,14785024.0
2021-06-25,717.5328979492188,720.8006654850395,713.6968481510871,715.6385466601647,10383176.0
2021-06-28,714.3362426757812,721.2743164414434,712.749734894532,719.8535528502914,9356786.0
2021-06-29,714.431396484375,717.3565209322027,709.722573184588,716.7857791036568,10971692.0
2021-06-30,712.4574584960938,717.7370233979096,710.6500126812062,712.5050106362283,9679022.0
2021-07-01,707.154052734375,714.4075246053683,705.3704121103602,714.4075246053683,16911442.0
2021-07-02,704.1337890625,708.3431694594663,702.516609898695,706.321710020015,14827036.0
2021-07-05,711.2920532226562,715.5965956833905,706.1076510887453,708.6760470569808,7373882.0
2021-07-06,729.9609375,732.4818397834853,711.5537872182427,712.0294247765438,17669032.0
2021-07-07,732.2439575195312,735.0264253821098,726.6314115936917,729.627951175681,9629190.0
2021-07-08,723.1829833984375,731.3877299302179,719.853521037715,725.3471571573934,8420922.0
2021-07-09,714.4075317382812,721.0664568010882,712.2671629680933,719.4255306350982,10695842.0
2021-07-12,707.2730102539062,714.4075732356201,705.8460976575634,714.4075732356201,14458978.0
2021-07-13,714.3362426757812,716.3577022627734,705.8936761654023,711.6013267639684,18178142.0
2021-07-14,713.0520629882812,716.9522677738522,709.2231573880599,712.2672493984018,9788494.0
2021-07-15,723.3019409179688,726.1795710886405,713.2898061320276,715.8344552077314,10438802.0
2021-07-16,724.0867919921875,727.7016256569119,722.3983135745475,726.7503505840253,5170628.0
2021-07-19,699.6627807617188,708.1528987460736,697.2845931996463,707.2729809603507,25111600.0
2021-07-20,686.416259765625,691.5769149534121,683.0867973139923,685.8692650363275,24174250.0
2021-07-22,689.0560913085938,698.4737379663374,687.2962556086874,692.5758207696305,13207114.0
2021-07-23,686.2260131835938,693.217861311592,682.6825369811414,690.3878413695973,13126684.0
2021-07-26,682.3258056640625,686.8205568594655,679.2579089216915,680.161631792961,13167166.0
2021-07-27,684.7991333007812,689.6268658388828,683.0630447053469,683.0630447053469,22401430.0
2021-07-28,674.12109375,684.2996904317964,667.7950913834882,682.5636598981887,20670342.0
2021-07-29,674.5729370117188,680.1378729714617,672.2185544274943,679.3293123828573,13702230.0
2021-07-30,678.4730834960938,680.9939854514296,669.6737898129428,674.9296073725011,11655488.0
2021-08-02,676.6657104492188,682.5398220441142,673.6216187944088,682.5398220441142,13258786.0
2021-08-03,682.3970947265625,684.8704445513364,670.6488717578449,670.6488717578449,12033120.0
2021-08-04,696.95166015625,701.3275019831323,684.9180080404954,685.393645546079,22053948.0
2021-08-05,706.2503051757812,716.8094921374355,693.1940794890436,697.8077398506728,18822408.0
2021-08-06,709.9603881835938,713.4563125026119,701.0897364192333,705.632098166656,13339270.0
2021-08-09,715.3111572265625,716.9520831691567,702.0408610457722,709.6510600814987,10998048.0
2021-08-10,717.0949096679688,722.8501119757157,708.224258418714,708.224258418714,14838346.0
2021-08-11,711.0542602539062,722.4220081617676,709.1993204454371,720.5432632537157,12585786.0
2021-08-12,714.1221923828125,717.0711218163615,708.3669899366287,712.0293756584126,8597674.0
2021-08-13,725.9179077148438,728.2009908715206,713.9318662953315,714.0269705680195,16658428.0
2021-08-16,728.0107421875,730.1035587891065,723.6586474723767,725.8941785477451,6252778.0
2021-08-17,720.4243774414062,724.8715766174648,715.9771782653477,721.6372182742111,8282666.0
2021-08-18,719.6395874023438,744.539200641727,717.4278612617312,740.424924369185,22985932.0
2021-08-20,720.471923828125,722.8739164966347,706.8211504103504,706.8211504103504,13150406.0
2021-08-23,725.156982421875,729.2237066164494,717.5705868776091,727.6540795087693,10843054.0
2021-08-24,741.447509765625,744.1348732691891,726.5124805626797,727.725379419533,18381314.0
2021-08-25,740.7578735351562,744.2776027396884,736.2868693056814,738.2369714945701,7727974.0
2021-08-26,739.5211791992188,747.226483172308,734.1226473371297,737.2380960643395,11119002.0
2021-08-27,736.5009155273438,741.3524532058019,734.978898644625,738.1894519957664,6382138.0
2021-08-30,745.9185791015625,746.75094480437,737.9992023740358,739.9017525518813,9049166.0
2021-08-31,752.1731567382812,753.100626642032,743.040881869667,743.6592338463132,12062576.0
2021-09-01,751.0792236328125,760.0687847011596,748.8913025732014,749.1291213418814,12422558.0
2021-09-02,755.7880249023438,757.2149374729586,747.3454588595391,748.701014189379,9618524.0
2021-09-03,749.6285400390625,760.0687604261853,745.9423492422521,754.4086623001291,10735334.0
2021-09-06,744.70556640625,751.9590378515261,742.9219258869199,751.4834003797047,7876896.0
2021-09-07,746.3941650390625,752.4585433116437,739.7114347769459,743.1836118359313,7245496.0
2021-09-08,749.794921875,751.7450238964017,744.6580139570113,747.6783002895594,6724080.0
2021-09-09,746.0850219726562,751.2456775887658,742.47018833739,748.6534762607636,8250948.0
2021-09-13,739.8778686523438,753.4097310647218,738.9741458727887,742.9457070221562,8959164.0
2021-09-14,736.5485229492188,744.134918355455,735.620994925657,741.994549462774,9758506.0
2021-09-15,735.716064453125,739.5211642267409,730.1035190625556,730.1035190625556,14822998.0
2021-09-16,741.970703125,744.0397727219095,730.7219225742858,731.411573732443,10260550.0
2021-09-17,752.5298461914062,755.7879512981008,741.6139312525427,746.2752017537572,20498102.0
2021-09-20,741.9231567382812,752.3158246968031,741.04323895895,743.8970640127071,8781610.0
2021-09-21,738.1655883789062,746.1087693954601,727.2259259755568,742.9457684361612,14774996.0
2021-09-22,729.4852294921875,737.3095014073501,727.7253939209189,736.7625066558845,10582202.0
2021-09-23,746.7509155273438,747.702190578971,733.4330648045631,733.4330648045631,13664304.0
2021-09-24,761.7572631835938,764.8012967419484,749.1290643037012,751.031614308282,20806702.0
2021-09-27,772.9584350585938,777.9050763215514,764.825045995142,768.487431262051,16415462.0
2021-09-28,768.1784057617188,776.2404385627441,752.4585623812875,776.2404385627441,12773790.0
2021-09-29,758.0947875976562,764.1591654813507,753.9567647367983,759.5930572752828,16263036.0
2021-09-30,758.6179809570312,764.0402598802681,752.9816883907416,754.3610487049043,15975348.0
2021-10-01,752.7913818359375,755.7879210469525,744.4915314151935,752.9340962978766,11128596.0
2021-10-04,754.2421875,761.6621211029538,753.2195552330974,755.7880094198329,7051028.0
2021-10-05,758.8558349609375,759.8309150717456,749.7236180793985,757.2149087913734,10257178.0
2021-10-06,768.1070556640625,773.7909008998,754.8367570191563,759.1174947716279,18600830.0
2021-10-07,766.0142211914062,774.19516325999,764.3494898817696,773.6719736034911,11265724.0
2021-10-08,762.280517578125,771.4840923948822,761.0914237242488,766.7277169793773,7245562.0
2021-10-11,777.0965576171875,782.4236743028476,760.5443496718865,760.9724350269096,13080848.0
2021-10-12,775.0988159179688,780.7827185682631,772.9108951500946,772.9108951500946,8176946.0
2021-10-13,779.7601318359375,783.8506027379818,775.2891277080766,778.6185902197064,6225644.0
2021-10-14,802.5907592773438,803.827405211579,779.094254281992,779.094254281992,14757288.0
2021-10-18,794.4573364257812,820.4746843514532,792.9115145567133,810.9619343879581,28856456.0
2021-10-19,803.208984375,804.9926249141711,794.7902242545991,796.9067878032625,8987540.0
2021-10-20,796.1458740234375,807.9892602226093,791.6748695952446,803.3993464110135,10908568.0
2021-10-21,797.3111572265625,799.998462628159,789.962523081634,795.1707884960194,9738190.0
2021-10-22,799.427734375,812.3888563513312,794.6713593378141,799.1185583853392,12175554.0
2021-10-25,788.13134765625,803.827385358517,767.5838306159519,803.827385358517,16426766.0
2021-10-26,786.10986328125,796.1458027295024,783.0657717264866,784.8018601809484,12090656.0
2021-10-27,781.3773193359375,791.9602538614304,778.761313048737,786.1098893037489,13249642.0
2021-10-28,757.9758911132812,784.8018571141539,754.9080525326855,784.8018571141539,17797750.0
2021-10-29,752.8628540039062,761.9713243308421,741.9945480375242,756.2636739613226,12406874.0
2021-11-01,763.5408935546875,766.252004050304,753.1957780437663,753.885429186674,8122320.0
2021-11-02,764.2305297851562,771.484001438633,761.0437818569678,763.8738016710508,13237722.0
2021-11-03,752.1968383789062,765.7287589613844,749.3906238120624,763.4456759274227,10207338.0
2021-11-04,758.142333984375,759.9973317587402,756.3111413083693,758.6417765602017,1096808.0
2021-11-08,761.1388549804688,763.2554184797219,746.9648352689229,757.2623980202548,18943580.0
2021-11-09,747.8209838867188,758.451469326388,746.298967264845,758.451469326388,12695476.0
2021-11-10,739.7352294921875,746.2752451845312,737.2381325914745,745.7996076796335,13714126.0
2021-11-11,736.4295043945312,739.5687000261834,730.3888738006117,737.2618699516246,7999404.0
2021-11-12,738.6650390625,741.5426691680743,734.8837441539887,737.2381265594817,14914092.0
2021-11-15,740.6864624023438,747.6307579669023,739.330907202677,742.9932925577368,9533594.0
2021-11-16,736.2869262695312,740.662768498323,733.2428343419601,739.6163891144192,8245406.0
2021-11-17,728.1058959960938,734.3842876661621,727.0119065399798,731.007273085122,7598878.0
2021-11-18,732.1964111328125,734.1465133558511,725.4661286012387,725.8466618423676,9152874.0
2021-11-22,720.7572631835938,738.5223119294355,713.0044068868091,735.3355639518028,15261272.0
2021-11-23,720.8524780273438,726.6790377392206,711.7202026626078,714.407566305228,11235214.0
2021-11-24,722.0415649414062,730.7456967746908,720.1390148495992,724.8715849784808,30802286.0
2021-11-25,725.799072265625,729.2950545918285,716.7857642148182,720.4957602069751,10251652.0
2021-11-26,708.65234375,716.6430191487968,706.3217083190601,713.4562710293536,18624936.0
2021-11-29,714.05078125,717.0948727956322,695.3820097835137,710.9829426666183,12990996.0
2021-11-30,710.3883666992188,727.2496917899412,707.0589044084865,711.0780178063845,25221542.0
2021-12-01,715.66796875,716.8095103506997,708.2717824753072,711.0780553091722,8677634.0
2021-12-02,725.7039184570312,727.15463606218,713.4562527842353,715.596621542588,11203110.0
2021-12-03,719.9011840820312,730.5554179694886,716.8095402344054,725.7277436410184,8124694.0
2021-12-06,715.263671875,722.3982341371078,712.1957752655638,719.6395135046063,7029532.0
2021-12-07,725.68017578125,728.6767155251968,718.165137442202,720.0914346536905,12427534.0
2021-12-08,739.0455932617188,739.6401401548495,729.6279472500399,730.5792222790491,15295534.0
2021-12-09,726.2271728515625,739.4736668471489,723.9203423741131,734.9551101766141,11747744.0
2021-12-10,724.181884765625,726.7740858657247,717.4753496970789,725.2996212566436,7779384.0
2021-12-13,718.7595825195312,731.3639756168698,716.8807796550856,725.8227874165515,10322142.0
2021-12-14,714.6215209960938,721.0664321863622,712.0531250085195,714.6453260949929,9191100.0
2021-12-15,713.456298828125,724.5624236009718,711.387287173768,714.8832114257813,10115148.0
2021-12-16,713.5038452148438,721.5421310623909,710.6024679019197,719.5444766662719,13210432.0
2021-12-17,700.637939453125,716.3101740201104,698.0932320273793,712.0294359283567,14994768.0
2021-12-20,678.0925903320312,693.4794513193636,672.5989541701382,690.6256264168148,21156668.0
2021-12-21,685.774169921875,690.0311023174055,680.1616242039565,684.6801804486681,9118750.0
2021-12-22,687.3912963867188,692.5282046456658,682.872740106407,690.7683691083477,8577484.0
2021-12-23,686.8681640625,693.3844332367066,683.4197918766113,691.2202591921077,9779166.0
2021-12-24,684.3948364257812,690.6256763008242,679.2103758660999,687.5340324330864,5561024.0
2021-12-27,690.0548706054688,691.5768872980073,676.4278453611157,679.6383983110893,4705098.0
2021-12-28,694.8112182617188,697.7125951282051,691.2914894785592,694.7636080671955,5450678.0
2021-12-29,691.5055541992188,694.906373869757,688.4377156088801,692.5519915154243,7668702.0
2021-12-30,695.1442260742188,697.6888751595437,687.2962071004079,693.7173135335258,7215918.0
2021-12-31,703.6580810546875,706.2265349915142,695.1441587739171,695.1441587739171,6325736.0
2022-01-03,722.8025512695312,724.3959253104654,704.1813312029835,706.3216999908345,9069184.0
2022-01-04,727.0357055664062,729.1047170271323,717.1662276895983,722.9689818191866,8857352.0
2022-01-05,744.3013305664062,747.7021503050373,726.8216524342752,730.9597335226943,14332638.0
2022-01-06,732.36279296875,739.4973550044904,727.749132743457,733.9086147431605,9628930.0
2022-01-07,737.499755859375,745.2050602081262,730.5316548059,734.3843069802756,11179384.0
2022-01-10,741.5902099609375,747.7021401431209,735.0977465592833,741.0432152309048,8856496.0
2022-01-11,744.80078125,746.1325314282669,736.191754015291,742.731769713943,8389198.0
2022-01-12,740.4011840820312,749.9139348284391,738.1894579212469,745.7996585183731,21085530.0
2022-01-13,726.774169921875,739.6163836574055,723.1593361863409,739.6163836574055,41963896.0
2022-01-14,734.9313354492188,736.619813831022,722.493402522968,727.7254153127986,11208968.0
2022-01-17,723.6824340820312,740.0919273293728,722.5646976035137,727.7253527081879,22989372.0
2022-01-18,727.3685913085938,737.666154009168,724.395857160692,729.1522317973348,12341152.0
2022-01-19,722.2317504882812,732.3628526288228,719.8060108107658,729.6279369589961,14317626.0
2022-01-20,717.7369995117188,727.0119309169397,713.5038140786304,726.9881258170541,15197846.0
2022-01-21,723.72998046875,727.6302426550222,706.6070311292943,713.4562224773198,11537694.0
2022-01-24,707.1065063476562,723.5635523601698,698.0218416410312,718.1888253449379,11868508.0
2022-01-25,707.7723388671875,711.0779959583617,686.820485728344,693.788586063523,13594248.0
2022-01-27,701.5415649414062,706.3217454329671,682.5398684823622,689.6744315675436,28617838.0
2022-01-28,695.9765625,707.1302385002696,694.4307406458227,702.7543967837006,24925208.0
2022-01-31,706.6546020507812,709.4371278413857,697.6650998575648,700.4951197241377,12842546.0
2022-02-01,712.029296875,721.5420463322478,700.8280111646047,717.4991278129174,14739484.0
2022-02-02,728.296142578125,730.1035883666477,716.1198337589774,719.1401203787386,13969290.0
2022-02-03,720.7572631835938,732.457933895551,717.7369767162163,727.1308172000766,10564762.0
2022-02-04,724.8715209960938,729.0809010904223,720.1626983222618,726.9643375245986,11579958.0
2022-02-07,698.3072509765625,722.4934077542481,694.4307934965123,719.211497186438,12268042.0
2022-02-08,695.3106079101562,703.206178118259,687.082114705199,702.2311561639202,13981130.0
2022-02-09,712.314697265625,713.3135243877856,697.7602016051236,701.0896640531371,11308342.0
2022-02-10,725.3947143554688,730.3413557953064,714.2410385936968,720.1151499017218,14314530.0
2022-02-11,722.422119140625,725.3473018389752,713.2185436770776,713.5752718583099,10711104.0
2022-02-14,700.947021484375,713.1946881745109,698.8542627513499,708.6999366331057,14656620.0
2022-02-15,721.9226684570312,725.2996833180713,700.6378889247106,702.0409964179948,13135066.0
2022-02-16,720.9475708007812,729.9846836790362,716.7857425015849,729.7944170588287,10032264.0
2022-02-17,716.5478515625,723.9202323784434,714.4074829385164,719.687047265433,7351208.0
2022-02-18,719.3303833007812,721.5421093550166,708.9139101230298,712.6477110600987,7796128.0
2022-02-21,723.9678344726562,728.0583054018553,711.3396935564448,715.3588072476773,7468066.0
2022-02-22,718.5455932617188,723.9678727153232,707.7248394554956,708.6048153348694,9536196.0
2022-02-23,713.8843994140625,725.6801756356834,711.3873023150155,725.3948047223228,9029562.0
2022-02-24,675.119873046875,701.5415010977686,669.2933137242217,689.6268166665427,23630766.0
2022-02-25,692.5757446289062,697.2370153028564,681.5171728738023,684.8941874749454,18318654.0
2022-02-28,678.3780517578125,684.2284168134124,672.5752969059163,678.2591423710013,24880832.0
2022-03-02,653.6448974609375,665.1315558068055,644.2035037869538,659.4714573982826,38505560.0
2022-03-03,652.0990600585938,662.0874482870623,648.2464076398575,656.8554354054835,17527922.0
2022-03-04,649.9586181640625,659.2335490489504,635.8797603305272,646.8669745357665,21219364.0
2022-03-07,630.1245727539062,633.7156009825043,616.9256323482289,627.1280333292115,27054458.0
2022-03-08,631.5514526367188,634.50038171104,614.5236080739608,619.3750870184799,39212492.0
2022-03-09,652.1702880859375,653.8587661628102,627.2944267258922,632.5977957991574,23134694.0
2022-03-10,662.42041015625,678.7348017766328,656.4987457268377,678.7348017766328,22273206.0
2022-03-11,664.3704833984375,670.149432575976,652.9075731964616,660.1848501728542,15150780.0
2022-03-14,686.1309204101562,689.6743966720176,673.0270836488999,673.0270836488999,25018126.0
2022-03-15,677.3078002929688,689.436556548215,671.4812409154484,686.5827315469807,18867928.0
2022-03-16,688.7945556640625,692.052661392393,683.1106518901175,688.2475608486549,13364108.0
2022-03-17,703.96728515625,708.6047506498716,699.4487290342597,700.1383801652347,14823954.0
2022-03-21,707.03515625,710.4359760473683,700.5189456092843,707.2729750042046,12257876.0
2022-03-22,710.6737670898438,712.5049598135698,693.0989270027054,704.561836957358,10461814.0
2022-03-23,703.5867919921875,722.3982788795391,700.8994284281059,716.785732994576,31188256.0
2022-03-24,686.178466796875,699.0206795927611,682.3258145703531,697.2845910655177,20160044.0
2022-03-25,680.5897216796875,690.6256614843303,674.9296237233227,690.1500239764209,16366462.0
2022-03-28,681.493408203125,683.9666998878296,666.6534839112492,680.589685374062,15754886.0
2022-03-29,690.530517578125,694.5496310648167,680.16159727628,685.3936095630206,12377448.0
2022-03-30,702.4927368164062,705.2514573618828,691.6006852221561,700.1383545686673,20109742.0
2022-03-31,699.3536376953125,706.1790247075883,697.2370738898979,699.6628137051833,14295714.0
2022-04-01,716.3101196289062,718.2126697474425,699.3298830454588,702.2312603639822,14568556.0
2022-04-04,788.0362548828125,819.0953496497071,743.2074192757403,751.5072706543655,97450970.0
2022-04-05,764.9439697265625,792.7449569360995,761.9712355056448,792.7449569360995,30922582.0
2022-04-06,737.6423950195312,756.1685102240006,735.9776637926485,755.1696250388968,27027860.0
2022-04-07,721.4232177734375,733.1238893042467,719.9725000942207,733.1001422646726,40781732.0
2022-04-08,720.4243774414062,725.7039422730295,712.1720781256234,719.211478547381,41256322.0
2022-04-11,711.6250610351562,718.2126288330701,710.245700665551,716.3100788229164,20799066.0
2022-04-12,710.3646240234375,716.7143731950656,704.0148748518094,705.8460676603825,27435402.0
2022-04-13,696.78515625,714.5502639320367,695.691224799288,708.6998992573039,28892520.0
2022-04-18,663.7283325195312,680.9464450214841,661.15993644386,674.8582617385757,45620376.0
2022-04-19,638.400634765625,660.9221170332797,631.1709679279387,656.8078410106541,74096022.0
2022-04-20,644.1558837890625,646.8194421533099,635.142518406885,644.2271829644586,49325736.0
2022-04-21,653.6924438476562,656.2847032867525,643.68030843123,649.2452444448392,52446270.0
2022-04-22,644.774169921875,654.168010350688,641.706331335433,646.8669864904109,20659148.0
2022-04-25,649.6019287109375,651.9325641201308,628.9116970441421,642.1106379350289,20935488.0
2022-04-26,652.5984497070312,657.3072144691479,645.5114394033479,652.5746446077407,17016842.0
2022-04-27,652.8363037109375,655.9041425017765,645.0120316413157,646.8670295884091,18054334.0
2022-04-28,652.2654418945312,655.9040802026046,647.8657952361744,652.5746178665507,20773722.0
2022-04-29,658.5677490234375,668.1518573977863,652.3607137487355,656.5462894086016,28401476.0
2022-05-02,667.65234375,668.9603468911126,647.8420880799416,647.8420880799416,19494316.0
2022-05-04,644.9644775390625,667.6048118935288,642.1106524172083,665.8925284326605,29055916.0
2022-05-05,643.5137939453125,654.001625047842,640.4459550013958,654.001625047842,17862912.0
2022-05-06,626.699951171875,634.9760551888268,624.5120303093106,632.5978677162095,26731268.0
2022-05-09,627.7701416015625,630.9331425829555,616.1883801102291,618.32874885627,32762434.0
2022-05-10,637.853759765625,643.5376052646478,625.4871834634218,625.4871834634218,20113812.0
2022-05-11,641.44482421875,644.4889163213695,631.9558777896534,643.5376411681276,17102924.0
2022-05-12,626.9856567382812,638.4133907389254,622.1498973824371,635.6706993369925,22382290.0
2022-05-13,621.35595703125,634.1790892090257,619.262889083472,630.353829122959,16768238.0
2022-05-16,627.9719848632812,631.292053906236,618.4448991695826,625.0368734940553,9804356.0
2022-05-17,632.2544555664062,633.6979588896172,624.6519812363082,631.580808934981,16641444.0
2022-05-18,632.2063598632812,641.5410265716883,630.3297937681616,637.0902245927911,15732384.0
2022-05-19,619.2869873046875,623.7858941010936,615.0767694162303,618.8779477207698,20537506.0
2022-05-20,635.5984497070312,637.1622447317521,621.837065236746,626.9615129880896,13919350.0
2022-05-23,627.4427490234375,639.9290287015857,625.0850152898169,632.2544265466233,19486320.0
2022-05-24,634.6361694335938,637.5472577654566,624.0264559706711,625.5180642227122,12870796.0
2022-05-25,639.3757934570312,642.8160962235814,636.6812067992723,639.9531713200919,12887112.0
2022-05-26,657.6119384765625,659.6809832899339,644.7647830842534,645.7993054909392,26992428.0
2022-05-27,669.8095092773438,671.0845566723668,659.5606139411736,660.0658635123912,24031718.0
2022-05-30,674.3807373046875,683.4988434000511,672.889070171654,678.566873569111,12624674.0
2022-05-31,668.3179321289062,675.944488061126,664.0115042012508,671.662083279525,13485388.0
2022-06-01,671.1568603515625,673.8513881488794,663.6025497657505,664.0115306279351,12091896.0
2022-06-02,666.4654541015625,667.860852355906,663.3378636546508,667.4999765351084,11475020.0
2022-06-03,664.1558837890625,673.995741003826,662.231212745682,672.8169034842749,6957244.0
2022-06-06,663.2656860351562,667.3796939444019,654.7009350100217,662.2312223234171,6173266.0
2022-06-07,655.63916015625,661.2688580365657,651.5492343077399,655.3504712553794,10253966.0
2022-06-08,657.9487915039062,664.4926611407994,652.9446351687653,660.7876929692908,5986588.0
2022-06-09,662.9048461914062,664.9979730840081,653.0168832680971,655.4708272698372,7311816.0
2022-06-10,650.1057739257812,658.2134392480132,646.4970155862447,654.4362839332251,9155430.0
2022-06-13,638.3171997070312,639.9531819947298,629.5118640988112,636.873696288998,10892572.0
2022-06-14,631.2921142578125,638.0284630380025,627.9239398677174,630.9312384303023,11870356.0
2022-06-15,629.102783203125,633.1205811087782,624.7482500861813,626.3120453531265,11810470.0
2022-06-16,616.5203247070312,635.4061608286195,614.9324474748986,630.3298170517348,12169192.0
2022-06-17,620.586181640625,625.0369838737522,611.852974160255,613.4889564580709,14723922.0
2022-06-20,636.1759643554688,637.547280721459,622.703267102487,627.7795517185277,15936840.0
2022-06-21,643.1047973632812,651.5011513361289,637.0902003236198,643.2731943331319,13220684.0
2022-06-22,640.0734252929688,643.2972258536737,636.6811690239211,641.0357608318419,8159698.0
2022-06-23,642.4312133789062,648.6142079912054,634.4197575937717,640.1937713147616,15372244.0
2022-06-24,651.4049072265625,655.1820622227635,644.067099221751,644.067099221751,8013432.0
2022-06-27,652.5838012695312,662.0868649193548,650.5388382056451,659.1998582409274,9804164.0
2022-06-28,647.6036987304688,650.0576425546589,643.9949405371601,646.6894682409041,9770574.0
2022-06-29,646.6654052734375,649.9373696255954,640.5545980485462,640.5545980485462,9994046.0
2022-06-30,648.6141357421875,651.5011422810993,642.8401226643639,642.8401226643639,12475822.0
2022-07-01,651.380859375,654.3881578947369,639.9772068826776,646.6653918015329,11472452.0
2022-07-04,652.2950439453125,654.4843218717582,645.8473846257052,651.35673163144,8487480.0
2022-07-05,650.8275146484375,663.6987525096566,648.7585284770123,656.3128389795442,14325718.0
2022-07-06,659.80126953125,660.835791929005,648.18105675633,648.6141194735643,15049078.0
2022-07-07,671.6139526367188,672.6724981664967,661.3409744346241,664.0114788767993,17743142.0
2022-07-08,672.2394409179688,678.4465165399553,671.1087084709948,678.4465165399553,12474030.0
2022-07-11,676.5940551757812,678.3984342696596,670.3869793455802,670.7478551643559,7462880.0
2022-07-12,669.6893310546875,676.1610141176355,668.5345166503326,676.1610141176355,9876974.0
2022-07-13,653.3535766601562,670.8440115296884,651.6213846159309,668.8231306008078,15945610.0
2022-07-14,650.0817260742188,660.4749379498609,649.215600611124,655.350489555198,10372410.0
2022-07-15,655.3745727539062,656.7458891263111,648.0367643942972,651.0199810197498,13595646.0
2022-07-18,648.3976440429688,657.3232708257327,645.7512213402739,648.6141460423058,20332220.0
2022-07-19,648.63818359375,653.690444771779,643.3212566690205,643.3212566690205,15792538.0
2022-07-20,656.8179931640625,659.7290225107647,652.1025262039135,654.3399677588443,20347862.0
2022-07-21,654.7490844726562,658.9593027266601,653.4739780541829,654.6528744070862,12640278.0
2022-07-22,670.0260620117188,672.1913167902127,655.5429251294964,657.2751172050325,12729592.0
2022-07-25,671.9989013671875,675.8482435588785,665.5994052152816,671.2290446761094,10143126.0
2022-07-26,670.6275634765625,674.5971974845852,667.0428871698978,671.710190933296,8527964.0
2022-07-27,675.7520751953125,676.5219319338939,666.0565322044756,668.2939742387155,9212778.0
2022-07-28,681.7424926757812,685.1828537236895,678.9276731770548,680.8764259957169,17420406.0
2022-07-29,690.0907592773438,692.2079091114783,680.9967358477592,691.9192202105274,20019736.0
2022-08-01,695.8407592773438,696.9474098698968,688.0939701842794,692.4003980885738,13193036.0
2022-08-02,688.190185546875,695.094931123578,684.7258011854689,693.8439067006424,15036510.0
2022-08-03,689.8020629882812,690.8365853805471,681.8146902206062,685.6399502739025,10975498.0
2022-08-04,688.984130859375,696.1053785024752,679.8659665183745,692.8815779882993,12012206.0
2022-08-05,686.6504516601562,691.4139653304088,683.8115502270574,689.5133762386452,9268982.0
2022-08-08,703.4913330078125,704.6701705018421,686.6744848885744,687.1075476112192,15357736.0
2022-08-10,705.536376953125,708.0384260481038,697.2362323052624,703.1545610732601,17353102.0
2022-08-11,714.8709106445312,717.421123242461,709.5059371613006,715.2558683433389,18301766.0
2022-08-12,714.6063232421875,716.6031812290219,710.1795445295438,714.5341363296417,8850370.0
2022-08-16,722.7861328125,725.8415362160341,716.0016794217771,719.2495616686834,12563756.0
2022-08-17,726.5151977539062,727.8865140946783,714.8949848396419,721.7516252798,12384350.0
2022-08-18,727.3812255859375,728.4398298215469,721.5831897478574,721.7515867041628,8342138.0
2022-08-19,718.4075317382812,727.5256370949188,716.939946608088,726.563301596116,8063702.0
2022-08-22,707.4850463867188,716.1460665835506,706.2099399993691,714.4379561754013,8234066.0
2022-08-23,705.2957153320312,710.1795210324121,697.8857201939286,699.2811184238794,14966884.0
2022-08-24,708.6879272460938,709.9630335639699,702.1199755407531,703.4191637412739,13455520.0
2022-08-25,704.8385620117188,715.4002292936442,701.0614069473538,712.0801600941289,11823040.0
2022-08-26,704.9588623046875,712.9943990116683,703.0822963230394,708.303013425697,7706176.0
2022-08-29,692.5929565429688,695.7686523374972,687.3963207073368,691.438142053239,8653178.0
2022-08-30,715.0634155273438,716.9158997056655,694.3732012935722,695.9851015854548,10135400.0
2022-09-01,708.3511352539062,716.6753023262013,702.023767412422,704.7904820543832,22403136.0
2022-09-02,714.774658203125,717.1804968372654,705.0069298539969,708.351080797229,12038086.0
2022-09-05,719.369873046875,721.2704621778411,714.101050906599,715.0633864131738,12131932.0
2022-09-06,716.627197265625,724.951423073854,715.2317990033503,721.2223729044177,12238696.0
2022-09-07,713.2349853515625,716.9399535633776,707.9421400567993,707.9421400567993,9776206.0
2022-09-08,720.5968017578125,721.7516160908172,713.1627836065959,716.9880436773584,11164690.0
2022-09-09,721.0780639648438,726.0822209058895,718.8887856843456,719.9232494805556,15128888.0
2022-09-12,718.6480712890625,723.676250465666,716.9399023895229,721.751579586768,11080492.0
2022-09-13,728.054931640625,729.4022248737516,721.0539759192867,721.2223728893526,13001966.0
2022-09-14,735.537109375,740.4690789237419,718.0706961615213,718.8887165967504,20219760.0
2022-09-15,731.7117919921875,741.4554391702014,727.5256559583752,736.1866756721654,13539372.0
2022-09-16,718.26318359375,728.8247925761237,713.5717978693896,723.2432582308112,20560046.0
2022-09-19,723.0026245117188,728.4879484201334,712.1282454833537,716.4587550842659,12076038.0
2022-09-20,731.7117919921875,733.299669100902,726.5152154056927,728.4879914821296,10781668.0
2022-09-21,730.5810546875,732.0967448746909,724.1574768560039,725.6009801321287,9072304.0
2022-09-22,715.0153198242188,726.6355334380704,713.4515245419652,722.7140042906975,12048144.0
2022-09-23,695.8407592773438,709.7224372346395,691.438062580459,708.4473309391279,15806252.0
2022-09-26,686.4579467773438,691.1733552416581,682.2958342078718,685.8324052401812,8923486.0
2022-09-27,680.299072265625,692.881621797613,677.0030846314178,689.2247583187195,12639700.0
2022-09-28,668.6066284179688,678.7351736760943,666.8503544937673,676.5218139126857,11816132.0
2022-09-29,665.1422119140625,674.6933797809945,663.434101683277,671.8545371114053,14410388.0
2022-09-30,683.9078369140625,688.7676199193113,656.7940432846984,663.4341823816585,15781756.0
2022-10-03,679.9862060546875,682.2236477251022,674.1640883244871,678.4224109471055,11541112.0
2022-10-04,699.13671875,701.5425574242946,686.2173768162974,687.8292769808156,11538526.0
2022-10-06,691.4381103515625,703.7559939592081,690.0908170525987,702.4808875755999,12549198.0
2022-10-07,688.454833984375,690.4516331398249,683.4265958004532,688.1901682297433,13297994.0
2022-10-10,680.8523559570312,686.1452011270152,672.7687143847188,677.4841817579505,13109302.0
2022-10-11,673.9476318359375,681.8147129301799,673.3701952846903,674.1641338324686,14521620.0
2022-10-12,678.350341796875,680.7802037798269,672.3357447059547,675.1745875438293,9225050.0
2022-10-13,670.5553588867188,676.6421426191388,665.9361602736982,674.6212615810351,14714234.0
2022-10-14,692.400390625,696.249732615966,680.9726565893199,681.8147001498437,12849920.0
2022-10-17,696.033203125,701.3500712981873,686.6263505116987,690.475692350587,18410500.0
2022-10-18,694.7340087890625,703.9002774553204,692.8815247929514,701.5666257336586,10561108.0
2022-10-19,701.8553466796875,710.8772419458467,699.329216005163,704.4295823817055,12967040.0
2022-10-20,697.1159057617188,699.0886819198254,694.0845252418784,694.8062769145736,7898078.0
2022-10-21,692.2079467773438,701.3742163513118,689.9945867678867,698.6556066854753,10492606.0
2022-10-24,703.0101318359375,703.948385410148,699.7622496749542,699.7622496749542,2167794.0
2022-10-25,698.1262817382812,706.2580282452401,695.287380341186,703.0341691638182,13773394.0
2022-10-27,699.8104248046875,706.0415240061888,698.2947345638005,704.6702075925484,15937276.0
2022-10-28,701.8793334960938,705.8730490883848,696.442173472227,697.6931978037887,10474278.0
2022-10-31,720.1636962890625,720.7892378137252,705.9933305622085,708.2788772108167,12830528.0
2022-11-01,728.1270751953125,735.7054670237125,721.2223299433629,723.4356897777316,19073756.0
2022-11-02,728.5841674804688,735.34459771333,727.33314310533,729.931460645262,12720406.0
2022-11-03,725.3844604492188,731.4952673413037,720.3081172240958,720.6449111524606,10332352.0
2022-11-04,720.3803100585938,729.4984154442802,716.7474700445205,723.2913397099678,10818060.0
2022-11-07,725.9859008789062,727.5256141338776,717.9503644757295,726.5632786654467,9835834.0
2022-11-09,725.7693481445312,730.38854669658,723.6762802249166,728.9932072410344,9269790.0
2022-11-10,733.6605224609375,734.7431498920162,719.3698638652188,720.3562225050898,12774182.0
2022-11-11,775.2333984375,787.6715724866862,740.0359673088109,743.404141412297,56722338.0
2022-11-14,777.1100463867188,783.3411456416203,768.906112245276,775.6424611635699,19195390.0
2022-11-15,779.0106201171875,781.0074781111963,772.3945632755499,781.0074781111963,11030202.0
2022-11-16,785.6988525390625,790.0774674383857,775.6424345375626,778.8422119111716,13578150.0
2022-11-17,778.6016235351562,785.0492832742325,776.5566605526772,778.5775416526076,12100930.0
2022-11-18,776.5567016601562,780.9353167659891,772.3945885635269,779.9729811938807,10459232.0
2022-11-21,768.5933227539062,775.6424423049926,765.1529614641645,773.5493742606727,8344816.0
2022-11-22,767.4625244140625,771.9614309133688,765.537853506441,769.8683630485893,8546314.0
2022-11-23,769.4594116210938,772.2742311837565,766.9813859856123,772.2742311837565,10185738.0
2022-11-24,781.9697875976562,785.2657749671398,769.4594259866601,772.731331473911,17197960.0
2022-11-25,778.3610229492188,785.1213945985398,776.6528539412901,784.1590590980275,8410496.0
2022-11-28,769.9886474609375,773.4530315663065,767.0054310777749,771.2637536720435,16105980.0
2022-11-29,768.8339233398438,775.8108561300074,766.4280844466838,768.5452344199248,12638236.0
2022-11-30,773.9342041015625,776.0754357204742,768.4729621678146,768.4729621678146,15184806.0
2022-12-01,779.2511596679688,787.6715951691663,777.0859048248036,780.4540790252827,20446366.0
2022-12-02,773.2847290039062,778.8181584847341,772.3464753255907,774.680127315897,7811078.0
2022-12-05,776.0994873046875,776.893425827618,768.0399276122688,774.6559840761946,11592622.0
2022-12-06,775.2333984375,776.46034090485,769.8683665111166,770.349534240186,12353092.0
2022-12-07,774.8966064453125,778.8181354914701,772.0095998448971,776.6769624240152,11674720.0
2022-12-08,779.2511596679688,782.378749996985,772.2742273955479,774.6800661101757,14803634.0
2022-12-09,784.8087158203125,786.637118107019,779.4917884600618,782.3787950839879,11963384.0
2022-12-12,790.9194946289062,795.6589852525027,780.1654070879796,781.897599252911,14434808.0
2022-12-13,793.1088256835938,797.2949616133573,791.5209486143468,793.9267873639345,17031702.0
2022-12-14,799.8211059570312,801.3849011709643,793.9268009198986,795.3703041942985,14227640.0
2022-12-15,785.1695556640625,803.2614512642567,782.8840088582007,797.3190413162754,18182648.0
2022-12-16,788.9467163085938,791.5690570624564,774.1989129626363,779.5158401167187,14647958.0
2022-12-19,791.4006958007812,792.3149263180803,782.4750101040391,791.0398199705028,9604542.0
2022-12-20,785.939453125,787.3829564457624,779.5880032718654,779.5880032718654,7174698.0
2022-12-21,778.3369140625,791.4247116571615,773.0200458484181,789.5962507751079,9269198.0
2022-12-22,775.66650390625,783.1005222357195,774.1989187571569,780.5503096365309,9747096.0
2022-12-23,768.7376708984375,771.8652612871225,762.867389080973,763.6132225912555,10693152.0
2022-12-26,784.038818359375,788.6339941689127,765.0567728667305,769.6278667926638,9907322.0
2022-12-27,784.832763671875,787.1664156857469,776.3642223890472,785.7469942121562,7926772.0
2022-12-28,784.2072143554688,785.7469276450677,780.9833552219441,780.9833552219441,8691870.0
2022-12-29,789.7406616210938,790.7992071900476,775.1612551160126,779.5398699494827,11012896.0
2022-12-30,783.4132080078125,791.520872062532,779.4916794779951,791.520872062532,7122640.0
2023-01-02,783.6778564453125,788.994783343364,778.7940509867589,782.8598948008254,4381378.0
2023-01-03,788.8023681640625,790.5586422632767,780.5503292014555,780.5503292014555,8378030.0
2023-01-04,774.7041625976562,791.8818278494382,773.2365774595456,786.709274515468,10351600.0
2023-01-05,769.7240600585938,778.5535356487463,764.7680672572426,777.085950452134,10941436.0
2023-01-06,767.1738891601562,774.2470317456477,759.3789361975485,770.8307523930382,9092462.0
2023-01-09,768.66552734375,775.4259581366615,765.0567689994132,767.9437756748827,10729340.0
2023-01-10,754.6154174804688,769.8684118966518,753.0275403864125,769.8684118966518,16371766.0
2023-01-11,765.48974609375,768.9060251968651,750.6216516314828,754.4469115539331,15195798.0
2023-01-12,769.5797119140625,771.7449667913606,762.2419037187744,763.998177755398,9250070.0
2023-01-13,770.1812133789062,774.6320153125537,763.1320937043018,769.2669828560861,9244546.0
2023-01-16,762.7952270507812,780.1172653577423,760.3893883970367,777.0858851595061,14748094.0
2023-01-17,774.1507568359375,775.1611973011755,759.0420786732492,764.960465126677,10786354.0
2023-01-18,787.8159790039062,789.884965083016,769.724024650822,772.274237215273,19090642.0
2023-01-19,791.087890625,793.9267921137573,785.7469403162216,787.6716113274065,11172162.0
2023-01-20,799.195556640625,803.068980550622,790.7510978089086,791.0878917418223,18843404.0
2023-01-23,805.0418090820312,809.6129030380878,799.4121694938297,801.7458215030824,15444400.0
2023-01-24,815.8199462890625,819.1400156177996,805.9560070977172,805.9800889805086,24983940.0
2023-01-25,793.2772216796875,814.5929177332151,791.6653214666925,813.8471429635326,14704142.0
2023-01-27,777.4708862304688,787.6716191971464,765.032652707376,785.2657804091282,35179948.0
2023-01-30,776.6769409179688,782.0419731157772,761.2073858984988,767.4625666928607,18512822.0
2023-01-31,771.552490234375,780.7908875770869,767.4625643428925,779.3473843212695,18596244.0
2023-02-01,783.1246337890625,801.1443434244188,772.7554447685386,781.4164646974513,17302790.0
2023-02-02,771.4803466796875,781.6570569523664,764.4553088538455,773.7658936298407,17497106.0
2023-02-03,798.1610717773438,798.9790334420251,773.2365593142633,775.1612302770866,14411100.0
2023-02-06,794.7688598632812,803.2614827057959,792.0983552594887,798.7384939446326,11167672.0
2023-02-07,795.9476318359375,801.0961617651983,785.5544206626682,798.449739262286,10264588.0
2023-02-08,795.8514404296875,802.6839988300309,793.9267694733884,795.9717323644562,8444826.0
2023-02-09,794.1914672851562,799.5324176572361,786.9739509076702,798.738479108453,11777336.0
2023-02-10,797.3430786132812,798.0167252205403,790.173667284601,793.3494214707791,8172116.0
2023-02-13,797.9445190429688,799.5805011250109,791.3044393965116,796.3326188427218,5736944.0
2023-02-14,805.3304443359375,807.1589052910266,797.7520522296284,801.1443083812574,10908592.0
2023-02-15,803.6945190429688,807.3994872360046,797.1746725138561,807.3994872360046,11438712.0
2023-02-16,800.7835083007812,809.2761316878249,799.2197129563453,805.0899366009373,8062500.0
2023-02-17,796.7657470703125,802.6600524376097,790.5345890116744,799.2196910269881,8956270.0
2023-02-20,789.2835083007812,803.2854781022144,786.6130625255412,798.7384663515395,8086706.0
2023-02-21,792.24267578125,799.8691726347396,786.2280790929624,789.1150855033404,12389296.0
2023-02-22,776.7009887695312,790.0533943514464,774.2230217496752,788.6339729282492,10359102.0
2023-02-23,771.4322509765625,778.9384566721428,766.0672184288102,776.123636878338,27882010.0
2023-02-24,764.551513671875,778.4813560195853,762.7471345130758,778.4813560195853,17061740.0
2023-02-27,766.4521484375,769.3872600713753,758.9459430133319,763.0839740657053,14312972.0
2023-02-28,769.6759033203125,772.4185946735463,764.431163219567,766.0190402522969,18993992.0
2023-03-01,768.9302368164062,776.1236720304117,767.8235273667264,775.6425042238213,14137256.0
2023-03-02,762.38623046875,772.7313372630384,761.2073929564784,766.981406050965,17391814.0
2023-03-03,777.5189819335938,779.4917579688479,764.094389910204,767.943731924865,14986234.0
2023-03-06,783.0042724609375,788.8504134058667,778.5534709474247,779.4917245287281,27004710.0
2023-03-08,784.568115234375,788.8745431955432,779.4917718675084,779.4917718675084,20099774.0
2023-03-09,784.6402587890625,791.9780672791738,782.859961535162,784.27938296168,20700166.0
2023-03-10,764.4072265625,776.4845264268987,762.6509523697192,774.8966492145099,27387000.0
2023-03-13,754.7357177734375,771.6968814107662,753.0034668384583,764.0463022356049,26443550.0
2023-03-14,752.7147216796875,761.9772004206781,750.2848599011005,755.5536230150942,33185612.0
2023-03-15,741.91259765625,761.6404762620406,739.3623849761033,759.2827424375032,37264754.0
2023-03-16,746.7242431640625,750.1886274704333,737.1730750713688,740.5171674402086,21753342.0
2023-03-17,756.70849609375,759.8601097073861,740.9983568458301,749.4187927190782,22950876.0
2023-03-20,751.4636840820312,754.5190873460873,743.5966036348024,754.446900441081,26503114.0
2023-03-21,759.9804077148438,761.4479929018443,748.793257108229,756.3716494546454,33050494.0
2023-03-22,758.2241821289062,763.156151684689,753.1719206327385,762.1697342790129,14177324.0
2023-03-23,752.137451171875,765.2251917130186,749.9240910601629,754.3508112835871,28364178.0
2023-03-24,750.9344482421875,757.3099208232004,748.1917568712191,750.6216774626521,31477748.0
2023-03-27,754.2063598632812,759.9803728144399,750.092410877359,751.6802291971494,31872006.0
2023-03-28,760.3412475585938,761.6404357125624,752.5944586072359,753.3643152523856,39276302.0
2023-03-29,763.9981689453125,770.8307274292553,761.1592675027767,762.1697080199377,39763612.0
2023-03-31,774.4635620117188,776.0994853441741,766.2115234957539,767.7512367744048,34711228.0
2023-04-03,774.9447631835938,777.422730170773,771.1916311425683,773.5012598964762,40025398.0
2023-04-05,795.7311401367188,796.8137675382653,777.5670581774376,778.8180825386323,43365392.0
2023-04-06,801.7938842773438,803.1652006446278,792.5314049071793,793.2291334002176,44637344.0
2023-04-10,797.99267578125,804.0313548734133,795.8515026694348,800.3023046039525,31813286.0
2023-04-11,800.3263549804688,803.2614665555587,794.4560730939902,798.2573101275717,42361542.0
2023-04-12,810.7196044921875,812.3074229248433,802.4916471991853,802.5878572606912,26955504.0
2023-04-13,814.3523559570312,816.5657746530499,807.4716921966794,812.3555567321653,35330086.0
2023-04-17,801.9382934570312,827.6085828103118,795.5147153318975,827.6085828103118,32405148.0
2023-04-18,798.5460205078125,807.0386434079419,797.00630713609,803.550177070361,29637226.0
2023-04-19,801.4811401367188,803.6945588930066,797.3671908980723,801.1443461883971,24741168.0
2023-04-20,804.4644165039062,807.1348624191324,801.8179937357015,804.3681477069183,32922716.0
2023-04-21,805.7635498046875,806.8942823364474,800.3023072681698,803.0690219934318,20128618.0
2023-04-24,812.2833251953125,813.8711434821779,805.5228950106629,811.729970551708,35675852.0
2023-04-25,800.7352905273438,812.066755339811,799.6526631336261,812.066755339811,50353068.0
2023-04-26,804.416259765625,805.955973055451,796.3326181532963,798.738456878835,27392750.0
2023-04-27,808.8429565429688,810.8879194015693,801.5532536644629,803.7906953628967,47790392.0
2023-04-28,812.0186767578125,813.6546588421882,803.5501361717647,810.6232785465422,27916272.0
2023-05-02,811.8502197265625,817.5039403262289,809.3240892458605,812.5478894124298,32221184.0
2023-05-03,814.689208984375,816.0605253605099,808.1934441893474,810.7435980893194,29407270.0
2023-05-04,831.3616943359375,834.5614130090665,811.7781309061464,811.7781309061464,56854638.0
2023-05-05,782.2103271484375,799.1955126698393,780.5021582230617,788.6339045566583,62770416.0
2023-05-08,791.2562866210938,794.0951881063704,784.3034360962322,786.7092748572636,37244524.0
2023-05-09,791.2803344726562,796.8137633850524,789.0909977997552,793.878651970084,43688938.0
2023-05-10,794.9371948242188,796.1641960299875,785.7950079560763,791.2803318242208,46340550.0
2023-05-11,795.466552734375,812.2112150220032,793.5659634923215,801.216542964019,35734618.0
2023-05-12,802.4916381835938,804.8974770572269,791.1601135942614,792.4833249747595,22478760.0
2023-05-15,806.3410034179688,808.7227604763904,801.1924728395238,804.5125423272495,18512260.0
2023-05-16,801.7174072265625,813.641207320555,800.1113205928083,813.641207320555,32722086.0
2023-05-17,797.4102172851562,803.0314612780545,791.0346460503185,803.0314612780545,30466868.0
2023-05-18,800.5980224609375,804.953835962047,798.1645938212387,802.0580796447568,49646942.0
2023-05-19,801.5227661132812,803.0314800422937,794.0521518021368,802.0581085513332,30460332.0
2023-05-22,798.6757202148438,804.4429348055172,794.6118464382748,800.5981052751066,28334032.0
2023-05-23,796.8018798828125,802.8367950174272,794.9768083346355,802.5447954516952,22470074.0
2023-05-24,786.3868408203125,795.6095118101778,785.3160965486113,792.1053982534182,33588112.0
2023-05-25,783.3693237304688,788.455225154943,777.407423655138,786.3380947431477,29776930.0
2023-05-26,786.3868408203125,787.944211421121,779.7922252930767,787.944211421121,26635066.0
2023-05-29,795.9744873046875,798.6512587386072,790.7912725552128,792.5676872978805,21816292.0
2023-05-30,796.5828857421875,799.4543434930372,792.5920864341458,795.0498137776772,37125928.0
2023-05-31,783.9777221679688,795.706836766176,780.9602943063138,793.249109394473,43334270.0
2023-06-01,780.6439208984375,788.3822359863269,778.6971779535536,788.3822359863269,50366938.0
2023-06-02,781.8606567382812,785.9001722239442,779.1838851154611,784.7564131844704,17859710.0
2023-06-05,780.838623046875,786.7275086936293,779.889550195903,785.7541372012771,18697242.0
2023-06-06,778.4051513671875,783.4909933701617,774.9253365920524,782.4203085516023,32182852.0
2023-06-07,782.444580078125,784.805053262948,776.7503811233141,780.3761658426776,24949026.0
2023-06-08,782.9312744140625,791.350960923385,780.278861070367,780.278861070367,37395522.0
2023-06-09,783.8560180664062,787.7008471820789,782.1039613355581,786.4354761770152,18212578.0
2023-06-12,779.0864868164062,786.3867722647989,778.4294135981509,784.8050437509804,13408292.0
2023-06-13,780.4005737304688,783.0773452649356,773.8789730190645,773.8789730190645,27926108.0
2023-06-14,779.5488891601562,784.5374180278894,778.7945024942541,783.7830313619872,20113968.0
2023-06-15,769.961181640625,781.5929230405386,768.4767664026215,780.6439096325554,35377476.0
2023-06-16,780.0355834960938,783.1746828103192,770.9102257106925,772.4432977006162,15779272.0
2023-06-19,780.7169799804688,785.6324943134937,777.8941787861185,784.0507655809437,24829146.0
2023-06-20,782.3472900390625,784.0506900484788,774.146647589991,780.7169047691681,20005626.0
2023-06-21,796.0231323242188,796.8261756245972,784.050675786365,786.4841043269806,24308946.0
2023-06-22,799.9166259765625,806.7059273185989,797.702241628417,798.1645692917998,56596140.0
2023-06-23,799.8679809570312,807.8496386483743,795.2688246661945,796.9722246864862,21339218.0
2023-06-26,795.9989013671875,803.396500995714,792.6650564551716,800.598057936059,16130314.0
2023-06-27,807.2169799804688,814.1766100290189,797.4589662553369,799.6003360457688,33831864.0
2023-06-28,815.7583618164062,817.5834334461853,808.1417176661517,812.7652324615918,59562950.0
2023-06-30,828.047119140625,831.6486054517263,819.2137611926184,829.3124901661796,40699016.0
2023-07-03,837.002197265625,855.3502267293802,832.2326530339916,833.449367439012,44104116.0
2023-07-04,841.0902709960938,850.2399866599931,834.0820438772298,838.778513734139,38795188.0
2023-07-05,814.3712768554688,837.0994772709068,812.0595195781218,835.2744057361592,37165754.0
2023-07-06,815.1986083984375,821.4525082286525,808.0930085295972,814.2252369257229,52156544.0
2023-07-07,808.093017578125,815.1986175265295,806.0976179186929,810.3317601084606,19926336.0
2023-07-10,806.1705932617188,816.0503378295722,802.8854644229833,808.3850372058562,38398442.0
2023-07-11,802.2527465820312,815.6852604691176,800.8413461228718,809.3583461576029,50670426.0
2023-07-12,794.7335205078125,810.9645387950601,791.9107786303803,805.6352938593309,70958358.0
2023-07-13,798.699951171875,806.6572510904781,797.2155953198356,806.2922367876993,41913546.0
2023-07-14,800.3546752929688,804.7835035114284,795.7311609024043,804.7835035114284,24727214.0
2023-07-17,817.0966796875,818.6053935606003,794.7577929158504,803.0314502823962,49252928.0
2023-07-18,816.415283203125,829.3124545920268,812.7651403572094,826.3923403152943,81076818.0
2023-07-19,820.1141357421875,821.8905505906512,815.1986216073076,818.1673927652148,32935134.0
2023-07-20,821.8905639648438,823.4722926593728,817.6320636334198,818.1917641303833,56210948.0
2023-07-21,815.5635986328125,822.4015567907909,814.3468843278255,817.6320129512904,42154248.0
2023-07-24,816.8533325195312,819.8951183000274,812.813817239081,816.9019892100436,32179444.0
2023-07-25,825.7109985351562,826.879056170404,816.8533420034627,819.8951278192749,55992596.0
2023-07-26,822.8395385742188,827.1710534459679,821.5255108693627,827.1710534459679,24794358.0
2023-07-27,814.2982177734375,828.8257745170246,811.5240735457453,827.3170606790924,59741302.0
2023-07-28,799.8679809570312,812.2298101291246,798.6999233468555,808.628323918532,41015684.0
2023-07-31,803.6154174804688,806.3409049738307,797.531846128994,803.0557764440342,34565006.0
2023-08-01,808.9933471679688,811.5240891764785,803.0314470309211,805.1971747453257,35394188.0
2023-08-02,798.4080200195312,803.7615635856482,794.8308914277848,799.1380486876382,28116322.0
2023-08-03,792.6407470703125,803.6884896703888,789.8909607409018,798.1646183703506,57673946.0
2023-08-04,804.1021728515625,806.1949453417267,792.9327586465489,795.8042164551875,37388304.0
2023-08-07,803.6397705078125,809.4069842309956,801.8390571629793,809.4069842309956,28300918.0
2023-08-08,802.9828491210938,805.7569341954113,799.1623777784342,803.8588478451442,43773828.0
2023-08-09,803.2748413085938,805.2215843350914,793.8331257481036,804.4915557001548,33361236.0
2023-08-10,796.1448364257812,805.099865704745,793.7844225264857,801.5957522263969,50781118.0
2023-08-11,787.8468627929688,797.385890968424,786.5814324003055,797.385890968424,28225822.0
2023-08-14,784.0020751953125,785.9974748594191,778.8188601509507,784.0507318876311,31304410.0
2023-08-16,781.714599609375,783.3937010320665,769.5961724006356,770.4721710730195,34137542.0
2023-08-17,777.3831176757812,783.5153458133944,775.7770310495571,777.529087744607,52884040.0
2023-08-18,774.1953125,776.8964420218484,771.6402124587459,772.6379419530916,25633366.0
2023-08-21,773.5870361328125,778.9405796354617,772.3703217003922,778.9405796354617,21837270.0
2023-08-22,770.2774658203125,777.7237811054864,768.963438139342,776.9207377849476,32273570.0
2023-08-23,772.1755981445312,774.0980425006611,765.6783552717781,768.9634840803492,36498588.0
2023-08-24,768.622802734375,776.8477441031978,767.0897307917666,775.4364030038525,43145792.0
2023-08-25,759.9598388671875,767.7468112795314,758.4511248442728,766.3111120049593,30069756.0
2023-08-28,767.868408203125,770.2531801549441,759.9597651143588,759.9597651143588,28867238.0
2023-08-29,773.976318359375,775.1200179106506,769.669102242421,773.6842594017068,35538932.0
2023-08-30,768.3307495117188,780.6195643753474,765.8973208258516,780.6195643753474,28084204.0
2023-08-31,764.8023071289062,770.4965661172561,760.7384929502665,768.4768083488655,100075772.0
2023-09-01,766.3839721679688,768.4767445078436,758.9133583196115,764.5832587851945,43226776.0
2023-09-04,771.1779174804688,774.5360015777221,766.4813881806992,773.8303310146484,25073638.0
2023-09-05,766.4813842773438,773.0516417713671,764.38861183011,773.0516417713671,38712082.0
2023-09-06,776.507080078125,778.6971658570981,766.4813659496907,767.4060807161218,56320910.0
2023-09-07,783.9777221679688,785.510794150052,772.4432937501639,776.5071078478363,34208342.0
2023-09-08,790.085693359375,794.7092081887672,782.3960344054848,782.7367500914759,34502210.0
2023-09-11,794.173828125,796.4612273788786,790.3776555229446,792.762427572447,31573022.0
2023-09-12,796.6559448242188,799.576059429664,790.888730360441,798.164658821722,39033340.0
2023-09-13,800.0626831054688,803.8101394610018,792.6163676755281,793.9304547919241,46420094.0
2023-09-14,799.5759887695312,803.0314455319658,795.7798163539742,800.2330026157181,23538848.0
2023-09-15,808.75,812.7651572137806,803.0314427561306,803.0314427561306,173411202.0
2023-09-18,792.8353881835938,805.464858730247,791.399629677695,804.8565015861909,37056288.0
2023-09-20,761.0304565429688,778.2104866731253,759.4244292708094,778.2104866731253,115474648.0
2023-09-21,755.9932861328125,763.5855718328563,748.0603441770149,755.8229580049356,72841442.0
2023-09-22,744.4588623046875,761.3711919566923,741.5874045249608,758.7430770496563,61704250.0
2023-09-25,745.1158447265625,749.8366724935371,742.195730377536,742.195730377536,40208754.0
2023-09-26,748.3523559570312,749.4960555884529,742.1957693327212,742.1957693327212,27575308.0
2023-09-27,743.0961303710938,745.8459167585748,737.3289160778081,741.2224021033014,39338538.0
2023-09-28,741.5630493164062,748.3279930851168,738.9592924506106,746.5759362770035,55354188.0
2023-09-29,742.8284301757812,747.2815569377753,740.8816873168103,741.5629997895483,32053782.0
2023-10-03,733.9464721679688,743.1691434056778,732.9487426122795,743.1691434056778,38971694.0
2023-10-04,744.4102172851562,747.0626308751249,724.7967576747751,727.5952007546005,54649430.0
2023-10-05,747.4276123046875,755.1172706279191,745.8945403681716,747.0869560565192,48512674.0
2023-10-06,746.600341796875,751.9295273041055,744.5562258825445,751.4428415259151,17759356.0
2023-10-09,737.937255859375,744.6291848078113,735.8688414571311,743.6558133244023,16454972.0
2023-10-10,742.1227416992188,744.1424994102023,737.426212407623,740.0300286548502,33266292.0
2023-10-11,749.3013305664062,750.5424029295025,743.8991308991633,744.6778161774354,31333360.0
2023-10-12,754.2898559570312,755.3362421435227,745.4078415117224,747.5979272653602,22025336.0
2023-10-13,747.4276123046875,753.7788848660191,744.6048112974557,749.4960266639874,39745300.0
2023-10-16,744.4344482421875,746.7948620477135,740.0056201744178,745.3591629708128,17856084.0
2023-10-17,750.0800170898438,757.1613181665532,747.0625893528261,757.1613181665532,32902558.0
2023-10-18,739.640625,750.0800099587005,738.8375816778204,750.0800099587005,31216200.0
2023-10-19,737.3045043945312,742.8040767694536,731.5859472105568,732.6566914356105,30252364.0
2023-10-20,741.1250610351562,743.1691173582408,732.46203118805,732.46203118805,21094010.0
2023-10-23,732.9730224609375,744.0207640901824,730.0772068991747,741.4656641644435,22376136.0
2023-10-25,728.3251953125,741.1250537819102,725.8674086108082,740.2489957035165,28311996.0
2023-10-26,712.2158813476562,726.1350808000519,710.6828094760561,725.7700665168079,55561798.0
2023-10-27,715.0143432617188,719.3215000369331,713.9193003827721,715.1846713831347,31940532.0
2023-10-30,722.7769775390625,725.1373914861161,711.4858921827074,712.1429060469561,23310982.0
2023-10-31,718.5914916992188,731.9753494856925,717.3747773549939,731.9753494856925,32634824.0
2023-11-01,717.6181640625,719.0538633124389,711.6562634115908,711.6562634115908,33877466.0
2023-11-02,718.713134765625,725.4050633947277,714.0409637501907,722.7282919430866,45225154.0
2023-11-03,722.1199951171875,725.84315305655,721.0979669049797,724.188409593513,18095340.0
2023-11-06,727.351806640625,729.0552066561768,721.7549208752405,729.0552066561768,25593730.0
2023-11-07,723.8233032226562,727.1084316790375,718.9320882014275,727.1084316790375,41952848.0
2023-11-08,725.9161376953125,726.8407930714139,720.7815793854345,722.2172785513859,31399546.0
2023-11-09,723.044677734375,726.4271198457463,721.9982915168673,723.2150058605088,22116740.0
2023-11-10,725.8917846679688,728.0818705084018,720.3192566823748,720.3435553235623,14015186.0
2023-11-13,724.5777587890625,728.0575143276742,723.1663582507371,726.1837860969108,20605914.0
2023-11-15,732.1700439453125,735.3577999173147,730.2963157159859,732.0240144584016,41245460.0
2023-11-16,734.0924072265625,739.2756221207742,731.8536647558356,734.7494210785321,29713838.0
2023-11-17,732.5106811523438,733.6787387876133,724.6750527726409,725.16173850318,23701874.0
2023-11-20,732.559326171875,736.3554985735485,730.7829708116128,736.3554985735485,19331452.0
2023-11-21,738.7646484375,740.7357495903111,735.917548535572,739.2756922652317,24959972.0
2023-11-22,736.1365356445312,739.7623206231069,731.7563640092628,739.7623206231069,29123650.0
2023-11-23,740.39501953125,741.6360324879696,734.1654184677379,734.1654184677379,13046220.0
2023-11-24,745.6511840820312,746.1622278549652,739.6892839772345,740.3462978210936,16469192.0
2023-11-28,743.97216796875,748.1576534487249,742.5851254924052,747.1599239182611,28489338.0
2023-11-29,758.8160400390625,760.6897681490088,746.0891967833849,746.5272258063289,34042488.0
2023-11-30,758.645751953125,765.2889647471237,750.542422535641,763.6829374580863,69491440.0
2023-12-01,756.990966796875,762.0281520239192,755.3848801865702,758.207681074416,22153536.0
2023-12-04,783.2720336914062,784.5374047202694,765.873018667368,772.8569470817542,50662456.0
2023-12-05,790.2316284179688,797.6779441560443,786.7275147823341,796.4612297811876,52230820.0
2023-12-06,792.22705078125,797.4102062498663,786.8004930390686,797.4102062498663,38613060.0
2023-12-07,793.5167236328125,795.2444817359088,786.5814519897668,790.86431017188,20450386.0
2023-12-08,804.5888671875,805.4649253113081,793.5167662504412,793.5167662504412,33728038.0
2023-12-11,803.5181884765625,809.6990738547369,801.5714454396721,803.0558607692541,23187620.0
2023-12-12,795.5364990234375,806.0732571804058,794.1981132379304,805.0755276490755,36581476.0
2023-12-13,793.7357788085938,796.2178641804811,786.0461204150259,794.4901060535459,29346914.0
2023-12-14,803.1044921875,807.3872910879392,800.5980487244109,801.0847344683164,35172366.0
2023-12-15,806.2192993164062,811.7918273650013,801.3767404796611,803.0314839042278,138837130.0
2023-12-18,805.8055419921875,810.1857135762941,803.4937847672423,808.2389706500245,18014754.0
2023-12-19,804.4428100585938,807.2412528497581,800.1356534706899,803.0314096384661,24008446.0
2023-12-20,806.4382934570312,812.2541644467366,800.3303634873538,806.9249792104754,34232520.0
2023-12-21,820.8927612304688,822.3771764061897,803.1530909094922,806.438219443738,36589240.0
2023-12-22,813.1788330078125,820.5034769444852,811.3537615362043,819.3840760112807,48578850.0
2023-12-26,818.8244018554688,820.5278019503709,812.059517577905,814.3469167985355,18045856.0
2023-12-27,828.9718627929688,830.5292334309963,816.9506891067552,818.3620896655261,27009078.0
2023-12-28,829.9208374023438,837.7808237889657,828.3391087868577,831.8919383640549,44076470.0
2023-12-29,831.8676147460938,834.6174011041943,825.4190285852712,825.9057143332578,25011426.0
2024-01-01,826.4410400390625,831.8189412093673,823.4722689184366,830.285869252277,14239686.0
2024-01-02,826.927734375,828.7285072707376,821.8661907638304,826.781764297971,29242092.0
2024-01-03,814.1765747070312,829.6531453722021,812.2541304155426,828.3391176569097,28389762.0
2024-01-04,822.9125366210938,824.907936188308,813.1058074949292,816.6586370098769,26734056.0
2024-01-05,818.7026977539062,829.7504992888211,811.8404409559379,821.1118277236433,31889470.0
2024-01-08,809.577392578125,818.7757651976441,807.8983504931613,816.9020369293803,17998470.0
2024-01-09,803.2748413085938,816.5613862283932,801.4497697212522,811.3781710383666,25326888.0
2024-01-10,805.9271850585938,807.8739279163432,798.8459435594566,799.6246288205809,16115824.0
2024-01-11,802.5447998046875,809.309743595266,799.6246853117656,807.8983430417109,18314010.0
2024-01-12,798.7485961914062,805.95156875827,795.0497965259408,804.0048258385641,19773552.0
2024-01-15,814.1279296875,818.0700722997735,799.916670432672,801.9120700848223,28320356.0
2024-01-16,817.2183227539062,819.4084084513863,806.9735647828543,814.2251937520415,25322500.0
2024-01-17,748.279296875,777.1397839265529,743.8504686909188,764.0965828252033,170145236.0
2024-01-18,723.2879638671875,737.3288344094451,720.3191929835535,727.1084347245617,161070930.0
2024-01-19,715.744384765625,735.0171279009493,714.6493418669147,732.924355486129,109600538.0
2024-01-23,694.6708984375,717.7154569857805,693.5271987986505,712.9946289403671,115469402.0
2024-01-24,708.5657958984375,709.8068089160445,671.7480069982282,671.7480069982282,86004404.0
2024-01-25,698.3453979492188,709.27146932584,690.8017687875753,706.9110553088505,98941852.0
2024-01-29,707.9573974609375,711.9238979776146,703.6502407027771,704.7452835773879,65645498.0
2024-01-30,702.9202270507812,712.1185398649957,701.2654836786888,707.90875580775,41728768.0
2024-01-31,711.80224609375,717.8371016849802,699.2700884068386,700.5841161285045,65761040.0
2024-02-01,713.651611328125,717.1800828855794,708.6387839338071,713.0189555223712,32690740.0
2024-02-02,703.8206176757812,720.7085896391353,701.8252179588541,717.8614898495053,44867754.0
2024-02-05,703.1878662109375,706.6190243767684,697.9316959646247,703.7475666832909,38605046.0
2024-02-06,702.8228759765625,705.5483042801744,697.2259898811583,703.5286059562596,41075740.0
2024-02-07,695.936279296875,707.5437822099352,694.3302519335382,707.154409837675,54837086.0
2024-02-08,682.844482421875,700.3164537570308,681.6034099643059,695.8876252029665,69106124.0
2024-02-09,683.1121215820312,688.2709787615526,675.0331498393979,677.5395933880455,56642124.0
2024-02-12,676.4931640625,688.0032934481292,673.2566920790741,681.18969323455,34447812.0
2024-02-13,678.658935546875,683.4771364619307,673.7434212435891,677.4422211445823,57580994.0
2024-02-14,673.5974731445312,677.2232584177402,663.6204147201233,669.6796288773342,91320810.0
2024-02-15,688.197998046875,688.903668609651,673.7433958465795,674.0597534612269,41584944.0
2024-02-16,691.0451049804688,694.8412181662663,685.4725175238648,692.9918479710976,32175742.0
2024-02-19,689.682373046875,695.4739454261017,688.7576582283627,695.4739454261017,34451756.0
2024-02-20,707.7870483398438,709.22274741334,687.1029057664576,688.660276266856,56133508.0
2024-02-21,700.413818359375,712.5079475266035,698.3940605878935,712.5079475266035,45893136.0
2024-02-22,690.874755859375,695.3765988884213,687.2975681948778,689.9986977762575,50560882.0
2024-02-23,691.3858032226562,697.8587478235042,690.1204320838871,692.3348761341468,29833452.0
2024-02-26,692.2131958007812,698.3210665804025,687.9546953048787,687.9546953048787,23506870.0
2024-02-27,691.1668090820312,694.3545652339111,687.7113519923358,687.9546948776648,32087150.0
2024-02-28,685.9348754882812,693.1377886016653,683.3067606806109,691.1667470533215,25321986.0
2024-02-29,683.0148315429688,686.4216319830621,680.046060184293,682.3821162687117,53295700.0
2024-03-01,696.32568359375,697.299055159144,681.360095775817,681.360095775817,34738898.0
2024-03-04,697.2745971679688,699.3673694975699,693.1864847071581,696.4228971703204,35616474.0
2024-03-05,701.2410888671875,702.2874750189414,691.8967470591605,692.067075174591,37991672.0
2024-03-06,702.0927734375,707.0813018234176,697.688303532932,697.688303532932,42409530.0
2024-03-07,703.7962036132812,706.2053335588424,701.5088045068723,703.504204064998,49348046.0
2024-03-11,694.8899536132812,703.7232526512562,692.5538381955413,695.9606385239804,50531094.0
2024-03-12,710.3422241210938,712.5079519871562,695.5956218426523,697.9073792005341,65418454.0
2024-03-13,710.755859375,716.2067158438075,705.7429725398497,713.2379447418698,63067454.0
2024-03-14,708.3467407226562,713.4812990740788,702.9202422173576,711.5832127948388,52432158.0
2024-03-15,706.9840698242188,710.2205419583659,701.9225261192986,705.6943406988961,143613804.0
2024-03-18,703.77197265625,708.6144722431341,698.7834435762417,704.2343003680048,21437856.0
2024-03-19,705.3779907226562,706.8624060469253,698.6374048635253,698.6374048635253,36183594.0
2024-03-20,696.4716796875,706.4973944482159,693.3568789456579,705.2320233558721,43606094.0
2024-03-21,703.6259155273438,706.3026871236781,700.0001304926251,702.0928435492851,28922860.0
2024-03-22,702.2144775390625,706.0593065998343,699.7323922549797,701.3141208411934,45980326.0
2024-03-26,693.7218627929688,699.8297331586394,692.1401341445468,694.5978614753975,56844290.0
2024-03-27,701.1681518554688,704.6966236214441,691.7021375713913,692.8215385852401,62168668.0
2024-03-28,704.6723022460938,710.8045307526719,701.1681292352769,701.1681292352769,55592142.0
2024-04-01,715.6713256835938,717.2774122661472,708.4196968327743,709.5877544010062,25199570.0
2024-04-02,720.367919921875,727.5221766350272,712.1429189199621,713.0676337207477,41225446.0
2024-04-03,721.414306640625,727.9115494819865,716.109420115624,716.450076374618,45584386.0
2024-04-04,743.461181640625,744.6292393883092,731.9754091764817,731.9754091764817,88935066.0
2024-04-05,754.1439208984375,756.5529915753328,744.7022055513205,749.0093625181328,59055902.0
2024-04-08,752.7081298828125,757.891344732456,750.2504026191882,756.7719438017782,20482940.0
2024-04-09,753.6572265625,756.7233110790663,749.6420692068525,756.7233110790663,21884494.0
2024-04-10,747.7196655273438,754.3142814277871,746.0649220391629,754.3142814277871,27807400.0
2024-04-12,739.2513427734375,744.5562296646365,736.5745709797934,740.24907238775,41084208.0
2024-04-15,727.4490966796875,734.8954117012732,726.1594270943376,728.8361984614614,23415248.0
2024-04-16,734.5304565429688,736.3068713842836,721.3899415012858,723.7016987771374,20744886.0
2024-04-18,727.4490966796875,739.2025682918519,725.6727413912242,734.7980983246009,34234884.0
2024-04-19,745.2619018554688,747.0382572891224,720.4165709168466,723.4827148610226,34576434.0
2024-04-22,735.9661254882812,757.9643557818745,734.0680986992392,757.9643557818745,42298438.0
2024-04-23,733.7274169921875,742.9257894510552,731.6103458842442,742.8284760660457,26827060.0
2024-04-24,735.7227783203125,740.613993564681,734.4331086916868,737.3288649584306,22441580.0
2024-04-25,735.2605590820312,739.6163731494744,733.070473021552,733.070473021552,35445204.0
2024-04-26,734.7981567382812,743.6558134751455,732.729742335618,739.6650141563123,24854694.0
2024-04-29,744.3858032226562,746.7948737548492,733.2163897953944,737.3288603349619,36093350.0
2024-04-30,739.8109741210938,749.2526892649995,737.2802320622603,744.2398024289921,52307382.0
2024-05-02,745.7242431640625,748.0360004850149,739.9326708359107,740.7357142083232,33475006.0
2024-05-03,739.5676879882812,749.7880892104946,733.5327725274736,746.2109606646968,31865242.0
2024-05-06,741.0520629882812,746.819277196089,738.3752913854279,740.7357053714223,28793396.0
2024-05-07,733.021728515625,741.7334150168236,732.0483570497901,740.7113274497933,28480602.0
2024-05-08,721.5845947265625,728.5441648774708,720.465193806477,728.0574791574124,41687862.0
2024-05-09,704.4776611328125,723.5800778509216,703.4069761889998,717.8371619271286,46281278.0
2024-05-10,709.361572265625,716.2928456267198,703.8856031439476,709.9042250216206,27276608.0
2024-05-13,717.9208984375,720.1655815796556,705.6122976051453,706.4509373389452,27047202.0
2024-05-14,720.7328491210938,722.9775322143812,715.4789152317669,716.4408878596623,25665142.0
2024-05-15,709.6575927734375,720.116199874965,708.3256213801538,720.116199874965,38931996.0
2024-05-16,720.3875122070312,721.5221990437014,708.1775543730138,713.3822271543565,34945236.0
2024-05-17,722.286865234375,724.210870736283,713.4562165510583,713.4562165510583,20920190.0
2024-05-21,719.6721801757812,725.0494465734148,715.3801590157026,715.3801590157026,43769978.0
2024-05-22,719.8695068359375,723.0268413842214,714.4182283327197,719.203521164468,39996278.0
2024-05-23,736.3468017578125,737.8514873644924,718.808897899437,719.5982164877166,40861920.0
2024-05-24,748.4827880859375,749.814819731989,733.0908640200075,733.8308615274302,31060206.0
2024-05-27,753.6627807617188,762.1974428837648,749.3955099218479,751.5168000055969,29385440.0
2024-05-28,755.0440673828125,757.7820820455768,752.2321011517142,754.846722684579,27908904.0
2024-05-29,744.0921630859375,751.763434227272,740.6141508121484,748.8774560751649,35147706.0
2024-05-30,747.3234252929688,751.6400771573121,738.8381451452329,739.6027730570852,33755350.0
2024-05-31,755.5620727539062,757.7573743920395,746.9040786650703,749.370736784836,74079588.0
2024-06-03,775.615966796875,788.8372786068238,764.6640286682782,788.8372786068238,72637256.0
2024-06-04,731.6848754882812,769.1040704644005,717.3042453208712,768.1174071283333,89531240.0
2024-06-05,765.5520629882812,769.4000136473305,731.2901444599279,737.062160780223,81631650.0
2024-06-06,769.4493408203125,772.2859977724349,762.9867083301413,772.0147015010076,46422870.0
2024-06-07,776.1832885742188,781.6099363682906,765.675361251112,770.115345809898,36712216.0
2024-06-10,770.23876953125,779.784725413951,768.4134061980604,776.5040577255814,22454058.0
2024-06-11,771.9653930664062,775.0240252200629,765.7493660748642,767.6240504407497,29545326.0
2024-06-12,776.5780029296875,783.5586575880445,772.7546827700062,776.9973227739393,39280436.0
2024-06-13,779.8340454101562,782.2760131134276,776.5040566032491,780.3273770852536,24120192.0
2024-06-14,787.8013305664062,788.8373149959045,778.329326673916,781.4373401835603,25540554.0
2024-06-18,793.1785888671875,794.5105601294592,784.1259056214269,787.8012622589033,32415714.0
2024-06-19,817.869873046875,823.8145435842582,791.3039754417663,795.941305047812,90131196.0
2024-06-20,823.5431518554688,829.5124525875813,814.983860042712,823.7651872236406,41408742.0
2024-06-21,821.7672119140625,825.2698546527171,810.6179284522095,825.2698546527171,51630776.0
2024-06-24,825.0478515625,826.3798229097616,811.9005512360641,812.5172157896385,28544994.0
2024-06-25,844.2631225585938,847.025767804676,824.4065232844747,824.4065232844747,74521548.0
2024-06-26,839.40380859375,844.041138181783,834.2731473521208,842.5857736709851,47596666.0
2024-06-27,836.7644653320312,845.0770913433391,832.0531241260426,836.7397746618053,55074650.0
2024-06-28,830.671875,841.9198007397313,828.3038589383985,837.4798157900913,26476046.0
2024-07-01,841.2290649414062,842.2651095333842,828.7971320491276,828.7971320491276,21187024.0
2024-07-02,853.7597045898438,855.8810546817267,840.0204307746837,846.0637432263002,45921690.0
2024-07-03,872.531005859375,885.0369507276009,870.5576793248654,883.5569558267186,123217802.0
2024-07-04,852.0578002929688,868.1404005851939,850.9231133709549,868.1404005851939,45848658.0
2024-07-05,813.0598754882812,831.2638253093144,810.1492067263514,831.2638253093144,82242548.0
2024-07-08,806.7698974609375,816.4391857049037,802.7246020410699,811.678583484828,39087800.0
2024-07-09,807.3372192382812,812.3691778178521,799.369901303005,801.6639054458949,48550878.0
2024-07-10,802.20654296875,809.063864597064,799.5672308205436,804.1058576798249,45507182.0
2024-07-11,800.1346435546875,802.0832795528332,789.8239996598078,801.1459373403621,44177074.0
2024-07-12,800.5292358398438,808.2745787950348,794.8312914757237,800.1839277769812,56049960.0
2024-07-15,800.2332763671875,804.031966294815,796.8292758573642,800.9239527377698,33375694.0
2024-07-16,799.0739135742188,802.6505679180453,797.6186093434653,799.5672452078501,28950324.0
2024-07-18,796.6320190429688,801.1459557272271,788.9113662252444,793.2773395385489,33717064.0
2024-07-19,792.9319458007812,800.677228233124,791.0572615353138,797.2239068544229,26002152.0
2024-07-22,810.3218994140625,814.4905276323838,795.5712715150735,797.7172520784763,53744822.0
2024-07-23,798.407958984375,812.9119216218081,791.7973027922226,812.7885887086006,52002152.0
2024-07-24,791.3286743164062,799.6906218755655,783.4353677463822,793.3513220807449,61728206.0
2024-07-25,797.5198974609375,801.6638951787058,785.8772830890329,785.8772830890329,25535732.0
2024-07-26,798.2846069335938,800.0605887969758,787.5792741911353,791.7972838101718,43810540.0
2024-07-29,791.822021484375,805.0432741154053,788.4920327099303,796.7306475152811,51001148.0
2024-07-30,797.0020141601562,806.4739582617092,788.8373508245744,790.317345854264,54595834.0
2024-07-31,797.1006469726562,803.0946388161857,793.8693004409521,796.2373165488889,37820484.0
2024-08-01,808.471923828125,814.0219048337823,798.1859108540549,800.627938629233,26215174.0
2024-08-02,818.51123046875,824.1105327295066,804.6239322848401,804.6239322848401,44119238.0
2024-08-05,797.1006469726562,812.0239300120638,789.824004829474,809.1132611105608,41333634.0
2024-08-06,789.922607421875,805.5858871810888,786.0253355957136,804.1305829139676,45116050.0
2024-08-07,800.9239501953125,804.1306059860544,790.4159617464212,797.7172944045706,42346264.0
2024-08-08,810.3958740234375,815.6252376687839,798.8272709671206,801.1705962949537,33976950.0
2024-08-09,814.0958862304688,820.1885804457108,811.9252750900921,814.9839073123685,26644618.0
2024-08-12,818.9797973632812,826.7990913723679,812.6898193077751,814.9838233487179,39316196.0
2024-08-13,790.9093017578125,805.3146225179424,789.8980079765901,803.1439511462899,54055042.0
2024-08-14,793.1785888671875,796.0891971974215,790.9092152779186,792.5372336839343,32334428.0
2024-08-16,805.1665649414062,806.177918901087,794.7572792867222,803.3905830654421,27849246.0
2024-08-19,804.895263671875,807.9045746403995,801.0225621096914,807.9045746403995,19502164.0
2024-08-20,807.92919921875,812.0238759013653,802.8725499307859,802.8725499307859,31134494.0
2024-08-21,802.05859375,806.3752455426795,798.1119406824072,803.1932203742449,47630904.0
2024-08-22,804.77197265625,808.2252943260683,803.1439540663039,805.1172807347715,21300638.0
2024-08-23,801.6885986328125,806.1038926835937,800.6772446912317,806.1038926835937,20333422.0
2024-08-26,809.0392456054688,812.9858989531632,805.2159251748899,805.2159251748899,22364266.0
2024-08-27,807.9539184570312,812.714580974844,805.2159036816922,810.7412543536698,35773244.0
2024-08-28,807.6332397460938,808.9405806750858,804.2292392849356,807.9539173658313,26921188.0
2024-08-29,808.3485717773438,811.2345497877237,804.6979056469421,810.0505418236547,49052604.0
2024-08-30,807.5346069335938,819.9172195651064,799.7646332824804,816.9572296027775,445342100.0
2024-09-02,802.6258544921875,812.4185353190471,800.7758609185206,812.4185353190471,34049680.0
2024-09-03,807.7565307617188,809.0391809529892,801.4665524914798,806.1038818486695,37282860.0
2024-09-04,809.9519653320312,811.4319603519671,805.1172908451134,808.5706125582972,24682744.0
2024-09-05,811.7525024414062,813.947864316631,810.0505324148638,812.0238589250097,22876318.0
2024-09-06,807.5592041015625,812.8872099026286,806.1532209716318,808.2252499925564,26029602.0
2024-09-09,812.2705688476562,813.2572321563082,804.1799176724811,808.0772497858858,23792914.0
2024-09-10,814.169921875,815.9705945420105,808.0772877024264,815.9705945420105,26606646.0
2024-09-11,810.9879150390625,815.2305552034559,808.6692201411954,814.1945707781381,22226684.0
2024-09-12,822.1865234375,823.8638631072175,812.541925723635,815.970556634334,32424046.0
2024-09-13,821.8658447265625,825.8371886289187,817.4752411837702,825.8371886289187,23860532.0
2024-09-16,824.3324584960938,827.7118283198007,820.9285184448568,822.383822656841,15172820.0
2024-09-17,823.2718505859375,827.8104775064535,820.9778464556504,827.8104775064535,20127122.0
2024-09-18,836.0985107421875,838.1211584780381,824.4065144173259,824.7765131575844,40917342.0
2024-09-19,842.8571166992188,848.0370989791965,838.2444778560398,838.2691083056365,30651776.0
2024-09-20,858.989013671875,860.8390072921377,842.3884524296358,846.8037464482039,60623386.0
2024-09-23,868.1650390625,871.3963251528371,858.5203814686755,862.8370332933276,26965350.0
2024-09-24,872.2350463867188,878.9443447710721,865.4270455398441,870.7303607683197,33039036.0
2024-09-25,877.6863403320312,882.0770041306025,868.3377295053485,868.3377295053485,31965312.0
2024-09-26,879.832275390625,882.0769584056752,872.2350164313859,874.7016745924757,31899644.0
2024-09-27,864.6377563476562,877.2423442796407,863.3304153886946,876.6503703689774,35613502.0
2024-09-30,854.47509765625,864.0456833682003,850.701098537286,862.738402689165,26383534.0
2024-10-01,851.5890502929688,859.3837142697525,848.5797393423385,850.5037447767241,24572284.0
2024-10-03,829.7838134765625,851.5644172954591,825.5164827720641,846.3844351066934,48473398.0
2024-10-04,817.771240234375,834.0511850540141,815.4772359655595,826.083866681385,48683232.0
2024-10-07,798.1119384765625,818.4371776300311,795.7439225540929,815.0824984433904,94458296.0
2024-10-08,814.5151977539062,817.351854577489,800.1838900610866,804.1305430330278,29734406.0
2024-10-09,805.6846313476562,817.3272467507278,803.4892692768091,813.750592132383,41125642.0
2024-10-10,820.114501953125,821.6191272702827,805.363874384187,808.5705299330368,21754766.0
2024-10-11,814.4906005859375,821.1258875682706,810.6672800804614,821.1258875682706,23672594.0
2024-10-14,832.7931518554688,834.741848018609,815.9705545228965,816.9819085005773,18527508.0
2024-10-15,830.81982421875,837.6771462351046,826.5771840500105,835.7038196244212,19651130.0
2024-10-16,838.565185546875,842.585790426718,828.8465156450762,828.8465156450762,20470682.0
2024-10-17,825.4178466796875,837.5044718768119,821.4958240034423,836.1724403142362,14695732.0
2024-10-18,829.7098388671875,834.2238355924767,816.0198853262701,820.4598702584595,24809724.0
2024-10-21,852.8223876953125,862.4177242903107,844.1151323678729,846.063768270474,46548354.0
2024-10-22,845.841796875,858.3970631644344,843.9424218629189,853.4884373802005,38875280.0
2024-10-23,856.3251342773438,861.603759041874,841.1551854708522,841.1551854708522,38036090.0
2024-10-24,863.15771484375,872.5310159915173,857.4597103207274,857.4597103207274,30832258.0
2024-10-25,860.0744018554688,867.2030200365818,852.8223905419693,865.7970368926951,26130478.0
2024-10-28,855.5357055664062,863.8237012026692,852.9210840084185,859.383716444917,22012142.0
2024-10-29,864.2430419921875,870.2370336046123,851.0464203091243,851.5644426318723,35794926.0
2024-10-30,855.7330932617188,865.6737383463702,850.6024319063034,859.3837596235229,32715724.0
2024-10-31,856.2756958007812,857.8543931673494,848.234426273393,852.4770662952162,22895912.0
2024-11-01,857.0651245117188,860.419743696405,851.5397737386437,854.9437742666823,1759692.0
2024-11-04,845.6197509765625,860.8637106769045,844.0411138190809,860.8637106769045,28089248.0
2024-11-05,867.2030029296875,869.5956493162819,837.6277954866241,840.1437747820238,44232406.0
2024-11-06,865.92041015625,873.9370497603172,861.0364145993881,873.9370497603172,27787910.0
2024-11-07,861.62841796875,868.7323455565536,857.4104082699865,860.5184217555121,18895456.0
2024-11-08,865.5256958007812,869.1517316326272,861.2830556229201,864.3170573375987,19902986.0
2024-11-11,871.3717041015625,879.5116762015548,863.9223481240455,865.5750573030832,24565362.0
2024-11-12,847.6423950195312,875.6636561032956,842.9311140165652,874.1836611915717,31395406.0
2024-11-13,829.463134765625,853.1677439816382,825.3438276461692,846.9270867373347,35728500.0
2024-11-14,835.087158203125,841.05645917869,824.8998474928816,825.39317914741,27146470.0
2024-11-18,841.1797485351562,847.987749103584,836.1971111266544,838.6637692715708,27081968.0
2024-11-19,859.507080078125,865.1803941380466,839.9957889401087,845.5704607570133,50981272.0
2024-11-21,858.989013671875,867.7703408111802,855.5356922473849,863.0343691875372,35716512.0
2024-11-22,861.1597290039062,865.4517505554312,853.2417920363309,860.1484352390544,24773612.0
2024-11-25,880.8929443359375,889.7482832055338,870.6810037082952,880.6216480727867,427737274.0
2024-11-26,880.8683471679688,892.9302818593218,873.0983737208503,892.9302818593218,30935566.0
2024-11-27,894.06494140625,896.5562300169572,880.6709755435701,883.0143007972586,32714976.0
2024-11-28,884.6176147460938,905.8061839354122,882.07694483503,897.3702251985009,35722392.0
2024-11-29,886.04833984375,890.2662893460416,879.561016559754,888.6383310231244,27669536.0
2024-12-02,890.3156127929688,892.0176431336934,875.6636867426915,889.7236388960249,15110876.0
2024-12-03,900.9715576171875,906.4475265301775,895.9395389832724,899.1955156163089,43410242.0
2024-12-04,917.6461791992188,920.0635162996781,903.3642521901575,906.7435619082082,44669084.0
2024-12-05,920.4335327148438,927.4388181075851,905.3622266087298,917.596875706611,39682714.0
2024-12-06,915.5494995117188,919.6688066050771,909.7035317020062,916.1168429341786,17783156.0
2024-12-09,922.5301513671875,927.4634676846591,912.1701871004972,914.4641912323508,26947912.0
2024-12-10,921.5928344726562,926.3288062229569,916.881553393078,926.3288062229569,13325480.0
2024-12-11,919.1261596679688,923.4675021564423,915.9935158212785,918.4354833328279,14045426.0
2024-12-12,917.2268676757812,921.864197216933,912.0221946944998,913.1568815747593,17293790.0
2024-12-13,923.3934936523438,924.9968214762359,902.4268990322158,918.8301759997277,19009002.0
2024-12-16,920.1621704101562,922.5054957499956,915.2535445762154,920.1128492893367,13107082.0
2024-12-17,904.4002685546875,918.7562078618506,901.0702798391582,915.7962178924912,21079532.0
2024-12-18,893.2755737304688,905.7568882727958,891.5242825465077,902.7228866518356,23422312.0
2024-12-19,884.790283203125,888.5395915672278,877.6369745293333,887.7995941182149,25380770.0
2024-12-20,873.93701171875,886.7883251977108,871.7417099804251,879.2156362475025,25692348.0
2024-12-23,888.4902954101562,890.956953642833,878.7716860618692,879.1169941259847,11044592.0
2024-12-24,887.0596313476562,892.2889348142179,882.8416818560752,889.0083275055933,14485834.0
2024-12-26,883.4336547851562,893.916952377888,878.5003382709294,887.2816657547127,10481678.0
2024-12-27,887.1336669921875,890.9322967259654,882.6196702111419,885.4316968356189,7259330.0
2024-12-30,877.0943603515625,895.3969526845203,873.6903598921683,884.1489668763874,22222218.0
