Date,Close,High,Low,Open,Volume
2014-01-01,468.3414001464844,470.018910025907,465.8456621988653,466.9503674811968,251204.0
2014-01-02,460.1995544433594,471.1235454635926,457.0900581744215,467.2367250711444,531660.0
2014-01-03,462.3270568847656,464.2909440065446,456.6400149573498,458.23566700082966,1018173.0
2014-01-06,461.099609375,464.61819445335874,458.39930221922333,463.9635821040373,603727.0
2014-01-07,457.3764343261719,463.06347562209,454.96250457395126,460.6904497754219,605461.0
2014-01-08,457.5401306152344,459.9949644378459,455.780813064874,456.5990910057445,564149.0
2014-01-09,453.4488525390625,458.2357596940874,453.16242522301314,458.2357596940874,854783.0
2014-01-10,449.88934326171875,455.7400523547846,448.74378375078663,454.4307772717709,985783.0
2014-01-13,446.5343322753906,451.689473890834,444.7341106153411,450.0529178260121,1488598.0
2014-01-14,440.5607604980469,449.1526768714977,439.5788172094819,446.0431814670901,925057.0
2014-01-15,446.1251525878906,446.9434305457027,440.31534912119105,440.6426802818051,2060042.0
2014-01-16,451.7712097167969,452.2213025178727,445.34774816358356,445.9614565900836,1221864.0
2014-01-17,457.33551025390625,460.69042946076985,452.09851203743403,452.5076509623548,1475015.0
2014-01-20,454.22607421875,460.1176855013388,448.66179409664176,458.15384836962454,1549558.0
2014-01-21,458.0720520019531,459.0539956712793,449.0709932633006,454.7989397333522,1927455.0
2014-01-22,463.5134582519531,464.6590171771876,452.4258043269053,459.8312082436833,1892894.0
2014-01-23,464.04534912109375,466.4183748654396,458.35835801411116,463.96354131351626,856175.0
2014-01-24,462.9815673828125,465.4773046739978,455.45340166445106,460.6903995408016,2366263.0
2014-01-27,470.7143859863281,478.6107881016145,454.2260654827645,461.0178123541898,3220246.0
2014-01-28,466.1730041503906,475.95143660750836,453.735168093088,475.41953590998037,4204432.0
2014-01-29,466.0910949707031,470.34615025040716,461.1405234190041,465.6001481838504,1073771.0
2014-01-30,466.74578857421875,468.7096257970301,457.99020403430785,461.1405543392466,1287033.0
2014-01-31,466.5002136230469,469.5278518600315,462.32701628539235,465.60012790511195,1059275.0
2014-02-03,466.2138977050781,469.8961487619853,462.16341155373493,465.68199701936766,747170.0
2014-02-04,466.6228942871094,469.03682367637236,462.57240937206956,464.86357711941486,1891501.0
2014-02-05,466.41839599609375,467.4003394500924,459.5448417618217,466.4592999017356,2423902.0
2014-02-06,479.96087646484375,481.3110549329087,465.02730528118,466.41838765415525,1720369.0
2014-02-07,472.6782531738281,482.49758806235246,470.4688928351662,480.65646277075416,927008.0
2014-02-10,461.50872802734375,474.3966047408733,460.4040728579572,471.0416853834102,1255220.0
2014-02-11,460.240478515625,465.8865668405003,459.7085778295515,462.3270774605512,1580976.0
2014-02-12,465.9684753417969,466.7048956676251,461.01790281164614,462.2043661049914,1646508.0
2014-02-13,455.98529052734375,468.0548877194089,454.59420831985483,468.0548877194089,486480.0
2014-02-14,458.4401550292969,461.0586540784482,452.7531141124795,455.7807520773197,749383.0
2014-02-17,458.4401550292969,463.145252559718,456.5990299086973,456.5990299086973,380480.0
2014-02-18,460.0767517089844,463.1452938502182,458.19472251777165,458.2356264242441,237065.0
2014-02-19,457.17193603515625,460.56775982423204,455.90361510324294,460.28138249705773,456096.0
2014-02-20,453.3669128417969,457.3355910811628,452.58953875831486,456.68092873061465,651988.0
2014-02-21,454.43060302734375,456.1081126449816,451.56663043255327,456.1081126449816,669715.0
2014-02-24,454.06243896484375,456.3536071580506,452.6713565084865,454.3488162600993,540669.0
2014-02-25,453.6942138671875,455.6990048091327,452.5077008653243,454.5533957155292,541460.0
2014-02-26,453.9396667480469,457.8264867878003,452.6713459869765,453.32595832071735,1012749.0
2014-02-28,449.4391784667969,454.96255480662546,443.7930404530379,453.32599885408365,1797780.0
2014-03-03,444.48858642578125,450.8302404526351,443.5066429102982,450.0528664218893,608894.0
2014-03-04,454.06243896484375,454.9625247016933,445.1431896361891,445.1431896361891,734703.0
2014-03-05,451.0347900390625,457.4173476925401,449.84827709118764,454.63518284536593,621406.0
2014-03-06,449.2755126953125,453.7760415629244,447.92538400126335,452.18038952111715,1020063.0
2014-03-07,450.38018798828125,453.6942035817386,447.7616886506371,450.46199580294603,1001114.0
2014-03-10,455.9444580078125,458.07196058030587,449.02999973162935,451.68940291910593,1663986.0
2014-03-11,458.52203369140625,462.24523835450185,452.2213333711094,457.2537128455175,1920661.0
2014-03-12,458.4401550292969,462.81792144968085,456.5990299086973,461.5086968969628,971639.0
2014-03-13,459.7494201660156,464.12723691656305,457.62191759411644,459.0539039254346,1055369.0
2014-03-14,453.03948974609375,459.8720888827938,451.3210765295942,459.7493272445761,1243425.0
2014-03-18,455.0034484863281,458.23565640866957,450.5438236271777,453.3259886614338,1464949.0
2014-03-19,459.5449523925781,459.9540914349304,453.85795965886615,456.6809790961122,1164209.0
2014-03-20,468.5050354003906,469.9370218285296,459.5039778520883,459.5448817612905,1434348.0
2014-03-21,467.8094482421875,475.17394875693475,466.50017374000316,472.71911525201904,2669144.0
2014-03-24,476.5242004394531,477.8743791937762,469.8143604126054,470.509876774694,944114.0
2014-03-25,485.0342712402344,486.3844498808137,472.55553208137553,477.056060958341,1319832.0
2014-03-26,484.0522155761719,490.475726179175,481.4337166654317,485.2387283576946,1208051.0
2014-03-27,490.80316162109375,493.4216613550069,482.82495067878637,484.42060285599354,2475382.0
2014-03-28,490.80316162109375,494.2399394003718,483.0295201901276,491.0486350459575,949077.0
2014-03-31,495.5081787109375,498.20848582682385,486.8753567439691,490.96674629643945,1090563.0
2014-04-01,492.39886474609375,497.47219914103204,487.16186473640255,495.05826866869415,716986.0
2014-04-02,486.54815673828125,495.7947395740086,481.1475410509175,494.23999114754105,2765610.0
2014-04-03,496.121826171875,500.7860196772194,483.0702851147472,483.0702851147472,736770.0
2014-04-04,495.3037109375,502.0136011700842,493.01254230639887,499.9679059737921,877772.0
2014-04-07,494.8945007324219,498.37218206602796,487.7345685749976,495.3036397128461,1601644.0
2014-04-09,498.4130859375,500.3769730208766,490.59854140073463,494.2398883149787,774135.0
2014-04-10,505.6138916015625,507.1685895137695,494.6080447891524,497.43111329400335,1164071.0
2014-04-11,498.6585998535156,506.9231871237259,496.08100434827895,501.604380479167,713696.0
2014-04-15,500.9088439941406,502.9954426817708,486.17984157267574,498.3312485928962,938013.0
2014-04-16,497.144775390625,506.67773380885154,495.87645451386413,499.14956642484674,1340297.0
2014-04-17,498.699462890625,502.2998555887116,492.23504767493137,496.81743375938447,1052882.0
2014-04-21,490.23028564453125,499.8860051293693,488.1027830137452,496.1628006099121,1190995.0
2014-04-22,488.0618896484375,494.23987813639803,485.6888636335388,490.1484884167259,871928.0
2014-04-23,487.284423828125,490.2302038939333,485.23872935361567,488.0617977171811,1408755.0
2014-04-24,487.284423828125,487.284423828125,487.284423828125,487.284423828125,1408755.0
2014-04-25,475.3376159667969,490.1075209506946,472.6372591470202,484.7068572548569,973004.0
2014-04-28,475.4195861816406,484.42064547251505,464.3728315973856,475.33777834739846,2948014.0
2014-04-29,460.240478515625,476.31961150885786,458.7266342249608,475.41952567182346,1464745.0
2014-04-30,464.3726806640625,468.1776926505146,454.9624853730727,458.4810701453082,1680382.0
2014-05-02,459.99493408203125,471.0007317054715,459.21756010076,466.2138260447635,665237.0
2014-05-05,455.9036560058594,460.15866210193366,455.3717552719846,458.52210592844943,683052.0
2014-05-06,453.0804748535156,459.7085057436544,452.34400477962527,457.4173376547002,550299.0
2014-05-07,452.6304626464844,456.96732574125383,451.23938015925444,452.50770097795277,1299628.0
2014-05-08,451.9349060058594,457.33557049239806,450.8711546496954,451.68943260731737,885656.0
2014-05-09,455.2079772949219,458.23561545722225,450.2574060809581,451.6893923792619,1133925.0
2014-05-12,467.64581298828125,468.8732298202715,454.5942706860413,454.5942706860413,852578.0
2014-05-13,472.6373291015625,474.5194083620843,465.6001586322376,469.691548426897,1328341.0
2014-05-14,472.5555725097656,476.15601589685525,470.50987739067574,474.19212860503757,660415.0
2014-05-15,481.9248352050781,482.9476826989578,472.5555421723956,472.5555421723956,1239775.0
2014-05-16,475.17413330078125,497.51311688258454,469.7734675262754,490.8441299600362,2603086.0
2014-05-19,454.7987976074219,486.0570199930224,451.3211169088186,486.0570199930224,2026178.0
2014-05-20,460.36309814453125,466.3774703044988,454.1851103696392,454.9624843153962,1281049.0
2014-05-21,459.3402099609375,462.65427491145465,456.35352604228854,462.65427491145465,923443.0
2014-05-22,460.6086730957031,463.1453147360265,458.2356470886481,463.1453147360265,963817.0
2014-05-23,459.46307373046875,466.70481368622023,457.4173788340731,461.5087686268644,1759792.0
2014-05-26,458.1127624511719,462.2041510590905,454.96241320055793,459.95388732473526,1826156.0
2014-05-27,458.3583679199219,460.4858704000807,456.06714993363687,456.06714993363687,1168048.0
2014-05-28,459.7903747558594,461.91787733118116,456.5990709491569,458.64476571147395,1122941.0
2014-05-29,455.3308410644531,461.9179695250907,454.1443278767499,459.0539962862283,2153741.0
2014-05-30,493.7078857421875,503.2408419948598,452.79399614910943,454.5942172799475,10941938.0
2014-06-02,491.7851867675781,500.7862467583325,481.433947800716,500.7862467583325,1608573.0
2014-06-03,485.6070556640625,495.4263909881906,482.8657945865101,493.3806961289972,909772.0
2014-06-04,495.0174560546875,498.7406122443008,483.6842718971644,486.83467324510093,1968687.0
2014-06-05,515.5969848632812,521.9795936767919,495.8355997098478,495.8765036240412,3424990.0
2014-06-06,523.6569213867188,528.5665884988179,507.49593380939234,521.2429917345266,2497145.0
2014-06-09,517.724365234375,526.9708942282082,514.9831046848176,521.2429497257277,962350.0
2014-06-10,523.9025268554688,526.8892617459202,513.0603425823958,516.3334548157763,1302795.0
2014-06-11,518.1893310546875,530.6504240303404,512.8074811174049,529.905224593975,1343543.0
2014-06-12,521.708251953125,523.364205840341,512.5177280933569,519.803915089967,786932.0
2014-06-13,525.7239379882812,530.6089713325028,516.3263699371965,523.0744018252005,992552.0
2014-06-16,525.5584106445312,530.7332669919567,522.494885579714,529.9052899763686,1144913.0
2014-06-17,521.915283203125,525.2686304911176,518.6862032154695,523.4056822358798,742699.0
2014-06-18,512.3934936523438,523.7367874954016,511.1101395411865,522.0394449267292,804157.0
2014-06-19,518.1065673828125,521.0458753966614,512.5177230682556,515.0016538747253,848937.0
2014-06-20,516.906005859375,521.5840958961949,513.3871037804744,515.0016689591106,1093696.0
2014-06-23,511.4000244140625,518.3136122869946,505.7283515300732,517.527024014242,796813.0
2014-06-24,510.24090576171875,516.6577285116633,507.92257990759117,511.0274941414353,634721.0
2014-06-25,517.734130859375,519.0589246951929,507.0118160576586,510.03395303914186,584342.0
2014-06-26,512.2280883789062,520.7976317393455,507.1360086492037,519.1416774253889,1605621.0
2014-06-27,510.3650207519531,514.753288553394,506.7219018965852,510.94456419810876,805135.0
2014-06-30,513.635498046875,516.574856747103,510.94457286859057,511.6897723630126,732790.0
2014-07-01,520.6731567382812,525.2684681091673,510.48905286511166,515.001536239947,650958.0
2014-07-02,522.5775756835938,524.7716838744074,518.3548636971323,524.7716838744074,777572.0
2014-07-03,516.740478515625,523.033134682825,514.2565472607143,522.5777573932336,607875.0
2014-07-04,517.6097412109375,521.5426311969155,511.97945827613876,516.74032510127,687234.0
2014-07-07,519.6383666992188,521.6255317965363,512.0210184094863,518.3136236581455,1083261.0
2014-07-08,519.4312133789062,524.5232907966549,515.001557814553,519.1414417198148,1082625.0
2014-07-09,521.5012817382812,525.5170004211709,517.4856135910961,521.5841097578785,942571.0
2014-07-10,523.1571655273438,528.2492434963287,509.2471642069937,520.0108635258845,1090386.0
2014-07-11,531.4368896484375,535.5767736545348,517.4855007621668,519.1414543646058,1918406.0
2014-07-14,515.7881469726562,533.7138139995649,513.6768162835717,533.2170481441423,672948.0
2014-07-15,512.43505859375,520.6320017413104,510.365115798551,516.0367388431112,649427.0
2014-07-16,514.4220581054688,519.8452969067343,511.275755868801,516.4092229579438,878909.0
2014-07-17,519.0172729492188,519.8866890782176,513.5112571678416,515.7881935261404,418199.0
2014-07-18,515.4158325195312,517.899764242517,514.1738666580384,517.899764242517,352617.0
2014-07-21,519.5969848632812,521.6255387321592,513.3871570212318,516.1609104454388,385658.0
2014-07-22,524.6062622070312,527.3800157704266,518.4378733362963,518.4378733362963,636191.0
2014-07-23,525.0200805664062,527.7524444968957,522.5361501101028,527.3384560875118,494833.0
2014-07-24,532.3065795898438,533.838317245901,522.536407880149,525.7655392805693,731990.0
2014-07-25,549.5697631835938,552.260688577713,529.9053083804143,532.3064620232964,1747468.0
2014-07-28,568.6546020507812,572.7117096261206,541.7867378892944,549.7353475303397,3856792.0
2014-07-30,575.1544189453125,580.6604373557036,556.2764971504831,571.2215269940099,3684780.0
2014-07-31,568.4891357421875,577.5554963557737,563.0245063361535,571.345667241772,2494692.0
2014-08-01,574.24365234375,581.2400707094343,561.3686153005648,561.3686153005648,1905650.0
2014-08-04,579.2940673828125,584.4689230889561,573.9949949254415,577.0999083491275,1290311.0
2014-08-05,583.5996704101562,587.5325618487121,577.7624416453373,578.7560243264311,863275.0
2014-08-06,586.0834350585938,606.0790976333172,582.109156000925,582.109156000925,2052184.0
2014-08-07,581.1984252929688,586.3732811871371,579.0042661795605,585.3796987483163,634909.0
2014-08-08,581.2811889648438,582.4817656109119,576.2305499463927,578.797258194648,747151.0
2014-08-11,577.8865356445312,584.5517401381155,574.8643994932752,581.3226097446009,872217.0
2014-08-12,580.3291015625,581.9850555683445,573.3740745236706,581.9850555683445,811743.0
2014-08-13,595.0670166015625,597.5509473368948,579.5838382441849,580.3704264175135,1673439.0
2014-08-14,591.630859375,601.0698158597938,587.3253695655204,597.7992971326075,845235.0
2014-08-18,600.1177368164062,610.05346110322,592.9143266013249,596.9714342327234,959536.0
2014-08-19,595.7708740234375,605.2512213181202,592.0863660573825,595.3982742451698,735686.0
2014-08-20,589.395263671875,596.9712715908067,587.4495384100935,595.7293063933224,765917.0
2014-08-21,588.1534423828125,594.9842526403278,587.0770823887693,587.6980651394525,553719.0
2014-08-22,583.0614013671875,590.1819832046473,580.701636644897,589.4782229835826,455143.0
2014-08-25,593.4111328125,597.3440236076032,583.0614201938074,586.373328231789,641018.0
2014-08-26,602.22900390625,605.1269231809072,594.1976680593331,595.2740279684939,1238950.0
2014-08-27,608.4390258789062,612.3305288303554,598.9587273569912,601.939425066002,1153834.0
2014-08-28,614.7315673828125,616.7601212509151,607.7765399880919,609.3911053335494,1937220.0
2014-09-01,613.0343017578125,618.7059250180987,609.3911820854073,615.9322217813165,515912.0
2014-09-02,606.6588134765625,612.8272527977106,604.4232652650156,612.7030360220706,598031.0
2014-09-03,606.7415771484375,611.7922675166137,604.630245760626,607.3211711953703,814185.0
2014-09-04,610.3019409179688,615.0628095606367,604.8373119076273,606.9072547957438,1005897.0
2014-09-05,607.528076171875,614.5244913810969,606.7828767159526,609.7222352643232,692424.0
2014-09-08,617.5053100585938,620.1134581335945,607.5281961271237,609.3911445990638,978707.0
2014-09-09,622.5558471679688,626.0333096961929,616.056198224942,617.5051577902685,726165.0
2014-09-10,620.2374877929688,623.466617980855,617.6707795666903,620.4859212964219,437341.0
2014-09-11,625.6195068359375,632.9471348471416,619.3269007855571,619.3269007855571,1149885.0
2014-09-12,627.1925659179688,631.6636618496856,623.3838920025837,623.3838920025837,479493.0
2014-09-15,624.998291015625,627.1924498332802,619.7406583501125,627.1924498332802,473333.0
2014-09-16,625.9506225585938,629.0969251045248,619.9477892073375,621.4795264688927,563960.0
2014-09-17,624.8328857421875,629.966302898294,623.2597091713114,628.4345656074731,1071944.0
2014-09-18,620.6930541992188,624.6259454303645,612.2476776588791,623.4667572742684,1837614.0
2014-09-19,610.4259643554688,622.1418576055298,604.4645206188147,621.6450411483175,1576310.0
2014-09-22,614.1105346679688,617.7122143078594,597.6751613338289,610.2190327643659,1225660.0
2014-09-23,614.400146484375,625.1224556655111,609.5151139072115,613.5307809909189,934119.0
2014-09-24,632.6572265625,634.8927746441177,615.1869314947647,615.1869314947647,1117480.0
2014-09-25,628.7244262695312,639.115579891455,626.0749398280848,635.8450600541335,1192497.0
2014-09-26,622.1832275390625,629.179642180502,617.0497608505431,627.7306826615642,759343.0
2014-09-29,618.0848388671875,623.4666894400431,608.9770917438934,620.9827584064175,733781.0
2014-09-30,617.6708984375,622.4731553691481,612.7030359835791,617.6708984375,1063690.0
2014-10-01,609.5153198242188,619.9478103415597,607.3625491930936,616.8428964333382,478021.0
2014-10-07,609.2255249023438,616.5531523763033,600.2833825521571,607.2384102332525,801424.0
2014-10-08,608.3562622070312,616.0150514896649,603.0986270759433,606.1207136065782,951087.0
2014-10-09,611.957763671875,615.9734823329645,604.0092049045478,608.5630782794279,622940.0
2014-10-10,596.4332275390625,610.053459657091,595.0257070303327,608.0249058462005,503359.0
2014-10-13,596.4746704101562,600.1177390071965,591.3412027360876,594.4875053312563,495344.0
2014-10-14,605.458251953125,609.3911431623932,593.3283672723608,596.5988869114208,553144.0
2014-10-15,605.458251953125,605.458251953125,605.458251953125,605.458251953125,553144.0
2014-10-16,604.9200439453125,617.3397003405958,600.2833924386912,601.1527582792188,1241581.0
2014-10-17,601.3596801757812,613.4895633428994,598.627366204809,606.079159145118,680260.0
2014-10-20,609.8464965820312,612.2062615366307,602.8086915357235,606.0792110467378,453075.0
2014-10-21,620.7756958007812,624.2945977109557,605.126911797725,611.4609554503194,554039.0
2014-10-22,627.10986328125,629.2625834841483,619.3682472288015,624.2119434888888,436776.0
2014-10-27,596.51611328125,634.2718489205836,592.4176165189451,633.4024830705703,2949098.0
2014-10-28,593.7009887695312,595.5639373051598,585.5040455341932,592.8316228933805,1254748.0
2014-10-29,599.4140625,601.8979939278314,590.1820971456074,597.7994969647667,962919.0
2014-10-30,605.7479858398438,608.4389112357921,594.1977464919546,597.7994264230176,1249596.0
2014-10-31,616.391845703125,619.4389715375371,602.8259652617705,608.3358303516363,1083674.0
2014-11-03,617.6441040039062,620.2738182311361,608.377584166811,613.6369616676915,733227.0
2014-11-05,624.2393188476562,626.117671863246,616.1832510882479,616.9346126759184,746808.0
2014-11-07,635.7181396484375,637.3460557778474,623.8219039426066,626.1176687279424,881926.0
2014-11-10,643.6489868164062,646.1534575822288,634.4241963530106,634.4659273417234,768076.0
2014-11-11,644.7342529296875,648.4492281221997,638.4730759603711,645.3186396375414,713634.0
2014-11-12,642.8142700195312,645.2352792101343,637.3879157920936,644.4839174741275,750579.0
2014-11-13,638.0972900390625,646.0281128937687,635.5093576994851,641.1444160436185,1157538.0
2014-11-14,631.2518310546875,637.7634443821236,629.0812593098191,636.9703518398368,409119.0
2014-11-17,632.12841796875,638.8904685104558,626.1176780685743,631.2518634101714,586703.0
2014-11-18,627.6619873046875,633.5892643416506,626.1175843114843,630.4586764200932,448206.0
2014-11-19,634.6328735351562,640.14268858923,627.9542851284797,629.7909071310329,941820.0
2014-11-20,635.5094604492188,638.6400489243381,630.3752749685877,635.634704369659,853211.0
2014-11-21,628.6221313476562,636.7199299501559,627.6620638864746,633.6310726332949,687247.0
2014-11-24,626.2012329101562,631.5441249367964,622.7784761438865,630.7093012422336,540115.0
2014-11-25,639.2244262695312,646.9048134067357,623.6966770881767,626.2011478315962,1503248.0
2014-11-26,642.6055908203125,644.2752383443666,636.5531185456165,638.6401779506841,685238.0
2014-11-27,659.5524291992188,661.7647323024879,640.1427789039006,643.6490485028058,1180496.0
2014-11-28,656.2547607421875,666.8987608176565,653.7502901361948,662.8498870527357,811909.0
2014-12-01,675.0802001953125,680.2560663326359,654.4600447731551,656.1714231542762,1200960.0
2014-12-02,672.7008056640625,682.176083518358,671.4068393536938,677.4593100845789,573874.0
2014-12-03,683.7205200195312,686.4754276750461,669.8206868684681,674.0365867596643,937567.0
2014-12-04,688.4373168945312,692.6948969644586,679.8385928671412,681.6334840270931,1121315.0
2014-12-05,685.0978393554688,690.8163592286804,678.4609831757891,684.5551837673933,688493.0
2014-12-08,684.5553588867188,691.6096285684034,679.7551231384277,684.5553588867188,1016796.0
2014-12-09,678.669921875,684.1380067965662,676.2489128178944,683.7205949559337,945417.0
2014-12-10,666.0222778320312,680.7152042041358,663.7682438538208,677.1672037978979,1152293.0
2014-12-11,664.561279296875,670.3633131820069,659.8027748531847,667.3161868315633,1573622.0
2014-12-12,665.9805908203125,671.4486757344174,662.850002019841,666.5232465938317,767757.0
2014-12-15,659.5941162109375,675.2470589537637,655.0443682832278,663.684772295832,704516.0
2014-12-16,640.0174560546875,661.5141611594762,636.9703299011193,661.5141611594762,1179886.0
2014-12-17,639.7670288085938,645.36035697357,634.6746253627185,634.6746253627185,1984735.0
2014-12-18,639.43310546875,642.8141306404926,628.6638613402217,640.4766349016079,1165188.0
2014-12-19,630.4169921875,643.6489244024067,626.1176307416408,643.6489244024067,1147950.0
2014-12-22,641.0192260742188,642.7306550707701,628.0377303947978,633.4640833308682,958306.0
2014-12-23,639.5582275390625,643.4819079624195,635.425892205847,641.9792359363794,1277960.0
2014-12-24,631.96142578125,640.3931232338853,627.7873080416116,637.1373419691187,2527523.0
2014-12-26,626.4099731445312,631.126747658604,621.5262746452787,628.2883265601819,625243.0
2014-12-29,633.5057983398438,637.1790421545954,627.9125216019756,628.956050986441,616322.0
2014-12-30,634.0485229492188,640.5184058364557,632.796287551689,636.0521199667019,397534.0
2014-12-31,634.5493774414062,637.3043359951132,628.872587335853,635.2172770626607,1044950.0
2015-01-01,633.1719360351562,636.0520874931466,629.5822049362287,633.8815156760934,372132.0
2015-01-02,631.0848388671875,639.4748049026744,628.329931491091,631.9613933568205,1207322.0
2015-01-05,634.71630859375,636.0520567905946,630.3752161227765,634.257165850978,849252.0
2015-01-06,646.73779296875,651.0788854757774,630.6257091777758,640.3096416558042,2738679.0
2015-01-07,669.445068359375,673.5356734463959,650.3275874483287,650.3275874483287,3744143.0
2015-01-08,682.0924682617188,688.729324672001,670.4884532424222,671.1145708103058,3076833.0
2015-01-09,721.7885131835938,724.9608838418494,682.0926584992055,683.3031629921093,3825060.0
2015-01-12,748.5028686523438,751.1743145389222,721.4963437959457,724.2095206745535,4338065.0
2015-01-13,738.4430541992188,758.5623294175672,731.6392738225467,751.2993553919157,3371700.0
2015-01-14,771.4185791015625,780.1424941222164,739.6535578301591,741.9910532398096,4578199.0
2015-01-15,769.3316650390625,782.5636494416011,759.4390259321651,780.5183214663759,3534537.0
2015-01-16,785.6107788085938,790.5779896736077,772.211869533355,774.7163404615712,2021113.0
2015-01-19,745.1217651367188,790.9118683957903,739.6954119468377,789.9935318991967,7705398.0
2015-01-20,747.5427856445312,753.8456934890768,732.7663980731307,742.9095249616448,4355821.0
2015-01-21,786.3621215820312,791.7467441390893,741.7407887586197,748.8367895514708,4103989.0
2015-01-22,788.6160888671875,802.5158704374038,777.4711638745788,788.0734331768919,3585572.0
2015-01-23,805.855224609375,808.8188382491142,788.6161475480243,790.5779626599896,2450001.0
2015-01-27,786.3621215820312,808.0258047815126,781.8957846284943,803.1837870070478,3274894.0
2015-01-28,779.5999755859375,785.4020096262809,774.8415219685386,783.0645138056383,2246526.0
2015-01-29,786.0697631835938,791.4126538016619,773.3804871344489,777.2206547355984,3421454.0
2015-01-30,778.5148315429688,785.5691020013942,774.5494189664473,785.5691020013942,1562161.0
2015-02-02,758.0197143554688,776.3440997996018,755.3482690480812,773.3387047211979,1822825.0
2015-02-03,760.39892578125,777.0953949290281,758.0196993091237,759.8563211060953,1544881.0
2015-02-04,751.2576293945312,767.8705851757129,747.2504361444331,760.4406871777784,1181845.0
2015-02-05,758.8963012695312,767.8706539984215,752.3429571001005,757.4353601276189,1711139.0
2015-02-06,756.141357421875,764.5730540815257,750.8402487725274,756.3500632892285,717674.0
2015-02-09,751.4664306640625,763.5295900662601,747.9184306155138,756.1414221113045,860239.0
2015-02-10,741.1143798828125,757.6021399534242,739.1525655216615,747.1668487694927,1058750.0
2015-02-11,751.591796875,753.8041001496123,738.4850540718938,743.2852905382138,897359.0
2015-02-12,741.1563110351562,760.3572519995571,739.0692522346778,755.5152857731641,1121008.0
2015-02-13,745.3305053710938,750.3394470079338,738.9858663458652,744.9966065007912,1344229.0
2015-02-16,757.1848754882812,768.0375804291276,739.9457507200432,739.9457507200432,1635273.0
2015-02-18,762.1104125976562,770.8342776280407,753.0108158385724,753.0108158385724,2178775.0
2015-02-19,758.1449584960938,770.3750918212966,747.1670094286427,767.9958653011965,1034454.0
2015-02-20,751.5498657226562,759.4389580917446,750.5063363339827,755.932689155085,623253.0
2015-02-23,739.7789306640625,762.9035029066982,737.1909470118716,753.8456875079983,1054383.0
2015-02-24,762.7783203125,764.3644545529021,740.4885203874586,742.1581675585691,2100402.0
2015-02-25,752.92724609375,765.9504707739804,746.3321208413498,765.1156473725919,1141174.0
2015-02-26,739.9876098632812,756.0996940735114,737.8170380764946,756.0996940735114,1194401.0
2015-02-27,740.6138916015625,745.4975900350229,734.9788314305251,742.8261439113674,1906598.0
2015-03-02,781.1026611328125,784.6923921436462,756.433584903474,763.0287112133383,2792110.0
2015-03-03,776.1354370117188,784.6506471094747,770.7508151150802,784.6506471094747,1510436.0
2015-03-04,764.7816772460938,789.1585301076129,762.1937451521987,777.3040279331507,1202376.0
2015-03-05,784.4837036132812,790.0352496733101,762.569585328358,762.569585328358,2301603.0
2015-03-09,814.7877197265625,818.9618371431944,777.2206629768747,781.3947803935066,3529726.0
2015-03-10,799.0513916015625,817.0000981587717,793.958937308528,816.7078793403397,1323330.0
2015-03-11,808.8606567382812,817.2088932576006,792.6233265174869,799.0514788280811,1742798.0
2015-03-12,801.8898315429688,812.1164210606801,797.757444363461,808.1092778077236,1358419.0
2015-03-13,786.1534423828125,805.5213612778492,783.85767734243,804.519562705873,1466001.0
2015-03-16,777.8468017578125,799.1348011619706,753.4282142059842,784.2749529450788,1244490.0
2015-03-17,777.8885498046875,790.4109026700353,769.2064157235303,780.5182642878442,1239535.0
2015-03-18,769.7908325195312,782.438430627298,760.941722610597,778.3895564890834,1436285.0
2015-03-19,770.25,785.4020174743188,765.2410584970343,777.2207565435256,1249067.0
2015-03-20,747.7932739257812,769.7073944287695,744.6626852824971,769.7073944287695,1854369.0
2015-03-23,753.3448486328125,759.6894877091676,744.9548305606253,751.0908146873531,989354.0
2015-03-24,740.6554565429688,752.301255142854,739.1110024183473,748.1688684198514,1288989.0
2015-03-25,739.9876098632812,749.3375927942268,737.1491894319392,742.7842483545503,2848966.0
2015-03-26,722.8736572265625,738.8187649935793,716.4455063686706,738.6935210926566,2570353.0
2015-03-27,710.6851196289062,727.0476881365197,708.7233051048079,726.7137384094681,2023538.0
2015-03-30,719.6597290039062,727.1314109837227,711.2697613755818,716.2369723646392,1415143.0
2015-03-31,729.2601928710938,737.9841102474295,716.2786952401522,720.4110825187945,1503993.0
2015-04-01,737.566650390625,739.4867344793622,727.5487671934688,729.2184143929949,865861.0
2015-04-06,757.97802734375,760.3572540011248,736.7317585082349,737.6918259404157,1482378.0
2015-04-07,762.569580078125,767.2445715652872,749.3375962707495,760.8164200552499,1212932.0
2015-04-08,761.8182373046875,769.4151623507953,759.188573635855,763.7801032629711,1296825.0
2015-04-09,773.4223022460938,778.0555628426907,762.6947888600698,762.9452766925237,1237632.0
2015-04-10,779.5581665039062,781.2278134876173,764.9904863803122,776.3023854578194,1161659.0
2015-04-13,792.3728637695312,793.875536103281,774.716323725599,777.5129624869223,1374251.0
2015-04-15,780.3096313476562,792.2058676817595,778.89042103287,787.1551950779984,924855.0
2015-04-16,778.9737548828125,782.8974353593951,766.4514029066431,778.472881185198,1071747.0
2015-04-17,782.7723999023438,788.2404845080442,775.4259111687102,781.9793072602366,764984.0
2015-04-20,762.569580078125,785.3602527468158,756.0161846544588,783.3984377905355,879556.0
2015-04-21,728.8843994140625,767.9123992141306,726.5886347199408,763.0704329590635,2535704.0
2015-04-22,757.3101806640625,762.1938779011631,730.4705839688037,740.8641470399909,2106687.0
2015-04-23,753.5534057617188,769.7072191000105,745.3303642263008,760.5241611714855,1027886.0
2015-04-24,742.5755615234375,754.6387722358116,729.4270903666144,754.6387722358116,1122637.0
2015-04-27,723.4996337890625,752.8436422306839,718.1567442842178,738.8186209724298,945769.0
2015-04-28,718.4490966796875,729.5522901928599,710.8522230740698,720.744861346104,1844291.0
2015-04-29,716.0278930664062,730.4703247245324,711.3946343402953,718.2819259734123,1323821.0
2015-04-30,709.89208984375,717.4890136987211,694.7400750221336,715.6523919451248,3001302.0
2015-05-04,719.4091186523438,722.7066815192151,704.7162460969831,717.9481775932877,558193.0
2015-05-05,733.8516845703125,737.4831978478987,712.9393633194015,716.2786577611786,1663346.0
2015-05-06,716.4454956054688,733.8098131898948,709.6833950824243,733.8098131898948,1989322.0
2015-05-07,723.1659545898438,727.7574844602555,712.688928439895,717.9483070098305,982642.0
2015-05-08,747.3341674804688,757.2268076931817,713.3568335613174,731.055105743259,5244650.0
2015-05-11,721.8720092773438,752.1760971169765,719.7849501843443,751.1742985616186,2712131.0
2015-05-12,704.5493774414062,729.2601352703157,702.6292933792931,723.7920509584064,1837756.0
2015-05-13,702.1282348632812,714.3166875004523,690.482437836464,709.6833767060222,1842567.0
2015-05-14,706.6365356445312,710.3097293762276,693.738499205054,703.5894087383057,1458520.0
2015-05-15,705.2587890625,711.5199644820066,701.3351089422274,707.9302340988713,861417.0
2015-05-18,711.8539428710938,713.6905645921211,699.1646166527696,707.930262592894,794940.0
2015-05-19,705.2171630859375,714.4836837051006,702.295280788452,711.6035833461603,1115144.0
2015-05-20,714.275146484375,716.4039877095094,706.2608592431955,707.2626578867419,1051609.0
2015-05-21,721.57958984375,722.873606884565,707.9719785308263,714.9427845358182,998351.0
2015-05-22,721.0787963867188,725.3363758450221,712.8975362971576,724.1676535199891,1369038.0
2015-05-25,711.6453247070312,722.0806187787703,707.5546690494758,722.0806187787703,642231.0
2015-05-26,714.0663452148438,716.4038920555422,706.2190339542911,713.7741773365509,732655.0
2015-05-27,716.0278930664062,717.9479763006832,706.010014327327,714.1912717735285,530542.0
2015-05-28,706.4276733398438,717.9482277336908,703.2135722133041,716.8629673476009,2062630.0
2015-05-29,717.5726318359375,718.5326993796452,703.8397731066372,707.5130174132867,3787109.0
2015-06-01,735.3125,737.5665335530174,711.6452750772693,717.5725013152218,950336.0
2015-06-02,711.895751953125,738.5266424457337,710.3513488328132,737.9839867799033,928603.0
2015-06-03,694.1140747070312,713.5237229119796,691.7347969355625,712.1045126374595,1074518.0
2015-06-04,686.7675170898438,697.0775660992211,684.5969455933157,695.8253309505399,1273078.0
2015-06-05,692.1521606445312,707.3459589122865,681.5081607553972,685.8909842391582,1564172.0
2015-06-08,678.0855102539062,692.068806402571,675.37233338924,691.2339827519045,1108643.0
2015-06-09,684.3464965820312,691.6929324662433,672.9511365502864,673.7024980075623,769058.0
2015-06-10,684.9309692382812,688.7294060750083,679.5463473273416,683.094347298031,959272.0
2015-06-11,681.8004760742188,698.3299739335719,681.2160893362758,684.5553838918457,1263695.0
2015-06-12,679.9638671875,685.8076327741329,676.9167404644617,679.0037996025449,833644.0
2015-06-15,686.0162963867188,690.7748011188473,674.9131526474781,679.5464134576076,626620.0
2015-06-16,697.0360107421875,700.7092041983294,682.3013530654237,682.9692017889412,864766.0
2015-06-17,719.6597290039062,725.3365197255749,701.2518774125455,701.2518774125455,2574818.0
2015-06-18,720.1187744140625,724.626841969037,715.5272448854568,719.6179006651034,1234051.0
2015-06-19,723.5775756835938,729.6516893637955,712.7369575031056,718.0096166889036,1376406.0
2015-06-22,736.86474609375,739.0159809455995,724.2103628583802,728.808132398728,1039509.0
2015-06-23,738.7630615234375,742.2219064175979,735.0932587061018,740.7033904028648,741773.0
2015-06-24,756.3524169921875,766.7712226087052,739.8595490866511,740.2813618284338,1812148.0
2015-06-25,745.1322631835938,757.4913980234978,741.6311965728747,749.6034682773047,1257404.0
2015-06-26,749.0973510742188,752.0078696506387,738.1723894127463,745.7650197038488,758668.0
2015-06-29,759.6005859375,763.4812434848498,732.5623415915917,735.6415959323634,1221747.0
2015-06-30,773.3515014648438,778.7506737376585,764.3246983713461,765.1683238662372,2318253.0
2015-07-01,774.701416015625,781.1973437510281,769.3865847742308,773.3516355860345,1456248.0
2015-07-02,779.0460205078125,783.8968673957929,769.3864977109752,775.9667666695503,962649.0
2015-07-03,779.9318237304688,784.1499514953713,773.6468030626006,777.8227598480175,512931.0
2015-07-06,782.4205932617188,784.5718282992135,771.6221956004961,773.6046952154611,595187.0
2015-07-07,779.8053588867188,782.3784583445624,772.4236343554517,777.4853883197491,715696.0
2015-07-08,782.5892944335938,796.3825521504652,774.5326289050939,776.1355381127415,1791894.0
2015-07-09,777.443115234375,788.6211537708691,769.72397234706,782.5892619834023,1153644.0
2015-07-10,759.4739990234375,779.9319212409531,751.9235390821073,779.9319212409531,2198242.0
2015-07-13,768.2898559570312,771.4956229878488,751.2486082784902,759.9379417930924,1103160.0
2015-07-14,782.2940673828125,783.8125832787874,761.6252386292441,768.1211665356733,662369.0
2015-07-15,783.7280883789062,788.7898413716656,776.4307072180192,782.0408373813198,980533.0
2015-07-16,790.3505859375,792.5862142696596,778.8772989084229,784.5717714430904,667588.0
2015-07-17,779.7632446289062,794.6532592201122,778.033822196789,790.5194725855439,848156.0
2015-07-20,770.3145751953125,785.8373080494083,766.8979015454364,779.5101155530363,738505.0
2015-07-21,751.9234008789062,773.4780221925173,734.8821554121392,771.91733560756,4915170.0
2015-07-22,776.5573120117188,778.6663758683502,751.7969229311916,754.2012351314248,1433553.0
2015-07-23,762.848388671875,775.2918652910733,755.2135878918182,775.2918652910733,1049783.0
2015-07-24,764.9996337890625,768.9225131690303,757.2382684781041,763.4811181064616,624104.0
2015-07-27,759.34716796875,767.82564405205,755.0446992175755,764.3245782023725,1305606.0
2015-07-28,763.2703857421875,772.7611752858179,752.0923447241339,753.5686897642543,1648693.0
2015-07-29,758.5880737304688,775.3340196144933,756.7320872984634,764.451281360543,1332413.0
2015-07-30,776.7259521484375,788.3258019371215,758.5880052061317,763.4810224551964,1997547.0
2015-07-31,777.5274658203125,783.0532025695289,770.3988200182787,776.3885404962114,1616033.0
2015-08-03,767.4461669921875,780.1848920989274,764.7465549556258,776.9791253327429,1813626.0
2015-08-04,766.0963134765625,771.4533664185827,759.3051383443911,768.1210353191996,2728548.0
2015-08-05,766.518310546875,770.1037198660018,763.4812785434751,768.2899554578813,2869226.0
2015-08-06,765.8011474609375,768.0367759237175,761.4142839908682,767.6993050833964,1105175.0
2015-08-07,763.3546142578125,766.8978521256153,760.0223342837855,765.8011491284151,849340.0
2015-08-10,764.4512329101562,766.8555448802878,760.1065411849718,763.4810430326298,1089645.0
2015-08-11,749.3082275390625,764.1981876762111,746.6086154674573,761.7938754430667,1430428.0
2015-08-12,730.8749389648438,749.9830773358109,725.180466780348,749.9830773358109,1406250.0
2015-08-13,731.043701171875,741.5468494399212,717.081708787182,730.579717423176,976700.0
2015-08-14,734.418212890625,741.5468590924646,723.4089097517501,734.7978546866174,742844.0
2015-08-17,736.1898803710938,741.5468821887578,725.5179962256333,737.7083961115418,373170.0
2015-08-18,736.3587036132812,740.5768322963861,732.3093103756664,735.6416423334849,606035.0
2015-08-19,739.1847534179688,746.8195547213047,726.6991049645086,733.4058872228941,548163.0
2015-08-20,735.6836547851562,760.8236860207155,731.4233560314641,733.9542326959328,1086427.0
2015-08-21,745.8915405273438,749.1394782545306,726.3194177342423,731.4233419444572,1428246.0
2015-08-24,718.0519409179688,742.3905185725712,712.8214519662254,730.0313830931885,2392818.0
2015-08-25,730.5376586914062,740.7033377091817,721.3842892842183,726.3617013298467,2303018.0
2015-08-26,721.2998657226562,732.7309819514422,717.0817378529331,730.7906534295333,1894521.0
2015-08-27,723.6619873046875,729.2721178148159,717.9253438564073,726.0663510193785,2087603.0
2015-08-28,720.8779907226562,734.3759987408687,718.7689269698105,733.9541859902995,1427528.0
2015-08-31,726.2772827148438,733.9542548996503,716.0693822981847,727.9645338755325,1990625.0
2015-09-01,720.245361328125,726.6568953392272,715.6897624580961,721.2998933359261,1483369.0
2015-09-02,700.7152099609375,727.5425378520183,695.316038501019,722.9869402691689,1463479.0
2015-09-03,703.372802734375,710.1218071384229,687.6391656211113,700.6310196952305,1228866.0
2015-09-04,700.2091674804688,709.2781416375954,694.4725243583097,701.3480413131775,1332041.0
2015-09-07,691.646484375,703.5838081918511,689.5796426778875,701.0529311839667,868619.0
2015-09-08,675.828369140625,698.3531803450124,662.2460191530474,698.3531803450124,2511604.0
2015-09-09,677.4736328125,685.4037352782544,667.2236110779022,679.9623390164953,1519952.0
2015-09-10,666.5906982421875,675.744014167355,656.0031572020957,675.744014167355,2651147.0
2015-09-11,670.8932495117188,674.6473936801464,661.4446326187341,668.1514663480431,1368043.0
2015-09-14,670.4713745117188,675.6596919979435,664.8612442702178,675.6596919979435,1115042.0
2015-09-15,678.781005859375,682.1977300710956,667.434284926956,670.4713159031406,1239118.0
2015-09-16,680.6793823242188,684.8553398795655,672.1587832644826,684.1804496109136,1000450.0
2015-09-18,673.0867309570312,689.0734479568774,668.9951669885513,680.8059265570755,3196079.0
2015-09-21,667.0547485351562,674.816114077762,665.1144200222094,670.6823281881992,1097798.0
2015-09-22,663.0052490234375,672.2429063309509,660.7274500540028,668.1513435733222,1900127.0
2015-09-23,662.2459716796875,665.9579442191846,658.1544088841055,665.45173805972,1108731.0
2015-09-24,659.4620971679688,665.6205533328341,654.8643276611058,665.6205533328341,2627897.0
2015-09-28,667.0125732421875,677.0095155862934,658.7028305364505,662.2460682059069,1121534.0
2015-09-29,661.6976318359375,675.744016826981,659.1667553684207,660.221287229886,2377821.0
2015-09-30,687.3439331054688,690.0857162077612,663.9333235397409,674.7317205367598,2321962.0
2015-10-01,688.73583984375,697.8891554047437,684.3489771936934,689.9168845824656,903859.0
2015-10-05,683.1679077148438,695.1473999045656,675.744013742181,692.2368816820454,1344972.0
2015-10-06,699.6185913085938,701.8963903735936,684.9395390390181,689.1998373603107,1470601.0
2015-10-07,694.7676391601562,698.5217822251067,688.3982781348877,690.0855288165909,1126929.0
2015-10-08,693.3760375976562,701.8544662468844,689.6640636313207,697.6785084074645,673062.0
2015-10-09,690.085693359375,700.5466706765528,683.3366890233419,696.834697695408,740404.0
2015-10-12,687.42822265625,693.8819783705511,681.1010313641173,690.9292891008893,760378.0
2015-10-13,685.7833251953125,690.9294211668924,679.7935520660377,689.2421698331515,860797.0
2015-10-14,672.538330078125,687.5548552692778,663.9333387692291,686.7534006612908,3479601.0
2015-10-15,667.7718505859375,675.7441230094947,648.7481031139843,660.5588618182701,4110634.0
2015-10-16,662.2459716796875,667.2233823816298,659.715095354797,664.776848004578,2121262.0
2015-10-19,675.346435546875,677.9409667486635,661.8207717568146,667.6904111949324,1733760.0
2015-10-20,669.5616455078125,678.3661020775472,666.073922874079,678.3661020775472,1428531.0
2015-10-21,672.3265380859375,675.8143137709332,669.476816370319,670.3274857685025,879891.0
2015-10-23,680.7055053710938,685.2990879063971,673.0920056341199,676.2820151394949,1956438.0
2015-10-26,687.8511352539062,689.0420929730161,681.0883562483482,682.9172639846654,754383.0
2015-10-27,690.8712768554688,693.1680430408868,679.8550961009088,686.2776406431376,876427.0
2015-10-28,696.2727661132812,697.9741045766002,687.2556930259826,690.403127646539,1123867.0
2015-10-29,681.7689208984375,695.8474874298956,679.8549149733552,689.8928023296397,1558590.0
2015-10-30,681.0882568359375,689.8501384539122,676.281955503379,682.2366393883144,1209468.0
2015-11-02,682.8748168945312,684.6612017512488,673.3473098436524,679.8974741861776,553599.0
2015-11-03,684.3209838867188,687.7661844450604,681.5563084390423,684.7888416552549,349296.0
2015-11-04,681.3861083984375,695.9325326408973,679.8549140446103,686.3199799477627,945881.0
2015-11-05,682.7896728515625,690.4031208635313,678.6213728890916,681.3860478648228,462520.0
2015-11-06,679.727294921875,686.4476031714495,677.3879543429481,686.2349358460925,726024.0
2015-11-09,682.7471923828125,686.4901582518606,666.924763407012,675.4314568178157,1247468.0
2015-11-10,683.5553588867188,688.7018981685394,674.9210959714627,682.2368317531389,880293.0
2015-11-13,677.7283325195312,680.1101964945888,674.0278894161783,674.0278894161783,1029232.0
2015-11-16,667.009765625,682.3218127555691,663.6070884848734,675.4314123151061,1186659.0
2015-11-17,679.0894165039062,680.5355649636025,665.2235147519215,668.5411463994163,792593.0
2015-11-18,675.0059814453125,686.3623940132478,672.4114508799828,678.8339926822424,721764.0
2015-11-19,675.94189453125,682.1092477730342,673.9853652662804,678.40885659626,861404.0
2015-11-20,678.9617309570312,683.4702679186217,675.6866229591022,680.4078272483218,845026.0
2015-11-23,673.0496215820312,681.1309806649178,669.4767998138706,676.3246779157479,692990.0
2015-11-24,690.7010498046875,692.0195770288917,672.6668476159756,675.4315232463922,1188716.0
2015-11-26,691.1263427734375,698.8248902182308,687.4684748521215,693.0403488635056,1282221.0
2015-11-27,694.3162841796875,698.186819061125,687.3407856245982,691.1687974257253,897445.0
2015-11-30,690.7435913085938,702.652963572535,684.0232819056441,692.0195954797304,2959644.0
2015-12-01,708.9476928710938,711.8399368388287,690.6157310875552,690.6157310875552,1404347.0
2015-12-02,705.970458984375,710.9043304434064,700.4411086428827,708.5224668342946,983626.0
2015-12-03,694.656494140625,704.2690982763658,692.444774841855,704.2265232769529,680102.0
2015-12-04,693.2529907226562,701.3343494725376,684.7888203846859,691.8918886228661,1445988.0
2015-12-07,709.0328979492188,710.7342366365594,693.2955150913176,693.2955150913176,1273142.0
2015-12-08,702.440185546875,714.3920790161143,699.7605564413452,707.6718225926296,1136199.0
2015-12-09,697.6764526367188,710.3088710725294,694.273775410024,703.5035166191399,1028736.0
2015-12-10,694.0612182617188,706.7786848787302,690.9562540311704,700.1009505295823,1144862.0
2015-12-11,699.3350830078125,707.7142052345623,694.6989777063189,696.1025506424753,1214169.0
2015-12-14,713.7115478515625,716.688890423053,691.9769574638292,701.8021775656008,1307321.0
2015-12-15,730.3846435546875,733.7022746081658,713.8816902115934,713.8816902115934,2303845.0
2015-12-16,727.6627807617188,738.7214853208893,725.365962507587,735.8291879755751,1101128.0
2015-12-17,735.1910400390625,736.4245210718153,714.5623067779144,714.5623067779144,1214526.0
2015-12-18,729.066162109375,744.8460682992371,724.897913412079,736.3393747283425,2114632.0
2015-12-21,724.429931640625,733.2343897628062,722.8562142549059,733.2343897628062,1112136.0
2015-12-22,724.3023071289062,729.7891339015699,717.2842861668482,725.5783109401895,913032.0
2015-12-23,734.3402709960938,740.5076234023743,728.2154416705374,731.107738050052,770192.0
2015-12-24,735.1910400390625,739.4869101897101,733.277033860193,738.3810503371782,538736.0
2015-12-28,736.5520629882812,742.6343698325246,733.7023413293844,735.829014782513,976331.0
2015-12-29,729.7893676757812,737.5304391756476,727.322405415431,737.5304391756476,754046.0
2015-12-30,729.4064331054688,734.0425913744269,727.0670924296467,729.8742908564859,677471.0
2015-12-31,733.9149780273438,737.0624649906869,724.3449478878971,729.4064408791295,743363.0
2016-01-01,728.6406860351562,733.2768435157761,726.04615538366,731.5755051317489,230366.0
2016-01-04,730.7250366210938,738.9765404339087,724.0473023981498,728.640886144138,828876.0
2016-01-05,721.3250122070312,730.7674202614688,719.2408621277779,729.278749050678,1118709.0
2016-01-06,717.15673828125,723.0689002616538,715.3703535312499,723.0689002616538,2135092.0
2016-01-07,697.7615356445312,715.3704016066631,695.4221949276492,714.5622553385019,1353969.0
2016-01-08,688.9144897460938,707.3315002688305,687.0855819621794,696.6981343597981,1324046.0
2016-01-11,690.5308227539062,697.2936542540293,681.6838410288638,685.6394741480117,1514504.0
2016-01-12,697.293701171875,699.3778515370278,684.4060392965476,687.7661937317037,1110037.0
2016-01-13,708.3948974609375,711.3297170870425,692.2321798965331,699.0800577436203,1338356.0
2016-01-14,703.7162475585938,712.7758972619138,696.3154135373837,705.6302536716271,1531002.0
2016-01-15,684.1508178710938,705.162360989361,660.6723648150274,703.7162127247278,3249884.0
2016-01-18,688.9998168945312,694.6993133008053,676.2822966550444,677.3881566930978,1525578.0
2016-01-19,689.4249267578125,699.0374792153249,687.0430631634948,691.5941230326245,867289.0
2016-01-20,676.3245239257812,693.295384519955,667.7753090161528,684.7886926853542,1543575.0
2016-01-21,659.779052734375,679.6847340492924,658.5881469310325,678.1535397760058,1679165.0
2016-01-22,656.2913818359375,666.4994136985833,655.0153778531068,663.9474057329219,1465143.0
2016-01-25,666.329345703125,667.5628267451648,654.7602623698167,656.7167916499104,1036869.0
2016-01-27,653.2290649414062,666.7972005822601,651.9530608181354,664.3728135163418,1291178.0
2016-01-28,673.5174560546875,677.9834701302001,652.0380550248411,654.8452534881588,1967418.0
2016-01-29,694.9118041992188,697.5488583833492,672.9644937037392,672.9644937037392,1733695.0
2016-02-01,681.343505859375,695.3370245780826,679.6846905358741,694.1460669302544,1025869.0
2016-02-02,680.6204833984375,688.9996071218591,677.9409062667565,688.6167955542664,960236.0
2016-02-03,698.909912109375,704.779551349987,676.7074630041213,676.7074630041213,1843081.0
2016-02-04,710.138671875,713.2011122944875,694.6139582295407,701.376789078421,1698770.0
2016-02-05,718.7730102539062,727.7475606705481,706.0554942800173,706.0554942800173,2043434.0
2016-02-08,705.1199340820312,721.5378442274459,703.0357835270313,717.9650221218379,490426.0
2016-02-09,702.9506225585938,716.3912403214384,701.547049231713,702.9506225585938,964658.0
2016-02-10,701.4193115234375,707.841853901892,697.6338230209375,702.6527923056988,781041.0
2016-02-11,682.7471923828125,704.3542144145484,673.049593046938,700.8664908844133,1010277.0
2016-02-12,691.2539672851562,694.7417431471994,676.2822058854237,680.9608878129328,1318480.0
2016-02-15,684.5335083007812,699.2075518437935,678.8340143376108,694.9967289646968,1206980.0
2016-02-16,683.2576293945312,690.6158880882545,680.0676193456158,689.0421705657508,926079.0
2016-02-17,691.2113647460938,692.4448456784397,671.816114096496,680.9608095400381,783633.0
2016-02-18,703.8438110351562,706.4808651397502,691.1688174907249,692.4873445430218,1179011.0
2016-02-19,704.013916015625,707.6292606644066,691.9769761609463,707.6292606644066,620200.0
2016-02-22,732.9793090820312,736.6797002027446,702.95063773348,703.5035936116278,1883688.0
2016-02-23,711.8825073242188,730.2569934050158,709.6282650710929,730.2569934050158,590731.0
2016-02-24,711.797607421875,718.7305836732758,704.5243945691456,711.925228597835,1062120.0
2016-02-25,716.9441528320312,719.8364495316689,708.0972223121347,712.605759703314,859877.0
2016-02-26,722.9838256835938,725.323166151316,715.4978946502978,721.3675333194204,1191495.0
2016-02-29,706.3958129882812,724.5150588352108,700.5261740042869,723.9195799364276,1974971.0
2016-03-01,701.0790405273438,705.9278134209342,695.9324503411927,705.9278134209342,1777318.0
2016-03-02,722.430908203125,727.3222567131844,706.0555240607522,706.0555240607522,1221727.0
2016-03-03,722.1331787109375,728.2579560425183,719.4535496878214,727.7475752384643,746384.0
2016-03-04,722.0054931640625,728.0877987937654,715.7956183050886,721.792825861216,1331537.0
2016-03-08,702.8655395507812,721.3675976267019,700.9515335429273,721.3675976267019,1342346.0
2016-03-09,714.2644653320312,717.8798096890799,703.1206668672779,703.1206668672779,1929618.0
2016-03-10,712.4781494140625,715.4129692439794,705.2049363891308,712.0102916256966,1140147.0
2016-03-11,724.429931640625,729.8317126730508,707.3315000328971,716.2635273935049,1527676.0
2016-03-14,729.1513061523438,731.575693204551,718.8156520440066,727.3648692374232,825367.0
2016-03-15,715.2427368164062,728.8534456118497,710.7767229929013,724.8552895190414,1330602.0
2016-03-16,718.0926513671875,719.5387479245545,706.9063271073596,718.7306534674649,1511400.0
2016-03-17,722.7711791992188,727.3222391083874,717.1142076823048,721.4526002700968,1970969.0
2016-03-18,721.665283203125,724.7702469306873,712.8608766759577,723.0689083228688,1848223.0
2016-03-21,748.2911987304688,751.1409198438045,720.6018741350911,720.6018741350911,1587554.0
2016-03-22,740.2100219726562,749.1420509477132,733.617333919638,745.2289404347672,2024654.0
2016-03-23,743.144775390625,746.3347856763346,732.0435499805035,740.0823862846398,1373555.0
2016-03-28,734.6806640625,745.2714567863286,731.7458441845001,745.1864106127741,2033190.0
2016-03-29,732.5538330078125,741.2306176743792,730.3845849204411,731.830733005112,1389839.0
2016-03-30,732.9793090820312,747.6958793139428,730.6399682326577,733.2770226036556,1453623.0
2016-03-31,739.6569213867188,744.931081181558,727.7475517496698,727.7475517496698,2635929.0
2016-04-01,738.2108154296875,744.2505986716396,728.1729279749276,737.6153365296733,1096484.0
2016-04-04,741.953857421875,744.2931982603911,732.6815402390972,734.2127347674326,960124.0
2016-04-05,738.8062744140625,751.0133578919891,733.5321144601207,740.2524225834755,1096886.0
2016-04-06,741.528564453125,742.5493781697076,734.1277299088296,739.2317465709998,1041648.0
2016-04-07,731.5756225585938,744.2080413193637,727.3647989980919,740.0823158441588,848064.0
2016-04-08,723.4093627929688,734.1277777131827,719.4962519447151,732.4264387150062,712487.0
2016-04-11,735.2335205078125,738.2533863641677,718.9006583440449,725.6209670841628,943737.0
2016-04-12,742.208984375,743.8252768571192,731.7457620854365,737.4452569341249,867406.0
2016-04-13,763.6459350585938,765.2621757752389,743.0597250786769,744.3357291858528,1897529.0
2016-04-18,764.8793334960938,769.8132051269847,754.11834591914,765.7725258905313,1091523.0
2016-04-20,769.0901489257812,770.7064414808461,759.7753609544073,764.8368021184918,1424850.0
2016-04-21,769.047607421875,771.472046196403,762.1997296103046,769.855753680051,1162870.0
2016-04-22,752.16162109375,769.2600490647322,751.1408077997986,763.7306999699432,1078366.0
2016-04-25,752.1193237304688,756.2450492940935,744.7610131124623,749.0143598463998,828061.0
2016-04-26,753.4803466796875,762.1997071690657,749.184477017848,749.9500482498405,1214609.0
2016-04-27,758.96728515625,760.4984797649169,749.3547308632805,752.3320739048656,778693.0
2016-04-28,745.3988037109375,762.8800434452065,740.9327909069632,759.8176554336272,2715410.0
2016-04-29,738.2958984375,748.0360202829995,730.89506522155,745.186298926403,1581281.0
2016-05-02,734.935791015625,737.5303221337939,727.3222899935338,737.5303221337939,787156.0
2016-05-03,723.9194946289062,739.2315403437362,721.367487009768,734.9356712356656,1305303.0
2016-05-04,725.9613037109375,728.0879772606875,717.9649903955814,723.0690069149812,568460.0
2016-05-05,723.1965942382812,733.1919594541517,720.34682066259,730.7249974836415,760873.0
2016-05-06,725.9613037109375,728.5983581443311,720.3043313003063,721.3676680751813,411253.0
2016-05-09,719.2409057617188,739.8271135668398,713.881699461893,723.9195869937583,3215773.0
2016-05-10,733.659912109375,738.2960712144962,719.3261000489679,722.0482528013943,1523285.0
2016-05-11,733.7448120117188,737.3601566238368,724.0046379078655,727.3222690261031,697299.0
2016-05-12,725.6209106445312,733.2769343207339,722.5159469408891,730.2145456185463,730642.0
2016-05-13,707.5867309570312,725.5784078678665,699.2076589118957,725.5784078678665,2369627.0
2016-05-16,719.8788452148438,721.7928510071432,694.9967699149511,708.6074777713027,1940183.0
2016-05-17,709.5006713867188,723.3665696565683,706.9061405810066,723.0688561899586,1434067.0
2016-05-18,702.2275390625,709.9260861932113,700.1008657158541,709.2030380236461,1428456.0
2016-05-19,693.3805541992188,705.9279268906319,689.3398748579162,702.7379168843404,1866764.0
2016-05-20,691.0839233398438,698.3996602797129,685.767238958908,697.5489907787631,1624617.0
2016-05-23,697.2086791992188,702.4403172256915,691.636804536043,694.9969593380441,1118741.0
2016-05-24,700.1859741210938,701.3344089828088,693.6783842543377,696.6982502908643,946784.0
2016-05-25,714.647216796875,715.7956514378421,703.5459934585768,704.3541396309469,1127694.0
2016-05-26,723.36669921875,726.471663278576,707.7569365899008,714.7324360125549,2479387.0
2016-05-27,732.596435546875,736.6371148542635,723.4942633545054,724.2173115149019,1531278.0
2016-05-30,726.7692260742188,737.7003566846372,722.8561684373185,734.9782048012277,776274.0
2016-05-31,721.537841796875,731.4906848001334,718.8156891579272,729.7042477929755,12132028.0
2016-06-01,727.4498291015625,734.4678504063038,719.7087077826823,724.8978213543838,1223721.0
2016-06-02,738.5510864257812,743.4424348331061,710.3088556723853,727.3222414369933,3409326.0
2016-06-03,752.7147216796875,755.3943507869214,739.5719223157595,741.7836417637336,1752265.0
2016-06-06,748.0362548828125,758.7972455572777,744.378386168424,755.0542787346595,1941227.0
2016-06-07,763.0928344726562,764.5815056487328,748.929222721281,751.9916112294892,2185954.0
2016-06-08,763.2205200195312,772.4077382400011,758.4567407017337,761.3490371418513,1470489.0
2016-06-09,745.569091796875,764.7516734440562,743.8677532575111,764.7516734440562,1376923.0
2016-06-10,744.0379638671875,752.6722265722358,741.0606211577082,745.1863467154064,793113.0
2016-06-13,743.6552124023438,749.3972309491555,737.8280957616533,737.8280957616533,1071858.0
2016-06-14,736.4243774414062,744.5057352871311,731.8307427397548,741.8686294692458,826228.0
2016-06-15,744.0379638671875,745.6967275544512,734.1276452230545,738.3809919508822,863255.0
2016-06-16,748.1211547851562,749.3120606981097,730.8525777210795,741.6560367062863,803719.0
2016-06-17,749.7373657226562,752.587139026052,742.2089631966343,751.9491370519575,849716.0
2016-06-20,748.0787353515625,750.5881686933178,740.550279564068,744.3357690019982,526386.0
2016-06-21,740.2949829101562,747.7383395323498,736.8072594326227,745.611666211723,1214022.0
2016-06-22,739.0050048828125,746.3154995485139,737.0698739418916,742.1872307066399,723156.0
2016-06-23,747.6914672851562,750.8307002596987,734.7476037416343,739.6499452730136,574726.0
2016-06-24,738.8759155273438,741.5421272159388,728.5552180086634,738.402894056494,1157925.0
2016-06-27,738.6608276367188,751.5616982538387,735.5646396861208,737.9297992992595,815766.0
2016-06-28,763.5164794921875,765.4086175661411,738.7898123162929,740.5099282937465,1607560.0
2016-06-29,760.119384765625,769.0210181412642,754.2709998267286,765.3657709927311,857945.0
2016-06-30,772.8050537109375,776.5463372569604,765.9245901711483,766.3116267440157,2029009.0
2016-07-01,771.9881591796875,777.9655737027662,762.0974906502336,772.8482173126835,1099564.0
2016-07-04,768.0747680664062,776.4173409660142,763.7314857688403,774.0521815224732,674938.0
2016-07-05,765.6237182617188,770.7840667750615,762.7424921788345,769.9240086895044,631452.0
2016-07-07,789.791259765625,791.2533688807902,764.2475263801749,765.4516285911992,1689043.0
2016-07-08,791.8556518554688,796.6719571223141,785.6202294596437,790.3935423121724,1579861.0
2016-07-11,799.3380126953125,804.0683322071889,792.4145030510875,797.2738522744362,746028.0
2016-07-12,795.8116455078125,803.2081756981829,785.7920014475259,803.2081756981829,813346.0
2016-07-13,797.6609497070312,799.6390729730908,789.0603681208727,793.9196652207818,598072.0
2016-07-14,802.3912353515625,804.1543440027586,793.0165808250337,797.273879027334,757072.0
2016-07-15,809.7448120117188,818.3024017770898,801.6172513552228,804.1544335963431,1284879.0
2016-07-18,792.9306640625,814.1310670912526,782.6529581246335,811.8949367798397,3013256.0
2016-07-19,769.8809204101562,779.9866016569848,763.7314848667045,777.5783973222966,2602482.0
2016-07-20,779.9866943359375,782.9108603138684,771.6441204549094,773.5792511363643,897886.0
2016-07-21,782.6958618164062,785.7921024663854,774.482317476846,780.0726951154905,876194.0
2016-07-22,776.8045043945312,786.9531797106223,771.4721335523805,783.6849693537498,967993.0
2016-07-25,780.02978515625,782.0509009032586,770.3541305282146,774.4823993374192,1297630.0
2016-07-26,776.3743286132812,784.2868723198053,773.1921036722717,784.2868723198053,1094799.0
2016-07-27,777.3634643554688,782.1798210361986,772.5471601685174,774.052261788662,1168069.0
2016-07-28,782.1369018554688,785.2330901949782,769.8380283272676,778.2666401841901,1760367.0
2016-07-29,793.4465942382812,795.5537470942058,776.2454321389471,778.6966292343707,1284438.0
2016-08-01,795.5538330078125,799.8971164081789,787.9423389543875,799.8541239970439,1270582.0
2016-08-02,797.617919921875,809.1856596181724,794.8657234445141,798.9080070993459,1442265.0
2016-08-03,785.9210205078125,797.101774943231,782.2657738654642,797.101774943231,1067729.0
2016-08-04,789.5762939453125,793.1885483073273,781.663749269894,792.9735337916571,685515.0
2016-08-05,795.9837646484375,798.6929686374596,788.1572570038093,792.242532943388,936293.0
2016-08-08,799.4240112304688,803.5952720559447,793.3176196623691,796.8868293136062,640018.0
2016-08-09,803.5092163085938,804.9283330587499,794.8226511838493,799.4239406570382,912239.0
2016-08-10,795.5109252929688,804.4555000066073,793.6617789732101,804.154500602829,675289.0
2016-08-11,804.7132568359375,806.8203568574901,793.4464659857667,795.4676337020059,859803.0
2016-08-12,804.1543579101562,814.475055551784,796.4138346789355,803.9823357840393,664203.0
2016-08-16,796.5859375,811.8089785622666,792.4146236176808,800.929221032074,847402.0
2016-08-17,785.4050903320312,796.1558168956711,782.910900771754,795.4677808943546,685242.0
2016-08-18,779.9866943359375,788.4152530275186,778.5675775053588,785.2330276303702,1047855.0
2016-08-19,783.2119750976562,787.555258255305,775.1274074921799,781.7928581530005,1232642.0
2016-08-22,799.89697265625,803.2082276191543,784.2869506669366,784.2869506669366,1405730.0
2016-08-23,792.7156372070312,801.2732266205626,790.4364620261853,800.7141678044952,923109.0
2016-08-24,790.7373657226562,795.5106772417655,781.1476977883552,792.1134375591249,929753.0
2016-08-25,783.3408203125,792.9734804654996,780.2446324925742,792.1134224606564,1760911.0
2016-08-26,777.922607421875,786.7811959904982,774.0523456934079,786.7811959904982,753284.0
2016-08-29,778.524658203125,780.9328105563038,774.9124034264645,779.2126942334926,488018.0
2016-08-30,795.3816528320312,796.6717398724683,780.5886442695979,780.9326884778916,921470.0
2016-08-31,788.7161254882812,796.8436835417789,784.2438136895624,795.5535966283275,2185015.0
2016-09-01,796.2418212890625,799.4240469289025,785.5340868696336,788.7593049180289,654587.0
2016-09-02,791.8985595703125,796.8868864546756,789.1463629291444,794.263719536447,968873.0
2016-09-06,806.60546875,808.2396001388544,793.2315757827713,794.9086995779049,811241.0
2016-09-07,802.4341430664062,807.5085064477237,797.6178390894561,805.8743751910212,728867.0
2016-09-08,818.3882446289062,820.1513531706756,801.1440908532575,802.4341779560807,1528195.0
2016-09-09,799.8111572265625,820.4955470491165,797.6180192505034,817.055314147443,888951.0
2016-09-12,789.9204711914062,795.4248122232334,784.760121946313,795.4248122232334,677577.0
2016-09-14,781.3197631835938,795.1236846905529,778.352552347161,788.6732491738637,1349809.0
2016-09-15,786.0933227539062,791.9847013853425,779.2128560339596,782.8251115606906,964711.0
2016-09-16,784.1150512695312,798.6500029793872,782.1369279591704,788.028305480116,1542460.0
2016-09-19,784.330078125,793.40368154527,781.878880783304,787.3402817948195,793036.0
2016-09-20,776.5465087890625,788.5012853338856,774.8263925241571,784.50204651425,1133099.0
2016-09-21,785.2760009765625,786.5660880662213,774.5252752294057,775.7723699148315,1102665.0
2016-09-22,782.7818603515625,789.490302686913,776.8474387700345,785.2330048126671,1250220.0
2016-09-23,783.1258544921875,784.8029782046407,774.9123105341164,783.512891117181,1498875.0
2016-09-26,767.687744140625,786.0070214005359,762.4414113768277,781.7927162341075,1153660.0
2016-09-27,771.730224609375,774.8694580867124,764.9357962178126,769.7521012167375,849724.0
2016-09-28,763.0006103515625,774.783365035959,757.9262462585309,774.0523366044571,1877866.0
2016-09-29,755.3889770507812,767.8598188126716,751.2607088973249,766.3117248168477,3307074.0
2016-09-30,746.4014282226562,756.7221257978616,743.9502835460579,754.356965936877,3104818.0
2016-10-03,747.1754760742188,755.1310135173111,739.8219898012517,755.1310135173111,2066037.0
2016-10-04,739.994140625,749.9707953453814,738.6180159262575,749.9707953453814,1465854.0
2016-10-05,749.0677490234375,751.4329092288946,741.7142614288651,743.9503918983268,1781339.0
2016-10-06,760.678466796875,762.7425749298825,751.6908483289673,751.6908483289673,1360160.0
2016-10-07,754.4860229492188,765.193757569626,746.6595146690603,765.193757569626,1088191.0
2016-10-10,753.5399169921875,761.6244315466528,752.0778077395754,756.593112714719,734544.0
2016-10-13,741.4132080078125,752.3359583418857,733.1996621737154,747.8206525044523,2130773.0
2016-10-14,724.384033203125,735.8227969894391,719.8687275642809,735.1347609146585,2077909.0
2016-10-17,730.4041748046875,731.9092761363428,721.5885812907069,725.8888708097219,1136539.0
2016-10-18,735.8655395507812,737.0696416431555,730.1891782439195,731.3072430475414,1146943.0
2016-10-19,727.6091918945312,736.1667809504399,725.9320680102021,735.3497152125582,1171167.0
2016-10-20,722.7067260742188,730.5762777627231,721.244616977137,729.802204566099,818580.0
2016-10-21,732.0814819335938,732.984532460456,719.9116385432204,722.4488204949052,1247395.0
2016-10-24,729.6303100585938,735.3497177497161,726.1040926435062,732.5975211728318,1639740.0
2016-10-25,715.8692626953125,730.8772854490561,713.4611107691983,728.55511832632,1925999.0
2016-10-26,724.8997802734375,728.2970194783907,710.8808469972414,714.7940999448695,1928005.0
2016-10-27,722.7067260742188,731.0492991634268,703.8714873920375,731.0492991634268,3193498.0
2016-10-28,719.4385375976562,728.4261544537283,717.1163704324173,723.3087987084625,1396899.0
2016-11-01,724.4256591796875,730.8871737010587,721.3033428829218,724.208830188613,891827.0
2016-11-02,729.4994506835938,735.8742549080939,721.6502516403233,724.2088443724656,1085441.0
2016-11-03,728.0250244140625,735.9175783280847,723.9486288907733,726.9408794842923,1975240.0
2016-11-04,735.4840087890625,751.4426452488165,730.7137705245109,736.3513248371629,2273336.0
2016-11-07,726.5072631835938,738.7363975181393,723.818551841485,737.2185945294023,803129.0
2016-11-08,732.5350952148438,734.3998458475642,725.1629089854912,727.2011334109619,797363.0
2016-11-09,718.3977661132812,724.5123327633299,692.9854202388101,711.1990545629841,2122893.0
2016-11-10,709.9415283203125,730.193389455649,705.8217771630083,728.5454678180195,1017007.0
2016-11-11,695.37060546875,706.8625425095495,692.2048808828038,706.8625425095495,1758762.0
2016-11-15,698.5795288085938,702.3523314022971,679.3251072652408,697.3219102984406,2007604.0
2016-11-16,701.4417724609375,705.5615232110945,692.1181260263718,701.6586014477879,2677282.0
2016-11-17,703.9569091796875,707.729711836466,696.4546061331889,701.4416721173307,665671.0
2016-11-18,696.3245239257812,706.6889591428284,689.9931286723988,705.1278011667115,1462211.0
2016-11-21,691.9012451171875,698.8831273824752,687.4779552920826,696.3245349422924,993597.0
2016-11-22,711.1123657226562,713.3673660088905,696.2812312751848,699.3168370879887,1226008.0
2016-11-23,721.3466796875,723.3414957671309,706.9492032854723,711.5026119818482,1254013.0
2016-11-24,715.7958984375,723.7752163834247,711.676147355629,718.8315044978259,1588843.0
2016-11-25,722.9945068359375,726.8107179377614,716.0993878397553,719.8721907975441,788448.0
2016-11-28,726.6806030273438,730.236629966614,719.0048785146482,720.2624971524784,930063.0
2016-11-29,722.2139892578125,729.4127009269324,720.0890546308985,725.9434371888733,1157881.0
2016-11-30,732.0146484375,737.4787282354035,720.7828965026762,724.4256340135331,2734453.0
2016-12-01,735.570556640625,742.1621889113426,729.3259248239309,732.0145828040764,951938.0
2016-12-02,721.1298217773438,735.8308369947645,718.2676898703465,732.8819417349722,623704.0
2016-12-05,732.7953491210938,738.4329034253327,721.6069509425882,722.3875565594218,760110.0
2016-12-06,725.076171875,737.0451220195545,722.6476976761693,733.2289634033253,611314.0
2016-12-07,723.0811767578125,732.0145187092115,721.65008454535,728.4151370455961,394177.0
2016-12-08,731.1472778320312,734.4430675480739,725.0760667468305,725.0760667468305,609858.0
2016-12-09,732.9253540039062,734.6166307423191,725.3796944349024,728.4587084952186,463868.0
2016-12-12,722.127197265625,733.6191329422217,720.1757364903539,732.8819356018238,317031.0
2016-12-13,720.8696899414062,725.4230987858087,715.4489651266413,723.3415192822328,716723.0
2016-12-14,712.76025390625,722.3440847920708,710.1583059949811,720.7395714214946,418711.0
2016-12-15,707.7730712890625,714.4080585520621,705.6915450626315,709.4643477420582,552176.0
2016-12-16,708.5537719726562,717.2702866339995,705.6482317943656,709.0307851551325,907271.0
2016-12-19,702.30908203125,709.2909647570823,700.7912791370794,708.5971225928141,709550.0
2016-12-20,695.0670166015625,704.9110313615896,692.5084239871205,701.441767596045,1057366.0
2016-12-21,691.077392578125,698.1893945133163,690.2968399239602,695.5874464592293,1024157.0
2016-12-22,682.62109375,696.0211374508948,679.8456717734334,690.3835830665573,1147406.0
2016-12-23,684.7459106445312,693.3323593244684,678.1976861142571,682.143962915673,893290.0
2016-12-26,695.4140014648438,698.1027129941323,680.8864575612838,683.4450505077724,686679.0
2016-12-27,699.7071533203125,701.2249562559314,690.9038751190168,695.5006920734463,552306.0
2016-12-28,702.7861938476562,712.2399600900453,699.0567453716135,700.7913774941237,811567.0
2016-12-29,709.8980102539062,712.8902604690842,699.5335754484312,703.6099704562998,1295881.0
2016-12-30,716.7064819335938,719.3951930199515,709.8980732064408,710.7220339093047,709395.0
2017-01-02,715.8392944335938,718.1377031849208,710.4185690170409,718.1377031849208,439748.0
2017-01-03,719.741943359375,722.3005353715316,710.7652466538229,716.7931016148694,617599.0
2017-01-04,712.5867309570312,726.2903646935897,708.2067961959596,719.7420872193082,1298675.0
2017-01-05,722.6043701171875,724.8593706159485,712.9337752274121,715.4490128840657,800848.0
2017-01-06,723.1246948242188,758.7280050435032,721.3467076611796,722.3874974194943,545826.0
2017-01-09,720.7828369140625,727.287705882549,718.4410734980556,726.8106927455451,323290.0
2017-01-10,720.3493041992188,725.0328318453577,719.0049749660689,723.16808124221,337793.0
2017-01-11,729.8463745117188,732.8819803474776,719.95895147197,721.6935833781179,867646.0
2017-01-12,716.316162109375,731.7543732300236,715.275372530473,731.7543732300236,985100.0
2017-01-13,718.09423828125,724.7291734155725,715.6223561068148,719.8722253589405,567779.0
2017-01-16,717.7039184570312,721.0430635494679,713.3239836809904,718.1375764138029,472383.0
2017-01-17,729.1091918945312,731.1473632508327,717.0534787279073,717.0534787279073,1081184.0
2017-01-18,750.18505859375,752.6135330453202,726.4639318979041,729.1526435244916,2032995.0
2017-01-19,746.15185546875,759.7253704290852,744.6340526492706,750.5751983047184,1350359.0
2017-01-20,746.281982421875,756.2994705557601,741.1214421902488,741.7285739122217,1032081.0
2017-01-23,747.9732666015625,751.789424867193,738.5628571575925,741.20816011216,1615902.0
2017-01-24,746.1951904296875,747.973230319386,730.3666757417348,742.4223875554821,1843785.0
2017-01-25,753.8709716796875,754.5214585881312,742.3790362971824,743.2897073816515,1360342.0
2017-01-27,742.3790283203125,759.508516725273,740.5142780281067,753.6974898182636,1272497.0
2017-01-30,740.297607421875,748.667228519012,738.2160806540071,743.2465031806515,600766.0
2017-01-31,741.902099609375,748.4069693641798,738.3027171703435,742.4224680150531,1210100.0
2017-02-01,740.731201171875,752.4399668867038,736.5247398490319,743.289793896913,1750447.0
2017-02-02,733.1421508789062,744.8509160271311,730.1065450997368,743.7234158965066,1617828.0
2017-02-03,737.0018310546875,739.34359503286,727.3312356919707,732.8820797189891,999913.0
2017-02-06,746.3688354492188,747.6264543414399,737.2186614735775,737.2620166898392,1007603.0
2017-02-07,741.7720947265625,748.753978746105,738.086001300561,748.493794503389,866921.0
2017-02-08,739.7772216796875,745.8050787024616,734.9202201279345,745.8050787024616,995337.0
2017-02-09,737.868896484375,742.5090147116027,731.5808571079286,742.4223043086981,884351.0
2017-02-10,737.9990844726562,744.503953405239,735.1803079352037,735.7006762751068,648644.0
2017-02-13,747.886474609375,750.0114091080479,739.3434343446871,741.5117240501165,688095.0
2017-02-14,735.6139526367188,752.8735061320997,732.8818865594567,748.4935717169362,1294385.0
2017-02-15,737.2620239257812,739.3869589111796,731.4944037502971,735.9610498045299,863541.0
2017-02-16,733.8360595703125,739.3869032444504,732.0580723258174,738.9532452366824,529692.0
2017-02-17,729.6295776367188,735.4406053654285,726.3771426695416,734.6166445863902,917969.0
2017-02-20,741.0781860351562,744.1571473277717,735.0503290912429,737.8257509506817,1511663.0
2017-02-21,748.2767944335938,751.6159394815137,738.996503695051,740.254122340275,1061217.0
2017-02-22,749.4910278320312,753.6974886133397,738.9531188706162,751.0955410116826,1996095.0
2017-02-23,744.3740844726562,756.2996815148922,742.6394521756037,755.3456549262239,1313518.0
2017-02-27,751.48583984375,755.0418137062109,740.9045757311768,745.0676812848957,1194357.0
2017-02-28,751.0089721679688,753.2206174589297,744.2872729299531,750.6620245809763,1409380.0
2017-03-01,759.3350219726562,764.0185487083559,748.4502187099145,753.1771006504939,1199589.0
2017-03-02,761.0697021484375,765.8399395978009,757.4703199892133,761.5033600983796,1116347.0
2017-03-03,760.7661743164062,763.0211745156606,755.3454498597732,761.5033716678034,909059.0
2017-03-06,757.2535400390625,765.9701077466217,751.3124469149318,760.6360934423031,620823.0
2017-03-07,756.3429565429688,758.858194281725,752.9604556844153,758.1209438715794,581168.0
2017-03-08,755.6923217773438,759.8988355914704,748.7104394741464,754.5648217115637,689050.0
2017-03-09,754.8250732421875,756.2995209690445,747.7998351051399,753.6108626540671,649123.0
2017-03-10,759.0750122070312,761.2866575316175,752.3099576519796,755.4322742353049,1533750.0
2017-03-14,792.5098266601562,793.5939714298693,762.4139572655739,764.2787074441827,2763421.0
2017-03-15,781.0180053710938,795.5021921824301,779.7170314587598,789.2575068158749,1247829.0
2017-03-16,785.9617309570312,791.3391004787167,776.5513210598906,787.522889092549,1052674.0
2017-03-17,782.796142578125,790.1249742770507,780.5844970903904,787.1327231175161,2071209.0
2017-03-20,779.239990234375,793.8108869407729,777.115055666684,781.0613324713889,849554.0
2017-03-21,783.57666015625,786.74233183204,770.4368014244352,779.5436195333216,1016256.0
2017-03-22,784.8775024414062,787.5228052417056,775.4237383403429,775.4237383403429,928431.0
2017-03-23,782.3189086914062,788.3901197344659,778.9797637924271,784.9208562812889,737393.0
2017-03-24,780.7578125,785.0943921595904,777.9823909305095,781.4516546581817,809976.0
2017-03-27,779.543701171875,792.1631398569912,776.3346210100775,780.4543724907811,2830764.0
2017-03-28,783.2730102539062,784.920931727266,778.4160621273162,780.5843519939662,565803.0
2017-03-29,791.46923828125,793.5074627284702,780.8879720517975,784.2271705533741,1067420.0
2017-03-30,797.2368774414062,801.2265098649681,788.5637174451698,790.2115860823942,2105056.0
2017-03-31,790.775390625,798.1475768825405,785.0944812138963,797.2369056380805,1454650.0
2017-04-03,798.4945068359375,801.7035337277619,784.400621654821,792.7268341871118,832000.0
2017-04-05,811.243896484375,813.0652916153139,796.3261055267477,796.3261055267477,2246395.0
2017-04-06,810.6369018554688,812.0245862487172,798.7980175541454,807.3410587821623,1588953.0
2017-04-07,801.83349609375,808.9454965869629,798.9713644019135,802.8742856917155,770117.0
2017-04-10,803.0911254882812,806.3435599403343,794.4613221548155,800.3590593738533,460843.0
2017-04-11,801.1397705078125,802.9611128665401,795.5455719249121,800.489283531586,715100.0
2017-04-12,801.1830444335938,802.8743209875445,796.5862808553187,798.1040836458559,2006885.0
2017-04-13,801.269775390625,805.9099472312927,796.6296564867189,799.5351435855368,1200252.0
2017-04-17,792.7701416015625,801.2264722003722,791.0788648944476,800.5326300206433,449115.0
2017-04-18,791.6426391601562,798.7546405895945,790.1681914470051,793.5941000619479,605252.0
2017-04-19,787.9998779296875,796.5863268148311,785.7882328946546,793.247128720936,1245002.0
2017-04-20,794.2012329101562,795.8491014674304,786.0050865240149,790.9921532798915,1955164.0
2017-04-21,786.1351928710938,801.3132218921515,783.6199554586127,797.4970105635799,761841.0
2017-04-24,784.5306396484375,789.1708117883214,779.3267438976059,789.1708117883214,789135.0
2017-04-25,801.4000244140625,804.001972545277,783.2297427103939,786.6556516705137,1105317.0
2017-04-26,816.4479370117188,819.6136617476745,798.1909448691379,801.4000248199484,1296199.0
2017-04-27,821.6083374023438,824.817416803759,811.9811521348593,816.2309682616968,1096343.0
2017-04-28,810.8970336914062,820.0472061018052,808.4685596916778,818.7462322158689,3585324.0
2017-05-02,804.9557495117188,812.8917100267723,801.3997760093226,806.7771444010649,1615426.0
2017-05-03,810.0731201171875,812.6317128291078,800.1856968339844,809.2058041427579,977037.0
2017-05-04,829.7611083984375,832.6232401992705,809.8995536814801,810.2898564126755,1234682.0
2017-05-05,827.332763671875,832.1463569432689,823.3430782611224,826.9858160929336,571239.0
2017-05-08,828.156494140625,832.623191813075,820.5241254696899,828.2866126890485,672197.0
2017-05-09,825.7280883789062,830.8886285485801,821.7818116386009,830.0213126523915,1292861.0
2017-05-10,864.150390625,866.4487995061074,827.506284739982,827.506284739982,2928370.0
2017-05-11,848.8856201171875,863.8468226173371,846.4571456610395,862.459138052902,1354465.0
2017-05-12,850.14306640625,856.9081199235573,841.5132625059023,848.4951450009229,890243.0
2017-05-15,852.788330078125,857.6452777805505,845.2426714138041,851.0970535424868,734446.0
2017-05-16,867.6627807617188,869.4841228368485,851.7475034594587,852.5714640884012,1503815.0
2017-05-17,875.4686279296875,877.7236279334696,859.5967057470971,870.7851012304382,1999387.0
2017-05-18,858.8597412109375,875.1219175782236,852.5716996822536,874.2546015053017,2690943.0
2017-05-19,874.25439453125,887.0473035782103,867.3158675905258,867.3158675905258,3059815.0
2017-05-22,883.447998046875,891.7742099219702,875.1217861717797,877.1599574623899,1788720.0
2017-05-23,888.8253784179688,895.0700105608445,879.4583243301321,883.6214300709697,2640069.0
2017-05-24,900.3175048828125,902.008728900082,887.698013489648,890.3433698997828,1992083.0
2017-05-25,905.0006713867188,910.6816324911891,893.5955527833797,900.1871319962319,1918721.0
2017-05-26,902.83251953125,908.0364153680183,895.4170314879742,903.7866518001496,716421.0
2017-05-29,929.9795532226562,934.0993040996043,900.9244680904958,902.8759290322081,1771026.0
2017-05-30,930.2828979492188,932.3210688870855,913.5437666764836,928.9819242603451,890684.0
2017-05-31,925.4262084960938,931.8876706015009,920.2657204419934,924.3854716044642,2226704.0
2017-06-01,950.0145263671875,953.5705006687415,920.395664823142,925.4261397975082,1782269.0
2017-06-02,942.251953125,956.6493749458555,907.2990822984241,954.0908355580993,2216247.0
2017-06-05,952.0960693359375,955.1750832600628,943.6397389546801,947.109002700837,612171.0
2017-06-06,946.7186279296875,955.6086151059029,942.7722985898646,952.2693644921235,1203091.0
2017-06-07,959.5549926757812,966.4068099452303,946.6753718242934,958.5575581455114,2392047.0
2017-06-08,948.409912109375,967.0572034768661,944.1167408648723,959.8584393437288,935574.0
2017-06-09,950.0145263671875,958.731094213287,945.374407103359,946.2417230731785,691085.0
2017-06-12,953.7439575195312,958.3840764434441,939.3031265052036,950.5782332868912,1059705.0
2017-06-13,956.432373046875,962.1566354016333,949.7540846119066,950.5779921644752,1040661.0
2017-06-14,965.9296875,971.0468725483795,949.0170272395497,958.3840814255165,1139136.0
2017-06-15,957.516845703125,972.694875413093,955.4352661681942,969.2256114793861,1051935.0
2017-06-16,946.9357299804688,963.4580376318063,944.0301364397541,957.5169437119257,1550451.0
2017-06-19,950.274658203125,954.91477695276,945.6345394534899,949.1905133609897,859068.0
2017-06-20,948.019775390625,954.9148950902285,946.3284457035389,953.0501445563539,1272735.0
2017-06-21,974.385986328125,979.199631827794,948.8001677816945,949.0604048959818,1411671.0
2017-06-22,957.4091186523438,977.8428086560432,955.6589078284827,977.4927451263927,1000211.0
2017-06-23,960.7783813476562,965.022621797072,940.7384433750645,957.2779592327723,1600881.0
2017-06-27,955.70263671875,975.6987748055794,951.2396203066613,959.5531220480718,1809437.0
2017-06-28,953.864990234375,966.9477746642511,948.8331336345148,958.2405177125144,1084236.0
2017-06-29,952.2022705078125,957.9342542464566,948.8331357071659,957.9342542464566,1771369.0
2017-06-30,944.7638549804688,956.2277154052555,931.1122308553639,949.4894459380356,1501780.0
2017-07-03,960.6469116210938,962.7033878579563,946.0763859715515,956.4901611494926,823810.0
2017-07-04,952.2022705078125,973.1173132638861,948.4830721432697,966.4665328474664,938993.0
2017-07-05,959.7282104492188,960.8658903898258,946.907999648079,951.2397293749915,364842.0
2017-07-06,956.0525512695312,959.7279508421432,950.7144302428792,959.7279508421432,653440.0
2017-07-07,960.6032104492188,971.2795610417916,953.689962848597,954.7400466596192,780216.0
2017-07-10,959.3342895507812,966.9476637597638,953.8648808304233,964.8036982711391,123910.0
2017-07-11,968.2603759765625,973.9485613636934,959.9906722588762,964.3661994797462,1088867.0
2017-07-12,990.31298828125,996.2199493793682,966.9914093956546,971.3669361350014,1749266.0
2017-07-13,992.9820556640625,997.5326678433423,989.7442084105126,992.9820556640625,1390586.0
2017-07-14,997.0076293945312,1001.9518894670616,984.7561537399127,993.2446334279996,1430776.0
2017-07-17,1008.9528198242188,1011.6219342663594,988.9129898038942,997.6202465948527,1177146.0
2017-07-18,1013.2408447265625,1023.6984191634673,1004.0085461340962,1009.2153809387706,3322231.0
2017-07-19,1010.1779174804688,1045.7947720727914,993.6822017229538,1041.375446983985,4799441.0
2017-07-20,1008.9093017578125,1016.0414340041275,1001.9959459189033,1011.1407570187018,1295206.0
2017-07-21,1013.940673828125,1018.7974436533005,1001.9954663361871,1014.1594501308185,1690899.0
2017-07-24,1014.5535278320312,1018.8853640994621,1009.9155328325726,1016.8725787439608,1102676.0
2017-07-25,1006.02099609375,1015.997217527369,1000.2453226819833,1011.2279365400434,1686360.0
2017-07-26,1019.1039428710938,1021.2479081747849,998.8014353577382,1009.8715390177393,1563285.0
2017-07-27,1025.53564453125,1043.518989478427,1017.0033701683587,1018.4473148869486,2090566.0
2017-07-28,1009.7401733398438,1022.647975802811,999.0201340061932,1022.647975802811,860381.0
2017-07-31,1011.4031982421875,1017.397649650795,999.4579866060492,1015.078598672813,955459.0
2017-08-01,1027.330078125,1029.9117034927133,1009.8717658046721,1009.8717658046721,1359063.0
2017-08-02,1022.7791748046875,1028.2485821565842,1014.8594302293961,1027.3734769802807,587711.0
2017-08-03,1023.7860107421875,1032.2744919007562,1013.3722332668775,1019.9355249331138,597333.0
2017-08-04,1043.213134765625,1046.88864157123,1016.8724833685467,1016.8724833685467,1116836.0
2017-08-07,1038.137451171875,1044.0881030659589,1025.0545629550122,1026.498508052442,868190.0
2017-08-08,1042.25048828125,1058.0023848295812,1033.4994346432882,1034.1119656681915,1329938.0
2017-08-09,1037.30615234375,1046.1884934143202,1029.4302038362396,1040.9378610759798,833002.0
2017-08-10,1024.4857177734375,1035.7745973517672,1020.5477439780465,1028.1174260829512,699787.0
2017-08-11,1008.8217163085938,1028.074038323457,1000.72699000689,1015.1662315180373,861457.0
2017-08-14,1011.3594970703125,1023.7860606589135,1003.9210994859043,1010.3094130822792,526828.0
2017-08-16,1038.1812744140625,1041.9004723801438,1007.2463197551823,1007.2463197551823,1366648.0
2017-08-17,1030.2615966796875,1036.9998653110258,1019.497757879616,1036.9998653110258,961319.0
2017-08-18,1052.0518798828125,1055.6398982010267,1023.3921722920938,1023.8735230882673,1407292.0
2017-08-21,1042.644287109375,1057.1273242231482,1034.6808493265453,1052.1392661680763,965962.0
2017-08-22,1049.7762451171875,1056.5583108601318,1039.668843491681,1055.6395144347434,916218.0
2017-08-23,1039.75634765625,1046.1445520310338,1035.2495341519984,1045.8382865514848,831796.0
2017-08-24,1032.3616943359375,1041.1127474601699,1028.5113164207785,1039.625111158802,780599.0
2017-08-28,1049.864013671875,1052.6206173303829,1031.530596385286,1033.8058492945113,630713.0
2017-08-29,1041.76904296875,1048.8574812311047,1035.249551330443,1045.8821018995993,1002082.0
2017-08-30,1053.8895263671875,1058.5275211144324,1038.9689358536396,1047.938766632751,666156.0
2017-08-31,1067.4097900390625,1070.078904184779,1045.1384007897282,1051.7453823313285,1425125.0
2017-09-01,1064.2596435546875,1069.3789896936582,1056.3836935487602,1064.3471327454272,622867.0
2017-09-04,1047.632568359375,1063.1218929451575,1044.6571883011134,1063.1218929451575,586791.0
2017-09-05,1054.677001953125,1060.1902087896706,1043.3882275749272,1046.9761384065307,699191.0
2017-09-06,1055.727294921875,1060.6278643493679,1050.389172745063,1051.8768093629872,670064.0
2017-09-07,1057.78369140625,1069.160062027372,1053.3643662429029,1058.0024677643485,781792.0
2017-09-08,1056.733642578125,1066.1847174660236,1051.964253719151,1059.0963845940005,663219.0
2017-09-11,1067.541015625,1078.129768774877,1055.3770301481345,1055.3770301481345,794869.0
2017-09-12,1093.7066650390625,1098.2571699457394,1070.2537998754096,1071.1289051901076,1164498.0
2017-09-13,1094.7130126953125,1101.7576536073855,1089.681156850799,1093.8817053290165,848136.0
2017-09-14,1092.000244140625,1104.470496000587,1076.4671234027778,1104.470496000587,1239363.0
2017-09-15,1090.3812255859375,1099.832405744524,1081.2801089192205,1086.968293482871,1333125.0
2017-09-18,1120.1788330078125,1125.3418699752594,1090.3814481359734,1093.8818701203586,781532.0
2017-09-19,1119.5223388671875,1126.7856493195277,1114.4904830063338,1126.7856493195277,563558.0
2017-09-20,1102.064208984375,1121.316532061902,1098.3450102080344,1120.1351608743,1179496.0
2017-09-21,1099.7449951171875,1104.2956076297492,1092.131620301575,1103.507991346383,913615.0
2017-09-22,1084.4305419921875,1095.8507099080473,1079.9675259280123,1095.8069119093802,1208698.0
2017-09-25,1091.3878173828125,1101.7577959239684,1082.9430281619625,1085.0433026723686,1271436.0
2017-09-26,1065.3094482421875,1103.5953062906608,1051.0452955096134,1103.5953062906608,1751337.0
2017-09-27,1055.2894287109375,1065.4406281149618,1039.6250235733671,1065.0030754956126,2299025.0
2017-09-28,1052.5770263671875,1061.4592624772629,1043.257130646021,1055.2023430872675,3007522.0
2017-09-29,1027.2860107421875,1058.7023086371273,1022.997973917779,1058.7023086371273,2274339.0
2017-10-03,1038.1812744140625,1042.9943541348734,1024.7484278308589,1029.5615075516698,1970990.0
2017-10-04,1047.9388427734375,1054.0645813115702,1031.4868165412627,1042.3381461736926,2448425.0
2017-10-05,1039.3192138671875,1054.0647222405803,1035.4249297526364,1053.9334350323295,2305862.0
2017-10-06,1056.514892578125,1060.2777820611775,1043.2570231430034,1044.00084143883,508700.0
2017-10-09,1067.847412109375,1070.5602176058271,1054.54585216422,1065.4408721517427,720819.0
2017-10-10,1058.177490234375,1076.6859922659694,1054.5020899948574,1071.216583085498,802675.0
2017-10-11,1065.9222412109375,1068.0662068439547,1048.9013760322237,1063.2531268458868,1096016.0
2017-10-12,1086.005859375,1089.5062811618654,1064.3469995687701,1067.6724429960504,982442.0
2017-10-13,1092.6566162109375,1096.5071014596328,1077.4297603964199,1083.3805200375302,840717.0
2017-10-16,1121.27294921875,1126.698561698714,1093.8383007228967,1093.8820987366155,1276141.0
2017-10-17,1122.016357421875,1127.7045422554518,1112.2589113040165,1124.5103863301817,654497.0
2017-10-18,1106.0894775390625,1122.4102153508052,1102.6328537827553,1117.5096462544273,697765.0
2017-10-19,1100.6201171875,1111.383957298974,1097.1196952747473,1107.0084299080333,67835.0
2017-10-23,1093.8377685546875,1118.0344501715838,1083.9053452953142,1107.883250598901,791883.0
2017-10-24,1111.4278564453125,1114.8844806689574,1097.3823695124588,1098.169985879383,1055569.0
2017-10-25,1113.528076171875,1123.1105465708756,1107.0960713872612,1121.0102717694224,1332232.0
2017-10-26,1114.6217041015625,1124.5104378411274,1096.9446177695356,1124.5104378411274,2321903.0
2017-10-27,1102.7640380859375,1114.621651590458,1090.3812759071868,1114.621651590458,875032.0
2017-10-30,1080.05517578125,1110.902644953599,1076.3797753755823,1102.6329406286452,1063165.0
2017-10-31,1082.899169921875,1093.7942966028884,1076.7734319215022,1086.00583692325,722440.0
2017-11-01,1108.0460205078125,1112.450018999497,1090.4300265410745,1091.0465433221127,1243886.0
2017-11-02,1093.512939453125,1110.7326183580747,1090.47422318496,1110.6885353607656,762274.0
2017-11-03,1091.751220703125,1096.5956190200811,1085.1452229981846,1096.5956190200811,656886.0
2017-11-06,1092.72021484375,1100.5593545997021,1087.743674449502,1091.3109566618896,532305.0
2017-11-07,1087.0828857421875,1102.937279452688,1080.168629989006,1087.8756269316102,949224.0
2017-11-08,1088.0521240234375,1099.1501808979017,1082.150700374025,1092.500098861788,872203.0
2017-11-09,1103.5540771484375,1132.752611657859,1093.2486551053742,1100.559336361919,1417669.0
2017-11-10,1136.80419921875,1144.3790554340985,1095.9791530148411,1105.095408766083,1933002.0
2017-11-13,1126.9832763671875,1158.251667387926,1117.955078959791,1140.635672446665,1413270.0
2017-11-14,1130.85888671875,1135.3509442027726,1126.7631461376236,1132.7966032743655,1131348.0
2017-11-15,1114.2117919921875,1131.8277887035265,1108.5306760605852,1130.858930388305,1195740.0
2017-11-16,1124.341064453125,1133.5894633381683,1097.6088091797844,1118.6158651433364,911479.0
2017-11-17,1125.794189453125,1142.749584150948,1119.7607328437732,1129.18524688879,1134503.0
2017-11-20,1122.5794677734375,1128.4368085874185,1115.2248101436353,1127.4238672028246,707096.0
2017-11-21,1125.08935546875,1131.827493960035,1120.3770990795056,1123.0194978980894,828746.0
2017-11-22,1119.0118408203125,1124.7811213731295,1113.0224678806826,1123.019522122741,646368.0
2017-11-23,1116.4136962890625,1123.9004942523422,1111.5692976069404,1123.0196944919564,891839.0
2017-11-24,1115.0484619140625,1118.6157441058247,1103.64214753118,1118.087285730621,971523.0
2017-11-27,1110.07177734375,1115.8850331917677,1101.4839812556952,1110.6882940550995,763155.0
2017-11-28,1116.7220458984375,1121.2141035393488,1111.9217298201174,1112.450188215605,975006.0
2017-11-29,1124.032470703125,1128.3923858691628,1112.8903338661007,1116.7217907573895,819468.0
2017-11-30,1120.7738037109375,1124.0328278932532,1108.0462880051728,1121.2582866697812,2308732.0
2017-12-01,1101.43994140625,1126.3225310461753,1096.8157433315737,1120.773450348769,470360.0
2017-12-04,1117.3824462890625,1122.1387860383352,1093.2485136882642,1106.8569331797805,833814.0
2017-12-05,1110.6884765625,1122.1388732280927,1105.4036781014572,1122.1388732280927,862459.0
2017-12-06,1123.548095703125,1129.4495183092781,1105.9321013913184,1108.266242141532,1516859.0
2017-12-07,1137.9490966796875,1144.0266359387958,1120.4212691693851,1124.9573014783327,1407824.0
2017-12-08,1168.512939453125,1172.3443966309276,1137.3766916700943,1141.868748620604,1267860.0
2017-12-11,1166.2230224609375,1170.5829384790725,1155.301083397111,1170.5829384790725,597953.0
2017-12-12,1157.943359375,1166.1788151533394,1152.658561119018,1161.8628750737216,873443.0
2017-12-13,1158.29541015625,1177.6289159176415,1150.5002486688193,1162.1268664266581,917877.0
2017-12-14,1164.06494140625,1168.6891401466241,1148.7830870729144,1157.370884733609,834383.0
2017-12-15,1166.663330078125,1175.8676442858966,1154.3761092834384,1169.966329078928,1420357.0
2017-12-18,1173.0050048828125,1184.675600951667,1145.876331013073,1162.6556083689225,918171.0
2017-12-19,1188.8150634765625,1190.840945370707,1168.3805577176352,1174.1938130180652,1227087.0
2017-12-20,1200.2216796875,1204.8898533795805,1174.5463480628432,1185.732460750884,1198943.0
2017-12-21,1187.714111328125,1202.4235283389096,1184.7634543366921,1202.2913869023878,557871.0
2017-12-22,1194.8045654296875,1197.4469640262882,1181.4164555480327,1181.4164555480327,561400.0
2017-12-26,1187.4061279296875,1192.5148095152751,1180.2716714197816,1189.432010373507,913529.0
2017-12-27,1191.2376708984375,1201.4109518045864,1182.605897193365,1189.784437214281,569851.0
2017-12-28,1193.043212890625,1217.969887810424,1188.0226975274552,1196.1260118903424,2608574.0
2017-12-29,1204.8017578125,1211.0114382397344,1189.0795058501565,1197.0067025558242,799006.0
2018-01-01,1184.235107421875,1204.053099178656,1180.315592059995,1204.053099178656,746852.0
2018-01-02,1179.0384521484375,1188.9034732602431,1170.186479710929,1184.6755917095415,695988.0
2018-01-03,1189.3880615234375,1195.0692850942978,1175.8678052664118,1184.4115208436883,832810.0
2018-01-04,1191.0614013671875,1194.4965417213969,1181.5487215431458,1189.167660497092,640189.0
2018-01-05,1194.8489990234375,1200.4860316680372,1187.5383177531828,1189.9605171774895,568451.0
2018-01-08,1205.286376953125,1207.5764347565682,1187.846499220176,1187.846499220176,801796.0
2018-01-09,1199.03271484375,1211.8923693912752,1194.3644332693375,1210.2188284012313,708386.0
2018-01-10,1202.9964599609375,1206.6957762672369,1193.4837787168658,1199.076836175954,939525.0
2018-01-11,1214.3143310546875,1218.0577291728398,1195.2449991371448,1195.2449991371448,629248.0
2018-01-12,1210.218994140625,1219.379334086349,1195.2453966876478,1216.2084761296212,872539.0
2018-01-15,1204.2294921875,1211.6282323102148,1201.4109757214712,1211.6282323102148,1324592.0
2018-01-16,1217.2650146484375,1223.8710114717828,1201.1904223782972,1206.0789030353646,896453.0
2018-01-17,1207.7523193359375,1225.1921937136278,1203.3924045012538,1223.4305945853553,1409691.0
2018-01-18,1195.201171875,1239.1971836827656,1189.6081149939148,1233.1196439337634,2465412.0
2018-01-19,1200.04541015625,1209.2057477913124,1189.1235807846801,1207.0478317105149,1491194.0
2018-01-22,1193.5716552734375,1202.291593831499,1185.9527163434268,1200.5299944266178,1014403.0
2018-01-23,1205.2421875,1208.7653861231706,1189.1236183106876,1198.5040486292883,1284895.0
2018-01-24,1203.0843505859375,1208.4572073362299,1175.9117009190477,1204.9340084810224,1819330.0
2018-01-25,1209.1177978515625,1213.7419963135699,1197.4912847263133,1205.7267404833228,2125894.0
2018-01-29,1230.7413330078125,1233.1194489372554,1204.229178840075,1206.6954607457428,1406390.0
2018-01-30,1233.33984375,1241.9276412694162,1224.3997048284514,1230.7415275083358,1310365.0
2018-01-31,1206.123046875,1233.1195791656323,1200.1776489040228,1233.1195791656323,1491912.0
2018-02-01,1207.7965087890625,1219.7313869429593,1189.9603160430436,1209.3379081621754,1563429.0
2018-02-02,1208.63330078125,1213.6539235640423,1190.8411899160417,1190.8411899160417,1699619.0
2018-02-05,1194.144287109375,1199.164802786083,1181.3726904557989,1190.92934644785,1585136.0
2018-02-06,1167.3681640625,1187.758703916925,1144.15910744389,1145.039907372638,1540401.0
2018-02-07,1156.1815185546875,1171.4633688169386,1151.249062716195,1164.4169726135285,1561287.0
2018-02-08,1171.0673828125,1178.1137810062028,1149.663905291326,1167.6762176661775,1146084.0
2018-02-09,1174.150390625,1180.2719071355432,1155.433392097664,1161.7751085908817,810004.0
2018-02-12,1184.1910400390625,1188.9914626173293,1174.23806855951,1180.2715246255266,1166428.0
2018-02-14,1188.55126953125,1191.898244253653,1173.2253315343326,1188.903610954531,857401.0
2018-02-15,1196.258056640625,1201.8070298798152,1179.1705220625806,1191.7219169752916,844856.0
2018-02-16,1190.929443359375,1201.4109829698323,1187.3181855156406,1201.4109829698323,1091144.0
2018-02-19,1176.6602783203125,1197.0067288071768,1170.4066222859242,1197.0067288071768,495950.0
2018-02-20,1173.0491943359375,1183.2223673207354,1169.5699706804096,1173.357452756173,688130.0
2018-02-21,1171.9920654296875,1179.3908044521813,1165.2980091786676,1179.3908044521813,1406451.0
2018-02-22,1168.3369140625,1174.810878953655,1156.7103990897342,1171.5518550079996,2173259.0
2018-02-23,1165.429931640625,1172.8726447380802,1162.8315084886472,1168.3805885926556,896708.0
2018-02-26,1174.3701171875,1178.8621735192874,1159.3524414153162,1159.3524414153162,1109668.0
2018-02-27,1185.8646240234375,1191.2815635427057,1175.0748279765628,1180.2715675765069,1316559.0
2018-02-28,1160.6739501953125,1178.9505462617537,1154.728551474904,1178.862487784612,1862621.0
2018-03-01,1166.399169921875,1170.5829690965995,1157.591171659297,1162.6557706602794,961945.0
2018-03-05,1144.8193359375,1163.4922453604609,1139.534538079739,1162.6555287074436,842790.0
2018-03-06,1139.050048828125,1151.9978680181252,1135.5268502762044,1145.039529374185,738512.0
2018-03-07,1139.6229248046875,1151.7339233839225,1137.2007250888405,1138.9183493990615,917890.0
2018-03-08,1139.005859375,1149.9277943379675,1131.1226395843914,1145.0393142577725,739272.0
2018-03-09,1145.7003173828125,1147.6821168939496,1132.7965790619535,1140.6357186321293,852176.0
2018-03-12,1166.3551025390625,1169.658101931753,1139.7990734374403,1149.4437886562919,874857.0
2018-03-13,1163.14013671875,1172.7407678448335,1157.1065724994326,1166.9715940741455,1067772.0
2018-03-14,1159.9251708984375,1167.0596271150148,1154.8605725166176,1160.3655707577263,760665.0
2018-03-15,1144.9952392578125,1162.6553118124477,1139.9747252373184,1157.2824564966018,536838.0
2018-03-16,1144.2911376953125,1154.4643113716595,1128.3926575191629,1147.6821955874282,3646692.0
2018-03-19,1153.3192138671875,1161.0701871535603,1147.902273902134,1152.086072713594,1244199.0
2018-03-20,1156.7103271484375,1163.0961256421183,1150.324528654757,1150.324528654757,1249242.0
2018-03-21,1158.7801513671875,1165.3861496163006,1149.4436953456748,1156.7102934196992,1698614.0
2018-03-22,1155.4769287109375,1163.0958667215673,1153.010754353395,1156.049469952334,950972.0
2018-03-23,1146.4930419921875,1157.3708976465325,1130.7707876034012,1136.2317031689702,1301609.0
2018-03-26,1166.443115234375,1171.3755721752907,1143.27803953039,1147.6820381418324,1032138.0
2018-03-27,1173.9300537109375,1180.271769464435,1163.6687142113185,1179.3909696364763,1040328.0
2018-03-28,1174.4141845703125,1179.7430654276961,1164.5932470295697,1167.9844116767165,1337677.0
2018-04-02,1190.224609375,1198.3720061328604,1158.2515390904123,1158.2515390904123,708747.0
2018-04-03,1187.67041015625,1193.9240669076387,1179.082612552156,1186.5253274679035,979726.0
2018-04-04,1195.6414794921875,1197.8875616781309,1179.8752512768704,1187.3179655456768,912607.0
2018-04-05,1217.4412841796875,1218.8506496942691,1200.2656902857823,1215.5035678763775,588716.0
2018-04-06,1210.9234619140625,1217.2210937084615,1200.045499681205,1217.2210937084615,633937.0
2018-04-09,1225.7205810546875,1229.9484617258,1204.4933342906443,1204.8896510637921,923543.0
2018-04-10,1225.6328125,1235.5858923610149,1221.669213753144,1232.0626934749207,969036.0
2018-04-11,1241.1788330078125,1251.175887408233,1220.3919830278421,1226.953897331692,1015714.0
2018-04-12,1244.35009765625,1247.2126974208106,1230.5655572860774,1240.166298000354,510556.0
2018-04-13,1242.4119873046875,1245.3185616332908,1232.4148252777752,1243.6891037873254,534981.0
2018-04-16,1250.2952880859375,1253.5542042651157,1237.3915498011568,1240.9588319190311,325041.0
2018-04-17,1273.239990234375,1277.599905539174,1250.5593990122904,1251.1759157658717,1176082.0
2018-04-18,1277.6002197265625,1282.576760528263,1268.3518210315408,1277.6002197265625,765225.0
2018-04-19,1280.85888671875,1292.9259071768463,1275.7062299535662,1278.39271205892,682820.0
2018-04-20,1292.8380126953125,1296.6694703903074,1269.4086515784056,1270.11333443888,674146.0
2018-04-23,1279.5816650390625,1295.656258318679,1277.159466051723,1295.656258318679,395622.0
2018-04-24,1285.6595458984375,1294.555603041049,1273.3723232561467,1289.4910038115977,1218174.0
2018-04-25,1285.26318359375,1288.6102662541662,1276.3231505372678,1285.0870666198418,504777.0
2018-04-26,1313.4925537109375,1319.966410007391,1285.835421604173,1288.6099621653657,1321586.0
2018-04-27,1298.2547607421875,1318.9976380580124,1294.6875862327634,1313.4926395686216,818770.0
2018-04-30,1329.038818359375,1333.1345588674367,1298.783367219638,1299.1796841154642,612159.0
2018-05-02,1296.4931640625,1333.5308369879654,1290.0633903245234,1331.7692374675057,1047583.0
2018-05-03,1279.097412109375,1293.850808592788,1269.7609558386982,1290.9001508000067,1243694.0
2018-05-04,1289.6668701171875,1295.6563510496196,1275.0896996799572,1281.5635559328325,586841.0
2018-05-07,1319.349853515625,1322.9611106760221,1290.3715227299417,1296.889461823056,887065.0
2018-05-08,1317.7205810546875,1325.4275792886438,1302.262501589064,1315.9148984606436,906975.0
2018-05-09,1317.676513671875,1330.8885108009379,1309.0887155379842,1318.4692550035204,759263.0
2018-05-10,1309.308837890625,1327.2330914294923,1303.583639474016,1315.9148360636352,932116.0
2018-05-11,1324.810791015625,1326.4843319289957,1308.0755969209033,1311.5107372126658,591179.0
2018-05-14,1324.3260498046875,1339.8720740082415,1315.9584550691811,1334.4111604518018,1479249.0
2018-05-15,1334.8519287109375,1358.5454618494941,1330.4479302658337,1347.6235242017383,3239290.0
2018-05-16,1386.467041015625,1393.777722876688,1327.0130503415457,1329.1269915138605,2420630.0
2018-05-17,1382.679443359375,1406.108694405706,1374.2677630262115,1386.4668176433906,2082393.0
2018-05-18,1414.3883056640625,1420.289621081842,1376.9543156510529,1376.9543156510529,2041908.0
2018-05-21,1390.4744873046875,1426.3670755803548,1385.5420304197833,1420.729935917823,1510806.0
2018-05-22,1386.6429443359375,1399.5465733076148,1372.4619838292178,1379.1120642536607,1137466.0
2018-05-23,1381.1820068359375,1397.2126261054855,1374.9283503848512,1380.21314865667,891664.0
2018-05-24,1375.016357421875,1384.3088370433845,1365.283585480345,1382.9435545330991,915840.0
2018-05-25,1387.9200439453125,1401.572438475633,1371.669333463791,1379.3322473859175,968884.0
2018-05-28,1394.173828125,1396.6840858461958,1388.1403714913895,1396.0675690443225,563972.0
2018-05-29,1385.2335205078125,1407.3416770036204,1377.3063239212795,1387.7438854424693,944652.0
2018-05-30,1396.7723388671875,1404.6995369140627,1371.4052621093854,1382.415259396712,1089156.0
2018-05-31,1419.3648681640625,1424.8258917184119,1391.3994730666616,1404.875753711954,3315162.0
2018-06-01,1399.45849609375,1430.7709665179761,1392.6322988370034,1420.7298290493159,1444570.0
2018-06-04,1376.8660888671875,1400.4715645350748,1372.2859732991487,1400.4715645350748,857157.0
2018-06-05,1376.513671875,1385.4977848784974,1362.641078034036,1377.5705883979467,1531015.0
2018-06-06,1383.868408203125,1390.7826640346748,1371.8013883416686,1375.0163286066345,1085135.0
2018-06-07,1411.9661865234375,1415.1810198327623,1387.2597087034862,1387.2597087034862,1479204.0
2018-06-08,1405.4039306640625,1410.380470298914,1392.9846768323075,1409.1914122493986,760059.0
2018-06-11,1410.5128173828125,1424.2532727214932,1395.5392208235883,1405.7564769718635,905198.0
2018-06-12,1443.1461181640625,1448.9153987779334,1400.8237602372867,1413.5072964782066,1707972.0
2018-06-13,1427.952392578125,1448.6952679681376,1426.4550761358255,1448.0346682107422,845842.0
2018-06-14,1417.7352294921875,1448.0347618275146,1407.7822570156561,1424.9578518183548,1348038.0
2018-06-15,1428.0404052734375,1434.7344605925964,1400.4713353496431,1400.4713353496431,2101892.0
2018-06-18,1416.810546875,1443.6308575041728,1412.3624649224778,1435.659576387516,846403.0
2018-06-19,1410.1605224609375,1419.8493205540483,1400.2074414120289,1412.4505805063163,1118708.0
2018-06-20,1411.393310546875,1424.7814215539677,1406.636971169269,1406.636971169269,1535703.0
2018-06-21,1414.10009765625,1429.231087930004,1409.2635626406993,1414.5882360511805,1185462.0
2018-06-22,1427.101318359375,1429.4086553674747,1403.0515630746597,1412.8134651580383,1098709.0
2018-06-25,1433.3575439453125,1445.6486417934916,1426.4798416900028,1434.1118509136172,1082199.0
2018-06-26,1439.21484375,1447.2462694383612,1432.55900201846,1433.224586191614,759142.0
2018-06-27,1428.1663818359375,1470.1869132848933,1418.448786602829,1445.649018469155,2251405.0
2018-06-28,1422.3533935546875,1438.1055524912624,1416.3631359309195,1428.7873739654012,1177218.0
2018-06-29,1456.4315185546875,1459.8481628014724,1424.749642363511,1424.749642363511,1722592.0
2018-07-02,1458.4722900390625,1462.2883490904278,1442.1433792081311,1456.2093689715564,1099574.0
2018-07-03,1458.51708984375,1474.1361133745822,1450.9738009702046,1459.8482584684934,1381265.0
2018-07-04,1487.3587646484375,1493.0384379218385,1455.1001400765397,1457.1856154849252,1244751.0
2018-07-05,1498.0079345703125,1501.8683006502424,1480.6140252426355,1490.0209254404945,1449303.0
2018-07-06,1489.4002685546875,1506.57232241618,1484.1643168826847,1498.8958948939946,1458899.0
2018-07-09,1501.4691162109375,1505.107621223452,1485.5838195330537,1492.6833837841075,773248.0
2018-07-10,1497.1207275390625,1507.6369362352918,1489.2224400311213,1502.6672625403187,1093651.0
2018-07-11,1524.7646484375,1527.2938466801443,1490.0655478461308,1495.3458057269281,1158397.0
2018-07-12,1546.24072265625,1552.4972570767218,1524.8533067018484,1526.4063364045855,1471465.0
2018-07-13,1546.5069580078125,1553.0740765258427,1529.9560773838841,1545.9300967533213,976456.0
2018-07-16,1554.1390380859375,1578.7656523939372,1547.571919270986,1552.8522853552997,2218046.0
2018-07-17,1492.4171142578125,1579.6530537613146,1489.311054882439,1568.1162617956422,6188478.0
2018-07-18,1458.7386474609375,1508.3911834901187,1443.8739342472672,1502.4453415369535,2372869.0
2018-07-19,1462.02197265625,1482.0339110145221,1458.6497449230467,1465.9711699325496,1457149.0
2018-07-20,1469.4766845703125,1483.3208134113263,1445.4713475675599,1469.5211001798812,1734748.0
2018-07-23,1499.472412109375,1511.275373058836,1473.647767979712,1481.102224019053,1382893.0
2018-07-24,1480.170654296875,1517.2658182953335,1475.3340103980966,1508.6576386307486,1084438.0
2018-07-25,1466.9033203125,1490.42063126358,1453.8579119096821,1482.9217584624316,1526620.0
2018-07-26,1481.98974609375,1490.5980334685858,1459.8924371736366,1468.7224776191629,2088548.0
2018-07-27,1472.272216796875,1486.293900289149,1456.6975035400474,1482.0341181740694,1030665.0
2018-07-30,1498.6292724609375,1501.5578861385459,1465.1726182120208,1478.7061629895697,1237254.0
2018-07-31,1536.7451171875,1541.892236408735,1492.4171467108658,1499.7829881506536,1877744.0
2018-08-01,1539.0970458984375,1546.8177797801793,1525.1640840884165,1537.89890759716,1191134.0
2018-08-02,1551.698486328125,1561.6822483934332,1543.2677539174204,1546.151951847398,1127209.0
2018-08-03,1564.5662841796875,1568.4266501120544,1550.278434504206,1556.579275355174,758933.0
2018-08-06,1535.5474853515625,1561.9045818377608,1522.0139371282523,1561.9045818377608,1629015.0
2018-08-07,1535.3253173828125,1545.9302490656246,1529.9562281223518,1535.9909015887822,863577.0
2018-08-08,1559.3748779296875,1564.5664124250159,1527.6042857801356,1533.5058200059148,1423256.0
2018-08-09,1556.7572021484375,1566.341659031763,1542.5580709617473,1563.2355990846745,939345.0
2018-08-10,1555.42578125,1565.0989594677271,1545.4864343641693,1553.0297215832882,730724.0
2018-08-13,1534.260498046875,1558.7983936581759,1531.5094380048945,1543.2680936928937,691024.0
2018-08-14,1547.9268798828125,1561.2829785639667,1534.3933354263338,1534.3933354263338,850399.0
2018-08-16,1541.84814453125,1554.760414163665,1535.8134705810742,1545.042927309849,638454.0
2018-08-17,1583.8685302734375,1587.2851741579523,1536.8339136019192,1545.131508273101,1420289.0
2018-08-20,1576.9908447265625,1605.0785198736355,1573.6185080853318,1588.5276376255188,924623.0
2018-08-21,1555.248291015625,1576.9907064963,1553.0296771910664,1576.9907064963,1169476.0
2018-08-23,1573.2637939453125,1582.7594196854072,1559.6858312851714,1566.2972584752367,1375102.0
2018-08-24,1580.49609375,1587.6400736911412,1563.9009054567991,1573.6628064129773,866648.0
2018-08-27,1590.5687255859375,1595.6271219617447,1578.4993792668938,1589.4150030219605,627163.0
2018-08-28,1571.84375,1589.3708022348198,1568.8708286288556,1587.640326485716,991764.0
2018-08-29,1558.2210693359375,1579.1204529838078,1554.1388419383225,1575.2156713436243,777922.0
2018-08-30,1573.30810546875,1579.4759181523477,1557.4672212097798,1557.4672212097798,1586926.0
2018-08-31,1579.741943359375,1588.4832611435345,1566.3415360204804,1576.9908835741605,1335542.0
2018-09-03,1507.8587646484375,1589.8587579792754,1504.9745665108808,1589.8587579792754,1744229.0
2018-09-04,1465.3502197265625,1506.838304027678,1441.0786027694965,1505.9952739891605,3852609.0
2018-09-05,1430.2958984375,1462.1109069315035,1416.3630471332146,1458.0729864911475,2693195.0
2018-09-06,1427.5447998046875,1452.3045507503575,1418.7147604727852,1440.7233437227985,2008264.0
2018-09-07,1454.301513671875,1459.581771792718,1420.8004414271072,1430.4736203771797,1571003.0
2018-09-10,1429.0537109375,1455.765802166408,1423.4627602550659,1448.9324059622372,1423511.0
2018-09-11,1411.6153564453125,1441.2116453533815,1398.6586724327951,1431.449743814658,2381214.0
2018-09-12,1443.7408447265625,1452.6597162896483,1408.8198822254262,1419.8685365521494,1789295.0
2018-09-14,1445.915283203125,1463.3979196875814,1431.0061525143876,1453.5472943503808,1920969.0
2018-09-17,1424.749755859375,1442.9868096083242,1415.475990974955,1437.6621350341236,904395.0
2018-09-18,1477.5526123046875,1482.8772862791745,1435.8870817866352,1439.4368644362933,2932792.0
2018-09-19,1461.7119140625,1489.577733058436,1452.8818719352175,1482.921889747183,1589108.0
2018-09-21,1438.8157958984375,1470.4088420120602,1425.5041100361716,1465.1728905734135,3032792.0
2018-09-24,1411.437744140625,1454.966992085174,1388.053575357588,1439.4811104330995,1817390.0
2018-09-25,1447.2906494140625,1455.4107984005595,1399.5461406601114,1419.9129740493265,1229970.0
2018-09-26,1429.452880859375,1463.3976722254288,1418.1379504040237,1459.3154444723937,980726.0
2018-09-27,1437.7506103515625,1442.099115504467,1422.7527578841634,1428.7874313613488,1572603.0
2018-09-28,1427.367431640625,1444.1401740531808,1419.957283029925,1437.7505011513356,1735076.0
2018-10-01,1457.4520263671875,1466.4152057170802,1421.3329236109973,1425.6814289384008,1721675.0
2018-10-03,1436.6412353515625,1457.2300375170253,1425.8144427598356,1457.185621906345,1213562.0
2018-10-04,1396.7947998046875,1422.3976891151792,1386.2785923077931,1419.9127983857045,1544573.0
2018-10-05,1383.1282958984375,1397.5935932668178,1356.5492368578584,1383.971325832914,1638027.0
2018-10-08,1383.838134765625,1393.6444509863538,1364.092472162228,1376.427986421062,1998863.0
2018-10-09,1342.21728515625,1393.2898315495008,1324.5127857246052,1387.0777112814458,1562134.0
2018-10-10,1355.706298828125,1369.506012974019,1322.7820885807441,1342.2614762592764,2294071.0
2018-10-11,1354.33056640625,1366.66608061824,1310.9344594529364,1322.293805273492,1823960.0
2018-10-12,1392.9344482421875,1399.9452894243136,1366.7548057458216,1380.4214882405831,1728063.0
2018-10-15,1354.50830078125,1413.656465023388,1331.1684375112468,1375.2744417418137,3913322.0
2018-10-16,1372.1683349609375,1382.240929123689,1354.6857000806067,1362.8501562181623,1374834.0
2018-10-17,1386.1900634765625,1400.2117476558142,1372.0353491184385,1382.7290038798342,1223188.0
2018-10-19,1400.7442626953125,1407.2669666827092,1369.3730800277228,1376.6056755503773,932433.0
2018-10-22,1406.512451171875,1411.0384017377132,1390.2721545365546,1409.263510666345,614209.0
2018-10-23,1377.3599853515625,1403.93893771107,1373.3220645435401,1398.214956929445,989355.0
2018-10-24,1407.4442138671875,1411.925857186158,1377.6704809344048,1386.1899364706342,690618.0
2018-10-25,1402.6248779296875,1420.6535459111903,1385.7564081940845,1404.8114850097147,2397242.0
2018-10-26,1390.7545166015625,1409.7203651353557,1383.3466357122775,1398.6532129070051,1049382.0
2018-10-29,1385.9794921875,1391.8253702343393,1358.4008976400867,1391.8253702343393,1478828.0
2018-10-30,1421.8140869140625,1431.2300085865822,1376.652962378266,1386.8722743477272,1366068.0
2018-10-31,1447.3843994140625,1449.4372173778993,1394.0568909545,1421.769388721055,1478902.0
2018-11-01,1434.8443603515625,1449.8831387388896,1413.3348815912857,1449.8831387388896,1037308.0
2018-11-02,1462.33349609375,1471.0354717486769,1435.3797279011712,1437.5663346143422,1332970.0
2018-11-05,1463.7618408203125,1469.9647450110865,1436.941857600394,1459.2546193643755,764645.0
2018-11-06,1456.5323486328125,1476.212247139525,1445.9561218563522,1472.6422054293932,656676.0
2018-11-07,1467.153564453125,1469.9203255920206,1458.7193826533032,1463.7174203476068,114827.0
2018-11-09,1492.813232421875,1499.4178327607501,1462.2001837057728,1472.6425143185938,1125863.0
2018-11-12,1476.4801025390625,1501.1579296820978,1471.9282120184805,1492.2774941547486,805817.0
2018-11-13,1491.4742431640625,1498.168071772257,1460.6380714117327,1467.3764601745618,673435.0
2018-11-14,1531.101806640625,1552.5220592546589,1488.7522257812445,1492.2775987776888,1780843.0
2018-11-15,1522.6673583984375,1542.6149433529852,1514.2777391412108,1533.1096861346648,997169.0
2018-11-16,1507.5394287109375,1533.3330033510617,1502.3629333007088,1521.6411378626967,1071547.0
2018-11-19,1518.517578125,1523.5156157659394,1496.7402973869248,1511.288263952476,910054.0
2018-11-20,1511.91259765625,1526.103534618861,1503.9246732612287,1518.160170373838,740827.0
2018-11-21,1508.298095703125,1522.6229329958603,1498.2573524462648,1508.3874339135268,932133.0
2018-11-22,1495.0440673828125,1520.5698416352373,1484.2447139239807,1510.9307952124777,808599.0
2018-11-26,1556.5384521484375,1561.8935156305995,1497.7219831128818,1497.7219831128818,2314140.0
2018-11-27,1546.988525390625,1554.307068063159,1525.5236038397672,1551.9865625047241,1592918.0
2018-11-28,1546.0067138671875,1560.10842397934,1532.2174696032791,1544.935744798763,1205956.0
2018-11-29,1578.404541015625,1588.6684099563543,1550.7367203927897,1558.2338290610387,1936534.0
2018-11-30,1565.463134765625,1605.001386366963,1554.9761382813058,1580.5911414336113,2373749.0
2018-12-03,1629.3670654296875,1640.7020135815812,1560.152944989579,1579.2972506764318,4310053.0
2018-12-04,1613.346435546875,1650.2070494506431,1607.4112196368123,1637.7565730336205,3155914.0
2018-12-05,1649.4483642578125,1655.4282490019968,1595.8085137455428,1609.1961690622,2847336.0
2018-12-06,1607.8577880859375,1648.4670189257433,1604.4216441893013,1642.2194449503886,2399579.0
2018-12-07,1628.2066650390625,1635.7483338704258,1599.4677665769623,1607.6789271157124,1774240.0
2018-12-10,1602.7705078125,1619.9066669911363,1597.5939029829938,1603.6630183728257,1216028.0
2018-12-11,1601.9671630859375,1624.2799262105702,1579.8328584866863,1589.561244998834,2237806.0
2018-12-12,1641.415771484375,1646.7262734640742,1602.9039278905473,1602.948596987888,1449484.0
2018-12-13,1656.097900390625,1666.7186881720077,1639.5864561552212,1649.3594025419677,1586900.0
2018-12-14,1660.560302734375,1665.290542583051,1635.7484695202468,1639.541638798905,1573884.0
2018-12-17,1651.76904296875,1668.5482829751782,1646.7264460954461,1664.531985958121,1179613.0
2018-12-18,1642.8887939453125,1650.1627767133384,1635.9718371868846,1650.1627767133384,1521255.0
2018-12-19,1646.5032958984375,1658.2843900739265,1644.0042230980475,1651.0996374845763,1687085.0
2018-12-20,1637.087158203125,1655.51751926887,1625.2613957137198,1641.3265824917796,1500656.0
2018-12-21,1609.6424560546875,1644.5395898133938,1606.5186697523911,1635.971512031185,1439522.0
2018-12-24,1592.8187255859375,1619.0138843393295,1586.4819234623967,1619.0138843393295,1023418.0
2018-12-26,1599.021728515625,1605.3139708782546,1554.083848358636,1570.8184195900642,2212019.0
2018-12-27,1619.8173828125,1627.0466963162532,1600.4052787834937,1608.9286889762316,1516851.0
2018-12-28,1626.19873046875,1637.667468112837,1620.5312018772122,1622.4947902625502,963189.0
2018-12-31,1624.0565185546875,1639.452322456094,1616.559409647677,1633.2939791057274,757071.0
2019-01-01,1607.500732421875,1628.6532978606006,1605.046328405395,1628.6532978606006,807345.0
2019-01-02,1592.77392578125,1614.417301455686,1580.9036036673608,1599.7355499901594,1598707.0
2019-01-03,1596.165771484375,1609.5979889000719,1590.989167097208,1590.989167097208,1182624.0
2019-01-04,1590.1856689453125,1608.303672879781,1581.6622603546782,1605.5369125464285,1454134.0
2019-01-07,1593.08642578125,1610.0887928104382,1590.855149737998,1598.9324125941796,909032.0
2019-01-08,1580.502197265625,1600.7175818821004,1571.8002198899069,1599.3788161319899,1262707.0
2019-01-09,1593.131103515625,1603.8412285812763,1582.778004408634,1586.437275349593,1324628.0
2019-01-10,1594.2020263671875,1605.715432269809,1587.7759950931315,1593.1310574711858,1313981.0
2019-01-11,1579.2081298828125,1602.4134033147207,1569.5244125673814,1602.0563773182682,1113837.0
2019-01-14,1574.29931640625,1589.338096767521,1570.90773287565,1580.6361192617042,1018068.0
2019-01-15,1597.459716796875,1600.6281722947917,1577.4229019071875,1577.4229019071875,1614600.0
2019-01-16,1582.01953125,1601.8778898862395,1576.8875958720955,1597.5937959042005,2054033.0
2019-01-17,1563.232177734375,1587.9993446953392,1555.1995830443325,1585.9019667605246,1941204.0
2019-01-18,1556.6273193359375,1578.716951061677,1541.6332104430296,1561.8931523250087,3234056.0
2019-01-21,1559.12646484375,1569.0333086546655,1549.442748636454,1561.0007149243515,1628067.0
2019-01-22,1562.07177734375,1566.3558711692958,1554.0838522356332,1558.3232769581714,1776472.0
2019-01-23,1577.2442626953125,1592.2831494022482,1561.3576436760331,1563.678148819409,2321782.0
2019-01-24,1570.372314453125,1592.283492059354,1567.8732413307582,1576.8876850549116,1350870.0
2019-01-25,1567.962646484375,1587.553210335175,1561.8935308989776,1572.6036579679992,1131790.0
2019-01-28,1555.645751953125,1581.1269694961697,1553.1021188989462,1569.8366902409548,1289774.0
2019-01-29,1567.873046875,1574.2545183128677,1540.562249191981,1557.4307183032372,1319822.0
2019-01-30,1547.0330810546875,1571.4878909818815,1542.3474008458816,1570.8185080949092,1259978.0
2019-01-31,1573.718994140625,1584.1167622975013,1548.7287024429431,1549.3088560043016,1880257.0
2019-02-01,1605.89453125,1635.5258426365613,1572.1129144079184,1573.7194772326966,2342251.0
2019-02-04,1608.83935546875,1627.046590892238,1601.7885009482532,1606.4296207733169,1116390.0
2019-02-05,1625.6630859375,1637.711976792852,1610.9366637809585,1610.981332882256,1278708.0
2019-02-06,1633.2493896484375,1639.0507073434467,1624.3689546026103,1631.8660638751965,859789.0
2019-02-07,1641.3714599609375,1646.6818537960046,1631.8215323499899,1636.864238407519,927434.0
2019-02-08,1621.9591064453125,1648.4666203229835,1616.336247647495,1641.4157667516145,1222765.0
2019-02-11,1610.802978515625,1620.2635679349946,1602.7257149885538,1616.3811690870734,797453.0
2019-02-12,1601.60986328125,1617.228794798342,1596.701056233021,1615.4437740535316,990035.0
2019-02-14,1593.1756591796875,1605.179879923108,1585.990907213435,1602.9486040266345,1341658.0
2019-02-15,1582.2427978515625,1597.5939362290053,1559.6622366258027,1597.5939362290053,1177218.0
2019-02-18,1563.5889892578125,1584.2951869278509,1548.505541730118,1584.2951869278509,1513430.0
2019-02-19,1551.1383056640625,1570.4611763627097,1544.4444780974884,1561.8930988672982,1598381.0
2019-02-20,1547.1669921875,1558.2787046233068,1536.9031211692386,1555.3780454224936,1430235.0
2019-02-21,1566.0880126953125,1569.033340702864,1549.7104680449033,1550.2906216159697,1225418.0
2019-02-22,1578.449462890625,1582.4210909719393,1563.6337016704085,1570.8184546591162,1360163.0
2019-02-25,1579.8773193359375,1584.9200249271917,1569.9258065043343,1581.5284417997045,1490746.0
2019-02-26,1581.751708984375,1593.934498909398,1572.603476501887,1573.8530129722285,2190515.0
2019-02-27,1549.844482421875,1587.776178651607,1542.7490675302804,1587.776178651607,1491740.0
2019-02-28,1546.407958984375,1567.828205712029,1541.9007384891609,1561.0004802777876,1895136.0
2019-03-01,1548.193359375,1561.0008632499366,1544.98034336738,1548.5057162599428,761115.0
2019-03-05,1539.2232666015625,1552.7894887514115,1532.8864651583958,1552.7894887514115,1406843.0
2019-03-06,1517.08935546875,1544.043128349339,1515.4381239237164,1540.5623156921554,2193045.0
2019-03-07,1522.087158203125,1535.1177873993863,1517.0891220804651,1522.9349994479542,1566441.0
2019-03-08,1518.69580078125,1533.3329943447784,1512.8944827002017,1522.6228686566892,1419614.0
2019-03-11,1530.6107177734375,1540.4730016008407,1519.9452617185582,1525.0771966891289,1427771.0
2019-03-12,1548.327392578125,1552.0758934219527,1534.0472233459507,1534.1364526138427,1861116.0
2019-03-13,1559.751220703125,1566.8020749578507,1553.9499028522416,1561.000757106967,1744331.0
2019-03-14,1550.55859375,1563.4106582758275,1544.221681801607,1562.562816848443,867427.0
2019-03-15,1515.839599609375,1558.7693256370005,1512.3141183589075,1557.4305601125484,3571762.0
2019-03-18,1515.0810546875,1527.040606742942,1505.5757972532085,1526.192765452855,1621113.0
2019-03-19,1516.95556640625,1525.6575442016845,1506.7362553180844,1515.1258762132345,1456211.0
2019-03-20,1506.1558837890625,1531.994014825949,1502.4965041971157,1521.7301458073075,2312268.0
2019-03-22,1497.67724609375,1520.7039509784138,1493.7947383684284,1506.1560956059125,1636228.0
2019-03-25,1493.9285888671875,1506.1113782499485,1481.5673409747642,1494.062487223949,2039945.0
2019-03-26,1502.80908203125,1509.726037755208,1494.0624363748932,1499.328269619066,1452899.0
2019-03-27,1500.1317138671875,1524.2294977187846,1494.9551093120444,1502.9877039292435,1520533.0
2019-03-28,1502.8984375,1510.1277506868857,1493.5270773450281,1503.880177250238,1852958.0
2019-04-01,1508.3426513671875,1536.3228320154653,1504.7726095888036,1526.192860259107,1283162.0
2019-04-02,1505.7989501953125,1514.5901558866412,1499.5067082662622,1511.1540126203683,1227869.0
2019-04-03,1491.20654296875,1505.3081430831398,1489.287623660577,1501.2026166941157,1233102.0
2019-04-04,1487.4132080078125,1505.3079756447821,1479.7822007272287,1488.7073044710598,1212398.0
2019-04-05,1480.7640380859375,1491.831189248571,1472.6422149327805,1490.4924235986323,1468074.0
2019-04-08,1485.940673828125,1499.19443225501,1478.8005902097054,1485.940673828125,1647502.0
2019-04-09,1499.86376953125,1502.8983267667002,1483.5754542715385,1489.4214411361415,1232434.0
2019-04-10,1512.0465087890625,1521.4178679446816,1494.9549129202,1503.6122201795915,1720236.0
2019-04-11,1526.5499267578125,1531.994218824592,1515.5274442642028,1519.9453275026394,2026954.0
2019-04-12,1536.5906982421875,1539.3127898519324,1526.3713878198357,1531.9050181960836,1437818.0
2019-04-15,1536.94775390625,1545.114137842221,1528.9597195420702,1539.5806163081481,1035378.0
2019-04-16,1551.674072265625,1554.7531897104113,1531.6818165782802,1540.4730226407405,1625738.0
2019-04-18,1552.879150390625,1556.6276511756973,1543.3738911046391,1551.674282920355,1475552.0
2019-04-22,1552.8341064453125,1557.4305565251473,1544.1321305564186,1552.9680047872528,717781.0
2019-04-23,1556.716552734375,1560.1081357395037,1546.8097093601582,1554.7530734886818,802947.0
2019-04-24,1564.213623046875,1566.3556696841097,1548.5054626221827,1557.0735402221042,1169461.0
2019-04-25,1547.7916259765625,1573.1389453187824,1541.5440526361788,1567.2483979590845,1704890.0
2019-04-26,1559.5283203125,1562.607547143713,1540.6071398370805,1551.1833682855824,772993.0
2019-04-30,1568.7655029296875,1572.6033412694896,1557.3859952105129,1561.8932163573252,1171594.0
2019-05-02,1538.2864990234375,1573.0497390384608,1535.3411708260496,1567.6946760970534,793819.0
2019-05-03,1511.5113525390625,1541.3657881804256,1501.202811649957,1535.1182140534638,1442888.0
2019-05-06,1489.5107421875,1505.6651598723165,1477.997335357769,1505.6651598723165,2373878.0
2019-05-07,1515.0364990234375,1526.996160923355,1492.7237376239761,1498.3465970762525,2212617.0
2019-05-08,1507.18212890625,1515.0362632763306,1494.9547811415928,1515.0362632763306,1243338.0
2019-05-09,1520.6146240234375,1528.8703453864407,1496.7399703520498,1499.5067308568728,1204995.0
2019-05-10,1506.06689453125,1525.3005405976305,1498.0789686326057,1525.255871490202,1000696.0
2019-05-13,1519.052734375,1532.440390670902,1507.1823022130234,1510.127630177732,1160287.0
2019-05-14,1515.92919921875,1526.1930707471665,1499.5962122504347,1517.2679650702826,1442817.0
2019-05-15,1491.4296875,1519.945353877154,1487.7703073572757,1517.2678224258145,1235429.0
2019-05-16,1506.7359619140625,1517.2676278517,1492.45579600487,1494.6870719281815,714690.0
2019-05-17,1550.1123046875,1554.931774305091,1504.0586749942036,1508.4319983037187,1502484.0
2019-05-20,1581.9747314453125,1585.6786715062028,1548.3716920877125,1570.8183511107193,1279236.0
2019-05-21,1593.354248046875,1604.2428317330093,1582.3317660061923,1582.3317660061923,1337466.0
2019-05-22,1578.2261962890625,1593.13107650646,1559.5280378928635,1593.13107650646,1162653.0
2019-05-23,1565.32958984375,1610.8922965210616,1557.4308933492366,1593.979156407243,1551172.0
2019-05-24,1561.5361328125,1570.6398040215006,1541.4546493428202,1565.4632002585972,1603085.0
2019-05-27,1581.4837646484375,1585.0538062596074,1549.3980592476591,1561.0006944839608,1373845.0
2019-05-28,1585.9019775390625,1594.0238015466086,1565.9097199403834,1584.2061857476092,2863139.0
2019-05-29,1589.4273681640625,1597.0137077292184,1580.100676631222,1584.2062033119691,899619.0
2019-05-30,1592.4617919921875,1599.3787480734202,1589.5611329903802,1595.808706225042,1038433.0
2019-05-31,1596.2547607421875,1608.883803982649,1574.3882571703766,1594.6481985328148,1329926.0
2019-06-03,1641.9515380859375,1646.6818873582342,1599.3788304314123,1601.163851447519,1415582.0
2019-06-04,1620.4417724609375,1647.1278537617,1612.8554344728723,1634.1864536644123,842283.0
2019-06-06,1640.2110595703125,1651.0550831959388,1617.3181450159968,1626.287918509188,1626007.0
2019-06-07,1633.9635009765625,1646.4586472355668,1619.9064614351828,1635.971649482474,698970.0
2019-06-10,1653.375732421875,1664.4874447767552,1637.7567983774038,1642.0408924377882,814577.0
2019-06-11,1642.04052734375,1657.2132027562898,1635.1681325227798,1655.6958698456276,591026.0
2019-06-12,1648.555908203125,1654.044868853552,1626.1985884573178,1640.434085499975,709916.0
2019-06-13,1647.1280517578125,1649.9840416464338,1627.0912355368487,1648.5114865486003,697830.0
2019-06-14,1627.002197265625,1654.045312732906,1621.1116489412914,1644.8970788435158,632971.0
2019-06-17,1622.628662109375,1634.9899100132723,1610.6243312251336,1634.9899100132723,669276.0
2019-06-18,1615.0870361328125,1622.7180447573212,1600.2713830986177,1615.8903174010302,995083.0
2019-06-19,1616.9608154296875,1628.7865765280333,1608.30350937503,1621.5127049739174,600455.0
2019-06-20,1622.66943359375,1626.6247738064137,1610.4884693754027,1617.2306761966786,603514.0
2019-06-21,1588.1495361328125,1628.9173971664818,1582.441155501733,1627.119475094554,2512357.0
2019-06-24,1586.171875,1597.993235457006,1579.204926448648,1590.2621919150563,762144.0
2019-06-25,1578.9801025390625,1590.8913365282144,1568.6870423449066,1590.8913365282144,941132.0
2019-06-26,1583.0704345703125,1586.6662788282802,1569.9456249760217,1575.878746054377,1075017.0
2019-06-27,1595.1162109375,1606.9375684828603,1582.3958925101567,1589.362839345523,1235049.0
2019-06-28,1606.982666015625,1609.7245409676493,1584.6435070522648,1597.6784415876543,1008229.0
2019-07-01,1600.3304443359375,1617.1410820966478,1593.5433541357156,1617.1410820966478,553283.0
2019-07-02,1608.4210205078125,1616.3319214148805,1591.1610127387867,1603.7464670768336,763979.0
2019-07-03,1604.375732421875,1615.2981310611842,1597.363902115786,1611.8371529867247,815571.0
2019-07-04,1612.37646484375,1616.96114410221,1600.6450893650244,1600.6450893650244,646633.0
2019-07-05,1610.3985595703125,1632.512975507097,1605.5441488192046,1618.1296012735543,1098940.0
2019-07-08,1576.3731689453125,1604.420709380566,1572.0131201305173,1604.420709380566,776755.0
2019-07-09,1564.4169921875,1578.5756289505819,1549.8987490513975,1574.979784693291,1462668.0
2019-07-10,1544.954345703125,1577.5866737509168,1531.020450265803,1563.2931719679225,648476.0
2019-07-11,1556.0115966796875,1566.5743882927823,1535.4253680992174,1535.4253680992174,813618.0
2019-07-12,1540.099853515625,1562.6188691765612,1535.6500407138562,1552.325810207873,1107445.0
2019-07-15,1543.4710693359375,1550.4380171955354,1530.0316460691006,1541.7181392529421,725180.0
2019-07-16,1565.36083984375,1573.7211113373917,1539.6954592901511,1549.3592900812002,1259786.0
2019-07-17,1582.8006591796875,1587.1607080127037,1551.471888884042,1564.1922095469013,1278232.0
2019-07-18,1563.4281005859375,1587.5651823453125,1536.3244035266925,1587.5651823453125,1006299.0
2019-07-19,1546.5723876953125,1583.9241480548146,1536.4590773519824,1571.3836871236613,983217.0
2019-07-22,1510.8836669921875,1550.4379498975352,1491.421249669964,1548.2805313464012,1729722.0
2019-07-23,1522.255615234375,1529.6271614110203,1498.837746598092,1512.9513906615543,1556691.0
2019-07-24,1553.989013671875,1557.0005111890664,1508.9959700168934,1514.7493425828966,2621818.0
2019-07-25,1561.1805419921875,1573.0917744746077,1553.4045078959982,1555.2024297801372,1297267.0
2019-07-26,1555.786865234375,1565.9900505625646,1545.5836799061856,1556.1913537868406,771408.0
2019-07-29,1540.1898193359375,1564.012284198598,1528.2335949631197,1554.303462171314,688427.0
2019-07-30,1546.122802734375,1559.112743247252,1532.728263993247,1541.7178725797178,747251.0
2019-07-31,1552.191162109375,1575.9237564368707,1529.177780536469,1545.314087938274,1371879.0
2019-08-01,1556.3709716796875,1568.4169593438544,1537.2230615794754,1547.1116309814486,1072498.0
2019-08-02,1561.8997802734375,1565.9900968089376,1533.6275000895794,1548.1906247187096,1051529.0
2019-08-05,1565.2708740234375,1576.2831464473381,1535.1556800478727,1553.3147583765024,1539739.0
2019-08-06,1567.877685546875,1582.1711858206102,1552.9999484766179,1556.5508001411288,1409075.0
2019-08-07,1597.678466796875,1606.3534625545972,1564.1921689275919,1567.8778871484642,2507314.0
2019-08-08,1620.9166259765625,1624.4225959727155,1600.6001284612173,1600.6001284612173,1761732.0
2019-08-09,1655.3017578125,1660.0662948413153,1618.938830522196,1622.6245485466748,1730596.0
2019-08-13,1640.3790283203125,1652.2902611605614,1620.062532366498,1652.2902611605614,1907934.0
2019-08-14,1653.234375,1666.8086650070827,1625.950819143599,1641.502889317034,1910376.0
2019-08-16,1643.885009765625,1660.8753941495572,1632.5581234218193,1652.2902729391085,1468390.0
2019-08-19,1636.9180908203125,1658.5830287609022,1628.0183550601594,1645.233479988897,905742.0
2019-08-20,1657.144775390625,1662.8081640061107,1629.8163382840214,1637.906987508818,1231835.0
2019-08-21,1663.077880859375,1668.2469067052893,1650.4924266258447,1656.695279588232,1933855.0
2019-08-22,1682.9449462890625,1690.0467604745177,1655.7963666909156,1663.4824177650303,2543055.0
2019-08-23,1672.067626953125,1687.6645799131643,1663.6623627111637,1685.3273030270814,1278546.0
2019-08-26,1686.9451904296875,1693.3726733408753,1663.077733654821,1678.8095500542586,855849.0
2019-08-27,1673.3258056640625,1698.1371040297565,1655.8409506885966,1693.6422996252309,2510386.0
2019-08-28,1643.390625,1661.6395776703757,1629.3668549816553,1649.5934780090138,2519453.0
2019-08-29,1647.75048828125,1657.3694366317968,1630.805095715588,1633.4121045110242,2837369.0
2019-08-30,1691.7547607421875,1695.8000853208457,1642.5366450351783,1648.8742543665383,1766858.0
2019-09-03,1655.75146484375,1686.2712597496418,1649.593603312736,1674.7645138809955,1195923.0
2019-09-04,1660.021484375,1671.2136155010255,1633.6819909537735,1660.3810907490918,1147464.0
2019-09-05,1644.8740234375,1657.6392267804147,1634.446096937258,1655.886296582525,1059065.0
2019-09-06,1635.3447265625,1657.0995362268336,1630.8948043108612,1645.9973911719508,631575.0
2019-09-09,1648.7396240234375,1670.2696981431309,1631.9739778186806,1635.2102157816767,1175372.0
2019-09-11,1639.974365234375,1660.8752055408763,1633.6816391205896,1645.997359191567,1055039.0
2019-09-12,1622.984375,1648.3350338616392,1616.7815215272487,1641.5029515200201,862635.0
2019-09-13,1623.119140625,1640.6038888610192,1612.3764904149689,1623.5236291961646,1299932.0
2019-09-16,1632.782958984375,1640.3791357760838,1618.1298503339915,1619.0288113619547,945889.0
2019-09-17,1646.1773681640625,1655.8861910288451,1628.9173605560627,1631.389503349401,1424258.0
2019-09-18,1644.3795166015625,1657.6391921522504,1634.8955433207414,1653.6388593552697,751391.0
2019-09-19,1629.591552734375,1657.324477636819,1625.5462282344138,1645.0986299842261,644684.0
2019-09-20,1770.7283935546875,1790.7302753958306,1627.3441169855935,1638.8058695013049,4539742.0
2019-09-23,1833.6558837890625,1888.4025263946744,1783.5388030089473,1783.5388030089473,3783357.0
2019-09-24,1843.2742919921875,1858.9611154492795,1806.1022815617441,1838.3749990921153,1784798.0
2019-09-25,1844.218505859375,1854.0620849914385,1808.5746799845565,1834.7794152858808,1874109.0
2019-09-26,1828.8460693359375,1865.3438597775505,1813.1591358540181,1847.3646418519838,3907951.0
2019-09-27,1807.720703125,1838.0606369803622,1802.866291760852,1821.2949923248498,1458672.0
2019-09-30,1781.6959228515625,1814.0136405032865,1772.2119490107182,1805.024029429616,2169407.0
2019-10-01,1789.2021484375,1815.8113724804978,1782.639689146666,1788.0334552257782,1080409.0
2019-10-03,1763.8062744140625,1784.7071152996557,1760.480053248471,1784.2126429110128,1423468.0
2019-10-04,1747.759765625,1777.515459676418,1743.175086909522,1767.3571574506152,1723988.0
2019-10-07,1744.029296875,1764.6154155718868,1732.8821587518607,1747.535156915343,880275.0
2019-10-09,1751.1761474609375,1764.3908311678308,1745.1081602969944,1752.9740695835874,1066739.0
2019-10-10,1769.8294677734375,1782.190181516617,1740.028888692591,1751.1760270337302,1492290.0
2019-10-11,1802.10205078125,1813.1143221768632,1775.8973177170535,1785.2015413978954,1934337.0
2019-10-14,1810.7322998046875,1826.1943860114532,1803.5406113854558,1818.0588543290712,2135148.0
2019-10-15,1855.8150634765625,1867.411792453142,1821.1152993848484,1842.8701124272125,5761733.0
2019-10-16,1861.7484130859375,1869.8390628772333,1845.2076168573462,1856.624378779368,1661705.0
2019-10-17,1891.279296875,1895.0098974513105,1853.6126971157255,1858.6019748484746,2001245.0
2019-10-18,1893.975830078125,1902.2012343942251,1879.4574800884154,1887.817860221112,2202270.0
2019-10-22,1912.4046630859375,1931.867079847127,1898.6055247264458,1905.7972123201064,1737401.0
2019-10-23,1927.6763916015625,1931.471608627182,1895.8233069635899,1915.206203705664,1535786.0
2019-10-24,1927.7666015625,1942.8120109834952,1913.940964989516,1934.679309542169,973453.0
2019-10-25,1938.38427734375,1948.6856108295501,1924.1068241548924,1940.5981352597564,1612038.0
2019-10-27,1933.5496826171875,1941.004658610454,1928.8056069851089,1941.004658610454,85187.0
2019-10-29,1952.029296875,1955.417922941448,1907.9319322075514,1929.257773831203,1229516.0
2019-10-30,1960.3421630859375,1969.9207651435506,1935.5826967603143,1969.9207651435506,1195298.0
2019-10-31,1965.718994140625,1976.4721432961244,1951.215634027546,1956.3663002565363,1752830.0
2019-11-01,1969.3341064453125,1973.80704894248,1939.5592008380281,1956.4573267819508,1609685.0
2019-11-04,1950.1763916015625,1976.1108474389478,1942.6311848567395,1969.3335967386477,1523698.0
2019-11-05,1962.8275146484375,1966.0806836527886,1936.6221418685084,1945.974837295774,2167085.0
2019-11-06,1969.4239501953125,1973.5355266652605,1947.3301556610056,1957.2701239729645,1093243.0
2019-11-07,1932.194580078125,1978.9576197222466,1922.932335510932,1978.9576197222466,1970785.0
2019-11-08,1885.3408203125,1938.4292877098255,1882.26855470007,1929.2574960560007,1537851.0
2019-11-11,1880.7774658203125,1897.6753662819442,1868.7590974744896,1880.7322400275762,1050170.0
2019-11-13,1889.4974365234375,1893.0215185326233,1872.734992856232,1883.1720027330673,868433.0
2019-11-14,1869.662841796875,1889.136186849922,1862.7951393022126,1889.136186849922,1291198.0
2019-11-15,1859.4063720703125,1896.7264749910985,1852.945481613432,1863.5179480945176,958290.0
2019-11-18,1858.0511474609375,1875.3558612505954,1841.6050619820603,1861.3043162869333,1200573.0
2019-11-19,1841.37890625,1861.5299745952113,1834.3757476076555,1861.5299745952113,1413218.0
2019-11-20,1831.2132568359375,1855.0240874044282,1822.673964527825,1847.0268428189765,989673.0
2019-11-21,1851.2286376953125,1861.4397401262588,1822.628726342973,1831.6650611290065,1397175.0
2019-11-22,1832.8848876953125,1855.3401568842032,1814.4959690346368,1852.448573964644,835864.0
2019-11-25,1863.653564453125,1867.7651408294303,1827.2372021055287,1827.2372021055287,862520.0
2019-11-26,1859.9940185546875,1880.2353197905775,1836.4543228253062,1860.581292057575,3188224.0
2019-11-27,1891.5308837890625,1897.5399585089403,1857.7350780640427,1863.7893785830825,1259986.0
2019-11-28,1886.0185546875,1896.1394262893807,1867.810428068143,1895.7778405243732,1026831.0
2019-11-29,1839.1654052734375,1883.6241317342142,1835.279736892391,1883.1723149599916,1298616.0
2019-12-02,1846.3037109375,1863.2920629082728,1833.698069183614,1841.6048614001259,1600494.0
2019-12-03,1832.97509765625,1855.2497929886808,1825.4750067367515,1844.3157407729475,1199012.0
2019-12-04,1850.6412353515625,1854.2557690143585,1827.1467665433884,1831.6649336218834,1046309.0
2019-12-05,1841.1080322265625,1850.4607272060348,1831.9362404381827,1850.4607272060348,961085.0
2019-12-06,1830.806640625,1851.5449846909776,1827.146880939559,1847.0268173296038,657658.0
2019-12-09,1814.6317138671875,1836.2285775161633,1799.3150591931326,1834.3760846380094,964222.0
2019-12-10,1830.174072265625,1844.8581165210937,1817.206953707545,1820.731146390222,1610623.0
2019-12-11,1816.7099609375,1834.3760403254332,1805.4597677685792,1832.478432000255,967708.0
2019-12-12,1813.9085693359375,1838.4422393692223,1809.0741524783402,1816.303220020711,955318.0
2019-12-13,1812.8695068359375,1828.9542274650298,1807.2670231867885,1823.9390173529564,1212988.0
2019-12-16,1784.4503173828125,1817.2070329190205,1778.486358132758,1807.267064066654,1683941.0
2019-12-17,1772.341552734375,1802.703616436967,1762.0853345153555,1788.290706156866,2189167.0
2019-12-18,1742.7022705078125,1777.085455841161,1723.5451758829975,1771.1214973502222,3986106.0
2019-12-19,1763.0792236328125,1776.9048597083467,1744.0578054635328,1745.7295053049593,2035095.0
2019-12-20,1755.8502197265625,1771.0313065450032,1745.3228674625168,1762.0853128950941,2169685.0
2019-12-23,1762.4466552734375,1772.9287809485697,1757.024854720078,1761.4074547726807,807062.0
2019-12-24,1758.8321533203125,1775.4590307121139,1753.4103526690828,1763.8924785334304,790621.0
2019-12-26,1757.5220947265625,1765.9259311788153,1751.6937022336617,1762.8084394373723,862164.0
2019-12-27,1761.994873046875,1766.1063390295544,1747.6270792378991,1759.2839727171367,937907.0
2019-12-30,1750.5635986328125,1765.9253646293323,1741.7531740171614,1761.9945818621707,1117498.0
2019-12-31,1737.687255859375,1759.0129848319575,1735.0666965946857,1753.0490256719645,706593.0
2020-01-01,1749.931396484375,1752.9585464714542,1733.1689519143017,1744.0125532818572,543035.0
2020-01-02,1751.286865234375,1764.4346658479283,1744.0125717837414,1753.048906352569,663275.0
2020-01-03,1741.708251953125,1753.0488958920612,1733.8466850478826,1751.151287705294,1598825.0
2020-01-06,1730.86474609375,1743.470499622082,1727.0695295106875,1741.6180068215253,683129.0
2020-01-07,1735.608642578125,1744.91611080301,1733.168876499313,1734.2984182592838,808935.0
2020-01-08,1743.4251708984375,1749.4795811843398,1722.73194287715,1725.9398857403892,1889685.0
2020-01-09,1748.575927734375,1759.6454373461384,1744.9161681889839,1754.4495450793922,1544334.0
2020-01-10,1765.6998291015625,1768.8625462980085,1745.5036427799075,1753.862252513372,1003336.0
2020-01-13,1802.61328125,1805.3241817738158,1768.410775035888,1772.0253090676424,2040089.0
2020-01-14,1815.218994140625,1820.776251844296,1791.3630480049512,1803.2006246319752,1610737.0
2020-01-15,1826.830810546875,1831.6652280365674,1804.8724708931666,1817.3426581569472,1559491.0
2020-01-16,1851.7708740234375,1856.695632273982,1821.815402664098,1827.1468621570773,2468958.0
2020-01-17,1861.756103515625,1865.0090516763985,1843.45752554023,1856.9668019474843,994719.0
2020-01-20,1864.060546875,1875.8527881483874,1852.4487675742541,1861.936919798415,829399.0
2020-01-21,1857.3282470703125,1875.0395522916365,1854.3914381329882,1861.259141124192,750000.0
2020-01-22,1853.98486328125,1864.647783022915,1831.8458418690566,1864.1959662594008,983169.0
2020-01-23,1858.6837158203125,1862.2532447474555,1838.8942297991398,1854.0300913957665,708017.0
2020-01-24,1873.86474609375,1878.6540477697165,1852.4939020497652,1858.7741107562804,914993.0
2020-01-27,1862.7049560546875,1869.3917555390137,1858.5481538150411,1866.90676347727,429312.0
2020-01-28,1862.02734375,1866.003243044196,1845.8521711636513,1863.2923424489745,777052.0
2020-01-29,1874.316650390625,1884.7988877327784,1863.3375910908478,1863.3375910908478,873433.0
2020-01-30,1859.768310546875,1877.750530072558,1851.9517479163455,1874.9491778024424,952768.0
2020-01-31,1838.216552734375,1868.940093495328,1825.3850004216501,1865.0996509002089,1930834.0
2020-02-03,1968.9720458984375,1983.9724492930918,1874.9489420603882,1874.9489420603882,4012542.0
2020-02-04,1947.8720703125,1991.7885172394108,1933.7753022933316,1967.209735089992,1932121.0
2020-02-05,1952.1195068359375,1973.535576802132,1946.3361200302327,1958.535172359367,1514368.0
2020-02-06,1948.5950927734375,1984.6049741758216,1928.39901743629,1957.2700621809126,1302116.0
2020-02-07,1951.802978515625,1962.6918054448013,1935.2214374814494,1956.366371449353,908152.0
2020-02-10,1951.2156982421875,1978.5506093416705,1944.347995968436,1951.9386491047342,1389847.0
2020-02-11,1945.206298828125,1969.6043999829744,1940.7333577391262,1959.9807927728973,777506.0
2020-02-12,2042.5277099609375,2053.05495013498,1947.3298492697545,1949.2275675307276,4753325.0
2020-02-13,2063.356689453125,2068.3718996073117,2017.8588741305377,2038.5972192730183,2950407.0
2020-02-14,2037.7384033203125,2076.1880459813624,2029.7863858218614,2053.9585776174026,1728651.0
2020-02-17,2035.52490234375,2068.4170733689907,2027.0306151089528,2031.3681000146314,1420851.0
2020-02-18,2019.07861328125,2044.877393945596,2007.9640976719277,2035.524919546509,1194605.0
2020-02-19,2071.263671875,2085.767035304906,2025.2688097942985,2033.3562864067158,1299800.0
2020-02-20,2031.59423828125,2069.2757152243794,2026.398345088715,2062.2725548344406,1555224.0
2020-02-24,2001.68359375,2044.018910084519,1997.1204212153036,2021.2473907527244,1409245.0
2020-02-25,2018.3558349609375,2060.0132061402014,2011.26222387714,2024.0485494103468,2237493.0
2020-02-26,2020.7056884765625,2038.3265460857597,1990.1178193026649,2023.0552244032697,2896154.0
2020-02-27,2037.6483154296875,2041.9405745520069,1987.993698758428,2025.901079937024,2446802.0
2020-02-28,1965.177001953125,2014.5604856845523,1947.3302398937738,1979.951498283163,3837330.0
2020-03-02,1951.35107421875,2025.9008286762144,1935.4472589693296,1978.95711832542,1707337.0
2020-03-03,1957.8572998046875,1978.5958636935352,1935.3116896538345,1962.601375353236,1753148.0
2020-03-04,1966.1707763671875,1974.484159333059,1944.619032027936,1969.0171332662048,1515878.0
2020-03-05,2004.2586669921875,2040.9912725308923,1971.5924113188864,1974.438767979229,2272645.0
2020-03-06,1977.9635009765625,2033.1756022429397,1951.1708529524744,1974.4394181781436,2479414.0
2020-03-09,1917.0584716796875,1960.5233313075612,1908.4739534232854,1933.7756914421545,2485118.0
2020-03-11,1947.3302001953125,1960.3876601991824,1866.9068183775014,1866.9068183775014,2861629.0
2020-03-12,1857.8250732421875,1918.4137377687734,1835.8668474678293,1899.7988011964096,3655780.0
2020-03-13,1837.267578125,1915.7030096228534,1706.1503800466116,1780.1579853570856,3667035.0
2020-03-16,1754.765869140625,1842.6893401730792,1747.5368013324814,1807.2669520359038,2948679.0
2020-03-17,1810.9266357421875,1886.786618747753,1763.8472453718505,1767.1004139944548,3732382.0
2020-03-18,1738.4102783203125,1864.9189760995314,1725.3527072582876,1838.0358778214475,3910994.0
2020-03-19,1661.1495361328125,1716.0000464163336,1587.9552213567604,1711.7530130150215,5095006.0
2020-03-20,1853.98486328125,1878.5636510936893,1671.722025002371,1671.722025002371,4252245.0
2020-03-23,1689.5235595703125,1793.7577750479463,1671.7220232294646,1762.0853758364628,3574673.0
2020-03-24,1832.4332275390625,1871.379810531216,1744.0127088930767,1784.676217649651,5788124.0
2020-03-25,1886.9222412109375,1932.826868019962,1808.7580522586209,1816.3485958665385,3959038.0
2020-03-26,1983.3846435546875,2033.1749266710492,1861.4845995299384,1887.6899652514765,3201540.0
2020-03-27,1934.2725830078125,2049.1242596103634,1916.1546886107897,2023.2352500823192,2918646.0
2020-03-30,1973.8519287109375,1999.7409403026545,1900.205798284066,1918.4139251073366,2809606.0
2020-03-31,2077.001708984375,2090.104395423476,1974.4393013403783,2019.4402961298151,2809269.0
2020-04-01,1969.604736328125,2100.8575066212056,1950.0863844393089,2072.2123678297153,2774626.0
2020-04-03,1946.5172119140625,2036.880571259896,1922.887061076925,2018.7174477859153,4121436.0
2020-04-07,2209.293212890625,2222.938165485191,2006.066149340294,2006.066149340294,8510114.0
2020-04-08,2223.70654296875,2362.369056692818,2184.4434916753376,2197.63662876122,9791862.0
2020-04-09,2143.64453125,2259.083708768047,2119.020518824428,2259.038482971143,4770068.0
2020-04-13,2120.330810546875,2189.5040000274685,2091.911580711345,2151.5513925156424,3249551.0
2020-04-15,2247.83349609375,2274.084092679648,2152.0031218946306,2192.169585757716,29485531.0
2020-04-16,2201.341796875,2282.713822207514,2187.7872935174028,2228.360351989013,5388243.0
2020-04-17,2155.166259765625,2257.9998134738244,2127.198842362263,2257.9998134738244,4540936.0
2020-04-20,2111.385009765625,2186.7931851900457,2097.333463977726,2186.7931851900457,2985268.0
2020-04-21,2094.079833984375,2148.8401031597955,2062.0913016865657,2062.9949350352454,3227335.0
2020-04-22,2156.205322265625,2168.6755106228197,2056.353805025939,2094.577552128211,2837815.0
2020-04-23,2094.170654296875,2180.467654290554,2085.6313617710157,2158.780450103661,4095570.0
2020-04-24,2063.085205078125,2112.694583309897,2060.2838536982745,2088.2964850424178,2169013.0
2020-04-27,2096.836669921875,2104.9241470086877,2063.2215420898365,2082.8755740795236,2013715.0
2020-04-28,2069.275390625,2113.2822958558454,2048.5370469106742,2113.2822958558454,2164023.0
2020-04-29,2016.6839599609375,2070.856741378552,2006.9699003352716,2069.320608630244,3642151.0
2020-04-30,1983.475341796875,2053.0551146070616,1951.8481723376992,2053.0551146070616,8448047.0
2020-05-04,1881.9522705078125,1951.8484118344759,1866.9068605787163,1924.7394061145526,8474573.0
2020-05-05,1844.7677001953125,1916.606559938407,1837.1771571044897,1898.7145733890975,4304136.0
2020-05-06,1816.4840087890625,1873.2322364372421,1807.266991256384,1852.403440240283,5127656.0
2020-05-07,1800.0831298828125,1813.592406375587,1718.7108903469689,1762.1756389615714,185669922.0
2020-05-08,1888.0968017578125,1895.8229116070586,1839.797639672055,1874.994117192368,16100226.0
2020-05-11,1850.6412353515625,1912.5853501204547,1839.752408569664,1882.2684049010277,11158755.0
2020-05-12,1817.7037353515625,1832.432892983456,1793.7122254426918,1825.3393931457115,14881008.0
2020-05-13,1803.4267578125,1875.039720636822,1785.0378361076218,1875.039720636822,8432979.0
2020-05-14,1812.7340087890625,1831.2584953550304,1789.7816960557182,1796.4233801533715,8510002.0
2020-05-15,1836.273681640625,1841.2888918750366,1812.6888684740875,1820.8215702768127,5491136.0
2020-05-18,1812.0111083984375,1850.5058741280077,1796.9655882920235,1844.7678233613813,7675561.0
2020-05-19,1785.1732177734375,1829.6771679656865,1778.4410819663528,1823.5324159991537,5963193.0
2020-05-20,1798.99853515625,1816.303136854811,1784.6759678051005,1785.1730102986062,3926496.0
2020-05-21,1780.97119140625,1810.3392785764304,1766.7840800353335,1806.36326932895,4261625.0
2020-05-22,1796.3328857421875,1802.793886713615,1769.314224602372,1784.6759926402883,5339946.0
2020-05-26,1787.206298828125,1825.3395866644266,1784.676081020912,1811.7398589875904,4628932.0
2020-05-27,1805.5499267578125,1811.8753607409637,1772.0251487084747,1798.2305180672436,4261645.0
2020-05-28,1816.2581787109375,1820.8215721833092,1798.230733818752,1807.2670691645749,5500796.0
2020-05-29,1859.090576171875,1868.7141852537573,1807.267103727038,1815.3998056938096,8778345.0
2020-06-01,1905.3564453125,1936.486575015854,1871.6056461119124,1875.0394975071847,6592547.0
2020-06-02,1904.317138671875,1920.2211764256115,1888.5940041080132,1917.510275941246,3268728.0
2020-06-03,1916.15478515625,1941.9083392128184,1884.0757967699983,1911.1848010400702,4895117.0
2020-06-04,1916.2452392578125,1926.9079377937526,1902.3743771426775,1911.1848035419846,3264730.0
2020-06-05,1886.4251708984375,1922.9318719513121,1884.0756358169576,1919.3173383574187,2981853.0
2020-06-08,1908.2030029296875,1919.7695569744135,1877.8410467526592,1903.9559691904396,4298456.0
2020-06-09,1903.5037841796875,1938.1129880147707,1893.1572257252196,1897.630166996128,3127904.0
2020-06-10,1915.3419189453125,1924.7396203956698,1894.016077159307,1911.9982980433542,2421659.0
2020-06-11,1903.865234375,1932.1490055839772,1893.6993580261083,1911.1847535916565,2566927.0
2020-06-12,1904.181640625,1914.7993339586546,1866.0031262976036,1866.2290346664047,2338438.0
2020-06-15,1883.443115234375,1926.2752495915715,1858.5931970577353,1911.0491593678753,2830788.0
2020-06-16,1876.25927734375,1915.7027865670045,1858.7738830039284,1906.4857701128497,2806772.0
2020-06-17,1877.9761962890625,1896.7265901651592,1863.5632870467894,1875.9430210494859,2293301.0
2020-06-18,1866.3194580078125,1883.940310507566,1856.108355769843,1870.7471737238338,2326907.0
2020-06-19,1903.9852294921875,1910.5812839247849,1871.4598576348965,1891.475471085537,4673528.0
2020-06-22,1911.3089599609375,1927.7762159559534,1898.7536684719607,1919.679080247167,2487234.0
2020-06-23,1961.4844970703125,1976.086840662044,1912.036969296769,1924.2282081032336,4308814.0
2020-06-24,1938.1483154296875,1980.5448912736688,1933.3263276944028,1976.086957059879,3023015.0
2020-06-25,1977.1329345703125,1992.3720934605187,1921.498720962133,1923.5913066067317,8208033.0
2020-06-26,1959.892333984375,1983.3196985484878,1945.2446781498368,1983.3196985484878,3176048.0
2020-06-29,1986.0491943359375,1997.8310677947334,1946.973302616167,1957.299628372618,3295039.0
2020-06-30,1983.3656005859375,2001.5160808096373,1974.2675932438,1995.920895141951,2373109.0
2020-07-01,1974.6309814453125,1994.1008460586872,1965.2602136818184,1986.0945569709102,1532931.0
2020-07-02,1957.66357421875,1981.2273225139434,1951.5224197510022,1972.2203848089673,2588838.0
2020-07-03,1977.6331787109375,1990.6433694709087,1961.8482742949548,1970.1728595014868,1946252.0
2020-07-06,1966.625,1983.3652416321188,1958.8006262541064,1983.3652416321188,2375516.0
2020-07-07,1959.8466796875,1979.2710094229003,1957.5721784125942,1979.2710094229003,2014667.0
2020-07-08,1988.86962890625,1996.1024991900322,1933.3262583312755,1959.3466441146481,3349938.0
2020-07-09,1979.58984375,2019.7119193582555,1975.2227561827565,1986.0948295846115,3039571.0
2020-07-10,2023.21435546875,2030.67467499425,1971.947009481295,1974.2670451332986,3179516.0
2020-07-13,2060.925537109375,2069.7960917884684,2033.4040725921875,2037.0432745118158,4556662.0
2020-07-14,2033.1771240234375,2065.202064392337,2025.762337130793,2060.516679612712,2403256.0
2020-07-15,2069.932861328125,2084.3532904875988,2033.4499885112923,2035.4515055187169,2474512.0
2020-07-16,2081.487060546875,2084.6258276938715,2036.1334190015746,2070.0234859621683,2495150.0
2020-07-17,2123.97509765625,2128.933466648303,2075.255229668709,2078.8944321758004,3088712.0
2020-07-20,2120.69970703125,2131.9358335161837,2093.087391534442,2123.9750781052,2816219.0
2020-07-21,2108.91796875,2138.0315904066006,2099.819961982312,2136.211989053063,3037810.0
2020-07-22,2045.6866455078125,2119.8353942776084,2039.0905911693949,2119.8353942776084,6950011.0
2020-07-23,2011.8878173828125,2062.654517500585,2006.6109290285453,2056.149531503065,3936886.0
2020-07-24,2010.0224609375,2019.7572826960075,1972.4931871036215,2001.5612711401875,4203314.0
2020-07-27,2021.1220703125,2034.2686448019956,1987.6868976435896,2017.710317999346,2209409.0
2020-07-28,2040.2734375,2042.4113356987275,2011.6147177916778,2029.7196613946148,1567837.0
2020-07-29,2030.03857421875,2058.151330156863,2015.2087767201476,2033.4047927627673,2404978.0
2020-07-30,2006.10009765625,2044.886236936489,2001.074797033934,2038.7188225363736,2044966.0
2020-07-31,2019.1650390625,2030.1750568859052,1990.0183942331594,2007.8353633275335,1715659.0
2020-08-03,2014.231689453125,2031.1807011067933,1999.658363485504,2019.074296078327,1683773.0
2020-08-04,2008.109619140625,2027.3883605483236,1987.3688832731516,2019.1651436174195,1981720.0
2020-08-05,2005.139892578125,2019.164910438094,1992.8050686062318,2011.946843415479,1715477.0
2020-08-06,2028.8043212890625,2036.6164208144662,2002.8555965412793,2010.1193924593206,1824483.0
2020-08-07,2019.7593994140625,2041.9164030348381,2014.6883704664233,2031.1348061437002,1777905.0
2020-08-10,2016.287109375,2034.5609247992666,2009.0233123576613,2026.5661305511499,1476289.0
2020-08-11,2019.850341796875,2040.2714190295515,2015.6017690905464,2018.388570456721,1665204.0
2020-08-12,2005.6427001953125,2018.3886418340676,2000.982788036654,2010.1654248969307,1170430.0
2020-08-13,2008.8857421875,2025.6520538727268,2001.8503692032743,2010.1193137212445,1453227.0
2020-08-14,1986.2720947265625,2024.7385618668925,1978.1860659901188,2013.774273625736,1341664.0
2020-08-17,2006.5106201171875,2013.4545359894937,1981.2469369883352,1992.7595296887023,1559579.0
2020-08-18,2023.231201171875,2025.4696988952167,2000.0690514354058,2013.7744126832501,1339001.0
2020-08-19,2004.2724609375,2029.7643479911933,2000.9830844477665,2015.602138946015,1585107.0
2020-08-20,1997.0538330078125,2008.109580340024,1988.3280417081453,1997.3279848473528,1768939.0
2020-08-21,2011.9930419921875,2018.0689971016877,1998.6530659492205,2009.2062402011975,1374411.0
2020-08-24,2005.002685546875,2020.763849356964,2002.078920062573,2015.6015863801033,1665474.0
2020-08-25,1991.0235595703125,2008.2007668442657,1987.2773383485737,2005.0028492883023,1774886.0
2020-08-26,1994.4041748046875,1997.3279405338412,1973.5719814972997,1993.7646359059706,2148146.0
2020-08-27,1983.8509521484375,1999.1552715259788,1978.1403852165192,1993.764585569856,2172203.0
2020-08-28,1966.216796875,1994.038636051864,1959.8666906728736,1990.9321766788773,1939520.0
2020-08-31,1934.60302734375,1980.424525169077,1919.3442147153814,1966.2623197987791,3534275.0
2020-09-01,1975.0794677734375,1987.1858698876854,1929.4863897934272,1964.38933089768,1738003.0
2020-09-02,1956.805419921875,1996.413997381272,1952.1457316183566,1983.6223287481655,1667810.0
2020-09-03,1954.521240234375,1968.500751618046,1944.3794079878319,1967.175944805944,1590711.0
2020-09-04,1941.2728271484375,1956.120300798738,1931.5421105683083,1932.4558012544808,1590491.0
2020-09-07,1975.9476318359375,1986.3636167717127,1922.176843966647,1942.5064623995684,2362992.0
2020-09-08,1957.3541259765625,1983.942617615625,1947.212068818806,1968.0899929296374,1804209.0
2020-09-09,1948.21728515625,1959.1358460331735,1927.8876640542562,1938.8519540867921,2009898.0
2020-09-10,1949.724365234375,1958.587342887423,1935.3794668166124,1957.1253486374965,2137794.0
2020-09-11,1972.88671875,1981.7952034126433,1941.1359657216046,1941.5928110889197,1934110.0
2020-09-14,1940.22216796875,1982.434632966511,1932.4557971527695,1979.9677127328848,2096908.0
2020-09-15,1941.0902099609375,1952.5570731371527,1926.973732918229,1952.4656148373326,1224058.0
2020-09-16,1958.49609375,1972.6125710155682,1930.3543744511,1941.5928151242128,2087841.0
2020-09-17,1944.5166015625,1959.9123798644803,1939.0801862360988,1950.7297432508285,1741644.0
2020-09-18,1917.5628662109375,1943.9229354153483,1909.6138007450902,1937.0245251576991,4475166.0
2020-09-21,1861.9188232421875,1917.8366455692337,1847.5738133317598,1917.5624937645466,3483963.0
2020-09-22,1851.8685302734375,1877.4061431365324,1827.4273017400867,1864.4317785849728,2345687.0
2020-09-23,1875.395751953125,1882.202702550003,1851.0001451498588,1859.3604367423573,2410295.0
2020-09-24,1883.0250244140625,1901.3902962241305,1859.406254287477,1867.583741221587,3798089.0
2020-09-25,1899.6087646484375,1928.8011389784317,1892.116545245368,1902.3041076992397,2528873.0
2020-09-28,1885.218017578125,1911.7607763462502,1882.2027937316457,1903.217679292727,1523704.0
2020-09-29,1857.716064453125,1890.6546619549238,1849.9954219128824,1886.7714761082118,2298844.0
2020-09-30,1889.740966796875,1916.0095768756423,1858.4470573986916,1862.9697821723585,2417367.0
2020-10-01,1914.182373046875,1926.8825869148843,1891.340101292139,1909.6139186959279,2131531.0
2020-10-05,1928.8466796875,1940.0393900826364,1902.486615366046,1918.7503534519637,1646110.0
2020-10-06,1933.2781982421875,1955.298234881315,1926.1058595864968,1936.1107288380872,1679499.0
2020-10-07,1954.704345703125,1964.4350627164126,1930.6285058231535,1939.7654130916019,2428544.0
2020-10-08,1974.3026123046875,1978.1400680538586,1961.0083700048933,1961.693637926852,1617365.0
2020-10-09,1954.9781494140625,1979.9219492751797,1938.0293659704546,1964.434937059605,2001026.0
2020-10-12,1953.836181640625,1962.2423148713742,1940.0395853613388,1960.049323262429,1741166.0
2020-10-13,1953.653564453125,1967.4046551881825,1944.333963190736,1953.4251417600808,1679160.0
2020-10-14,1971.8812255859375,1978.1400952534802,1947.0746156975365,1948.5366098454115,2123033.0
2020-10-15,1966.7650146484375,1991.571628603769,1956.2575713112801,1973.5719659356607,2344437.0
2020-10-16,1964.9375,1984.4446618143545,1958.9985106902836,1984.4446618143545,1640399.0
2020-10-19,1989.8359375,1996.4144668731403,1966.3541277437234,1967.6789348356185,1605969.0
2020-10-20,1985.54150390625,2017.8860679755956,1948.4912985243147,1993.764720846155,5855290.0
2020-10-21,1976.4498291015625,2007.1499239949112,1951.6432173224675,2000.9825121424176,3954242.0
2020-10-22,1991.2523193359375,1998.47038809939,1967.3591688531465,1973.5723114845957,2632958.0
2020-10-23,1958.8160400390625,1999.9776306367328,1955.298241358537,1999.9776306367328,2805684.0
2020-10-26,1979.7396240234375,1984.5365009248444,1957.399927639268,1964.4353024808543,1646050.0
2020-10-27,1988.83056640625,2000.0690069935686,1966.673566214567,1970.8309036478427,2334808.0
2020-10-28,1990.34814453125,2008.3722766345325,1971.7261341779329,2008.3722766345325,1555483.0
2020-10-29,1951.494873046875,1986.3478308288818,1945.8851898305156,1969.794932238641,1934367.0
2020-10-30,1904.7786865234375,1949.563424050674,1901.7439438381102,1947.9080894484014,2414313.0
2020-11-02,1905.4224853515625,1919.8142207856058,1890.7087982059907,1905.4224853515625,1486077.0
2020-11-03,1890.4327392578125,1923.6305833599517,1878.7537958066528,1923.6305833599517,2227402.0
2020-11-04,1894.4332275390625,1917.3773383155772,1885.1451228096294,1885.1911479841406,1479878.0
2020-11-05,1933.332763671875,1942.2068671754753,1895.5829119995867,1919.216729069705,2083827.0
2020-11-06,1925.7916259765625,1953.1959127578798,1918.2969315095836,1935.7694347208405,2127821.0
2020-11-09,1961.1044921875,1965.7943449037289,1938.5741604445257,1949.5633998002272,2194404.0
2020-11-10,1964.828857421875,1971.8177232915618,1924.2741721603827,1967.9554257697582,2471703.0
2020-11-11,1959.8170166015625,1966.66825664544,1935.4016721169785,1964.8290457908245,2759942.0
2020-11-12,2015.8671875,2026.8104024995653,1952.552262752814,1957.83999406605,3010512.0
2020-11-13,2009.65966796875,2040.0524455772195,2003.1303800923095,2027.7298235296878,2799165.0
2020-11-14,2011.8206787109375,2020.3730537911767,2006.578972859512,2020.3730537911767,258276.0
2020-11-17,2002.53271484375,2041.845843848341,1997.382835040277,2041.845843848341,2733542.0
2020-11-18,1960.6907958984375,1995.543751335439,1954.9890627127606,1995.543751335439,3315051.0
2020-11-19,1959.44970703125,1974.7610510507548,1944.5061154605553,1954.8977040400266,2704650.0
2020-11-20,1949.7933349609375,1969.7947522633312,1931.6311284449707,1963.3575145108366,2827038.0
2020-11-23,1958.207763671875,1967.9556712881486,1926.5734258638652,1967.9556712881486,3244576.0
2020-11-24,1983.910888671875,1987.2673587275333,1951.770498886737,1960.5988009287835,1989749.0
2020-11-25,1964.139404296875,1996.463446291351,1956.9204116572985,1988.186997181898,1786536.0
2020-11-26,1981.013916015625,1988.186883068062,1951.9084947898023,1967.9555641839281,1630887.0
2020-11-27,1966.30029296875,1993.2447770723836,1955.0811515828777,1992.7849743556426,5687861.0
2020-12-01,1961.564697265625,1985.428416798358,1958.3921029658532,1985.428416798358,2226742.0
2020-12-02,1967.312255859375,1977.0599402681264,1951.4950848369426,1972.5539627458738,1634682.0
2020-12-03,1956.690673828125,1983.037282556642,1949.6557813023528,1979.9107135480922,3469163.0
2020-12-04,2008.6021728515625,2018.9017089574897,1962.0702719315366,1968.875262435529,3712143.0
2020-12-07,2074.767822265625,2077.940640794868,2011.1771928723465,2013.2463052106925,4147649.0
2020-12-08,2078.308349609375,2095.045124159371,2060.0540913352397,2077.8485468771605,2768211.0
2020-12-09,2107.919189453125,2111.4137344388573,2062.9045556532956,2078.307944177621,2123890.0
2020-12-10,2161.486083984375,2168.3370980960954,2092.1479389332367,2105.895992321118,3041370.0
2020-12-11,2183.8330078125,2193.258963525766,2145.439480882856,2176.016361611255,2611218.0
2020-12-14,2180.15478515625,2199.1445493269707,2166.7284547675454,2189.5347165516832,1575632.0
2020-12-15,2133.530517578125,2173.9011041593926,2121.805548923737,2171.188313177259,2207176.0
2020-12-16,2155.5087890625,2165.578422152994,2117.850997086811,2130.8175215680576,1748634.0
2020-12-17,2129.16259765625,2153.7160188956173,2124.2886437441825,2153.7160188956173,1912868.0
2020-12-18,2145.85302734375,2155.462858206632,2126.127537780356,2135.3235911444576,2229891.0
2020-12-21,2120.564208984375,2161.0728752290456,2082.998459882376,2154.6356368772995,2003069.0
2020-12-22,2125.208251953125,2145.715498940788,2097.620087713145,2124.288646478459,1764488.0
2020-12-23,2179.787109375,2186.1783230569868,2118.0814870479353,2133.4848800396007,1559556.0
2020-12-24,2209.1220703125,2216.249012156572,2170.3147673673866,2190.959863677607,2489444.0
2020-12-28,2196.845458984375,2223.054215374556,2185.0286631794443,2211.651197136332,1532477.0
2020-12-29,2192.615478515625,2209.812056776441,2164.9352626558957,2202.4552126423537,1749013.0
2020-12-30,2213.122314453125,2220.5249578745415,2184.982301073484,2197.8567759114594,1924886.0
2020-12-31,2202.822998046875,2222.686567311736,2195.0984013955785,2203.3748511704257,1709836.0
2021-01-01,2195.6044921875,2210.7319600732358,2190.5006359793874,2202.8232617585836,830096.0
2021-01-04,2231.422119140625,2234.6407374867995,2207.696259000511,2211.6506064426962,1614486.0
2021-01-05,2253.5390625,2259.42444726687,2211.6509915413803,2211.6509915413803,2356303.0
2021-01-06,2222.962158203125,2253.033209608352,2208.524398456405,2249.170911865916,1641627.0
2021-01-07,2178.40771484375,2237.124394986448,2174.8671436418936,2236.480715998767,2403881.0
2021-01-08,2198.960205078125,2207.052776829102,2171.004293043497,2197.856723592314,2797948.0
2021-01-11,2233.813720703125,2245.6305161986766,2208.984373194071,2230.0432484983808,2787672.0
2021-01-12,2184.89013671875,2237.491739350823,2181.303765863387,2234.4569969662016,2036708.0
2021-01-13,2181.6259765625,2205.2137654410053,2174.4990346600116,2190.4080285867485,1702740.0
2021-01-14,2205.7197265625,2212.5707423542117,2162.1302929404587,2175.786523861207,2120413.0
2021-01-15,2162.130126953125,2213.4901778862777,2154.451556640028,2200.15589970624,2042957.0
2021-01-18,2145.071533203125,2183.602907634549,2134.0820696397745,2183.602907634549,1733797.0
2021-01-19,2173.165771484375,2190.5924763139014,2136.4735997465564,2153.7162038551314,1495269.0
2021-01-20,2166.544189453125,2183.0970858297046,2157.67008758978,2167.509819977697,1380562.0
2021-01-21,2177.303955078125,2206.961233581066,2161.0730071910457,2184.9827511003937,1521133.0
2021-01-22,2215.6513671875,2227.284285728472,2167.50993454253,2169.3491453482516,2548089.0
2021-01-25,2206.685546875,2236.8026283548447,2193.2592161657794,2225.4454101137053,2124424.0
2021-01-27,2199.052001953125,2230.0426528865164,2147.278183294852,2230.0426528865164,2460297.0
2021-01-28,2115.46044921875,2217.674737514016,2105.8966416122876,2177.533821842693,3867335.0
2021-01-29,2081.894287109375,2135.599369744124,2070.031468896468,2128.978256683129,4472694.0
2021-02-01,2067.824951171875,2101.2985004993343,2047.225653920854,2093.619705013951,2717591.0
2021-02-02,2051.134033203125,2092.1025029435996,2027.7301182376427,2088.470106137804,4215607.0
2021-02-03,2053.341064453125,2075.549445677196,2039.3170817120626,2052.099507323289,2353429.0
2021-02-04,2065.06591796875,2077.3885401769826,2047.2254390026608,2058.996432694229,2908003.0
2021-02-05,2087.090576171875,2101.29843535074,2060.8357958954084,2065.0660707345937,4036942.0
2021-02-08,2056.83544921875,2104.700958009853,2050.9960892927293,2104.057279094558,2780672.0
2021-02-09,2038.0755615234375,2073.4343458777153,2032.787830230145,2066.353428874524,3131481.0
2021-02-10,2055.7783203125,2060.836151116221,2034.8572928971075,2041.524433502013,2055520.0
2021-02-11,2081.06689453125,2085.6649212535904,2054.444364711504,2061.7551822974206,1824480.0
2021-02-12,2061.34130859375,2089.5731464487562,2052.5590330613377,2085.6648239171654,1222094.0
2021-02-15,2037.110107421875,2079.91778937338,2035.0870201760981,2070.032030011928,2449407.0
2021-02-16,2019.545654296875,2049.8466095081026,2013.9819963232865,2047.9613733996232,2396356.0
2021-02-17,1989.9339599609375,2024.5572366687063,1986.3475888418511,2019.4533819892154,2447956.0
2021-02-18,1974.2548828125,1994.2102744835986,1970.8981884966622,1990.026025138119,3205806.0
2021-02-19,2005.7513427734375,2017.6141621256654,1977.151526239827,1979.8182919816372,3364030.0
2021-02-22,1993.3367919921875,2027.7299447879086,1987.819159489363,2027.7299447879086,2678023.0
2021-02-23,2004.05029296875,2016.0972148666172,1995.7278182616787,2009.338024612467,2062144.0
2021-02-24,2003.6827392578125,2012.5568434389556,1982.2558840046688,2012.5568434389556,924143.0
2021-02-25,1989.3826904296875,2009.3380855529313,1986.3479472742936,2001.981241303767,2099460.0
2021-02-26,1960.64453125,2006.9465235502787,1949.56324244576,1984.508243961297,3413194.0
2021-03-01,1971.08203125,1980.8299378337797,1956.9201985655911,1963.541312229561,1229276.0
2021-03-02,2002.8544921875,2008.3260992951261,1968.4613407855363,1988.1868312811634,2095135.0
2021-03-03,2017.1541748046875,2027.7296354886419,1998.7620692673756,2027.7296354886419,2031893.0
2021-03-04,2020.2808837890625,2026.3503688447254,1999.2220112858784,2009.337670036635,2290915.0
2021-03-05,2024.1436767578125,2032.2820504069527,2000.3717857065217,2008.9701866007467,2129837.0
2021-03-08,1999.7279052734375,2037.937553357579,1994.6240505595795,2032.3278707868467,1440724.0
2021-03-09,2021.752685546875,2027.730121278535,1988.2331100773317,2001.0615618603592,1711842.0
2021-03-10,2048.7431640625,2057.065414068962,2016.8786993849574,2032.7879191353597,2696085.0
2021-03-12,2027.500244140625,2059.82428794762,2023.1321179768115,2056.2379162709776,2038930.0
2021-03-15,2033.1094970703125,2039.178757431345,2007.7743257818606,2028.741371831373,1632022.0
2021-03-16,2063.640625,2066.813218853807,2036.2823632598884,2042.7656264908264,2633605.0
2021-03-17,2047.3173828125,2080.1472480582966,2040.834120359582,2072.7904054480105,3703365.0
2021-03-18,2037.110107421875,2069.0203741325063,2027.730176000134,2058.0771582259863,2597091.0
2021-03-19,2126.173583984375,2138.312329642476,2015.315114680781,2026.9022318393913,5382214.0
2021-03-22,2164.015380859375,2167.050123579854,2116.931629315011,2124.3805228550004,2471516.0
2021-03-23,2149.3935546875,2182.1773944693514,2145.8069592394504,2173.027366457755,1970612.0
2021-03-24,2132.197021484375,2161.9000942215976,2129.392180307458,2149.3935963619833,1762743.0
2021-03-25,2057.203125,2135.323551993096,2051.6854930827053,2132.1969837118354,2495833.0
2021-03-26,2131.553466796875,2138.0827555545443,2068.0088624041427,2073.710371516343,1929236.0
2021-03-30,2205.903564453125,2212.570703939226,2138.0826627841648,2138.0826627841648,3327203.0
2021-03-31,2236.020751953125,2242.550040746162,2190.1783284095245,2194.1787021016476,2709756.0
2021-04-01,2206.225830078125,2250.0909712081952,2199.742565856213,2250.0909712081952,1532653.0
2021-04-05,2182.407470703125,2222.870107938357,2157.85405164708,2207.052940103555,2545447.0
2021-04-06,2214.685791015625,2217.1686807617334,2186.224048000533,2190.776049953906,3683538.0
2021-04-07,2211.880859375,2239.2391196666144,2195.420012735847,2222.686222683453,1713970.0
2021-04-08,2216.1572265625,2242.917836682386,2203.0070473928945,2212.5708548822554,1814515.0
2021-04-09,2276.943359375,2283.380598274687,2229.1238704058965,2229.1238704058965,2604858.0
2021-04-12,2264.068603515625,2288.208246424758,2241.6303204834026,2245.2166919103975,2261945.0
2021-04-13,2257.079345703125,2304.4390225808465,2251.9296903038517,2271.425279378094,1811781.0
2021-04-15,2262.8271484375,2296.2548976457765,2226.456931090842,2296.2548976457765,3352379.0
2021-04-16,2261.2177734375,2279.655907793938,2243.8373200667934,2271.3334334869814,1225517.0
2021-04-19,2240.7568359375,2261.953789357289,2219.973884637187,2243.837604420933,1746316.0
2021-04-20,2204.707763671875,2258.5507008942504,2192.155240664703,2258.5507008942504,1589508.0
2021-04-22,2160.520751953125,2197.856819529422,2144.519708427871,2197.856819529422,1721265.0
2021-04-23,2122.21923828125,2161.0725641689687,2115.0922968462246,2151.87651070442,1949756.0
2021-04-26,2170.866455078125,2179.280979418333,2125.2081355666464,2137.163006082599,1946867.0
2021-04-27,2188.52294921875,2194.59221000734,2163.785429836172,2173.027508790129,1668456.0
2021-04-28,2213.076416015625,2248.435198675003,2176.062298736824,2188.660847789982,1951215.0
2021-04-29,2214.042236328125,2252.0677880959197,2192.477308281079,2237.4001256397332,3151150.0
2021-04-30,2164.521240234375,2246.503972974839,2142.910513035009,2216.2490447009427,4010778.0
2021-05-03,2214.40966796875,2220.8469053756357,2151.8765045875725,2154.635320619095,1692239.0
2021-05-04,2214.087890625,2223.7897726690276,2181.487923521606,2215.513323922793,1453111.0
2021-05-05,2202.1328125,2238.3193720213294,2178.2230739328043,2238.3193720213294,1256857.0
2021-05-06,2197.85693359375,2222.272502172891,2185.948088416844,2207.052987709205,1377740.0
2021-05-07,2217.3525390625,2229.1235333159516,2204.432038036505,2215.1455758644333,1169518.0
2021-05-10,2237.30810546875,2250.228607498083,2221.7668625023307,2228.204100928455,988495.0
2021-05-11,2208.984619140625,2230.9631023552997,2201.7656256447553,2230.0434967896135,1019077.0
2021-05-12,2141.715087890625,2196.937440581824,2138.128716407328,2196.937440581824,2053932.0
2021-05-14,2185.763671875,2190.8673010369316,2139.00165845315,2141.668423682141,1388970.0
2021-05-17,2185.21240234375,2202.455004150776,2176.2462494040965,2193.2589498536954,811243.0
2021-05-18,2183.373291015625,2214.7319274034026,2176.6601261701207,2208.98439320572,1153722.0
2021-05-19,2170.038818359375,2188.660827500927,2155.5550334715012,2170.2687197068017,1323590.0
2021-05-20,2155.69287109375,2172.107917003328,2151.8765985553714,2170.268706235332,856235.0
2021-05-21,2172.337890625,2175.924261936701,2151.8766701502805,2151.8766701502805,771492.0
2021-05-24,2148.7041015625,2170.222778711057,2138.312515353154,2165.6707767580597,1194864.0
2021-05-25,2155.601318359375,2179.281159997357,2150.0376601787125,2165.670953687283,1098457.0
2021-05-26,2164.751220703125,2179.6487840313525,2156.7046730475804,2166.360530234234,811095.0
2021-05-27,2139.36962890625,2163.831219105936,2136.151010433292,2163.831219105936,3755182.0
2021-05-28,2135.04736328125,2161.0722355308794,2132.8864257535133,2145.7608986460377,1215325.0
2021-05-31,2151.9228515625,2156.474853792628,2133.622567775573,2138.0827441653987,1178704.0
2021-06-01,2168.70556640625,2173.0276670962567,2143.2325404757803,2158.3139799724563,1141451.0
2021-06-02,2169.165283203125,2182.821288816127,2161.072710702991,2166.59034315585,1113091.0
2021-06-03,2173.257568359375,2180.4305357345133,2156.4747689845485,2178.545299669252,868532.0
2021-06-04,2153.761962890625,2179.46489000303,2146.313069030966,2179.46489000303,1283795.0
2021-06-07,2151.23291015625,2164.7510643385103,2143.600140600284,2164.7510643385103,1128300.0
2021-06-08,2169.349365234375,2172.108181722592,2147.4166843478283,2151.2331818643643,1106664.0
2021-06-09,2166.59033203125,2181.2579933238453,2157.0265256339503,2172.1079644557776,1072858.0
2021-06-10,2187.557373046875,2207.0069374749924,2165.9006209482873,2173.94716820794,1944339.0
2021-06-11,2176.246337890625,2196.523683342776,2170.268902354479,2189.5806171635654,1128097.0
2021-06-14,2190.23291015625,2199.9586331566993,2164.2976488217178,2184.489921379292,1761632.0
2021-06-15,2215.566162109375,2218.3912985521606,2185.9722190326092,2185.9722190326092,1215463.0
2021-06-16,2230.339599609375,2240.482319497836,2207.8778123739994,2209.1283528400472,2153668.0
2021-06-17,2239.417236328125,2247.0125179437964,2210.425272784576,2221.169971944579,1555777.0
2021-06-18,2299.809326171875,2312.591750854638,2227.653810861362,2241.5477015735955,3937751.0
2021-06-21,2328.939697265625,2342.50930285127,2285.081237696356,2291.518693320903,2506277.0
2021-06-22,2306.617431640625,2347.0949215050528,2298.6515104810155,2332.4138459471405,1945883.0
2021-06-23,2297.58642578125,2328.616115466262,2276.930796076852,2311.017186988195,1035668.0
2021-06-24,2306.5244140625,2320.094247952419,2291.6581337964762,2306.3855656280107,759681.0
2021-06-25,2268.084716796875,2306.339270647295,2264.703960848163,2304.533110261853,1112942.0
2021-06-28,2278.78271484375,2283.228803989767,2257.5714707708075,2269.4276331143574,694906.0
2021-06-29,2308.747802734375,2313.3327413184898,2264.7041251346172,2273.9667186934503,1354397.0
2021-06-30,2289.06494140625,2320.279838517275,2281.3769430211773,2308.7479540084423,1447245.0
2021-07-01,2295.270263671875,2300.827818789725,2281.376375877251,2300.827818789725,735043.0
2021-07-02,2303.885009765625,2308.886719981417,2271.1880083011542,2295.270752271721,860231.0
2021-07-05,2314.768310546875,2328.0599955991747,2301.800680561692,2314.721952355138,761700.0
2021-07-06,2290.17626953125,2313.749525035621,2286.9343617685163,2306.385808344919,461782.0
2021-07-07,2298.65185546875,2307.127265789221,2265.491945445736,2276.745908198439,623145.0
2021-07-08,2267.066162109375,2287.6290748581196,2258.6371114028316,2280.635771399949,1114426.0
2021-07-09,2270.678466796875,2282.766196693423,2258.6370950959154,2260.0728423339224,538094.0
2021-07-12,2263.91650390625,2278.5050874061126,2250.810025693126,2272.113988899275,543898.0
2021-07-13,2257.01611328125,2274.4761924865784,2250.810220862757,2273.966704616489,994396.0
2021-07-14,2236.777587890625,2261.323461829811,2231.3588799811064,2259.8877145417077,1377829.0
2021-07-15,2234.46142578125,2246.178513966116,2223.948293621709,2246.178513966116,693792.0
2021-07-16,2239.13916015625,2250.810117889205,2228.5798945026445,2241.5475248114712,545405.0
2021-07-19,2231.034423828125,2238.7687796161094,2221.632982171799,2223.0687293473416,463873.0
2021-07-20,2255.3486328125,2278.597831220202,2225.801052204124,2225.801052204124,1061476.0
2021-07-22,2202.783447265625,2323.0583069206527,2200.328950594103,2269.33526792488,3546044.0
2021-07-23,2184.212158203125,2215.380693370321,2181.062740882705,2206.349665143976,1517589.0
2021-07-26,2175.5048828125,2185.9716567353844,2165.593954850563,2183.424443999782,1311535.0
2021-07-27,2169.669921875,2185.4626898271626,2160.0369145976797,2175.505401305754,1656945.0
2021-07-28,2187.268798828125,2193.7989726528413,2170.318433166684,2176.709532402551,912373.0
2021-07-29,2162.583984375,2196.531298578877,2158.1842525297143,2187.26870522038,1012663.0
2021-07-30,2161.24072265625,2182.7762499138757,2147.068911104375,2167.446614315892,1708251.0
2021-08-02,2160.777587890625,2179.858392442542,2153.182307393745,2169.2991276221856,1229936.0
2021-08-03,2210.842041015625,2216.5384451019368,2154.571790058691,2158.1841107762275,1733476.0
2021-08-04,2201.811279296875,2218.1596670224376,2192.9654569234995,2210.8423083201424,1588974.0
2021-08-05,2183.84130859375,2214.685785717695,2180.414194721646,2214.685785717695,921757.0
2021-08-06,2196.6240234375,2205.1919223271466,2183.6563926856024,2183.84159932598,1432661.0
2021-08-09,2208.665283203125,2218.391005775418,2199.7269714845506,2203.9876285479936,921476.0
2021-08-10,2206.1640625,2217.464378768315,2185.138025272175,2217.464378768315,1061370.0
2021-08-11,2214.1767578125,2218.3912833486684,2188.009929522479,2213.759986306187,1300594.0
2021-08-12,2215.89013671875,2235.5267883685665,2202.1350958567505,2218.3909915652443,1226064.0
2021-08-13,2227.190185546875,2231.9603298415414,2211.9069091644574,2223.948278435453,1033159.0
2021-08-16,2247.47509765625,2257.154686625818,2216.2138515308156,2226.7269832754005,1146309.0
2021-08-17,2300.642578125,2304.023333649983,2251.7824067704855,2253.5885669295517,1921902.0
2021-08-18,2302.72705078125,2315.648323197184,2273.0403940503556,2301.754433258001,1545643.0
2021-08-20,2426.243408203125,2436.061846785861,2293.4179211565743,2306.3855507592366,5779927.0
2021-08-23,2439.90576171875,2475.752176320514,2403.1796721769115,2431.4305798667924,2163220.0
2021-08-24,2438.8408203125,2461.997303604491,2417.5368556838685,2439.76707964418,1482854.0
2021-08-25,2449.9560546875,2469.8242731170976,2427.4015483793105,2437.914682774102,1746570.0
2021-08-26,2469.777587890625,2498.8622641897146,2436.9881007078284,2436.9881007078284,2117291.0
2021-08-27,2480.47607421875,2491.637544132798,2455.6061474254425,2472.186098620981,1176229.0
2021-08-30,2489.507080078125,2506.2261057021647,2474.5944410025118,2493.1196270374535,1168190.0
2021-08-31,2523.22314453125,2535.5885709690333,2478.3456988475396,2489.692375699503,2535891.0
2021-09-01,2531.374267578125,2570.3698794474662,2514.79431448644,2542.582096966953,1775792.0
2021-09-02,2594.4990234375,2602.7890001142673,2528.82709412219,2545.3609154142373,1946183.0
2021-09-03,2562.681640625,2601.6308906416407,2552.7707110310143,2595.563846808455,1561823.0
2021-09-06,2575.556640625,2616.6824621413466,2570.6474212207354,2584.2633873891527,1444978.0
2021-09-07,2572.870361328125,2601.584399058342,2565.7382100871555,2582.966723180294,1219915.0
2021-09-08,2594.359619140625,2602.7886693433315,2561.1997166476253,2583.244507385422,946711.0
2021-09-09,2603.390625,2615.431995964337,2576.85338636822,2576.85338636822,879454.0
2021-09-13,2580.8828125,2614.3206391215053,2570.3696784951053,2591.2105137261465,1341412.0
2021-09-14,2558.837890625,2597.2312966261484,2548.185907775071,2595.3787778696387,1755061.0
2021-09-15,2570.786376953125,2579.632198660778,2546.3332214316033,2569.443346170556,1362350.0
2021-09-16,2564.11767578125,2591.0255575413885,2549.0659599927753,2549.0659599927753,1259196.0
2021-09-17,2521.509033203125,2577.779277951803,2499.973507435112,2565.8306250774517,3095032.0
2021-09-20,2593.850341796875,2601.8623943504554,2510.2090811155267,2519.425315996169,2671330.0
2021-09-21,2605.057861328125,2648.4531989598404,2590.4229195074095,2602.788571324403,2277437.0
2021-09-22,2579.169189453125,2630.483867572612,2569.4434661673436,2619.368755246005,1580594.0
2021-09-23,2577.131591796875,2609.92108433023,2568.3784856334205,2592.600078657101,1054473.0
2021-09-24,2544.110107421875,2575.000946643274,2529.98465258867,2565.8310696983704,1635284.0
2021-09-27,2509.69970703125,2561.107100919508,2505.0684102845603,2561.107100919508,1465932.0
2021-09-28,2522.991455078125,2551.3348536421627,2510.069957085121,2524.0565628055847,1078052.0
2021-09-29,2487.2841796875,2542.0723276242175,2479.5961821581964,2514.7476778768632,1503894.0
2021-09-30,2502.56787109375,2505.8097792255626,2484.181530234014,2487.284589900918,1620199.0
2021-10-01,2504.651611328125,2512.0153278470725,2482.467745382351,2506.4577718120127,956111.0
2021-10-04,2488.117431640625,2523.1300748227136,2482.096746807164,2500.8998538991655,1025005.0
2021-10-05,2508.912353515625,2514.7478327774365,2487.9326692282666,2488.117875874863,562784.0
2021-10-06,2487.978759765625,2532.392846576655,2478.669808865812,2495.3888339326377,862471.0
2021-10-07,2472.55615234375,2504.836375061255,2469.4069616024058,2499.0472552150377,1082816.0
2021-10-08,2445.370849609375,2481.0318317758874,2431.8010155180477,2473.575399368113,1579941.0
2021-10-11,2450.048828125,2468.9444294201858,2441.15664743459,2447.362540183863,1086252.0
2021-10-12,2478.80908203125,2489.831704925856,2431.431002662954,2431.431002662954,1174337.0
2021-10-13,2451.57666015625,2494.971996300617,2447.732774739091,2489.8775704459426,1660007.0
2021-10-14,2454.17041015625,2479.3646182646175,2426.799402205397,2451.576838850052,2158809.0
2021-10-18,2458.292236328125,2481.3560029509467,2448.1497419973066,2475.705956779055,1758177.0
2021-10-19,2358.997314453125,2530.540497692944,2334.6366487683254,2473.019702660064,5431133.0
2021-10-20,2295.872314453125,2393.4538132784373,2287.860262692624,2379.559925043462,4864654.0
2021-10-21,2265.398681640625,2320.279545133299,2248.9575790753092,2318.797439799162,3254632.0
2021-10-22,2273.133056640625,2314.0273146054406,2250.810116878303,2277.6716367916656,1845622.0
2021-10-25,2274.75390625,2281.88605736251,2232.284828497642,2273.132952536361,1560381.0
2021-10-26,2271.026123046875,2300.894986853421,2252.57343768493,2300.894986853421,1595060.0
2021-10-27,2233.515380859375,2288.127610188437,2228.4360624236206,2287.94126536677,3083879.0
2021-10-28,2227.03759765625,2251.594608340044,2206.8609406246787,2236.6833857682554,2015791.0
2021-10-29,2230.299560546875,2238.5474220344486,2211.520829511968,2236.6835191018636,2453400.0
2021-11-01,2243.300537109375,2246.84177077252,2207.0941304776456,2230.1599300044363,1941114.0
2021-11-02,2254.29736328125,2262.778212832821,2238.5474741451544,2250.6628434889876,1350154.0
2021-11-03,2247.261474609375,2268.3700863328436,2223.8227564696685,2268.3700863328436,1591607.0
2021-11-04,2257.978759765625,2264.642121911803,2255.322607006816,2263.710170421304,245719.0
2021-11-08,2266.412841796875,2282.349304019993,2236.776965073115,2282.349304019993,2555533.0
2021-11-09,2265.7138671875,2279.7397831949247,2252.0142252258966,2273.775384424244,1696949.0
2021-11-10,2236.823486328125,2255.3228161408374,2232.9559782948127,2246.981895032872,1794509.0
2021-11-11,2214.503173828125,2243.160683294713,2205.183658554438,2239.1998893033965,1282647.0
2021-11-12,2241.296630859375,2249.3581475501583,2214.503026233296,2225.5000990287467,1651974.0
2021-11-15,2259.74951171875,2264.642257336452,2240.5048033000144,2240.5048033000144,1007999.0
2021-11-16,2242.881103515625,2268.975746877453,2236.7770028938417,2268.975746877453,1245209.0
2021-11-17,2228.435546875,2246.049565228949,2224.7543842715186,2240.4112136326276,956809.0
2021-11-18,2236.12451171875,2242.6017571684697,2208.7252265021507,2227.3642579494262,1236943.0
2021-11-22,2226.012451171875,2245.9094760551484,2215.3880692244034,2245.4435003783433,1629290.0
2021-11-23,2231.2783203125,2236.6836847226928,2177.5047622310713,2225.313921497465,1932539.0
2021-11-24,2213.152099609375,2242.2755876029714,2205.929474586963,2242.2755876029714,999070.0
2021-11-25,2189.20068359375,2224.568196980391,2181.698428626349,2224.568196980391,1363272.0
2021-11-26,2176.199951171875,2204.065208890729,2166.97349517647,2184.4942281775343,2450902.0
2021-11-29,2170.887939453125,2182.8636083774177,2129.229748948553,2175.5476973960804,1724612.0
2021-11-30,2159.844482421875,2200.3377340552224,2145.3525894939103,2163.9916215485923,3931035.0
2021-12-01,2185.28662109375,2196.3767532135435,2165.156377173381,2180.766565193462,1263139.0
2021-12-02,2221.12060546875,2225.500733097951,2185.4268086744955,2196.610229443832,1673117.0
2021-12-03,2184.168701171875,2227.271471055797,2178.8099784295496,2221.120725815763,1890178.0
2021-12-06,2149.546142578125,2203.0867109426626,2144.4204093094586,2184.4943239553977,1079171.0
2021-12-07,2163.619140625,2182.3045900404536,2154.672313364827,2169.4902542667655,895313.0
2021-12-08,2181.32568359375,2184.9135602071515,2160.4964774011905,2160.4964774011905,839769.0
2021-12-09,2180.53369140625,2188.7815538324444,2163.5722182949253,2181.698630871688,716666.0
2021-12-10,2174.056640625,2187.2903072469094,2162.1276151737666,2187.2903072469094,724539.0
2021-12-13,2147.542236328125,2191.949628218877,2144.420108219233,2191.949628218877,1804894.0
2021-12-14,2160.543212890625,2166.7405993688926,2147.2162609047386,2148.1482124068675,1219031.0
2021-12-15,2163.012939453125,2166.601043989555,2143.9545754528085,2158.399824711456,755122.0
2021-12-16,2152.342041015625,2167.066920575215,2147.169664560781,2163.0128404418224,926493.0
2021-12-17,2078.48486328125,2151.8294018987663,2074.5240693483074,2146.2843358980913,2439222.0
2021-12-20,2114.691162109375,2119.5839073049447,2051.364877984946,2074.5239629215275,2175705.0
2021-12-21,2118.185791015625,2146.004403270738,2099.4534772139364,2134.168666216808,1591415.0
2021-12-22,2122.6591796875,2159.704250708184,2114.5978904636963,2143.4883861024687,1661605.0
2021-12-23,2144.09423828125,2148.148318526673,2119.817082473267,2142.5099661548115,1423081.0
2021-12-24,2140.646240234375,2155.604109325939,2127.9251915598893,2152.8082544500303,895503.0
2021-12-27,2144.79345703125,2151.037715168415,2123.2188671361073,2140.6463176541142,584302.0
2021-12-28,2151.96923828125,2160.6362049622685,2141.3914980470654,2152.8079035964406,783710.0
2021-12-29,2149.87255859375,2163.851832067857,2142.603290881767,2157.3745866697304,1410236.0
2021-12-30,2167.3466796875,2171.4471756176845,2140.366499496552,2150.944240912281,963711.0
2021-12-31,2199.545654296875,2209.05174340177,2171.447402312196,2180.766919060317,1123597.0
2022-01-03,2200.6171875,2216.180732504574,2192.881944315922,2216.180732504574,879278.0
2022-01-04,2237.8486328125,2244.23259186494,2195.0721481873306,2207.746552600195,1484275.0
2022-01-05,2251.408447265625,2255.3225980046523,2229.227956374846,2240.2250294242795,1202512.0
2022-01-06,2228.6689453125,2247.867239111832,2206.5817380953326,2234.81991682843,1198901.0
2022-01-07,2251.734375,2257.0930957663277,2225.5000330418175,2225.5000330418175,1026186.0
2022-01-10,2243.254150390625,2259.9826361507035,2238.547749292367,2259.9826361507035,919447.0
2022-01-11,2240.08544921875,2253.738677143737,2229.228303716983,2252.6667962505976,1321335.0
2022-01-12,2248.938720703125,2251.5948735474635,2235.285721938573,2243.3936546615473,1487554.0
2022-01-13,2249.91748046875,2257.093462197997,2239.7126560755087,2253.4589420121,1586299.0
2022-01-14,2202.85400390625,2256.254877364186,2200.1514352127488,2255.3229257419785,1596037.0
2022-01-17,2226.94482421875,2231.278307822751,2185.4263380480415,2203.1334171196463,912205.0
2022-01-18,2208.259033203125,2244.7914857359015,2196.9823292773794,2244.7914857359015,1667579.0
2022-01-19,2152.714599609375,2207.4203326677316,2148.1947715170586,2203.1332649146266,2145255.0
2022-01-20,2107.88818359375,2167.3000983532907,2090.3674479317615,2166.7874794656022,2829711.0
2022-01-21,2167.159912109375,2175.501059998497,2096.8908605059737,2110.6837881160795,4596050.0
2022-01-24,2129.13623046875,2185.3793601768416,2112.4541641195106,2179.7410087781523,2231103.0
2022-01-25,2168.88427734375,2174.895319426171,2088.410168780537,2128.1113964182846,1843543.0
2022-01-27,2139.155029296875,2167.3465629989905,2120.1897247045604,2152.808028161554,2620474.0
2022-01-28,2128.157958984375,2160.9159642090744,2123.0322255762453,2138.4560688825172,1967721.0
2022-01-31,2119.02490234375,2154.532348507718,2116.462035501993,2134.1691154995874,1639875.0
2022-02-01,2148.753662109375,2162.1272557582415,2123.357986368249,2146.5637128278354,1270508.0
2022-02-02,2169.489990234375,2174.2430342992475,2140.273444742455,2165.9487562551662,1246111.0
2022-02-03,2141.764404296875,2173.2644127905533,2134.1690900310223,2170.5152011712885,1448039.0
2022-02-04,2149.6396484375,2155.371059758247,2127.6454996986613,2149.0803864674167,1014561.0
2022-02-07,2103.973876953125,2159.0520761690627,2084.775584316431,2139.061761243759,1207402.0
2022-02-08,2110.264404296875,2113.665936155022,2093.675622608205,2113.665936155022,1190660.0
2022-02-09,2122.6591796875,2125.1756306842617,2102.109831746855,2113.2466063344223,1049611.0
2022-02-10,2127.784912109375,2129.509113343318,2102.342818947658,2124.8493559837048,1195100.0
2022-02-11,2104.3466796875,2123.9176629795447,2095.959115419481,2123.9176629795447,2100036.0
2022-02-14,2076.900634765625,2084.076616065637,2056.8170337202287,2068.9324036515213,1661501.0
2022-02-15,2134.26220703125,2147.355943497787,2071.308838117581,2094.9803150499783,1533070.0
2022-02-16,2130.9072265625,2146.983390856488,2120.1897836998414,2134.2623431651828,995668.0
2022-02-17,2150.52490234375,2155.603992921927,2121.121784647776,2126.7134940976384,869374.0
2022-02-18,2155.1845703125,2169.3968312380184,2137.896823812407,2137.896823812407,890713.0
2022-02-21,2138.642822265625,2147.263375553507,2129.2766621068504,2141.6250222219246,737919.0
2022-02-22,2115.4833984375,2124.8495571223684,2096.9842964850354,2124.8495571223684,902667.0
2022-02-23,2106.583251953125,2119.2112413168115,2098.987937617553,2115.5300780960574,1324411.0
2022-02-24,2023.639404296875,2089.435271474628,2013.2948791212511,2050.2933083158705,2997629.0
2022-02-25,2022.9873046875,2046.5657258136623,2015.0190729544972,2045.6337742081005,2193728.0
2022-02-28,2024.292236328125,2031.5612770554924,1975.7374651592988,2016.7433370776994,2334036.0
2022-03-02,2002.85693359375,2008.169011303944,1978.5795530414127,1984.077975534433,2034688.0
2022-03-03,1948.7108154296875,2020.4244462739819,1944.6103193588601,2011.0582870932244,2372998.0
2022-03-04,1882.0760498046875,1936.5485693455835,1840.8371960270904,1933.7993579325212,6320118.0
2022-03-07,1811.667236328125,1845.4039519292721,1795.8707024837552,1844.7981606469089,2976453.0
2022-03-08,1816.3736572265625,1824.7612215749662,1772.152599584038,1793.587486252181,3211938.0
2022-03-09,1861.946044921875,1870.4734244506374,1818.2374939947017,1830.3528642775982,2879079.0
2022-03-10,1958.91552734375,1970.1455890973632,1909.5687379661765,1912.2713064672894,4879791.0
2022-03-11,1951.8790283203125,1966.6039067542463,1929.1395039226397,1957.0980474577505,2481643.0
2022-03-14,1919.1680908203125,1952.438719436038,1906.8662607022034,1952.438719436038,1730325.0
2022-03-15,1899.503662109375,1939.2048903709785,1887.2019467765758,1905.8409783496777,2391023.0
2022-03-16,1931.1434326171875,1938.4593437475185,1893.7723096699424,1919.8203115961,2808685.0
2022-03-17,1959.0086669921875,1972.661665253573,1940.6492682202406,1955.3275041272914,2995889.0
2022-03-21,1911.6190185546875,1967.2564818852334,1906.772915886816,1963.1559859802433,1674982.0
2022-03-22,1857.845458984375,1913.9955412034915,1835.012645467888,1913.9955412034915,5356303.0
2022-03-23,1843.9127197265625,1879.3268773775708,1840.8372342145824,1875.0864524691758,3212162.0
2022-03-24,1832.1236572265625,1855.8417797344202,1818.5637160592823,1835.9446360005397,3054664.0
2022-03-25,1820.101318359375,1842.4681548369097,1812.6457062001969,1840.5110793978479,2233647.0
2022-03-28,1840.697509765625,1846.0097019341574,1799.878099554704,1826.5784208300988,1794533.0
2022-03-29,1851.8343505859375,1859.1035043300467,1839.7189805821397,1845.2640467322778,1249125.0
2022-03-30,1878.72119140625,1881.6102185185125,1859.2900239380176,1863.9031387008545,1476829.0
2022-03-31,1909.242431640625,1914.2284633911195,1880.6782079470688,1881.9829628559494,2540524.0
2022-04-01,1936.7349853515625,1943.9111941702524,1899.6900257155633,1915.0671122310337,1714996.0
2022-04-04,1983.6124267578125,1987.3402333255276,1929.3262436154623,1936.595511927958,1693019.0
2022-04-05,1994.1900634765625,2011.151536957502,1982.261037585082,1998.5701904566095,1277652.0
2022-04-06,1996.2869873046875,2017.1159692259162,1976.9489914398225,1989.7166829632235,1736115.0
2022-04-07,2017.48876953125,2026.9946298762572,1989.809853883904,1994.3296824042986,1824732.0
2022-04-08,2034.4970703125,2044.235919431191,2016.2773702709742,2029.5110380346923,1693462.0
2022-04-11,2015.85791015625,2044.7950522139772,1993.3511429881326,2039.1100565664012,1380107.0
2022-04-12,1987.1534423828125,2017.674851803864,1980.3967944957094,1995.2147312648187,1370233.0
2022-04-13,2005.6995849609375,2017.6752542708587,1985.709268247399,1992.232929577605,1071601.0
2022-04-18,2029.46435546875,2034.357101476611,1989.7633529498871,2001.8320809304937,1828131.0
2022-04-19,1969.2603759765625,2056.677481654838,1958.076956764687,2036.9665687775598,1775996.0
2022-04-20,2017.6285400390625,2021.0767154008463,1950.2950379694578,1970.5183418745341,1511804.0
2022-04-21,2048.3828125,2053.788176860029,2020.470909782209,2036.3140857352982,2244813.0
2022-04-22,1982.2144775390625,2040.042121791504,1975.7374592041976,2033.5184603696034,3520828.0
2022-04-25,1957.7972412109375,2014.8792743058655,1907.704844821511,1957.0982775403875,2437310.0
2022-04-26,2002.158203125,2011.1048014871922,1976.6692372257871,1996.4265645770997,1447088.0
2022-04-27,1999.129150390625,2005.9322139674175,1960.3598789824648,2001.6453738051985,2214481.0
2022-04-28,2089.295654296875,2096.8909683491133,2017.6750873225915,2078.2519375193438,5865359.0
2022-04-29,2082.772216796875,2134.169258809261,2071.3091661021863,2091.672172950454,2678692.0
2022-05-02,2078.718017578125,2098.75497672537,2055.791917496427,2068.9325259015636,1543544.0
2022-05-04,2023.7791748046875,2097.682968763275,2002.4373505257283,2089.388464513875,1608395.0
2022-05-05,2019.166259765625,2052.110609571397,2007.0508899724878,2029.790416111793,1101451.0
2022-05-06,2002.9498291015625,2022.3344630081847,1962.8759203875754,1980.3966515633144,1585602.0
2022-05-09,1972.6151123046875,1993.817009583609,1966.5574273678528,1977.1351682299864,1341414.0
2022-05-10,2032.0272216796875,2048.3363750332396,1974.8054832101245,1988.7847575131693,2162232.0
2022-05-11,2016.2772216796875,2040.6943073080545,1972.0095221050237,2036.3141804345355,1858636.0
2022-05-12,1993.2578125,2017.5351933477875,1965.6719584897523,2017.5351933477875,1531515.0
2022-05-13,2044.7947998046875,2067.0683488011728,2007.5631567664125,2022.334678493483,2057239.0
2022-05-16,2066.36962890625,2070.7497558016858,2024.478451130906,2050.293464243432,1396818.0
2022-05-17,2092.231201171875,2122.0536503645253,2070.1439952440146,2085.6142542463635,2055096.0
2022-05-18,2135.4736328125,2145.352409985793,2083.936895515336,2083.936895515336,2137455.0
2022-05-19,2110.45068359375,2128.3907488531613,2092.650320039763,2092.7902492723942,1734602.0
2022-05-20,2167.6728515625,2188.222430540445,2127.365943504206,2134.1692359189183,2599505.0
2022-05-23,2217.858642578125,2225.5006008108,2149.4068375268134,2151.8764184556685,2363306.0
2022-05-24,2152.481689453125,2218.04456844299,2145.39899457443,2218.04456844299,3078655.0
2022-05-25,2142.27685546875,2171.400339679584,2130.9070927382845,2171.400339679584,1884260.0
2022-05-26,2125.0361328125,2139.7610145680283,2104.346851434934,2134.30900633795,2299127.0
2022-05-27,2172.00634765625,2176.013557251892,2125.31548454464,2140.692684937092,1011303.0
2022-05-30,2189.10791015625,2204.0657805146684,2172.3794225706943,2182.8172361526667,939562.0
2022-05-31,2193.114990234375,2206.767989463334,2147.1230901219974,2199.4056632117813,3123979.0
2022-06-01,2151.363525390625,2249.544712892195,2145.3524833558267,2208.7251892064764,2197599.0
2022-06-02,2129.322998046875,2149.965634363882,2103.5544005546167,2138.8288585795585,1460335.0
2022-06-03,2135.986328125,2166.740729542921,2111.009980861968,2128.5773587434023,1845303.0
2022-06-06,2125.3154296875,2145.3057441762653,2094.654315858785,2117.5801866085376,2131405.0
2022-06-07,2061.10400390625,2106.0706632466377,2056.8635791262204,2096.8908500698885,2034730.0
2022-06-08,2047.544189453125,2067.9538372977217,2037.246079365342,2064.2726741968127,1506843.0
2022-06-09,2048.14990234375,2058.0753229955944,2023.0338532527846,2047.497581755784,1497867.0
2022-06-10,2050.19970703125,2058.540853729793,2015.6244480716941,2015.8107928383638,1641981.0
2022-06-13,2047.4041748046875,2066.1364911070755,2009.287449177652,2020.4708672621286,1519441.0
2022-06-14,2023.2669677734375,2063.2942443618927,2013.0154999496199,2041.7662984482267,1592475.0
2022-06-15,2018.142822265625,2029.7539040767374,2003.522981724058,2029.5659140401,1432377.0
2022-06-16,2018.283935546875,2034.549092032727,2007.3309326652916,2016.6856757902954,1353485.0
2022-06-17,1984.2025146484375,2031.1644521569615,1974.377681142353,2030.7884720321345,3252189.0
2022-06-20,2064.540283203125,2071.1215403756387,1982.0395236476859,1984.7191273109086,2022000.0
2022-06-21,2073.096435546875,2098.481289859694,2042.2114376518462,2063.6946376532383,1606187.0
2022-06-22,2071.074951171875,2091.8057300002215,2055.2798862496575,2058.2413605005468,1741378.0
2022-06-23,2117.848876953125,2122.314730513193,2060.9680052933136,2075.9167706589064,1585753.0
2022-06-24,2166.079833984375,2180.0886486860836,2124.8530934793994,2129.5069369044973,1930048.0
2022-06-27,2181.828125,2192.358322214852,2160.580199592781,2177.315445663441,1450391.0
2022-06-28,2179.00732421875,2184.9775569482404,2141.588356915346,2181.8278632337433,1404108.0
2022-06-29,2099.84423828125,2162.319131452292,2091.8997659761017,2158.8405125801264,1682914.0
2022-06-30,2097.1650390625,2114.464254622484,2080.9937637575617,2091.8058308665695,2387212.0
2022-07-01,2145.819580078125,2155.832403701725,2071.7804166278365,2092.8403535281464,1235612.0
2022-07-04,2233.114990234375,2236.029639396416,2139.84920101813,2139.84920101813,2410245.0
2022-07-05,2257.842041015625,2267.713930014444,2229.730753681051,2241.8589826365846,2463079.0
2022-07-06,2348.94482421875,2359.0049304386744,2256.43123538249,2256.43123538249,4770394.0
2022-07-07,2325.017578125,2379.5950611316607,2318.013284559506,2355.1503864617976,3333262.0
2022-07-08,2347.48779296875,2354.02199602444,2306.0728309729266,2328.3079892265077,1346970.0
2022-07-11,2341.61181640625,2373.953908533825,2331.6458190748067,2338.227077435098,1587197.0
2022-07-12,2303.017578125,2341.612006550453,2298.2225691158487,2326.945109199244,1116476.0
2022-07-13,2348.333984375,2368.641958908877,2314.1583584470563,2316.6029176258635,2528792.0
2022-07-14,2348.380859375,2371.9792317094325,2320.5514489287234,2353.0347029011564,1663307.0
2022-07-15,2414.851806640625,2419.928685725884,2352.3769050877404,2378.6548844854124,2996964.0
2022-07-18,2400.748779296875,2449.168032139557,2381.5221510170395,2426.6037201352005,1566888.0
2022-07-19,2414.334716796875,2420.963030418442,2371.8386349468446,2397.411480079387,1473121.0
2022-07-20,2448.6982421875,2461.3906692443366,2383.919947022965,2420.9629386188567,4012897.0
2022-07-21,2451.4716796875,2472.5786694816798,2436.6638484047844,2460.4504423407425,1990695.0
2022-07-22,2482.638427734375,2485.0827570556153,2454.856073705363,2460.45009660779,1905780.0
2022-07-25,2466.65576171875,2495.237135205847,2455.749584460314,2487.2456070787753,1253821.0
2022-07-26,2394.732177734375,2467.9720959286383,2386.2705591197623,2467.9720959286383,1685576.0
2022-07-27,2427.497314453125,2435.53589806676,2373.9541179766725,2383.685071225193,1404133.0
2022-07-28,2463.365234375,2467.972023671418,2430.364830929758,2467.972023671418,1442054.0
2022-07-29,2479.6298828125,2486.7753404444593,2440.70653451562,2482.074441880292,1463059.0
2022-08-01,2437.885986328125,2480.19407324859,2425.6636501066573,2479.7239833939184,1559918.0
2022-08-02,2477.6083984375,2481.2281818690262,2443.5268864582345,2444.467066099042,1359934.0
2022-08-03,2469.2412109375,2504.638887179492,2442.492913066802,2458.805123759822,1767904.0
2022-08-04,2470.745361328125,2485.3181476490777,2458.5700793091246,2476.4334947993248,1189384.0
2022-08-05,2487.1513671875,2498.6685688858342,2470.3692967201387,2480.1941289964025,1176666.0
2022-08-08,2491.8056640625,2498.997947831553,2468.959248654791,2487.1515903501963,1024511.0
2022-08-10,2484.707275390625,2516.5792794894205,2473.8010976589776,2491.805678942235,1098949.0
2022-08-11,2457.347900390625,2508.164664550663,2450.6727615240234,2497.164606784281,810674.0
2022-08-12,2439.7197265625,2469.0064674604973,2430.45909249325,2467.878067978915,1473527.0
2022-08-16,2486.305419921875,2489.92520387724,2435.5827668671755,2451.9418031702107,1584117.0
2022-08-17,2524.0537109375,2532.8444842395543,2486.3055822462884,2492.416751194899,1711381.0
2022-08-18,2521.609375,2552.5882546883545,2505.2501081322753,2524.382859608925,1465489.0
2022-08-19,2476.95068359375,2537.4981695694582,2469.3821904627666,2528.1434266721417,1324508.0
2022-08-22,2469.570068359375,2507.27136761359,2463.365019819106,2489.5959426572986,1410895.0
2022-08-23,2437.65087890625,2472.39047236866,2430.5995312669493,2446.394595886194,1305045.0
2022-08-24,2433.420166015625,2453.8690749737393,2408.08236840922,2421.902964418526,1242489.0
2022-08-25,2420.210693359375,2471.1683904667857,2411.9841204557224,2445.595546890646,1106593.0
2022-08-26,2417.71923828125,2458.2879019454017,2408.7404759239685,2444.3731959899155,1048791.0
2022-08-29,2421.71533203125,2451.8949678496874,2397.458645708625,2397.458645708625,1450034.0
2022-08-30,2500.7373046875,2507.4594983673783,2430.928955323504,2433.8433749490387,2227943.0
2022-09-01,2450.1083984375,2496.177205622242,2438.8262415759305,2491.4763069299215,1702269.0
2022-09-02,2447.85205078125,2466.091445832684,2430.3646158892443,2458.5700079498542,937600.0
2022-09-05,2445.031494140625,2465.5272285963338,2431.398888075206,2441.6467553030598,1274074.0
2022-09-06,2419.1767578125,2463.2710990303262,2409.6808499292847,2436.193874629951,1250776.0
2022-09-07,2411.185302734375,2441.552927852562,2407.612573445149,2417.9545516562225,1344964.0
2022-09-08,2422.984375,2440.706856741082,2409.680922121492,2425.6639793497657,1004533.0
2022-09-09,2433.843505859375,2488.6560364376614,2428.907561699459,2442.587224278445,1785443.0
2022-09-12,2426.0400390625,2449.168555624876,2420.022979723006,2436.0060374756445,1595709.0
2022-09-13,2431.868896484375,2452.9288298863,2424.7234389715472,2442.5868532175573,1342130.0
2022-09-14,2417.577880859375,2450.1081888418407,2394.3554892130956,2397.4581279918243,1610054.0
2022-09-15,2407.236328125,2443.3393710668047,2398.3987295990864,2425.663944478888,1199906.0
2022-09-16,2376.915771484375,2410.4803782368017,2367.984062249821,2402.1596941354296,2516820.0
2022-09-19,2424.958740234375,2433.185313454129,2358.0179846277065,2379.5950650511595,1166725.0
2022-09-20,2429.001708984375,2464.6814885551908,2425.2880444663447,2443.1514617017247,1253333.0
2022-09-21,2466.65576171875,2488.4208318033448,2425.663831511336,2427.5441910706472,1960049.0
2022-09-22,2531.6689453125,2539.660472946018,2463.3179254600923,2466.1855195181556,2620240.0
2022-09-23,2521.609375,2560.8148282531884,2514.0408814131347,2536.511087678643,1789791.0
2022-09-26,2501.39501953125,2565.750270816187,2484.941875617991,2508.869401858921,2678551.0
2022-09-27,2518.9765625,2551.4127634540914,2494.6728244634487,2515.9209783521505,1898501.0
2022-09-28,2540.4599609375,2546.712064870694,2493.4039154560223,2510.2330422705436,1526197.0
2022-09-29,2539.002197265625,2563.8699030769285,2530.1175454889044,2548.921138470767,2019666.0
2022-09-30,2535.147705078125,2552.493975996988,2508.305526629742,2545.066647598627,1340054.0
2022-10-03,2465.62109375,2570.451123093422,2460.967250462142,2560.109147104385,1683197.0
2022-10-04,2508.352294921875,2516.3908769763475,2476.574176292154,2491.476115818166,1327939.0
2022-10-06,2457.630126953125,2531.2462550869814,2449.2155632060862,2520.904276740966,1752351.0
2022-10-07,2444.185546875,2456.6899849751667,2420.963150138176,2455.655695310182,1025923.0
2022-10-10,2449.732421875,2454.5272008264124,2389.9368986083723,2416.2619313231776,1043728.0
2022-10-11,2398.0693359375,2454.3862394726934,2392.757412278695,2453.8690947141035,1129783.0
2022-10-12,2436.3349609375,2448.7923430031724,2401.4071444430424,2410.1038073945497,882873.0
2022-10-13,2412.87744140625,2451.189769756758,2409.5868119773722,2428.484518511937,753331.0
2022-10-14,2421.71533203125,2467.8780254877447,2416.450232994862,2435.0658401511137,1001536.0
2022-10-17,2435.582763671875,2453.8221595047135,2414.3816638241474,2419.6467623821204,778918.0
2022-10-18,2446.58251953125,2483.9546610055,2441.6465763176698,2463.2707084914496,1123374.0
2022-10-19,2428.484375,2460.9205774535426,2424.1594561917627,2458.852227841982,1241979.0
2022-10-20,2445.3134765625,2453.869204299969,2414.5225890372803,2414.5225890372803,1428125.0
2022-10-21,2495.143310546875,2507.2247139104875,2450.1087857694683,2450.1087857694683,2458302.0
2022-10-24,2419.1767578125,2482.07469520613,2397.458512415012,2453.9634107377374,719908.0
2022-10-25,2355.526123046875,2431.304698503759,2350.4492444931934,2431.304698503759,2923789.0
2022-10-27,2368.31298828125,2378.6549663960154,2339.1674135941844,2344.8084925658745,1846329.0
2022-10-28,2373.248779296875,2398.3044782988304,2361.731577139249,2374.988203682049,1164951.0
2022-10-31,2398.116455078125,2418.1423297660617,2389.98399201212,2392.7574763820476,1324443.0
2022-11-01,2415.248046875,2438.0111287575533,2411.2728436181856,2431.5275937357715,1280132.0
2022-11-02,2383.541015625,2426.79547534711,2367.5452281753182,2426.79547534711,1338284.0
2022-11-03,2410.08984375,2412.5979445533735,2374.075928648827,2381.0798475128627,730444.0
2022-11-04,2385.48095703125,2409.7582801093517,2380.6537761370964,2408.764421563361,889055.0
2022-11-07,2397.2646484375,2415.4371702744916,2382.3100930959617,2395.655665189773,1283685.0
2022-11-09,2374.549072265625,2408.7171494364193,2359.2631528599154,2375.6848116176993,1436444.0
2022-11-10,2379.092041015625,2402.1862529874106,2367.2135718394065,2370.0056648859245,1459152.0
2022-11-11,2369.1064453125,2410.515288508004,2361.4871719493003,2408.8115641727336,1162847.0
2022-11-14,2326.278076171875,2379.234029540042,2323.7697445164235,2372.655984654207,2137131.0
2022-11-15,2325.994140625,2336.8787520663786,2313.358434043023,2326.278133225659,1558333.0
2022-11-16,2345.255126953125,2350.129447190016,2298.167354098633,2331.7203038169064,1330395.0
2022-11-17,2328.3603515625,2364.3268935785063,2322.9180458627097,2347.2427399056714,960476.0
2022-11-18,2350.7919921875,2355.38255101336,2317.8070269404766,2337.8251539456232,1075675.0
2022-11-21,2367.544921875,2377.577786813517,2337.872662584153,2350.7921309777334,1354881.0
2022-11-22,2381.07958984375,2388.935485714857,2363.3803121354986,2371.8039621071234,921265.0
2022-11-23,2373.176513671875,2389.8819325720688,2368.112711008046,2386.095980995717,734152.0
2022-11-24,2412.73974609375,2423.00923312555,2376.7732027895427,2382.310249912894,999929.0
2022-11-25,2401.665771484375,2418.6551837521515,2383.4458786822634,2418.276681007505,783480.0
2022-11-28,2390.0712890625,2406.4455765656708,2386.853322511518,2391.7750135620254,830905.0
2022-11-29,2493.23828125,2498.680586459523,2391.964079959749,2391.964079959749,2542932.0
2022-11-30,2540.705322265625,2553.624791884529,2482.638187217613,2493.0495559020937,3698270.0
2022-12-01,2520.355712890625,2539.427354035937,2505.2119045922373,2536.587889979989,1675569.0
2022-12-02,2475.160888671875,2517.658107912561,2467.6361241275126,2517.658107912561,2101890.0
2022-12-05,2479.65625,2484.5305699257824,2446.812937224266,2460.8683740217275,1640511.0
2022-12-06,2512.49951171875,2517.610453969769,2464.512621202319,2467.3047143038234,1484562.0
2022-12-07,2562.474365234375,2574.2580945547784,2514.108736268077,2517.705436863666,2368561.0
2022-12-08,2560.675537109375,2565.975961560979,2542.029772464489,2550.832155786268,1314703.0
2022-12-09,2576.57666015625,2594.8912932696076,2566.1652933597697,2578.8955092729643,1883397.0
2022-12-12,2571.84423828125,2578.233031586393,2544.7745919949284,2557.5995492152956,1163204.0
2022-12-13,2565.2666015625,2574.447489408758,2553.4355009677906,2571.6080252660277,1265839.0
2022-12-14,2540.98876953125,2574.4472108229606,2528.400664721609,2574.4472108229606,886858.0
2022-12-15,2520.734130859375,2539.663890595482,2506.7260624394216,2525.56131202255,990722.0
2022-12-16,2528.353271484375,2543.875581215562,2511.3164886240284,2525.2298150780803,1793864.0
2022-12-19,2572.649169921875,2574.4474047226445,2528.3534845371473,2528.3534845371473,1546941.0
2022-12-20,2531.42919921875,2561.2435673627783,2511.268961210893,2561.1961967536704,827567.0
2022-12-21,2523.526123046875,2550.9269029512657,2508.2878057158546,2544.112235934674,779092.0
2022-12-22,2503.7919921875,2544.63285481951,2500.6211651229855,2533.2749994139554,852567.0
2022-12-23,2480.83935546875,2507.7668881453783,2468.4876430131476,2491.155980434474,1189702.0
2022-12-26,2477.385009765625,2496.6935039260525,2467.2576342157854,2480.6977178196216,605144.0
2022-12-27,2454.479736328125,2493.900864766486,2437.4429541999434,2484.5307270264448,870960.0
2022-12-28,2445.346435546875,2463.802951141692,2440.1407516611575,2454.2433301210895,822651.0
2022-12-29,2430.62841796875,2445.0623591572944,2403.511399647527,2442.1755247043534,1345863.0
2022-12-30,2424.0029296875,2448.043630384934,2418.4658829342757,2441.8914589151973,696432.0
2023-01-02,2421.494384765625,2441.9859850401717,2402.2334959680034,2436.1649462089254,681703.0
2023-01-03,2406.019775390625,2424.902164059462,2399.3469890283905,2413.591679103535,821843.0
2023-01-04,2400.38818359375,2421.494680028095,2391.822421426849,2414.0175176499197,1672649.0
2023-01-05,2445.44091796875,2453.2494437087807,2401.7132200398096,2401.760590653467,2008493.0
2023-01-06,2438.57861328125,2472.1315618763815,2437.1115108754425,2441.938691416838,991782.0
2023-01-09,2483.6318359375,2488.7427786109756,2432.4741142837315,2450.788749169992,1267078.0
2023-01-10,2502.372314453125,2511.3639501772454,2475.1607852880243,2483.6318064128836,1413088.0
2023-01-11,2454.479736328125,2506.1580678807336,2449.6054160941317,2502.513997050636,1471687.0
2023-01-12,2451.451171875,2463.3296419148805,2435.076884052882,2447.712590671319,1703829.0
2023-01-13,2483.58447265625,2498.0184144275945,2429.3032942856776,2451.593132547807,1348015.0
2023-01-16,2458.1240234375,2487.323038952813,2445.7249384783695,2487.323038952813,930068.0
2023-01-17,2524.80419921875,2531.855488850968,2462.572611034843,2466.027199925607,1892865.0
2023-01-18,2542.45556640625,2549.3649737904643,2517.657631439627,2525.2295340905735,2038075.0
2023-01-19,2507.9560546875,2535.924815466746,2472.131398932238,2527.2171738989255,1649842.0
2023-01-20,2412.361083984375,2465.601029437684,2400.340733626147,2413.5441938833374,4569549.0
2023-01-23,2457.460693359375,2464.654092665494,2415.436729831928,2423.008631806323,1388360.0
2023-01-24,2461.341796875,2470.333431972217,2442.6960313623167,2464.654504542396,1462462.0
2023-01-25,2482.0224609375,2500.620854422796,2455.189438445395,2461.3416093590013,1591810.0
2023-01-27,2472.368408203125,2504.9277323557003,2440.2351884893287,2494.4689942843343,1581382.0
2023-01-30,2430.72314453125,2470.333761061501,2394.803969967833,2470.333761061501,2744039.0
2023-01-31,2438.862548828125,2451.5927640980008,2405.2148598028316,2430.5807802039876,2366794.0
2023-02-01,2436.496337890625,2463.707863466756,2410.562663337218,2461.0576512823754,2014615.0
2023-02-02,2493.853515625,2498.4912134951937,2425.8482735820367,2432.0004443890143,1980667.0
2023-02-03,2507.01025390625,2515.244653829374,2490.3519715866764,2498.7284833647946,1638238.0
2023-02-06,2496.456787109375,2503.4607057270673,2460.632124655555,2490.209874014334,1697446.0
2023-02-07,2462.004150390625,2503.9809789887977,2456.4199645033896,2503.46036445582,1495745.0
2023-02-08,2444.589111328125,2467.9673173617275,2440.3772861867856,2453.9592495561014,1061956.0
2023-02-09,2448.280517578125,2460.77411323944,2428.6882617596793,2448.5645101996456,1102484.0
2023-02-10,2439.572509765625,2448.232781433851,2418.607895662112,2446.671168862906,1523011.0
2023-02-13,2442.885498046875,2452.113755933724,2413.5443704066374,2423.009250290585,1146525.0
2023-02-14,2441.56005859375,2462.7612932070497,2432.6629344922144,2446.671000361346,1944364.0
2023-02-15,2412.0771484375,2434.177734303244,2401.2399077219407,2413.54425096214,2009134.0
2023-02-16,2391.86962890625,2424.8072224749017,2387.847055391145,2423.0089879221355,1982857.0
2023-02-17,2380.890380859375,2409.9948846206253,2372.750492255035,2389.8820161677286,1395341.0
2023-02-20,2377.056884765625,2406.9186229008374,2373.980799227116,2383.25642645077,632091.0
2023-02-21,2381.505615234375,2407.8180270371454,2377.8617751925913,2392.7215901185214,862797.0
2023-02-22,2360.58837890625,2388.5097741526906,2349.8930185796685,2381.5056244960197,885515.0
2023-02-23,2357.369873046875,2381.268691278382,2347.384611082342,2358.6477240758454,757215.0
2023-02-24,2351.26513671875,2376.8676799947484,2339.670660230971,2358.8370397311774,732783.0
2023-02-27,2336.07421875,2353.915609629002,2324.574482207008,2353.915609629002,853991.0
2023-02-28,2328.975341796875,2341.942410793656,2305.3131444686555,2337.5884740548054,1780454.0
2023-03-01,2334.276123046875,2337.8254531883554,2317.0027163583377,2326.4675967356184,967339.0
2023-03-02,2323.959228515625,2337.825184242716,2313.216498092793,2334.275854509554,827174.0
2023-03-03,2338.771728515625,2356.660258371258,2324.2430460274054,2334.0392887573985,1176008.0
2023-03-06,2351.880615234375,2365.131446197715,2343.125601919311,2349.1356616034195,1214503.0
2023-03-08,2352.1171875,2367.5447555060214,2335.1749153378546,2353.9154220908404,1448340.0
2023-03-09,2329.68505859375,2358.6003080932005,2325.4258633473014,2351.8803831278155,1038910.0
2023-03-10,2333.518798828125,2338.298609454509,2314.2579066288986,2318.895605409248,772024.0
2023-03-13,2323.72265625,2355.3352613192606,2314.1630355336915,2334.039282464656,1314549.0
2023-03-14,2311.74951171875,2339.71827763631,2309.19404039773,2330.2533978724096,1250763.0
2023-03-15,2277.3447265625,2327.8870901657224,2264.945642108792,2320.693689385896,1738040.0
2023-03-16,2327.745361328125,2337.1628707375603,2278.9064879697203,2295.186035397131,1628035.0
2023-03-17,2316.4345703125,2350.3188859263596,2309.2414003707813,2339.3869036341953,2127178.0
2023-03-20,2376.820556640625,2381.97886988922,2295.233339409627,2316.434577619481,1561128.0
2023-03-21,2330.821533203125,2388.225940237796,2327.1774618288637,2380.4174139296765,1595161.0
2023-03-22,2343.83544921875,2348.615028345868,2323.0598545484304,2340.2861195246614,1063244.0
2023-03-23,2352.1171875,2366.2671354786817,2334.0391760659477,2342.557567219473,1578627.0
2023-03-24,2348.04736328125,2364.2321686543496,2337.82524715941,2339.907474443672,1449326.0
2023-03-27,2365.2734375,2370.952365321128,2332.146358543417,2352.022605917367,1387736.0
2023-03-28,2349.940185546875,2378.9973176293265,2339.623328873672,2375.495358642555,1412387.0
2023-03-29,2395.4189453125,2403.8899656295807,2347.3373147574616,2352.0223835517227,2613254.0
2023-03-31,2423.3408203125,2431.007235027009,2381.8845966679137,2421.873717590059,2146167.0
2023-04-03,2400.38818359375,2432.4740326839024,2380.464566021321,2432.4740326839024,918048.0
2023-04-05,2444.5419921875,2450.031669050181,2368.113082742474,2378.051207190434,1489612.0
2023-04-06,2427.97802734375,2446.6711629211945,2416.383550846348,2437.206284147805,797414.0
2023-04-10,2396.6494140625,2431.480217475743,2389.8821175265043,2427.978258211828,853322.0
2023-04-11,2411.414794921875,2418.276832901733,2397.4540969628533,2404.079512943406,913184.0
2023-04-12,2393.62060546875,2419.2231502023587,2383.871733569996,2419.2231502023587,1109809.0
2023-04-13,2400.482666015625,2425.233464279976,2389.8820473081432,2389.8820473081432,1261711.0
2023-04-17,2415.29541015625,2440.992466020651,2405.404426043704,2435.3135382206806,1566977.0
2023-04-18,2405.0732421875,2423.009142554852,2394.6145041655373,2423.009142554852,1474786.0
2023-04-19,2396.129150390625,2411.651461400883,2375.9215388467683,2411.651461400883,1320243.0
2023-04-20,2359.2158203125,2396.8858536854373,2347.289980400972,2383.0672690594097,1401364.0
2023-04-21,2364.279296875,2375.2112778418004,2352.63745001524,2358.647740339417,1206288.0
2023-04-24,2365.9833984375,2370.8577192491357,2342.6525614664356,2368.1129964558954,1735797.0
2023-04-25,2357.1806640625,2365.9830474479513,2345.444306932658,2357.55939785529,1701098.0
2023-04-26,2376.44189453125,2383.2565612791695,2349.372247830502,2356.754899755811,1245903.0
2023-04-27,2336.831298828125,2387.0425290910475,2325.5208144237527,2379.4232551362525,2743893.0
2023-04-28,2325.804931640625,2335.7430553117138,2289.554396225135,2305.692062306279,3761927.0
2023-05-02,2320.50439453125,2345.397073120602,2318.895411277431,2339.5288942134157,1760370.0
2023-05-03,2352.96923828125,2356.755190394333,2321.403770107947,2325.473714844747,1258140.0
2023-05-04,2372.608642578125,2375.0696036515333,2347.4319709544525,2353.8681351589257,1150227.0
2023-05-05,2366.929931640625,2385.149826145906,2361.2036328665868,2366.220065620939,1354871.0
2023-05-08,2381.6474609375,2391.632954128573,2363.5220796768936,2371.661967746427,972810.0
2023-05-09,2381.17431640625,2389.881958912603,2366.2671319100623,2389.881958912603,1651327.0
2023-05-10,2387.704833984375,2399.3466806619854,2371.756652484432,2386.095850867402,2025658.0
2023-05-11,2453.67529296875,2459.9222059298563,2388.5571062375384,2401.1925818470027,1749356.0
2023-05-12,2483.016357421875,2498.728149580762,2447.9963038103265,2455.189704550188,2170011.0
2023-05-15,2519.787353515625,2527.832500479615,2482.685074908687,2496.787651862166,1561055.0
2023-05-16,2532.706787109375,2535.073006773357,2508.7608289707878,2527.122601132833,1477905.0
2023-05-17,2519.314453125,2530.9089312130177,2505.4011256346134,2529.0159551986476,839404.0
2023-05-18,2486.944580078125,2526.36571268063,2481.5496447162177,2522.863753310702,1434067.0
2023-05-19,2500.1005859375,2507.246616279918,2461.483830796552,2487.985493784788,1174757.0
2023-05-22,2496.929931640625,2513.3513587848156,2482.6852419016027,2493.9957265906437,768232.0
2023-05-23,2487.654296875,2508.0037875682942,2484.530840460333,2491.1562560348934,703864.0
2023-05-24,2475.0185546875,2496.835147586533,2468.440509820196,2479.7983649267308,628872.0
2023-05-25,2458.265625,2485.6190320642017,2442.459323756377,2470.3333453652904,1072231.0
2023-05-26,2510.41748046875,2514.5345645266775,2463.8029475598632,2464.418072314996,947073.0
2023-05-29,2508.476806640625,2536.1615763808218,2503.5077454052052,2527.122571156402,698267.0
2023-05-30,2514.392822265625,2522.3905999037424,2508.99788670996,2513.3989636189076,948051.0
2023-05-31,2524.80419921875,2536.5879290170446,2496.8354316220016,2514.3928308533814,3388305.0
2023-06-01,2553.52978515625,2585.095251180072,2512.45229995698,2524.2833995047145,1541080.0
2023-06-02,2571.32373046875,2591.6732211002904,2547.6141614479334,2564.9823075104314,1509260.0
2023-06-05,2551.542236328125,2576.3401741550915,2540.515513175117,2571.0871198698524,1000190.0
2023-06-06,2547.14111328125,2562.9947874338136,2527.2648650899764,2555.517624592328,655372.0
2023-06-07,2570.8505859375,2581.072702260696,2535.9726427796395,2546.0526472611928,1428490.0
2023-06-08,2536.49267578125,2575.9140330530045,2531.7602365704365,2562.142588734311,923536.0
2023-06-09,2495.131591796875,2545.058833244845,2479.8932738110634,2545.058833244845,1413808.0
2023-06-12,2501.993408203125,2514.8183655410803,2492.1026558034114,2503.4605106722456,775484.0
2023-06-13,2532.706787109375,2552.6777735038395,2486.896866845138,2488.8845837933386,1787924.0
2023-06-14,2554.334228515625,2557.5050554214995,2510.0859190452757,2528.069189204348,1536248.0
2023-06-15,2545.7685546875,2572.0809655177795,2534.8365728138583,2568.720887130483,1830192.0
2023-06-16,2570.329833984375,2578.23310056672,2539.6163471183318,2545.76851861381,1748145.0
2023-06-19,2560.40576171875,2587.266908519368,2552.5334622557184,2578.2973514074583,1068263.0
2023-06-20,2553.583740234375,2557.6866926410507,2526.86562726499,2547.7629152949476,1129279.0
2023-06-21,2554.060791015625,2582.9258945459865,2546.2837721045807,2562.9825923287567,1201840.0
2023-06-22,2532.8291015625,2555.3962681763737,2527.437629105136,2546.4742350703746,830052.0
2023-06-23,2520.6630859375,2538.7454756382135,2507.160757581509,2529.918956603175,991214.0
2023-06-26,2530.68212890625,2551.7702109107204,2521.187471642475,2521.187471642475,758700.0
2023-06-27,2529.966552734375,2539.747289419602,2515.3192099764915,2530.6822163942697,687747.0
2023-06-28,2539.4130859375,2564.556827714489,2521.044386302254,2531.493028592996,1397573.0
2023-06-30,2555.53955078125,2562.93474232793,2529.9666876744527,2543.898134552068,1160181.0
2023-07-03,2577.39111328125,2581.9714072296324,2537.6955430131725,2563.98430099116,980665.0
2023-07-04,2576.389404296875,2582.7826203000327,2552.533946849682,2577.3913801023473,721907.0
2023-07-05,2629.682373046875,2633.069661354906,2572.667834439286,2576.3414348058154,1717547.0
2023-07-06,2630.875,2638.41323032986,2610.40683395817,2633.5466244954214,1265020.0
2023-07-07,2574.576171875,2642.850296475034,2567.801129592601,2627.0581719224147,1178930.0
2023-07-10,2534.9287109375,2587.219921184591,2529.6327526973287,2585.836118257277,1518183.0
2023-07-11,2561.598876953125,2592.372415333359,2524.861474545714,2535.453390243356,2476367.0
2023-07-12,2551.245361328125,2581.112437160341,2521.521558001949,2581.112437160341,2395826.0
2023-07-13,2533.1630859375,2564.413732937298,2529.8233221359947,2562.028187364794,1495067.0
2023-07-14,2554.3466796875,2563.5072678557194,2529.680278287794,2533.449393693257,1419016.0
2023-07-17,2558.92724609375,2579.442940165704,2547.7629382379832,2547.7629382379832,912701.0
2023-07-18,2559.976806640625,2577.4390474739866,2554.728606185778,2562.6009068680487,1215904.0
2023-07-19,2549.289306640625,2573.43083950197,2539.0789860492114,2559.928745844099,1166542.0
2023-07-20,2579.490234375,2591.9428279236045,2536.5026597850565,2546.8560199797525,1430764.0
2023-07-21,2484.783935546875,2553.8217083546697,2473.3333183323734,2528.677968202465,5198952.0
2023-07-24,2462.121337890625,2486.644697318208,2457.1116926919326,2484.784018551376,1777469.0
2023-07-25,2450.57568359375,2468.1811979560953,2444.9936462037626,2462.0740609343293,1653775.0
2023-07-26,2465.03173828125,2479.822119275007,2454.5353388663257,2461.405662799776,1300033.0
2023-07-27,2452.19775390625,2464.745630150409,2436.1190839233427,2443.752829583894,2276136.0
2023-07-28,2466.272216796875,2475.003219305642,2447.760245711061,2452.3405392252525,966450.0
2023-07-31,2443.56201171875,2464.6500941483187,2437.0732813698723,2457.159621060771,2003252.0
2023-08-01,2434.306396484375,2455.967105285392,2428.4855716733723,2452.341029155429,1758897.0
2023-08-02,2451.338623046875,2455.632604639891,2419.8971821973637,2421.8056184609263,2082908.0
2023-08-03,2434.496826171875,2443.800453185906,2421.042256996987,2440.842283719155,1475310.0
2023-08-04,2429.439697265625,2441.796777177096,2418.991053879893,2434.4971006515216,1359318.0
2023-08-07,2451.57763671875,2456.157931201794,2422.521735757014,2423.714508645127,803823.0
2023-08-08,2448.380859375,2466.844841749746,2438.5523653314685,2451.577350563966,1002061.0
2023-08-09,2435.35595703125,2451.33911393929,2424.6687584078186,2448.381176916474,1212549.0
2023-08-10,2420.565185546875,2434.5921460549325,2411.881939976849,2432.3498731332065,1313334.0
2023-08-11,2387.26318359375,2420.5175487019674,2384.591325991549,2418.9431818281623,1472199.0
2023-08-14,2417.13037109375,2423.714383911913,2374.190549331531,2387.263292919785,1060479.0
2023-08-16,2435.73779296875,2438.0755812755606,2408.82864979555,2417.9892389136767,1155882.0
2023-08-17,2426.815673828125,2443.418978942011,2417.0349363242467,2435.7377080536285,1532873.0
2023-08-18,2437.788818359375,2450.193654307578,2416.175870450372,2416.175870450372,1970819.0
2023-08-21,2445.4228515625,2457.016510263372,2422.8079253400365,2437.7891054645584,977004.0
2023-08-22,2448.333251953125,2457.112013330394,2436.119211663105,2455.7762009551248,960025.0
2023-08-23,2456.20556640625,2465.222882398685,2445.1842988761878,2457.1120271633886,1136112.0
2023-08-24,2463.07568359375,2473.0949745100634,2449.4303169912287,2466.6540017781476,1143934.0
2023-08-25,2446.18603515625,2462.5507835787557,2434.6876596204243,2449.478041248532,802955.0
2023-08-28,2438.695068359375,2450.4319971815453,2422.7596732258344,2447.5693429792304,619841.0
2023-08-29,2410.498046875,2441.7486907746006,2406.6336498016562,2441.7486907746006,958564.0
2023-08-30,2416.03271484375,2419.897345130354,2404.629853993885,2410.4982027140945,1227377.0
2023-08-31,2390.3642578125,2423.5233390044477,2377.0529610202148,2416.1281482350205,3235414.0
2023-09-01,2390.125732421875,2399.3816021309085,2385.5454385871035,2390.3642869657338,813413.0
2023-09-04,2386.881591796875,2398.90483571016,2377.912032851917,2398.90483571016,1143301.0
2023-09-05,2392.27294921875,2407.9220355882544,2387.549615397008,2395.087846509409,844088.0
2023-09-06,2407.9697265625,2410.450787169734,2392.654477231026,2398.379786666086,1094146.0
2023-09-07,2392.654296875,2406.3951782614326,2385.5454181216815,2395.087599794168,1894798.0
2023-09-08,2398.7138671875,2405.631949453119,2387.0246937042134,2389.362481808183,1018234.0
2023-09-11,2420.1357421875,2422.664327057058,2394.181055537206,2398.7135916733873,1121083.0
2023-09-12,2384.448486328125,2432.302440771097,2374.095124612981,2432.302440771097,3946716.0
2023-09-13,2391.795654296875,2394.1334422731693,2377.9117330190265,2379.820169401867,1231305.0
2023-09-14,2386.308837890625,2398.904471098458,2378.961404599674,2396.0418165983406,2081195.0
2023-09-15,2356.6328125,2376.0034899545676,2353.102251497174,2361.4994188575743,3750697.0
2023-09-18,2374.715087890625,2378.8182728429147,2349.2852654286894,2358.207299000642,1499641.0
2023-09-20,2353.913330078125,2366.4612065970864,2333.0635686007568,2337.500590177752,1795159.0
2023-09-21,2360.11572265625,2369.323835274501,2331.0595915476433,2353.1021255686346,2223720.0
2023-09-22,2368.799072265625,2376.0034667192494,2345.4684824079977,2355.010665005264,1176741.0
2023-09-25,2362.50146484375,2385.25943145906,2347.3770116443197,2368.7991658286273,1122778.0
2023-09-26,2365.458984375,2375.048923164469,2348.5693700837887,2360.735651228966,1263548.0
2023-09-27,2387.21533203125,2390.125744073198,2355.9646866334188,2362.6442138940242,1086791.0
2023-09-28,2347.7109375,2386.499815729826,2340.888137313114,2385.5455974908296,1612346.0
2023-09-29,2352.720703125,2359.591028203127,2338.311913796658,2352.6729456179296,1249567.0
2023-10-03,2355.869384765625,2384.591447770082,2349.0945748521476,2376.0034833723507,1585626.0
2023-10-04,2393.035888671875,2396.0893399142165,2352.290590565099,2354.103744682681,1587335.0
2023-10-05,2404.200439453125,2409.2100848511195,2381.108406306482,2402.7213546953185,1909928.0
2023-10-06,2384.972900390625,2404.6298886978925,2379.820215243073,2404.5821311947166,1083342.0
2023-10-09,2396.328125,2401.290012866647,2367.41526800006,2371.232140661084,1468771.0
2023-10-10,2401.00390625,2405.441160876135,2388.7423415554345,2397.187033262411,1092373.0
2023-10-11,2439.36328125,2446.5676751580454,2401.0515142086524,2403.0554655876986,1697398.0
2023-10-12,2439.935546875,2450.0025938664,2422.9504190408766,2438.0271107804556,1625010.0
2023-10-13,2451.816162109375,2458.7342447780748,2426.2908226076215,2436.167075189008,1531977.0
2023-10-16,2441.176513671875,2463.7914388455088,2435.737516422029,2442.7986380497687,954899.0
2023-10-17,2439.125,2452.3410165625755,2429.8691291371815,2441.1767091109923,1253538.0
2023-10-18,2431.58642578125,2453.5334434572896,2423.2847743834313,2452.38842825818,1084689.0
2023-10-19,2431.443359375,2437.4547473447547,2409.400826941182,2409.400826941182,1272343.0
2023-10-20,2380.917724609375,2427.10203062245,2371.2802594499785,2404.6301428141746,3608160.0
2023-10-23,2369.801025390625,2395.0400515265787,2366.7953310865787,2379.820317022033,922707.0
2023-10-25,2363.884765625,2376.003290029655,2352.1478353104817,2361.7377747002747,1435836.0
2023-10-26,2363.025634765625,2376.003094248893,2343.2256089802177,2348.3307690548295,2650560.0
2023-10-27,2368.41748046875,2380.774560351634,2351.0507547173906,2354.342761123986,1784812.0
2023-10-30,2365.41162109375,2377.911973852754,2349.667019340712,2357.873389803433,875135.0
2023-10-31,2370.277587890625,2377.911332135039,2354.8193023883637,2357.1093324763333,920414.0
2023-11-01,2359.06591796875,2379.772406079239,2353.8654754309146,2371.232199879601,1267131.0
2023-11-02,2390.353759765625,2399.196906557308,2367.7651670957143,2379.011355660792,1595123.0
2023-11-03,2411.932861328125,2415.05681541772,2389.3923779852994,2400.1579574519587,1125583.0
2023-11-06,2400.54248046875,2420.1033340828108,2394.4870030272687,2417.459988171291,1338677.0
2023-11-07,2399.629150390625,2408.0397956975985,2388.8635713321037,2399.1966498520997,1473411.0
2023-11-08,2421.64111328125,2427.071893153558,2400.8306332753555,2401.1190451871635,745022.0
2023-11-09,2380.64501953125,2424.188176858875,2377.1366729379083,2422.3138514915827,1823094.0
2023-11-10,2390.113525390625,2392.084066636767,2369.735777491523,2380.9338586137587,771062.0
2023-11-13,2382.039306640625,2390.7383655697163,2375.1667004252595,2381.126197619796,760809.0
2023-11-15,2389.96923828125,2405.973638005133,2379.9726779293683,2404.8680979371084,1457029.0
2023-11-16,2394.5830078125,2408.6168655699284,2379.3478638462443,2384.0096240608077,1420578.0
2023-11-17,2430.724609375,2435.242280505872,2369.3989427459933,2369.3989427459933,1756043.0
2023-11-20,2409.241455078125,2436.203629376514,2403.0416545438093,2436.1555216090155,944231.0
2023-11-21,2408.088134765625,2419.38243097698,2401.1193136990446,2407.8478305909152,1088806.0
2023-11-22,2424.09228515625,2426.3512382545014,2406.8866002136365,2410.4911628137966,816610.0
2023-11-23,2422.169921875,2429.7155670052152,2409.001299729014,2409.001299729014,1023670.0
2023-11-24,2417.652099609375,2422.0737901202465,2410.2026704841705,2417.5561187464655,735137.0
2023-11-28,2413.1826171875,2433.5603641585562,2403.041734135041,2433.5603641585562,1880641.0
2023-11-29,2427.1201171875,2430.580356278902,2410.827542118069,2414.576193135095,1265214.0
2023-11-30,2446.8251953125,2455.4280377646614,2418.565283786909,2418.565283786909,3095684.0
2023-12-01,2464.222900390625,2481.81321151669,2443.412654382418,2448.6993458061406,1345599.0
2023-12-04,2501.3740234375,2507.237303937237,2475.1327631308727,2477.055196344955,2188039.0
2023-12-05,2463.838623046875,2534.72835227723,2457.1582141419476,2534.72835227723,3108717.0
2023-12-06,2468.068115234375,2483.4956911373406,2463.5985511777303,2470.3270684848876,1573754.0
2023-12-07,2420.583984375,2460.5225856827965,2401.69616985785,2452.1600472249447,3925967.0
2023-12-08,2424.47705078125,2435.6751320283192,2411.020016307216,2421.304988577959,1605805.0
2023-12-11,2406.550048828125,2431.8300944655984,2402.0804851315706,2424.4768807268692,2012243.0
2023-12-12,2405.684814453125,2420.3433674130333,2400.157819074799,2403.041468837404,1677929.0
2023-12-13,2414.480224609375,2419.094111875286,2401.167513622758,2410.5874845673156,1513205.0
2023-12-14,2418.757568359375,2426.879801973957,2404.19499556596,2423.5636515244564,2166569.0
2023-12-15,2425.0537109375,2433.80087747022,2409.7704580639183,2422.266276155195,2543337.0
2023-12-18,2437.1650390625,2445.8159897040155,2417.4600959346035,2422.410268266204,1969036.0
2023-12-19,2461.387451171875,2467.395055289173,2436.684229975954,2436.7323377432995,1656220.0
2023-12-20,2458.311767578125,2473.162519005037,2448.21899199276,2473.162519005037,1468642.0
2023-12-21,2454.178466796875,2479.9391216617246,2437.64558625354,2443.6531907149297,1945695.0
2023-12-22,2475.70947265625,2479.6984275224845,2448.0263887172355,2459.9453802254166,1174984.0
2023-12-26,2484.5048828125,2491.137184220364,2467.4913940371575,2475.7098438144135,893776.0
2023-12-27,2507.141357421875,2510.697811982238,2480.803881224971,2485.70617985684,1073278.0
2023-12-28,2531.65234375,2537.6118397726373,2505.747603153392,2512.4761193952136,1635216.0
2023-12-29,2560.63330078125,2563.661274331084,2519.5893927061984,2531.652709789761,1305681.0
2024-01-01,2551.7900390625,2565.8717698748246,2535.689659307609,2560.5372049175576,526353.0
2024-01-02,2512.42822265625,2551.020978758828,2505.8919022522155,2545.3017864073136,1310629.0
2024-01-03,2505.45947265625,2526.6543481330496,2494.8860888029035,2498.2022395315885,1008270.0
2024-01-04,2492.002197265625,2521.2711964354744,2487.676722471893,2505.4592299572364,1376844.0
2024-01-05,2518.43603515625,2527.903879499855,2494.3575082291054,2494.3575082291054,1150738.0
2024-01-08,2478.2568359375,2524.1549311245517,2466.9625402631996,2523.145606704356,1189828.0
2024-01-09,2479.698486328125,2488.589739743586,2471.816557261796,2482.3899397018035,1017205.0
2024-01-10,2477.439697265625,2493.684399436957,2465.5207046868295,2479.93895442184,881278.0
2024-01-11,2437.837646484375,2488.5899330735856,2433.6564948160362,2479.9389831324256,2399600.0
2024-01-12,2445.335205078125,2455.908588433416,2414.432183049432,2435.2424300571656,2979841.0
2024-01-15,2473.40283203125,2478.737631794146,2432.839533134652,2447.2577840224512,1391204.0
2024-01-16,2469.4619140625,2484.3607728897164,2457.206401156241,2473.402761723246,1599406.0
2024-01-17,2463.501953125,2471.624421207969,2441.2498824973773,2450.141136129861,3047652.0
2024-01-18,2449.18017578125,2470.3269433900364,2439.1355081014863,2470.3269433900364,1273095.0
2024-01-19,2465.905029296875,2474.123478353003,2433.8004879767354,2465.5206365167164,1323064.0
2024-01-23,2283.418212890625,2384.2978512994473,2273.709831056434,2355.9419607074965,4369332.0
2024-01-24,2346.95458984375,2351.039760693699,2275.343947885817,2295.3854093361483,1551469.0
2024-01-25,2334.122314453125,2372.2825665017513,2326.3363661318594,2359.594554328448,2364765.0
2024-01-29,2349.59765625,2354.0193462775947,2316.5319005835045,2316.5319005835045,1587091.0
2024-01-30,2363.295166015625,2397.8029837268405,2352.385498102803,2358.825602569055,1793711.0
2024-01-31,2385.30712890625,2389.4882803625414,2347.050660838892,2354.9806978827833,1445004.0
2024-02-01,2377.66552734375,2414.143651172756,2372.61914008399,2379.1073522751103,1727534.0
2024-02-02,2357.47998046875,2390.4495228584947,2347.2909904089747,2380.933572171593,1956115.0
2024-02-05,2325.663818359375,2369.1588742720683,2319.175605598918,2368.4379617431287,1315445.0
2024-02-06,2332.248046875,2346.666296218703,2324.2699019704123,2330.902202799705,1557511.0
2024-02-07,2331.3828125,2345.272345774969,2318.021995302354,2345.272345774969,1149076.0
2024-02-08,2323.308837890625,2347.0989508697385,2305.958829773469,2347.0989508697385,1758661.0
2024-02-09,2330.13330078125,2334.266579403876,2312.7835275950797,2323.3088032155542,886474.0
2024-02-12,2293.126220703125,2335.612180915358,2289.617874084773,2330.08518562737,1292460.0
2024-02-13,2301.152587890625,2307.8329964640893,2287.7917707436964,2297.307721411276,957865.0
2024-02-14,2295.337158203125,2301.152565631293,2278.083366978348,2292.5016161364383,1397975.0
2024-02-15,2259.67626953125,2292.213312532259,2255.735187373002,2276.4975610105416,2553695.0
2024-02-16,2283.1298828125,2289.618095299179,2266.1645025494804,2278.0353875552187,2363302.0
2024-02-19,2294.568115234375,2302.0656516566646,2281.7360144140926,2296.8270681155595,576683.0
2024-02-20,2310.86083984375,2315.0419911020167,2276.353024326304,2278.1794766046387,1032995.0
2024-02-21,2313.744873046875,2328.835928697773,2301.24905561955,2310.8612228713387,1127778.0
2024-02-22,2295.481689453125,2326.4328201820526,2273.9984023925185,2326.4328201820526,2258516.0
2024-02-23,2301.248779296875,2312.2065547793372,2291.4922899045896,2295.9139801782985,1210775.0
2024-02-26,2311.005126953125,2313.2159721788876,2287.6956232290477,2298.365221895274,831596.0
2024-02-27,2312.014404296875,2315.52275112335,2296.4906149378007,2310.8128835108178,1120424.0
2024-02-28,2327.63427734375,2330.9504279253597,2307.8812278139335,2317.5896100629743,629152.0
2024-02-29,2318.7431640625,2334.603240103048,2304.2768053456502,2330.9505695956627,2848084.0
2024-03-01,2316.24365234375,2344.2151499760976,2310.764764520349,2323.2124728690296,2326244.0
2024-03-04,2328.066650390625,2333.737734571899,2311.1491440334266,2322.491547068001,1501261.0
2024-03-05,2306.77587890625,2326.1443005982023,2298.365233191277,2311.726050801106,1587199.0
2024-03-06,2307.689208984375,2315.427050718229,2283.178181979929,2310.7650556348353,1354111.0
2024-03-07,2325.7119140625,2331.911714844805,2309.803730738692,2311.678056369801,1820704.0
2024-03-11,2297.16357421875,2319.4156445318367,2291.1078627337656,2315.5707781505157,2040761.0
2024-03-12,2285.91748046875,2292.501908960792,2269.240510948934,2287.6958252942077,1012157.0
2024-03-13,2222.90966796875,2282.889491692188,2214.499022473042,2282.889491692188,2322669.0
2024-03-14,2244.056396484375,2250.880893627091,2212.576552438003,2215.460202274312,2292515.0
2024-03-15,2237.424072265625,2246.315326766892,2226.0816682377067,2239.6830253861167,2751403.0
2024-03-18,2210.750244140625,2234.8287687773436,2207.914701884541,2230.791705677831,2487402.0
2024-03-19,2179.02978515625,2214.5466893216744,2159.7094735343794,2194.697661669194,4220638.0
2024-03-20,2154.99951171875,2177.588101842682,2153.1251862811687,2162.737352291352,2995013.0
2024-03-21,2155.384521484375,2171.532775508243,2147.3582675733664,2147.3582675733664,3504486.0
2024-03-22,2169.033447265625,2178.116897542949,2145.4836396796577,2152.212156132791,3507809.0
2024-03-26,2153.12548828125,2171.5326949037612,2145.435754394531,2145.531969936937,3027027.0
2024-03-27,2152.8369140625,2175.233309253919,2149.2804593423607,2162.7374926298353,2168861.0
2024-03-28,2176.53125,2199.16771681085,2153.221743723947,2157.9316119480163,3186360.0
2024-04-01,2197.2451171875,2205.992282853251,2174.2721323808514,2181.961865828706,1427873.0
2024-04-02,2198.01416015625,2208.8759556978766,2188.738512957842,2208.8759556978766,1221495.0
2024-04-03,2177.347900390625,2193.3522983556677,2173.3589451770617,2193.3522983556677,1175309.0
2024-04-04,2177.107666015625,2193.496457295735,2162.0166111185067,2181.961857169728,1890255.0
2024-04-05,2179.02978515625,2192.0543161881515,2170.52315959319,2177.1073520791283,1153449.0
2024-04-08,2180.952392578125,2200.176724886131,2179.2702635011747,2188.6902332665027,1127294.0
2024-04-09,2176.338623046875,2186.3835249561675,2168.2644969116745,2182.9230510856314,1189343.0
2024-04-10,2173.21484375,2188.5943116618496,2170.1389971020412,2188.5943116618496,2308993.0
2024-04-12,2145.72412109375,2177.011772119853,2142.1676661805636,2173.2147783557252,3388551.0
2024-04-15,2108.957275390625,2141.3502270656313,2105.064301323637,2141.302119302431,4909564.0
2024-04-16,2134.670166015625,2144.714833933699,2087.810850316233,2098.336126600455,2821129.0
2024-04-18,2128.902587890625,2150.9143543197647,2123.375592400965,2129.142892042349,3392171.0
2024-04-19,2145.051025390625,2156.7297130319407,2110.831621088865,2133.9008191335524,2337694.0
2024-04-22,2154.567138671875,2166.149846333918,2142.600038215488,2162.7374802639833,1804108.0
2024-04-23,2174.99267578125,2185.325753348214,2161.487536770957,2165.620814732143,1991778.0
2024-04-24,2172.590087890625,2180.3760371789404,2158.556229932344,2178.165191792081,1404398.0
2024-04-25,2144.330322265625,2152.981272376825,2129.1911595710244,2151.251035420177,4951866.0
2024-04-26,2136.447998046875,2167.543449157478,2132.5552585254745,2157.931283085826,2307512.0
2024-04-29,2139.764404296875,2147.357921699967,2133.900889066216,2147.357921699967,1395292.0
2024-04-30,2143.945556640625,2153.3655264224535,2138.706973011922,2145.4835970967697,2119102.0
2024-05-02,2139.95654296875,2156.201009483979,2119.530690414858,2119.530690414858,2140383.0
2024-05-03,2131.065673828125,2148.9441648375323,2118.5217481219383,2145.4358175173165,2595307.0
2024-05-06,2168.697021484375,2173.7915168110444,2126.211291260681,2138.7071080718874,1619256.0
2024-05-07,2287.118896484375,2296.9234944521527,2171.3885009699343,2178.1170177945423,8277810.0
2024-05-08,2250.25634765625,2280.246261031328,2234.8287730626357,2274.623049604483,1813439.0
2024-05-09,2235.45361328125,2270.490151125583,2229.4941164389406,2249.8239912546965,1558987.0
2024-05-10,2270.92236328125,2279.0445967528176,2230.983765948245,2230.983765948245,2610266.0
2024-05-13,2269.095947265625,2289.2814965269827,2256.840435214087,2281.928283164871,1170617.0
2024-05-14,2258.474609375,2280.294179184719,2255.735048205718,2269.0479919382315,689430.0
2024-05-15,2233.194580078125,2264.4341196671453,2227.763565469436,2258.426515900026,812282.0
2024-05-16,2252.274658203125,2257.032868270841,2212.095990708857,2246.363269783034,1880021.0
2024-05-17,2230.359130859375,2260.6853282003162,2225.3127434849703,2260.6853282003162,1264582.0
2024-05-21,2221.0830078125,2234.636254869484,2212.4801667302895,2217.5265535556764,1663959.0
2024-05-22,2275.103515625,2281.92824747066,2221.0831887144805,2221.3716006338227,1914851.0
2024-05-23,2290.0986328125,2294.2319112772707,2263.665175350866,2275.103559438179,1614718.0
2024-05-24,2277.17041015625,2290.819640002725,2272.9890237524455,2286.253860797852,974100.0
2024-05-27,2292.021240234375,2306.8719914386197,2270.8744726582977,2277.1704890301303,1116934.0
2024-05-28,2303.027099609375,2315.571024447078,2286.3020229404683,2297.30790719324,1631747.0
2024-05-29,2281.3515625,2302.1139365481226,2277.5066958001285,2288.8490994991575,1592495.0
2024-05-30,2260.20458984375,2280.4382459438207,2243.527622854832,2276.160879064105,1837380.0
2024-05-31,2238.7216796875,2285.2444715554675,2227.7157960085565,2261.74277145962,5529186.0
2024-06-03,2264.530029296875,2294.8564590938263,2253.3800578590203,2288.6566591355686,1207445.0
2024-06-04,2399.4853515625,2412.7020814982593,2251.2657798718847,2281.9284994540258,7826048.0
2024-06-05,2501.806396484375,2618.3057963865517,2427.071809095398,2435.2902576011925,11061076.0
2024-06-06,2450.718017578125,2499.1632419376433,2420.343478153456,2499.1632419376433,4102547.0
2024-06-07,2477.82421875,2495.7989223831146,2427.07193491907,2456.1968450725035,3974253.0
2024-06-10,2465.857177734375,2493.0594206488636,2447.2575420592607,2478.977690876211,1449122.0
2024-06-11,2457.206298828125,2476.766917025401,2452.352107768287,2466.4819457138465,1402423.0
2024-06-12,2430.62841796875,2468.4042780366603,2419.3822304588293,2468.4042780366603,1754677.0
2024-06-13,2390.93017578125,2408.6167027553947,2351.568401318949,2391.4588918675045,3123098.0
2024-06-14,2406.79931640625,2436.5475426423045,2397.724285194477,2400.2478917119292,1729552.0
2024-06-18,2413.10791015625,2424.512241154475,2400.3931995365956,2406.944623727065,1820933.0
2024-06-19,2384.718505859375,2421.600599153089,2379.380308145811,2421.600599153089,986976.0
2024-06-20,2409.17724609375,2416.7478288529137,2374.6730278925506,2384.7186407596823,2163310.0
2024-06-21,2369.48046875,2405.1007594830376,2355.1643928006965,2402.189015222162,3646215.0
2024-06-24,2370.35400390625,2395.2495606319985,2355.6497895105103,2363.3658647573675,1945519.0
2024-06-25,2360.648193359375,2374.7216246112826,2356.474645665412,2367.5879930137835,833789.0
2024-06-26,2373.654296875,2394.424646941484,2360.8424310457776,2365.3072008903105,1738656.0
2024-06-27,2389.717041015625,2410.147828089514,2364.3364306830586,2377.8759946247305,3402726.0
2024-06-28,2400.29638671875,2417.232984813931,2390.396503797189,2390.5419962243377,2129791.0
2024-07-01,2431.403564453125,2448.776876762152,2378.0215873536727,2388.6494063118025,3312865.0
2024-07-02,2412.040283203125,2441.0122329179167,2406.411100622321,2441.0122329179167,1305210.0
2024-07-03,2436.499267578125,2445.71979146585,2401.5097584861905,2413.496297365214,1406405.0
2024-07-04,2422.5224609375,2462.219380127531,2419.562140443245,2441.0606594124497,1977010.0
2024-07-05,2472.07080078125,2478.86487051249,2422.522573421036,2422.522573421036,1754286.0
2024-07-08,2511.039794921875,2518.6589543648624,2461.6372921032303,2484.6886023792094,2818809.0
2024-07-09,2513.951416015625,2537.099878087564,2492.453131954424,2511.039671702594,1479529.0
2024-07-10,2533.654296875,2548.746885802939,2497.3060689912268,2505.0707205854474,1764036.0
2024-07-11,2532.1015625,2540.060283161406,2513.854583474437,2540.0117066962384,1432671.0
2024-07-12,2545.107177734375,2561.8497075526293,2524.4823221611628,2524.4823221611628,1912642.0
2024-07-15,2543.214599609375,2551.9012561227323,2536.760090845706,2550.688029320354,920101.0
2024-07-16,2609.359619140625,2644.834418084959,2547.3395600466733,2548.698279276291,3298003.0
2024-07-18,2657.840087890625,2670.2635775618123,2576.8936915714958,2620.5698558354193,5569762.0
2024-07-19,2646.775390625,2662.3046925135222,2636.050419116571,2658.4223670413917,1668862.0
2024-07-22,2654.831298828125,2669.050221276368,2626.0534187066073,2626.101995167326,1911629.0
2024-07-23,2684.96826171875,2728.595853311204,2651.6286919831223,2665.2168331572675,3906259.0
2024-07-24,2637.1181640625,2676.3295567061523,2596.402322900649,2667.1576101328446,3611927.0
2024-07-25,2627.557861328125,2644.688764839163,2591.452281427988,2637.118182692761,2166670.0
2024-07-26,2631.294921875,2646.7756488135715,2608.1950356707994,2643.863904425438,2135309.0
2024-07-29,2631.828857421875,2639.981647137038,2613.581878057342,2631.440482651685,957011.0
2024-07-30,2612.222900390625,2673.3211941210275,2606.3994115108435,2635.711161772439,1560399.0
2024-07-31,2626.0537109375,2629.9360368935118,2596.3540595490326,2625.4229277529967,1751085.0
2024-08-01,2635.662353515625,2644.7857238415877,2615.910927352041,2634.157904962315,1886392.0
2024-08-02,2613.339111328125,2678.319491535029,2602.2743407046587,2632.2168729998184,1738872.0
2024-08-05,2636.001953125,2661.334222675603,2587.764104503914,2597.227273238811,3118731.0
2024-08-06,2669.1474609375,2690.20903019787,2628.96524828348,2640.0785950237046,2296031.0
2024-08-07,2663.32421875,2700.012246928229,2655.0256995137474,2699.866517527861,1713875.0
2024-08-08,2652.793212890625,2678.076907446923,2640.3697227462762,2672.9813547553963,1464161.0
2024-08-09,2666.38134765625,2676.8636748479075,2638.622859990569,2674.9225119219846,1284031.0
2024-08-12,2667.837158203125,2682.1046579872973,2642.3108189254185,2657.451984181087,1297178.0
2024-08-13,2660.751708984375,2676.5236564605643,2649.784328921455,2661.334152597603,1051237.0
2024-08-14,2641.971435546875,2661.8683564179764,2626.9759986722806,2660.363907692145,946995.0
2024-08-16,2667.400390625,2672.593096011396,2630.9550108698363,2657.3547781329457,1727926.0
2024-08-19,2661.8681640625,2678.562117366071,2656.5299661657655,2669.1475248307747,1130327.0
2024-08-20,2670.1181640625,2675.165140246076,2654.588860754042,2661.8682216798816,1097889.0
2024-08-21,2709.0869140625,2712.8723239179676,2662.2563587851414,2668.613714717056,1417729.0
2024-08-22,2710.6396484375,2727.333600307501,2700.2544753582456,2720.490954381254,1552947.0
2024-08-23,2732.769287109375,2738.010332274373,2689.821056977102,2716.851608794936,2111401.0
2024-08-26,2738.15576171875,2751.549833114722,2721.1222468451892,2732.7692242402322,1152244.0
2024-08-27,2685.501708984375,2741.019157279429,2678.368077529086,2726.3632826569533,1357212.0
2024-08-28,2683.02685546875,2699.9148774708824,2664.9739461905906,2678.804731489039,1723549.0
2024-08-29,2703.31201171875,2727.333902856005,2664.246107950083,2688.462067987683,2129934.0
2024-08-30,2696.275390625,2733.448709240914,2678.902076663861,2713.4546356789924,4029712.0
2024-09-02,2707.0,2726.2658978957274,2697.2456099024953,2711.804330358968,957950.0
2024-09-03,2712.095703125,2744.7556730503247,2693.363434369963,2698.216341458918,2022116.0
2024-09-04,2757.66455078125,2760.188157340057,2690.111986931693,2698.216436840079,1640986.0
2024-09-05,2754.94677734375,2771.0099471964018,2740.582124971867,2756.4998023952226,1945173.0
2024-09-06,2755.43212890625,2782.123118479223,2744.9014624679285,2744.9014624679285,1672730.0
2024-09-09,2835.844970703125,2851.7624119394613,2759.5571728010573,2769.166071475763,3342754.0
2024-09-10,2813.327392578125,2851.180067874474,2802.553844056592,2847.6858799868537,1536584.0
2024-09-11,2818.714111328125,2863.2153669847785,2812.8422829388005,2825.9451329233075,1913665.0
2024-09-12,2869.4267578125,2876.2208276163733,2809.056642089753,2825.362457010719,2454564.0
2024-09-13,2846.666748046875,2869.426835111309,2832.641893822737,2869.426835111309,1902001.0
2024-09-16,2782.754150390625,2824.3919995176966,2724.810248668883,2824.3919995176966,1489057.0
2024-09-17,2788.9658203125,2828.177216442892,2775.9601235551504,2782.7541937629762,1098661.0
2024-09-18,2791.246826171875,2808.42607086622,2777.512956142777,2789.451155662023,464796.0
2024-09-19,2826.090576171875,2847.9772355641235,2788.8203427591193,2791.6349342197495,1713010.0
2024-09-20,2890.00341796875,2901.4077499970376,2810.2214332765097,2838.7566700584757,3641632.0
2024-09-23,2939.45458984375,2945.7147930006277,2882.5784203092207,2892.33281157887,1300470.0
2024-09-24,2863.749267578125,2931.156104781509,2859.430227331959,2931.156104781509,1929308.0
2024-09-25,2862.196044921875,2873.260815338254,2819.636191624619,2863.749069984707,1055354.0
2024-09-26,2898.25341796875,2904.8048428813454,2854.674167856613,2864.2830665701063,1902889.0
2024-09-27,2878.9873046875,2940.8618738147916,2865.884454754662,2898.253441779502,2977081.0
2024-09-30,2871.271240234375,2909.706124674832,2856.0331583870834,2876.9975761841415,1627702.0
2024-10-01,2837.737548828125,2875.541649372102,2806.339143756762,2875.541649372102,1184642.0
2024-10-03,2808.23193359375,2837.106731735907,2776.9306818262016,2823.1787931428157,1233447.0
2024-10-04,2764.944091796875,2828.27453567217,2734.1767051525835,2805.9511608195753,2456486.0
2024-10-07,2750.04541015625,2782.1231747563133,2741.9411971515387,2761.3042498599384,1280975.0
2024-10-08,2735.875244140625,2801.0982750877915,2716.366460746994,2760.333851126015,1761488.0
2024-10-09,2687.4912109375,2742.7174325285027,2679.4839147128605,2740.339318628453,1476282.0
2024-10-10,2673.66064453125,2705.398610217547,2652.793143577846,2688.5105879502285,2065078.0
2024-10-11,2701.322265625,2707.922266928901,2656.5300261363855,2683.463661587022,679307.0
2024-10-14,2707.048828125,2722.1897566323278,2683.657720300339,2709.475281759991,874010.0
2024-10-15,2699.623779296875,2716.9487533001934,2683.9004068922713,2710.9311955846492,1082666.0
2024-10-16,2699.4296875,2715.2502127006615,2674.5343678170534,2707.09718625598,1170797.0
2024-10-17,2658.082763671875,2700.1575638443824,2643.3299731877614,2697.68253378276,1368242.0
2024-10-18,2637.1669921875,2659.3932129429836,2614.212598375217,2658.0828331824578,1137277.0
2024-10-21,2614.3095703125,2657.451866034502,2601.5948592234436,2635.128493894694,792345.0
2024-10-22,2602.808349609375,2630.2758533291735,2595.092274110287,2606.1084688697565,1272253.0
2024-10-23,2581.0673828125,2613.8245078342925,2543.8940646553547,2543.8940646553547,1431962.0
2024-10-24,2431.403564453125,2569.128970586372,2380.448040858193,2569.128970586372,9216267.0
2024-10-25,2453.678466796875,2465.276867660535,2426.5507628298415,2428.6859946148834,2761166.0
2024-10-28,2500.02392578125,2513.417998144498,2445.9625825267967,2469.1593860637768,852829.0
2024-10-29,2472.70166015625,2509.632330583052,2461.394481395327,2509.632330583052,1695654.0
2024-10-30,2479.786865234375,2487.8913145923343,2458.870788970481,2481.776604467718,1200637.0
2024-10-31,2453.87255859375,2488.0855548126483,2449.8447403470686,2479.7870359976687,1901355.0
2024-11-01,2462.8505859375,2471.0519523196854,2437.4699741899085,2469.1107892962864,118532.0
2024-11-04,2450.52392578125,2472.0707851149646,2429.850494909821,2472.0707851149646,1097260.0
2024-11-05,2447.175537109375,2455.813616889939,2433.247599068502,2445.865157420273,702046.0
2024-11-06,2455.3740234375,2476.386285924596,2449.77738556988,2469.6112066402106,1219166.0
2024-11-07,2430.630859375,2464.407253718044,2421.401332931118,2455.374054274254,1322446.0
2024-11-08,2462.247314453125,2469.6605169147483,2422.579669604473,2438.927788649835,1700877.0
2024-11-11,2445.899169921875,2469.316739128912,2430.189173754933,2463.5237739285594,1175577.0
2024-11-12,2416.884765625,2451.692178555918,2411.484454346943,2449.7775706822567,1624222.0
2024-11-13,2420.272216796875,2427.980029788182,2405.985890652603,2417.4740174733843,1262017.0
2024-11-14,2345.89501953125,2420.026560463074,2340.4947086024417,2415.804451248359,2443393.0
2024-11-18,2378.984375,2381.0464079817834,2332.6890737165863,2357.62859793872,1374215.0
2024-11-19,2366.661865234375,2395.970682267616,2361.507022871615,2387.8210740176746,1133370.0
2024-11-21,2339.611328125,2380.800928160588,2333.0328148891485,2380.800928160588,1291829.0
2024-11-22,2400.92919921875,2407.6551370493976,2334.7509378705845,2347.613353088314,1696471.0
2024-11-25,2426.654296875,2460.2835069783887,2413.0554754508216,2425.2306264341637,4368045.0
2024-11-26,2434.263916015625,2449.7284438602323,2415.80462213737,2441.186181184411,982442.0
2024-11-27,2441.82421875,2447.7646089278323,2413.4481343744396,2430.2871904428803,948232.0
2024-11-28,2417.57177734375,2493.1269856575846,2408.7349052669156,2440.9404425567004,2540530.0
2024-11-29,2450.906494140625,2462.050868133835,2410.600728530422,2410.600728530422,1795164.0
2024-12-02,2434.21484375,2445.359218749969,2415.9521160801214,2439.9589072851527,1006993.0
2024-12-03,2437.847900390625,2446.291879693493,2421.3032144140357,2435.0494613734018,1641588.0
2024-12-04,2419.830322265625,2447.8137526509245,2412.024465943355,2436.12953900783,1321495.0
2024-12-05,2449.384765625,2469.414913971408,2405.642199026858,2420.910398823739,2071795.0
2024-12-06,2438.78076171875,2450.5632597319986,2430.1402152325936,2449.777711921342,1308086.0
2024-12-09,2357.23583984375,2432.054648922866,2340.1021731538126,2420.3212934353196,3385021.0
2024-12-10,2353.897705078125,2369.2639501866993,2345.0116899782884,2365.0418405006158,2063838.0
2024-12-11,2357.824951171875,2365.6799489199275,2341.77120363809,2361.4086980082207,1718225.0
2024-12-12,2302.447021484375,2356.450129788821,2295.623040287186,2341.8202926979993,3231056.0
2024-12-13,2346.779052734375,2351.1483476463695,2291.155701547438,2302.447261734775,2260902.0
2024-12-16,2323.262939453125,2349.626373461965,2320.170129749529,2346.975359470951,1247552.0
2024-12-17,2320.41552734375,2336.861929579234,2310.6950631027157,2310.6950631027157,2131569.0
2024-12-18,2316.43896484375,2339.8076328717684,2307.454906369584,2307.454906369584,988403.0
2024-12-19,2317.0771484375,2343.685809457716,2293.659340534284,2304.459962428923,1655915.0
2024-12-20,2291.597412109375,2330.479748587135,2282.515070557055,2309.467724557705,2069691.0
2024-12-23,2296.5068359375,2309.124022795506,2273.285593186901,2294.641369734494,1066199.0
2024-12-24,2293.217529296875,2314.229552226785,2288.848234775878,2288.848234775878,683646.0
2024-12-26,2290.46826171875,2299.403417590653,2282.564122249837,2289.9773243568984,1033769.0
2024-12-27,2298.814208984375,2303.134361905232,2286.049837508968,2300.5324897599107,556816.0
2024-12-30,2301.0234375,2316.389681190017,2282.8587549338595,2299.05968803339,924180.0
