Date,Close,High,Low,Open,Volume
2014-01-01,177.51211547851562,178.86242309357826,176.59035437347183,178.02959587332887,3102869.0
2014-01-02,173.93826293945312,180.79488518384073,173.04884263315634,177.2614697592465,11321513.0
2014-01-03,172.51516723632812,173.84120885455758,168.98982748121185,172.7092257484158,15567502.0
2014-01-06,168.3106689453125,172.87097040570387,167.3808191604517,172.38583079745138,14802265.0
2014-01-07,169.7984161376953,171.28617568426938,165.56962547000208,168.99794330714695,18566515.0
2014-01-08,170.49378967285156,172.03815595496488,168.71494897397065,170.44528521226655,18955475.0
2014-01-09,169.93588256835938,172.3211512066477,168.54515896040314,172.19178788101348,19238686.0
2014-01-10,165.6747283935547,170.54228750875288,164.72871509496912,169.3698748493231,21835286.0
2014-01-13,170.59080505371094,171.59342497541638,166.58032536688904,166.58032536688904,17981914.0
2014-01-14,167.60720825195312,171.5772587665042,167.0492984153124,170.1218400311618,16934159.0
2014-01-15,171.1487274169922,172.8386205714859,168.65025924321145,168.98985830844614,18898968.0
2014-01-16,171.23765563964844,172.46667497110943,169.64478502585806,172.46667497110943,8986741.0
2014-01-17,167.29994201660156,171.72277713875334,166.73394365282047,170.34821743898502,9672228.0
2014-01-20,168.82814025878906,169.47499755865317,166.24073820228628,167.29187622526166,10617040.0
2014-01-21,174.33447265625,174.6498059279413,169.60436500906317,170.28356315475128,14897789.0
2014-01-22,175.93540954589844,176.42862410582543,172.90328407772586,174.68212450474556,12788578.0
2014-01-23,174.5608673095703,176.42864180240184,173.3722773725517,176.42864180240184,10274170.0
2014-01-24,171.1244659423828,173.67952723922247,170.21888198367407,172.0785815035365,10283619.0
2014-01-27,163.2975616455078,168.0599960908794,162.88519235202472,167.98722583741036,27904404.0
2014-01-28,164.72872924804688,166.38628159863035,158.27638762404635,163.44311679773844,26612800.0
2014-01-29,161.9391632080078,167.90636462297508,161.0012385257034,166.85524026225795,26522925.0
2014-01-30,157.59716796875,160.46757568927512,155.81025254278262,159.58624408938812,27447838.0
2014-01-31,159.72372436523438,160.64548555351158,157.09589272570895,159.20624392369356,14484481.0
2014-02-03,155.81024169921875,158.8019239139808,154.50036371790787,158.64020622667908,19562653.0
2014-02-04,156.6431121826172,157.3465626638399,152.59220207151566,153.6029108417605,16988900.0
2014-02-05,156.25498962402344,158.2602161464139,154.47614891863833,157.66189041568336,16441700.0
2014-02-06,154.92893981933594,157.57294874422652,152.98839488761232,156.8614097216207,22979121.0
2014-02-07,155.31704711914062,157.18482166736374,153.70799921206066,156.8613997944576,15640619.0
2014-02-10,155.33322143554688,156.50564785914605,154.63785961094013,155.75367939928677,8923442.0
2014-02-11,156.67539978027344,157.4273680441119,155.5676688816483,156.0366311859534,11240361.0
2014-02-12,161.58343505859375,161.99580443435724,158.03384198661107,158.03384198661107,21465790.0
2014-02-13,159.06068420410156,163.16818640961995,158.47852217048623,161.7936266079913,24636953.0
2014-02-14,159.8450164794922,160.30589029890254,156.893749314888,159.44881075247238,15133266.0
2014-02-17,163.19244384765625,163.9525008126778,159.93393236094676,160.25736778681622,14271416.0
2014-02-18,167.82550048828125,168.79577953799773,162.40813400840221,163.6533168602707,19122130.0
2014-02-19,166.70968627929688,168.6259922138978,166.1679536853955,167.51826122761585,11779856.0
2014-02-20,162.98220825195312,164.94701858775778,162.68303865055455,164.607419561456,10389857.0
2014-02-21,165.80410766601562,167.02503836938192,163.49969816910922,163.49969816910922,8404451.0
2014-02-24,167.56678771972656,168.58558496000214,164.65596366596876,164.96322191531056,10661106.0
2014-02-25,166.7420654296875,169.4750081748473,165.76369760415605,168.79581000316543,15457821.0
2014-02-26,167.60720825195312,168.15702948846646,166.25691417531368,166.74205375376116,10073030.0
2014-02-28,168.8038787841797,169.61244018611663,166.72586865260465,168.98984872091376,15521473.0
2014-03-03,166.53179931640625,169.96011680977918,165.1734167921034,167.728477713694,18154565.0
2014-03-04,172.88714599609375,173.35610839872805,166.88760296809374,166.88760296809374,15723317.0
2014-03-05,177.78704833984375,178.28835157840192,172.33732652042468,173.84124980757676,21977021.0
2014-03-06,183.37420654296875,184.4900261914247,178.42578838149115,178.64409915121385,23331583.0
2014-03-07,194.3625946044922,198.9067323228025,184.22320825701198,185.1692216482629,45170196.0
2014-03-10,193.02037048339844,196.3920815311342,191.18492336626028,191.46791578203457,42221157.0
2014-03-11,193.7561798095703,199.28674676464942,192.5028946056247,193.85320229999238,44639886.0
2014-03-12,195.93930053710938,197.77473424883988,192.11479042091608,193.08506960775495,21739498.0
2014-03-13,197.2895965576172,200.76641903441444,196.31931736142326,196.31931736142326,17975842.0
2014-03-14,196.4810028076172,197.21679389860665,192.11476071348793,193.45697959534675,24014875.0
2014-03-18,194.7830352783203,199.06841883213434,193.85318559884587,196.4810169290211,19604816.0
2014-03-19,195.66436767578125,197.8717546872751,194.5404594564264,195.83417398438328,18888683.0
2014-03-20,194.1766357421875,197.25726624723208,193.59447362201465,195.42990744932757,16807334.0
2014-03-21,193.98252868652344,196.3192650204799,192.64839854032033,195.6724214431246,19290540.0
2014-03-24,200.8795928955078,201.96307164431718,194.70216937891988,194.70216937891988,20422748.0
2014-03-25,202.5533447265625,203.5883055651626,199.55357330038927,200.20043061025285,16143154.0
2014-03-26,203.1920928955078,205.16499188395358,202.39969514603658,204.29173528248876,13291063.0
2014-03-27,203.59637451171875,206.34549406317353,201.51027583527147,203.7742558440298,35664090.0
2014-03-28,203.6287078857422,205.5369251600394,201.81752665931828,205.2134897624287,11252411.0
2014-03-31,201.34048461914062,205.860356071173,200.60469348575987,205.860356071173,13578647.0
2014-04-01,197.9283447265625,203.47508834117286,197.06317671168676,202.512897845343,23417124.0
2014-04-02,201.01705932617188,202.51289379454272,198.93096066984023,198.93096066984023,21486437.0
2014-04-03,199.5131378173828,201.44560751655615,198.1062371218767,201.3243192299845,27446622.0
2014-04-04,198.9794921875,201.31624258500693,196.52145350439523,198.9067219304366,13921022.0
2014-04-07,195.5350341796875,199.8204184032184,194.44346662137556,199.27868571028736,21844784.0
2014-04-09,203.7257843017578,204.32411004864997,195.9959047679751,197.85560438683405,25150895.0
2014-04-10,201.71241760253906,205.35095729027412,200.0386882604629,202.30266820902082,21686857.0
2014-04-11,199.88510131835938,200.81495114896651,198.37308935779933,199.7153085542825,16585882.0
2014-04-15,197.20062255859375,200.74212597577358,196.54567677005915,200.28125227277835,12426375.0
2014-04-16,197.70196533203125,200.03871585381637,196.09293099105957,196.09293099105957,10880776.0
2014-04-17,204.2189483642578,205.90076620545878,198.47814677038733,198.92285684858487,15660562.0
2014-04-21,207.31576538085938,208.91672445462544,203.32953810916317,205.21348958411747,17192499.0
2014-04-22,208.59332275390625,210.00022353084333,205.37524045953688,206.9195931596582,10952617.0
2014-04-23,210.1538543701172,211.0351861201596,207.21876449869865,208.47204973308678,28399723.0
2014-04-24,210.1538543701172,210.1538543701172,210.1538543701172,210.1538543701172,28399723.0
2014-04-25,205.45608520507812,213.21829117501952,203.16785284251506,210.9462360124148,26271410.0
2014-04-28,206.26466369628906,207.63922366184536,202.32695375714528,206.1838048327603,19357426.0
2014-04-29,204.2108917236328,206.91149325983775,202.23799271855393,206.3454948625865,12507649.0
2014-04-30,201.0736541748047,206.82254485875367,199.7152715991093,205.13265184579112,19888929.0
2014-05-02,202.5290985107422,204.43730252426698,201.6639303956232,202.14098139900437,9145994.0
2014-05-05,202.53717041015625,206.50722080589907,200.20042004629695,201.5345504542329,14052241.0
2014-05-06,206.2808380126953,206.9923634302514,204.4373020930455,204.4373020930455,7045379.0
2014-05-07,205.48033142089844,206.5072171583398,203.2244399527861,206.34549944939445,28329075.0
2014-05-08,208.44775390625,209.70911398807394,204.7687847390176,206.16761029682436,16439945.0
2014-05-09,222.93724060058594,224.92631697838388,207.31579204491817,207.82518386116286,34424511.0
2014-05-12,226.18768310546875,228.71039002333868,219.95365214346737,223.4951562919478,28438118.0
2014-05-13,226.52723693847656,230.92581997887672,225.34673572070403,229.30869725395138,22394201.0
2014-05-14,227.9180145263672,228.59721270626483,222.71085562344098,224.29565137653546,20961468.0
2014-05-15,225.60549926757812,227.99885634842198,223.99646497533962,227.91799748950532,22401164.0
2014-05-16,236.95773315429688,257.6407988587449,229.2602089001833,234.48351729706636,64509505.0
2014-05-19,237.45904541015625,241.52611846132325,233.71540779620992,239.4966398073296,42620820.0
2014-05-20,234.4673614501953,240.1434684445595,232.9472475623498,239.3268184455664,22394427.0
2014-05-21,232.95533752441406,235.60742110098388,229.81001221990567,235.2920742819661,19602885.0
2014-05-22,234.72607421875,240.14345427429697,233.205987563553,233.205987563553,17050280.0
2014-05-23,236.23004150390625,237.67735809689347,233.67496667242466,236.1249168430788,18774596.0
2014-05-26,235.2193145751953,242.26190670568033,233.674961952863,235.77723798331945,22024612.0
2014-05-27,234.01455688476562,235.38910308635184,230.85305447809998,233.67494427691335,10500330.0
2014-05-28,235.48614501953125,237.52371214573338,233.0766108781233,234.49160011263123,13082932.0
2014-05-29,232.3731689453125,237.63692009444316,230.73178038420326,235.77722077468528,24559144.0
2014-05-30,229.31680297851562,234.2247917152612,227.166022536579,232.9472543528433,17143027.0
2014-06-02,236.7798309326172,237.71778277862782,228.0311689606743,228.2171524671237,15135730.0
2014-06-03,235.83383178710938,238.9629800423078,232.8744898492188,236.45643685526923,19736579.0
2014-06-04,241.4283905029297,244.2462167315171,237.25505574710493,239.86750941705105,12880208.0
2014-06-05,244.2242431640625,245.5345431702503,239.91778301842893,241.5285311262729,21069081.0
2014-06-06,248.08837890625,250.93431530312793,243.69848538259103,245.80162232198748,21390919.0
2014-06-09,249.07315063476562,252.32804233804683,247.620975509904,248.06329875708852,21202940.0
2014-06-10,247.2454071044922,249.12323564337854,246.0352658770781,249.12323564337854,10364431.0
2014-06-11,245.35096740722656,250.72569465658356,243.69850255270268,246.70298410638247,12749231.0
2014-06-12,243.59829711914062,246.03527747491617,241.72046849173546,245.36761814839076,11788678.0
2014-06-13,238.4155731201172,246.8698935360406,237.28886457782812,244.08239934429974,16782672.0
2014-06-16,236.01194763183594,238.5240402357213,233.85036850106954,237.6226958621954,13089175.0
2014-06-17,241.94580078125,242.33805868417014,234.8518470047553,236.0202718202174,15687243.0
2014-06-18,237.27218627929688,243.3228933395359,235.72820116057773,241.33658492097396,13210807.0
2014-06-19,235.6447296142578,239.61734627235032,233.22443289102424,239.09156206953486,16235054.0
2014-06-20,233.1576690673828,237.85637332774726,232.43158145337827,236.18721090739103,16995341.0
2014-06-23,236.05364990234375,236.9383244507904,233.25780713029022,233.6834466171723,11711777.0
2014-06-24,240.24327087402344,241.34490454286015,236.47094390858885,238.02327773333653,12547546.0
2014-06-25,237.10525512695312,239.35861600933873,236.57112202708143,239.35861600933873,6914721.0
2014-06-26,234.12574768066406,238.8745447189741,233.68342445659783,238.0232658259381,14728395.0
2014-06-27,231.1212921142578,235.38600817962288,229.76091263147677,234.51804536174475,14970114.0
2014-06-30,236.71298217773438,238.80776997444468,232.3481078382389,232.3481078382389,13310649.0
2014-07-01,240.0345916748047,242.28798026757892,237.11357181839068,237.11357181839068,15801005.0
2014-07-02,242.3631134033203,243.86535391844384,241.77891498442145,242.8638509028877,13500459.0
2014-07-03,242.705322265625,244.5330576871844,242.0292859720196,242.47995815680767,13249676.0
2014-07-04,244.1741485595703,244.86685457184416,239.52552388468507,242.8972441340332,7890861.0
2014-07-07,242.25462341308594,245.18402064694018,240.7356850003981,245.18402064694018,10595145.0
2014-07-08,235.55291748046875,244.6749245051298,233.4497666816826,244.6749245051298,11441408.0
2014-07-09,234.1925506591797,237.75621154002357,232.86555282412462,235.536218265413,15815585.0
2014-07-10,231.8473663330078,243.16433391995784,228.95136480424839,234.55141334514417,21087066.0
2014-07-11,226.4392852783203,234.58482286043065,225.5045592652787,231.34664237348025,12540753.0
2014-07-14,224.3778533935547,229.4938485517085,222.55011791721677,229.4938485517085,17222782.0
2014-07-15,232.78207397460938,233.9838803347364,226.24728603643044,226.83984732744176,20701505.0
2014-07-16,243.84034729003906,245.08385621497223,235.75321074065454,235.79495521059144,34666637.0
2014-07-17,242.12939453125,243.59826728283272,240.5603911036262,243.59826728283272,13358004.0
2014-07-18,247.11190795898438,248.2719839718758,239.52553698309188,239.52553698309188,22105369.0
2014-07-21,247.47076416015625,249.81596280944876,246.3774793260742,248.37210848740142,10873830.0
2014-07-22,247.5792694091797,248.68925202019867,244.82514309116033,248.2969941000877,9693398.0
2014-07-23,251.3766326904297,252.44489892385494,248.9062565194749,249.81597781151663,22595353.0
2014-07-24,251.44342041015625,251.8440272909617,248.71434031649534,251.19306562402593,18655884.0
2014-07-25,246.31069946289062,251.26814952274964,245.27582882117062,250.59211322991558,11547481.0
2014-07-28,242.19618225097656,247.7711977461178,240.79410049625224,247.7044346165043,7511350.0
2014-07-30,248.4471893310547,249.87434568648663,241.19466313824745,242.84715554720782,16305135.0
2014-07-31,245.57626342773438,251.20969343752225,244.73333334804067,249.49881461355662,21827960.0
2014-08-01,246.31069946289062,251.12624633902794,243.4063489310658,244.08238522389982,25283104.0
2014-08-04,248.93963623046875,250.5420354784789,247.13694758261553,249.05649272602693,11518006.0
2014-08-05,248.13006591796875,250.17478813919385,244.71660160450364,248.7226131547076,10886089.0
2014-08-06,241.5452423095703,247.99655597585533,240.77742422577177,247.02009959131797,11961031.0
2014-08-07,241.169677734375,245.0004191890442,240.52703703953253,242.69696497993448,10130070.0
2014-08-08,239.8843994140625,240.585454358382,235.65307909912926,238.69095584142445,14898592.0
2014-08-11,240.51034545898438,242.5133516069845,239.37531611283046,241.3532755786431,7812183.0
2014-08-12,244.249267578125,244.85016379558306,240.37680972316093,242.95566532855906,7573830.0
2014-08-13,242.39651489257812,244.53304724018787,241.02777259199493,242.8972524043645,9495711.0
2014-08-14,246.97837829589844,248.63919180809515,243.39799159541445,243.39799159541445,13636485.0
2014-08-18,255.4994659423828,256.55106237238647,247.3455942654988,248.12176124290178,21247732.0
2014-08-19,257.5358581542969,260.26493779914927,254.77338293469177,257.05179041891284,18915512.0
2014-08-20,257.51080322265625,258.8127543171287,255.7164355148885,257.88636334448285,9462876.0
2014-08-21,257.8780212402344,261.02440546941284,255.80825206077648,257.0517889504636,15249839.0
2014-08-22,256.97662353515625,259.68068393812814,256.4925559031065,257.9030143397261,13225470.0
2014-08-25,252.76206970214844,259.05483923509945,251.74386871761507,257.4691375174756,6260974.0
2014-08-26,251.7187957763672,253.2877993655696,247.38728909079268,247.8713568017053,9349499.0
2014-08-27,257.10186767578125,258.5540429327888,254.0973864657126,255.88337740360384,12302625.0
2014-08-28,259.85601806640625,261.0578386775647,257.55256358221794,257.55256358221794,22862356.0
2014-09-01,266.78302001953125,267.53414022431235,260.056277715617,260.056277715617,14692249.0
2014-09-02,265.58123779296875,270.21316457623533,265.06377450651,267.05008268644235,12260539.0
2014-09-03,263.8619384765625,267.2920723189466,262.6434485181937,266.89981448055977,9697814.0
2014-09-04,262.334716796875,264.5714079126876,257.43570906977254,264.17914997678866,15945864.0
2014-09-05,258.2285461425781,263.82025932423073,256.54268609661943,262.33468866353076,12019744.0
2014-09-08,261.69207763671875,262.38478369502997,258.5373723757294,260.8074310645353,8527112.0
2014-09-09,258.0115661621094,260.8575024917025,256.96834661151695,260.8575024917025,8552346.0
2014-09-10,262.0760192871094,263.3613008678909,258.2369563842209,261.05784631630195,14187943.0
2014-09-11,261.3666076660156,264.56305735830273,260.6572038282496,263.2277106058268,9666635.0
2014-09-12,261.1245422363281,262.72694133581064,259.9060521299431,262.72694133581064,6356713.0
2014-09-15,259.2801513671875,260.63216794716493,256.81812407605946,259.81428448702815,7465540.0
2014-09-16,254.67318725585938,259.91438661449166,253.98883022057257,258.8878370533526,7520914.0
2014-09-17,255.34088134765625,257.66938217370296,254.54804463483146,255.7498370527025,10495633.0
2014-09-18,261.2247009277344,261.5585446154124,254.13074669595377,254.54805130555133,6706084.0
2014-09-19,262.426513671875,263.1442383562733,259.80591364340876,262.0426046489103,10378769.0
2014-09-22,263.5364990234375,266.0903359462722,259.78086967405557,260.39011478100485,10506210.0
2014-09-23,256.8013916015625,265.6980618119954,255.96681046556404,263.5615296212121,21190009.0
2014-09-24,253.11256408691406,258.72097594848714,250.0663382749878,256.88489156689604,17279366.0
2014-09-25,244.5831298828125,253.6550441079204,242.44659738411195,252.21121769406605,30332934.0
2014-09-26,246.69459533691406,247.42069693930756,239.52552920914977,244.6999381742792,18873354.0
2014-09-29,243.44802856445312,247.03673531103865,242.5216377602515,246.91987884081774,7073148.0
2014-09-30,239.2834930419922,245.01708171364785,238.2736411298597,242.86385162462426,13333391.0
2014-10-01,238.4990234375,240.86089199762867,236.85487961757485,240.86089199762867,10776667.0
2014-10-07,238.63253784179688,243.1142408554925,236.18720847735685,236.18720847735685,18449612.0
2014-10-08,241.78726196289062,242.8054347411114,238.19020563223896,238.2903363215065,10532802.0
2014-10-09,248.43893432617188,249.5072006446041,242.86388970940126,242.86388970940126,12238358.0
2014-10-10,243.523193359375,247.4540654439147,242.596802354376,245.53454831706227,9018405.0
2014-10-13,246.68626403808594,247.25379273387543,239.82599442149962,241.52855249244433,9459494.0
2014-10-14,246.71128845214844,248.246924531814,242.2462833866084,247.85466661837538,11288403.0
2014-10-15,246.71128845214844,246.71128845214844,246.71128845214844,246.71128845214844,11288403.0
2014-10-16,243.79025268554688,249.3903153237227,242.30470989180733,245.7014489883632,15670605.0
2014-10-17,251.2431182861328,252.26966811325946,245.36765372468898,245.65975297136956,14839423.0
2014-10-20,256.5343322753906,258.5289892622341,254.6815504357657,258.5289892622341,13952152.0
2014-10-21,264.0789794921875,264.79673219640756,257.0517885681355,257.0517885681355,15513168.0
2014-10-22,262.2261962890625,266.0485887319767,260.7823700100882,265.7314708576833,8615480.0
2014-10-27,262.56842041015625,265.06381535134693,261.6754248858379,264.12075447589734,11126714.0
2014-10-28,267.2753601074219,268.38537044368087,263.7283980023891,263.7283980023891,10254244.0
2014-10-29,268.0432434082031,269.22836604069164,266.349034386387,269.22836604069164,10474618.0
2014-10-30,269.4119873046875,271.37327708553937,264.39615083521414,267.08351426738466,26322631.0
2014-10-31,271.5151672363281,272.6084802372594,266.9833702789265,268.95298104644064,21065660.0
2014-11-03,274.6948547363281,275.4126073800118,269.1281883546797,271.40659563033194,13022333.0
2014-11-05,278.9762878417969,280.4201421253661,274.78668419736914,276.3306691703492,16438026.0
2014-11-07,281.20465087890625,282.381424706706,277.3488906224736,280.16978023511257,9347464.0
2014-11-10,278.2502136230469,280.66214731956217,277.65766631579515,280.53696994987894,8030726.0
2014-11-11,281.34649658203125,282.25621776767935,276.6227600100938,277.2487028738723,11662277.0
2014-11-12,285.0854797363281,286.25387662857014,282.62345254237925,282.62345254237925,10523271.0
2014-11-13,282.5065612792969,286.42911212227926,281.5050583403137,285.1271611032431,15610947.0
2014-11-14,282.47320556640625,283.5915370205532,281.2880829659636,281.42160922571423,10524866.0
2014-11-17,279.39361572265625,281.58856242543607,277.415656220247,281.58856242543607,13396053.0
2014-11-18,280.6204833984375,281.67205194660136,279.018083890998,279.75250649241457,11248880.0
2014-11-19,280.9042053222656,284.4261499272811,279.0848187766471,281.0127129306916,14558984.0
2014-11-20,281.74713134765625,282.73193663764846,279.50211932815023,281.3382036354226,8960451.0
2014-11-21,288.8828430175781,290.23485962538405,279.91940828305957,282.25625824072654,17794084.0
2014-11-24,295.9934387207031,296.9448763099499,290.43512127315825,290.43512127315825,13578185.0
2014-11-25,289.9761962890625,295.10054110320664,287.6393460064143,294.95031701478126,17101408.0
2014-11-26,285.4944152832031,289.45036229338535,284.75999275839865,287.01335369797386,15505330.0
2014-11-27,287.6309509277344,289.5671939915487,284.5930740644924,286.1620778454071,15438511.0
2014-11-28,292.8387145996094,296.6110414808999,287.9313585016135,287.9313585016135,16467154.0
2014-12-01,293.4646911621094,296.4107861445178,292.27124757295957,294.77499125180714,17857713.0
2014-12-02,295.5260925292969,296.310608357083,289.6088842796159,292.72190091016466,14228054.0
2014-12-03,299.46533203125,300.14134023830604,293.798506716284,294.6247389693525,12067709.0
2014-12-04,302.28619384765625,305.4993407744819,299.0730469208306,302.53654855728684,13537613.0
2014-12-05,300.28326416015625,304.5813759725287,299.1148391589504,303.6215892876873,8548679.0
2014-12-08,295.2757568359375,302.1193571613904,294.2742536659584,301.2013149236117,6475662.0
2014-12-09,292.4381103515625,298.7392273581346,291.4366353995069,296.27720039464936,8119718.0
2014-12-10,293.8151550292969,296.110260018222,288.4321084293569,288.4321084293569,11679797.0
2014-12-11,290.3934020996094,294.73322982995904,287.3054601448931,293.5230885222715,8902775.0
2014-12-12,289.01629638671875,292.89710249662807,287.59751699752366,290.01779925644007,7508487.0
2014-12-15,288.14007568359375,291.26976247946794,285.5528429043316,286.09532493736845,7925545.0
2014-12-16,275.996826171875,285.8449344490085,274.78668487108723,285.3024524837552,16369716.0
2014-12-17,277.3739013671875,282.381416642409,266.39914024764505,274.9953351135101,25141233.0
2014-12-18,288.5573425292969,289.60059010349494,283.2160113259009,285.385939384466,10631579.0
2014-12-19,297.1118469238281,298.3637329140561,289.3919486890836,291.26977767442554,25004771.0
2014-12-22,299.782470703125,300.9926400649199,292.9806156776377,296.6945286522471,9977669.0
2014-12-23,294.6080322265625,302.035829417941,293.1475082607664,298.6140440203368,8114147.0
2014-12-24,294.6915283203125,297.86295937172304,292.8554440317124,294.0655854007583,13035476.0
2014-12-26,292.89715576171875,297.6960327232928,290.5186175320488,295.56784924426864,3566406.0
2014-12-29,291.3948974609375,296.0268522959475,290.76895458956636,292.10430124958623,4125797.0
2014-12-30,292.31292724609375,293.7734512124209,289.8091838822841,293.7734512124209,6246150.0
2014-12-31,294.6915283203125,296.1103079904022,292.18778465851864,292.18778465851864,5069990.0
2015-01-01,294.0238952636719,294.98365394751454,292.27127174190565,294.3577109719355,2583280.0
2015-01-02,302.3697204589844,303.3712235643792,293.77349714452174,293.77349714452174,8272990.0
2015-01-05,302.9956359863281,306.6260882526367,301.7020336427162,304.87346481882616,10316090.0
2015-01-06,290.14306640625,300.3667365273545,288.93292490226145,299.9494318623105,13282427.0
2015-01-07,282.2979431152344,288.9746205119431,279.961121435418,288.4321385473316,21254332.0
2015-01-08,289.9761962890625,290.85249413273436,284.76004163945214,287.93144528763827,12558144.0
2015-01-09,285.30242919921875,292.43809905129706,281.33816194441545,292.0625389546834,15701030.0
2015-01-12,289.22503662109375,290.1013624472304,282.67356322082225,286.05363309582077,8304115.0
2015-01-13,284.5096130371094,291.26975196127665,283.54985440804086,291.26975196127665,13100848.0
2015-01-14,281.1712646484375,285.2607096200544,277.9163728386153,283.1325262147822,13127934.0
2015-01-15,294.48291015625,297.1118313751533,290.05962097968586,293.8986836503855,16662989.0
2015-01-16,295.3174743652344,295.94341729141297,289.9761432903106,294.482893135804,14726646.0
2015-01-19,301.1178283691406,301.952409603704,295.0253769519012,296.69453942102786,10277015.0
2015-01-20,306.91815185546875,308.170037598456,300.1997581364678,300.1997581364678,11477610.0
2015-01-21,307.50238037109375,309.5888192683902,304.74825413089843,305.874934497409,12457852.0
2015-01-22,308.6290283203125,310.7154950148748,304.289201129414,307.8779081548671,9320935.0
2015-01-23,309.38018798828125,313.3862000707128,307.7110256260753,312.8854345521981,13525550.0
2015-01-27,320.0628662109375,321.1478302078791,311.0493665718306,312.5516351892971,13932787.0
2015-01-28,320.5218811035156,328.3252392172344,318.4771585434371,319.6038389724899,14787690.0
2015-01-29,317.3921813964844,320.3132295133364,313.42791381636573,317.22525955842065,22085259.0
2015-01-30,301.03436279296875,318.8110072522871,295.98513099283986,318.3519861795481,31372235.0
2015-02-02,293.6483154296875,301.03436920451554,292.1043303309678,300.7005255021685,37165959.0
2015-02-03,289.2667236328125,297.7794853275377,288.0148378488636,293.7734732320384,25975650.0
2015-02-04,287.6392517089844,289.8091794005813,283.9670836256167,288.8076764672611,15639435.0
2015-02-05,280.0863037109375,288.1817608378135,277.7077375218048,284.5095924077731,18771838.0
2015-02-06,274.87017822265625,283.7585009883181,273.4931149213967,280.42017590032805,17811770.0
2015-02-09,267.1085510253906,273.32617979920974,265.81492069932847,273.32617979920974,15330887.0
2015-02-10,276.2889404296875,279.5855205013568,264.06226657609113,265.8148897598776,31301276.0
2015-02-11,279.335205078125,283.71674964591335,278.70926213517697,278.83443951719704,13732188.0
2015-02-12,283.049072265625,284.8851565061998,275.4126360862202,282.2562355358272,14372362.0
2015-02-13,286.9715881347656,288.68249479036,283.92536293232274,287.09676549340185,9926537.0
2015-02-16,282.1310119628906,289.55880936801094,280.75394887120683,289.55880936801094,11084024.0
2015-02-18,285.7615051269531,287.0968239456695,283.5081160977857,283.5081160977857,8830098.0
2015-02-19,282.54833984375,286.9716286818456,277.29044177542636,283.8419421259695,10326464.0
2015-02-20,276.20550537109375,280.25323405738095,274.1607547849106,279.585546674257,17197010.0
2015-02-23,274.5780334472656,279.16824369028006,272.908871180064,277.91635798166885,12236793.0
2015-02-24,272.1160888671875,276.5811230975057,270.8224863177027,274.9953932488748,12177664.0
2015-02-25,269.1532287597656,276.2471820527534,268.1099813820431,273.40959513227455,18029910.0
2015-02-26,268.1517639160156,271.6152941515722,267.1919773129038,270.98935123935536,18356309.0
2015-02-27,279.794189453125,281.2964299059387,269.57052143150224,270.9058680689968,17157486.0
2015-03-02,291.31146240234375,293.73177318539325,284.21750793541383,292.8137310302697,16237130.0
2015-03-03,290.9776306152344,291.6870064111692,287.18025680967355,290.4351486430114,16309976.0
2015-03-04,291.5618591308594,302.11934442007214,288.8077325336734,300.45018187930935,27007377.0
2015-03-05,290.2264099121094,292.02077722114893,283.84186124335383,289.0997297969904,12677758.0
2015-03-09,277.74945068359375,286.22049585994233,276.87315305485373,285.4276311341497,13711772.0
2015-03-10,278.4588317871094,281.922361601055,275.7047057217495,277.66599514237856,15690129.0
2015-03-11,277.6242980957031,281.2130058832314,274.57807232428746,278.4171628922732,11762499.0
2015-03-12,282.2562561035156,283.5081139846786,279.29346321474947,281.71377408232286,12265104.0
2015-03-13,275.5795593261719,288.76596474669145,274.5780562792888,287.9313835436926,14368069.0
2015-03-16,276.6227722167969,277.91637445135973,271.78217894191624,274.9953263024417,12496540.0
2015-03-17,279.4603271484375,280.83739014380075,275.53777642989473,277.08176124586294,11214858.0
2015-03-18,279.4186706542969,280.87919487333653,276.28898390390464,277.9998628911501,9603665.0
2015-03-19,275.5795593261719,284.9269024194657,274.0355742948762,283.3411729189878,15488184.0
2015-03-20,265.89837646484375,274.7866986266941,264.3126749574126,274.49459940380183,23389273.0
2015-03-23,261.8924255371094,269.06984171124395,260.7657169392196,268.77774245120816,11517028.0
2015-03-24,260.306640625,264.27093608185965,258.26191822181704,259.1382438325642,18209548.0
2015-03-25,264.4795837402344,266.2322070074426,259.63899051743874,260.3901107724678,15109255.0
2015-03-26,257.0101013183594,261.8089506651955,252.545067672467,259.5555616058076,34971712.0
2015-03-27,262.5183410644531,263.89540430318795,257.2604428682488,261.22471073434775,17383920.0
2015-03-30,265.9818420410156,266.6495294380755,261.51683666350505,263.9788358826823,14140124.0
2015-03-31,263.3111572265625,269.361891712728,261.8923776445172,266.1487444070742,14317689.0
2015-04-01,269.69573974609375,270.7389592198593,262.1010201691296,262.8938848997012,9190830.0
2015-04-06,268.1099853515625,271.6152596109352,266.52428405430607,271.6152596109352,10512775.0
2015-04-07,264.8968811035156,269.9461130119007,262.89390293842007,269.5288364003313,9849292.0
2015-04-08,262.97735595703125,266.81641833701883,262.51833488825224,266.1487589687283,9158573.0
2015-04-09,267.56756591796875,268.6525018823352,264.4795958213267,265.39763795639084,13516230.0
2015-04-10,265.6479797363281,268.44382216335066,264.729937742915,266.64948263972593,9053218.0
2015-04-13,264.4795837402344,266.9833272624716,263.72846348520534,266.9833272624716,8810668.0
2015-04-15,262.89385986328125,268.9863103187659,261.26641410540094,265.689702355253,11297754.0
2015-04-16,260.80743408203125,263.72848240911935,258.8461723846777,263.64502148408053,9682703.0
2015-04-17,258.80438232421875,262.85211040166746,257.2603975076168,262.1009902250553,11639567.0
2015-04-20,259.6807861328125,265.06383436506553,257.30221951244886,261.1413104792262,11663690.0
2015-04-21,259.43035888671875,264.2292077649489,258.67923861241104,259.55553626029604,9953639.0
2015-04-22,261.1829528808594,262.89385954861535,253.2126739412638,261.4333356163303,12256206.0
2015-04-23,260.26495361328125,263.64502303981646,258.512330209971,262.26795979318536,10352840.0
2015-04-24,257.2604675292969,260.8491755848847,256.30070882382296,260.7657146518314,13482295.0
2015-04-27,252.2946319580078,260.76564835314645,247.62096097741642,259.30515243710437,24819034.0
2015-04-28,272.7836608886719,274.24418485028576,255.0487630901851,255.0487630901851,37447522.0
2015-04-29,275.537841796875,279.4186769891423,271.32319090062373,273.5765799805346,24501414.0
2015-04-30,276.37237548828125,278.41712589902914,271.40660509267394,276.2471981228968,20787994.0
2015-05-04,274.8283996582031,281.1712327018274,272.24116748163027,277.70770299508195,11308400.0
2015-05-05,274.1189880371094,276.1637102317102,272.9923078094417,274.8283917433079,10109107.0
2015-05-06,260.5153503417969,282.0893423610814,258.84618777462583,272.82545929521456,19967506.0
2015-05-07,254.21421813964844,261.22471173966966,250.87589319038563,260.5570523531018,16086181.0
2015-05-08,264.5630798339844,266.1487814739177,258.72098282227984,258.72098282227984,15672276.0
2015-05-11,269.98785400390625,271.9073992350918,266.3156853905813,267.1085501653394,9605442.0
2015-05-12,257.2187194824219,270.4051250390545,256.21721642520106,270.0295648946495,13692241.0
2015-05-13,265.10546875,266.35732622961626,255.79984446342434,261.34984027832087,15431501.0
2015-05-14,262.8521423339844,265.35588589899584,259.7642003420635,265.147247606017,11672149.0
2015-05-15,260.6822814941406,264.10406768045755,259.1800127169965,263.1442809594452,12014773.0
2015-05-18,263.9371032714844,264.47958524017554,261.1412605249266,262.89388380207447,7629436.0
2015-05-19,263.18597412109375,266.1487386066084,260.3901034525663,262.0175493036605,9064851.0
2015-05-20,266.02362060546875,267.90142160930316,263.9371532550986,263.9371532550986,7555070.0
2015-05-21,261.6836853027344,267.7344191868579,260.97430959050445,267.23368174196514,11132704.0
2015-05-22,261.7254638671875,265.52280970301723,260.1814788516011,262.89388874606664,8944914.0
2015-05-25,260.5153503417969,262.14276843575493,259.51384719820925,260.3901449385828,5481212.0
2015-05-26,258.4706115722656,261.22473834079364,257.59431379123924,260.3901570184906,5505501.0
2015-05-27,261.3499755859375,262.7270391379473,256.6345583216305,260.2232948660467,12557150.0
2015-05-28,262.4765930175781,263.7284788598891,259.97284934937915,262.2679547160006,11520281.0
2015-05-29,264.7716979980469,266.1487612160114,262.7269754061543,264.6465206205675,22664703.0
2015-06-01,264.10406494140625,266.2322486691607,263.7285047551217,264.5630860598014,7621775.0
2015-06-02,254.13072204589844,264.9803046459853,252.87886437137738,264.5630280932848,13982208.0
2015-06-03,246.82814025878906,253.9220940908245,242.69695093046633,253.9220940908245,22831293.0
2015-06-04,246.2763214111328,248.5684615237618,242.32877685416778,247.71952812973333,20759124.0
2015-06-05,241.18272399902344,248.22887980516953,240.24889440434038,247.21015402022275,23735127.0
2015-06-08,240.37623596191406,242.4985838237959,237.99921376614333,242.4985838237959,21145729.0
2015-06-09,243.72950744628906,244.32375223903964,239.44237837486034,240.16398169335434,19411474.0
2015-06-10,248.31373596191406,249.88427248126177,243.38990021153592,243.64458874126575,17487792.0
2015-06-11,244.9180450439453,252.30378569154772,243.2201782166235,251.28505989551104,21760535.0
2015-06-12,251.24256896972656,252.13396462668618,243.7719329807877,245.76695049942506,20748570.0
2015-06-15,254.0016632080078,254.97792670042563,248.90803401346957,250.4361370209406,17020704.0
2015-06-16,256.4211120605469,257.2276115941897,249.502286503044,252.17641667051296,15828124.0
2015-06-17,255.8268585205078,258.3311962272535,254.72323661680795,258.28876238398,16849471.0
2015-06-18,257.52471923828125,259.5197082883323,256.6757859085862,258.5434449335583,15455462.0
2015-06-19,258.5434265136719,259.77437832911994,255.02033492259977,255.02033492259977,9060393.0
2015-06-22,267.4573059082031,268.1789093389884,259.81687610683696,260.11399854944847,17123638.0
2015-06-23,266.1414794921875,268.94296875,264.86806492110094,267.3724317118525,13093667.0
2015-06-24,269.7493896484375,271.99906716817526,265.41979847039113,266.31119410941113,14984900.0
2015-06-25,267.24505615234375,271.3623931334157,265.8867456079053,268.5609043525904,18385230.0
2015-06-26,264.6133728027344,267.4572955697978,261.93921392615823,267.41486172173074,11342004.0
2015-06-29,264.1888427734375,265.716916991606,254.80811427063426,256.3786223289903,11605396.0
2015-06-30,261.4722900390625,266.22633426688344,258.1189902221651,263.21261921562257,15125139.0
2015-07-01,265.03778076171875,266.14140260473107,262.06649995305924,262.06649995305924,15481941.0
2015-07-02,265.7169494628906,267.79686334516305,264.1039788690244,266.8205714211949,9252723.0
2015-07-03,267.0328369140625,267.8393079944178,263.9341971374586,264.6558005236446,5716323.0
2015-07-06,267.5421447753906,268.90045514825994,259.1376794944883,262.40608265928364,8562220.0
2015-07-07,265.37738037109375,269.96163186231695,264.48598467919845,266.56589846088224,10617091.0
2015-07-08,261.0902404785156,264.5284360792759,260.0290809590131,261.811843770849,13252578.0
2015-07-09,262.7457275390625,263.9766796755172,259.5197574762174,260.6233795634597,6959346.0
2015-07-10,265.8443603515625,267.33000120367876,263.3824273832045,265.29254926373517,10664155.0
2015-07-13,268.60333251953125,269.2825020264997,265.5471837310412,266.9903619369151,8964077.0
2015-07-14,266.0989990234375,269.19761020549237,264.9104808651776,269.11271401574396,8304877.0
2015-07-15,267.11767578125,268.2637600056904,266.01408239574533,266.4809971543795,7378092.0
2015-07-16,269.1976013183594,270.1738647209098,266.90546126725934,267.20258367246095,13466904.0
2015-07-17,269.4947204589844,272.5084353152906,268.7306832839452,269.96163523242126,9339699.0
2015-07-20,268.093994140625,271.48972781246727,264.9529205454183,270.7681529310425,9420104.0
2015-07-21,264.4010925292969,269.5371550513657,263.50972532201445,269.5371550513657,10702263.0
2015-07-22,268.94293212890625,269.70696936823276,263.00036960397847,263.84930303636554,11141670.0
2015-07-23,265.632080078125,269.7069546312855,265.0802691024919,268.9853512788088,15214876.0
2015-07-24,255.190185546875,264.69827453101715,254.08656349543034,264.69827453101715,21177605.0
2015-07-27,247.125244140625,254.55344664058632,246.2763107832317,254.55344664058632,11212545.0
2015-07-28,241.94674682617188,250.73323126292198,239.99419156264784,247.63462024631298,25395273.0
2015-07-29,245.55471801757812,246.10650043609706,241.140230683715,244.0690776260994,13165836.0
2015-07-30,247.0403289794922,249.29003497672923,244.06907670595044,246.19139568730685,13705803.0
2015-07-31,256.7182312011719,262.2363123394179,249.67207570096173,249.96919810487518,38967790.0
2015-08-03,265.632080078125,266.5659096525476,258.24631117294905,258.458565893112,28709585.0
2015-08-04,266.60833740234375,267.6270631418976,260.66577533798227,266.14142262580725,16797983.0
2015-08-05,264.31622314453125,271.489737865227,262.3212338131859,267.20260827176185,13798462.0
2015-08-06,264.0615234375,265.58959771748806,261.005346379309,265.5047015354649,12210084.0
2015-08-07,263.2974853515625,265.3349082181552,261.85427876056775,263.0852306481596,6215341.0
2015-08-10,262.8305358886719,266.56585339808316,260.75062245859624,263.17009207248407,7698226.0
2015-08-11,256.5909118652344,263.0852566724854,255.31749751171023,263.0852566724854,10431195.0
2015-08-12,247.5921630859375,254.80813949274932,246.27631493488494,254.68078096315293,10292540.0
2015-08-13,247.804443359375,253.57718518268229,246.9130475531339,250.64836617315478,13754705.0
2015-08-14,256.8880310058594,257.90675677604503,247.9317537958809,249.7994129581851,9669851.0
2015-08-17,257.1427307128906,258.6708051852597,252.00666779404975,256.33623113124116,8331141.0
2015-08-18,255.61460876464844,258.24630504866224,252.7282239214092,257.22760780819317,5936462.0
2015-08-19,258.50103759765625,259.26507490713436,255.10530355632193,255.57221841191645,8754270.0
2015-08-20,253.19515991210938,260.41113687392345,251.15773676224455,254.8930552843248,15936951.0
2015-08-21,251.70947265625,252.89799064722183,245.00290259584068,249.37489901231254,13769807.0
2015-08-24,229.17025756835938,241.81941879304347,227.09037225895608,239.73950498542405,33312582.0
2015-08-25,240.67333984375,241.43737703564014,226.79324061339267,234.77324003077786,26553623.0
2015-08-26,236.04664611816406,239.61218635247226,234.05165689978801,237.65963097996448,16189880.0
2015-08-27,239.781982421875,241.52228309716673,237.8718608658447,240.03664249743804,27884874.0
2015-08-28,240.84310913085938,245.597152700249,239.1027801953335,241.98916480882772,14365759.0
2015-08-31,235.91932678222656,241.39496029329862,234.6034642764769,240.16400823046277,15079961.0
2015-09-01,230.01918029785156,236.38620870886854,227.7695027205959,233.4573759247829,17342438.0
2015-09-02,224.84066772460938,234.94301405103965,223.35504155079096,234.30630694146942,18825908.0
2015-09-03,226.53857421875,229.0429263514448,222.16654863671542,228.06664865595062,16509187.0
2015-09-04,218.81321716308594,225.05290104189325,216.1815211253041,224.88310868496274,21605844.0
2015-09-07,211.46994018554688,221.78451309470265,210.28143635300702,220.7657873816069,21698736.0
2015-09-08,221.4025115966797,222.6759117117435,211.55485269214657,213.76208240807898,18300349.0
2015-09-09,224.5860137939453,228.36378020511188,222.9730289530313,227.47239872035445,24478703.0
2015-09-10,227.0054931640625,229.21272291852006,217.53985270392363,220.7233601717028,13718266.0
2015-09-11,227.13279724121094,229.1278005359711,224.45865298383512,226.96301912511078,14872838.0
2015-09-14,231.25015258789062,232.01418974792256,223.35504968749876,226.0291939967183,13300446.0
2015-09-15,227.93930053710938,231.75951482528131,226.49610815604203,231.75951482528131,14825729.0
2015-09-16,231.63217163085938,232.56600116125716,228.40621636667683,231.33503498539147,13377086.0
2015-09-18,235.87684631347656,242.24386048746425,233.28758400334044,236.21641679298202,21286324.0
2015-09-21,237.10780334472656,237.99918477843386,230.06163380995312,230.8256852167792,11510079.0
2015-09-22,229.6796112060547,237.99918060759762,228.44865930705646,236.00417731516302,14741229.0
2015-09-23,232.05665588378906,233.45740028550208,224.24644856035835,226.6234706586388,12489166.0
2015-09-24,227.76951599121094,232.26887140786974,226.66589405922673,230.4012122916554,10557228.0
2015-09-28,227.59971618652344,231.50482666533279,226.198971895095,230.91056762527316,8561999.0
2015-09-29,228.36375427246094,231.46236507002462,217.6247153313451,223.86438501607952,29415623.0
2015-09-30,229.5098419189453,231.16527489692666,225.56229727749863,230.3163414847301,13700514.0
2015-10-01,226.7508087158203,232.14156028532105,225.8594271785762,232.14156028532105,7677876.0
2015-10-05,238.50857543945312,239.39997122619025,231.25017884759632,231.25017884759632,13756761.0
2015-10-06,240.03663635253906,241.8194278251487,237.7020766472984,241.09782446701786,10497246.0
2015-10-07,240.24887084960938,240.92801180691632,235.32503478815082,238.46609377618702,7765703.0
2015-10-08,236.38623046875,239.73951597325916,235.28260849947563,239.73951597325916,6649535.0
2015-10-09,242.88058471679688,244.4086591067865,238.16898876640911,238.97547405547127,11102562.0
2015-10-12,244.1540069580078,247.4648444097546,242.15898921947496,244.23887465067764,7892259.0
2015-10-13,244.02664184570312,245.93676334186785,241.52227552755843,242.71079366973535,6102034.0
2015-10-14,240.1639862060547,242.1165414880582,239.35748668798274,240.63090098005082,5325426.0
2015-10-15,243.0928192138672,243.6446302064197,240.80070755085018,241.09782997032818,6759388.0
2015-10-16,245.72450256347656,248.48355737940167,239.8668651820325,243.22016480528777,8890588.0
2015-10-19,243.81442260742188,246.10653427061706,242.45611204913678,245.68208181367774,5806930.0
2015-10-20,242.96546936035156,245.76695794103023,241.3524988588681,243.2201579126539,8710318.0
2015-10-21,239.9942169189453,244.36624267749156,236.6833650894936,242.41368720767267,5616168.0
2015-10-23,243.00791931152344,245.34249328350722,241.64963727230602,242.75325924055608,8208290.0
2015-10-26,242.24386596679688,245.97918407316865,240.88558401805196,244.28131738812976,6085533.0
2015-10-27,240.84310913085938,242.7107680867548,239.48482725287036,241.09779766981256,6090339.0
2015-10-28,230.23143005371094,238.29632543394712,228.4486671562849,237.70206638510243,15503186.0
2015-10-29,230.4436492919922,232.8631192577298,229.50981977883785,231.16525259712466,9035266.0
2015-10-30,235.1552734375,237.40495131007535,229.63719187292776,231.12283250549166,27623495.0
2015-11-02,237.32005310058594,238.80567938221859,234.0516496325992,235.15525732040894,11398428.0
2015-11-03,237.23516845703125,239.99420918447177,236.173994562136,238.04165377757934,9079788.0
2015-11-04,232.05665588378906,238.50856690093224,231.33505251066538,238.50856690093224,7389933.0
2015-11-05,229.25515747070312,232.18399043763796,228.15153553411972,230.91057612646995,11422504.0
2015-11-06,226.7508087158203,229.12783089817435,224.7558194058075,229.12783089817435,12121540.0
2015-11-09,223.39747619628906,224.96801280602426,217.32758446011204,220.1290729537322,13448248.0
2015-11-10,223.10037231445312,226.15654960594347,221.10536888104488,221.9967503621191,8652695.0
2015-11-13,222.208984375,223.27015820223966,219.87441050453762,221.02048051781375,10160904.0
2015-11-16,226.8781280517578,227.81195758321468,220.38376942381768,221.57227325971374,8992376.0
2015-11-17,227.3874969482422,231.20771136003484,225.01047496421805,230.65590039513683,17959700.0
2015-11-18,221.10536193847656,227.72706494634647,220.2988766712294,226.6658911215846,9500657.0
2015-11-19,226.15652465820312,227.51482077710432,222.93055534556754,223.27014006212303,9618626.0
2015-11-20,224.92559814453125,229.42496818879272,223.69464607769783,224.62847571436026,9819811.0
2015-11-23,225.77452087402344,227.3026095476289,218.43122842028612,225.8169689690493,12735592.0
2015-11-24,223.5672607421875,225.30757540489037,220.42620188165154,223.5672607421875,11775700.0
2015-11-26,224.1190948486328,227.26015403425458,223.4823876931371,223.4823876931371,13255344.0
2015-11-27,229.25515747070312,230.06164275176346,224.4586653797707,225.60473541000027,11608418.0
2015-11-30,232.2264404296875,235.5797258622797,227.68462261439527,227.68462261439527,16528998.0
2015-12-01,232.52354431152344,234.9430142308129,232.01418147329895,233.49982189736141,6603705.0
2015-12-02,229.55226135253906,233.79694213263937,227.98173901080372,233.07535309710266,7161062.0
2015-12-03,225.6471710205078,229.25514478796603,225.05291199144526,228.0666267298409,8549273.0
2015-12-04,221.95431518554688,224.11909673386867,221.40250421269,223.31261144613623,9085607.0
2015-12-07,223.31260681152344,224.58600685769008,222.08164060936502,224.37376639210822,5522740.0
2015-12-08,221.95431518554688,222.845696661274,220.4262265489682,222.20898950042246,11624224.0
2015-12-09,220.2564239501953,222.37877155512348,219.36504251583997,221.40249393671377,8129762.0
2015-12-10,219.83197021484375,222.33633654627596,217.3276038834115,221.4449550594681,11053207.0
2015-12-11,211.63975524902344,221.65719258742078,209.81454408779757,221.19027777294187,18851171.0
2015-12-14,211.3850555419922,213.8894218693213,207.98930772931564,209.94186307783238,13279719.0
2015-12-15,209.17782592773438,210.4512260143882,206.3338890931648,210.4512260143882,13675557.0
2015-12-16,213.97430419921875,215.20525611137313,206.8432385292063,209.89940138829297,18885293.0
2015-12-17,214.90814208984375,216.73335310787343,212.3188796404496,215.58728308538082,17692297.0
2015-12-18,212.31887817382812,214.78079632613745,212.10665195760436,214.0167591491589,14450734.0
2015-12-21,219.1952362060547,220.29885803035128,212.23396329297714,212.31885947163178,14307700.0
2015-12-22,220.34133911132812,223.69463892652703,217.70964267363226,217.75209076931532,21342967.0
2015-12-23,222.2938995361328,223.22772916402985,219.95932546639025,220.38379218369715,11533960.0
2015-12-24,218.98300170898438,223.77949313011402,218.43119081774992,223.2701303265981,6097366.0
2015-12-28,224.16156005859375,224.9680454011231,220.72336395495952,220.76581205184098,12041784.0
2015-12-29,224.75579833984375,226.2414245965992,221.9967435437498,224.11909119472853,9054719.0
2015-12-30,222.71836853027344,224.5011316110093,222.20900561447613,223.48240577941468,10025565.0
2015-12-31,221.86941528320312,223.9917487019973,220.85068954253865,222.50610818428729,8546444.0
2016-01-01,223.27015686035156,223.77951972440093,219.02547582601224,221.82696445372972,5998096.0
2016-01-04,216.94558715820312,221.86942367460486,216.18154994836195,221.57228701035984,9435792.0
2016-01-05,217.92184448242188,218.60099968813512,213.67716363175938,217.53982591319266,8966977.0
2016-01-06,212.31887817382812,217.96430356235896,211.55484099684958,216.81824779689111,17416181.0
2016-01-07,209.4749298095703,210.2814292839719,206.37631893141898,209.1778074237007,18240712.0
2016-01-08,208.03175354003906,210.36632746391786,206.6734572797013,207.5648387552633,14404391.0
2016-01-11,203.2777099609375,207.05546182770263,202.08919190809058,205.35759517975842,14208668.0
2016-01-12,200.98556518554688,205.3151421322149,200.00930186092177,204.59355309899044,11895899.0
2016-01-13,203.32015991210938,206.2065448415904,196.1891080264605,201.87698169647746,18215710.0
2016-01-14,200.13665771484375,203.5748537117363,196.7833579090785,198.82080949969762,14600781.0
2016-01-15,190.54367065429688,200.60355494108865,188.25154494022902,200.0093101534802,22333902.0
2016-01-18,189.39761352539062,194.151657643518,184.898257975614,190.33144311112605,30239009.0
2016-01-19,194.194091796875,196.3164251352237,190.71344802305393,190.71344802305393,16222439.0
2016-01-20,190.501220703125,193.47250160859787,186.85079883298306,190.92568736832004,14353478.0
2016-01-21,192.11419677734375,198.22653688295586,190.33143388177103,193.98185585825,15665863.0
2016-01-22,197.58984375,199.4150547360117,195.0854775312568,197.46249947215512,15148522.0
2016-01-25,200.39132690429688,202.47121214018262,198.82079026768747,200.30643072138162,17137268.0
2016-01-27,201.45249938964844,203.1503804097441,199.24526973754342,202.04675845913735,12155561.0
2016-01-28,197.9718475341797,203.36258390397688,196.31641479327897,202.5136506133592,24258166.0
2016-01-29,195.38258361816406,198.90567526731124,185.91695898656897,185.91695898656897,47755494.0
2016-02-01,184.38890075683594,193.00560776699066,183.2852787582705,192.70847109477967,40395715.0
2016-02-02,178.6161346435547,186.511238445234,178.02188978418454,185.06806014466986,31821419.0
2016-02-03,173.2254180908203,177.25785954461767,171.95201777632292,175.72978486686523,23592288.0
2016-02-04,173.1405029296875,175.22040270650677,170.211669702819,175.22040270650677,30869158.0
2016-02-05,177.7672119140625,179.1255083516415,172.8433891089773,174.45635989461664,36189377.0
2016-02-08,177.04559326171875,182.94569287602096,175.00814181980618,179.1254785469889,19366081.0
2016-02-09,177.7672119140625,179.54997509781558,170.423918681408,173.18295965609448,20906682.0
2016-02-10,175.9419708251953,177.85207798395052,171.48506362083842,172.41889315404728,22742128.0
2016-02-11,169.1505126953125,175.68732031303284,168.08933874137992,172.97071328107222,31817116.0
2016-02-12,164.31155395507812,168.42889077515366,161.72230575091282,166.90080215924343,41775526.0
2016-02-15,172.75845336914062,175.98440845117628,164.60866235987208,164.60866235987208,34130349.0
2016-02-16,166.90081787109375,175.72976565031644,165.96698822609034,175.72976565031644,20895952.0
2016-02-17,161.93453979492188,167.3677250263676,160.32156916332158,166.81592828341522,28792115.0
2016-02-18,166.518798828125,168.93826912943763,164.0144465812952,164.2691209160657,32260277.0
2016-02-19,168.7684783935547,171.01817057676303,165.75476319854997,166.22167802446137,17617480.0
2016-02-22,168.4713134765625,170.89078319148055,166.77344699197036,167.66482832129185,17567788.0
2016-02-23,162.99569702148438,169.27781502202114,161.51005657906728,169.27781502202114,20001984.0
2016-02-24,158.7510223388672,162.31654814038535,157.7747447029071,160.44888905404574,20654961.0
2016-02-25,155.35528564453125,160.44890039934302,154.12433361389733,159.34529265608438,38340699.0
2016-02-26,156.88339233398438,157.85967015091694,153.4451959243909,156.45892557650637,24687792.0
2016-02-29,161.34027099609375,166.3065553766089,154.25166746424588,156.88336373061406,43510436.0
2016-03-01,173.9894256591797,175.26284000490026,165.75475175233743,165.75475175233743,27223692.0
2016-03-02,186.7659149169922,187.95441880777827,179.21038213187597,179.71974501338673,40766551.0
2016-03-03,185.06805419921875,187.02059535159432,181.84208442774317,185.5774028482844,22903720.0
2016-03-04,187.1903839111328,190.50123555709757,185.95943191099678,188.2515577814172,24493722.0
2016-03-08,184.09178161621094,186.72347812234992,181.92698567651044,186.72347812234992,18883002.0
2016-03-09,183.6673126220703,184.9831608588383,178.31900923336693,180.65358328218403,17300650.0
2016-03-10,182.94570922851562,185.78964618326057,182.18167199405937,185.068057045064,13551255.0
2016-03-11,181.54495239257812,185.5349591754415,180.48377855682403,181.12048570809813,14879621.0
2016-03-14,188.16665649414062,189.14293414849567,185.61984212427788,185.91697877940837,16726756.0
2016-03-15,187.91195678710938,190.88323766753103,187.19036773709385,189.1429229299934,13475557.0
2016-03-16,192.19911193847656,193.04804537741126,185.53497446846268,186.6810303362917,17144832.0
2016-03-17,193.3451690673828,200.56111706270312,190.96814704857738,195.2552763012284,32391146.0
2016-03-18,195.425048828125,196.48622264965476,191.9868673050128,193.72718211296382,18370981.0
2016-03-21,199.37261962890625,200.0093268104927,196.4862346377407,196.5711308285001,14818419.0
2016-03-22,198.31143188476562,199.16036523481876,195.7646318346062,199.16036523481876,12269251.0
2016-03-23,198.82081604003906,199.49997134228968,195.9344309414154,196.48624195278603,16987529.0
2016-03-28,191.39260864257812,198.6510045386072,190.0767605107532,198.6510045386072,20214214.0
2016-03-29,189.65228271484375,192.665997388622,188.8033494053036,189.5673865340683,20447782.0
2016-03-30,201.62229919433594,202.8956993194895,192.53869168615452,193.9818699451965,23016348.0
2016-03-31,200.90069580078125,204.89068827594824,198.3963295749255,202.2165439282584,30614104.0
2016-04-01,202.3014373779297,203.2777149994281,197.54739354692208,200.34888213493286,15677352.0
2016-04-04,202.68345642089844,204.63601166835195,199.20281259946725,203.95685644132593,16716587.0
2016-04-05,191.5199432373047,201.6222753505542,191.01058039765852,200.6884458527208,26547328.0
2016-04-06,188.9307098388672,193.55740994480104,186.85082432061273,192.96316508193377,19185947.0
2016-04-07,187.0205841064453,190.37388371400607,186.04430646440454,189.1429317627455,17724531.0
2016-04-08,187.82708740234375,189.9918689461215,186.3838949567891,187.23282833673693,9986871.0
2016-04-11,190.7559051513672,191.1803718391451,186.001875398433,188.63357171247767,19813955.0
2016-04-12,194.194091796875,196.0193027425872,189.99185896274767,190.41632563041742,20594261.0
2016-04-13,204.2964324951172,207.31016163290516,197.84452178361155,197.88696987702616,26283492.0
2016-04-18,201.32516479492188,207.09792023495416,199.1603690369401,206.71590164504804,17531597.0
2016-04-20,202.08920288085938,203.40505102937306,198.73590324489987,202.98058434433986,18650423.0
2016-04-21,214.82322692871094,218.85566719973025,209.0504577309887,209.0504577309887,36699098.0
2016-04-22,213.93185424804688,218.1765351397953,212.40376570723166,217.53982801884538,25884500.0
2016-04-25,214.7383270263672,216.77577829591027,213.21023857420988,214.8656712929903,18121694.0
2016-04-26,215.6721954345703,216.22400644048952,209.26273234446165,212.95560275062422,30185498.0
2016-04-27,207.64971923828125,213.0829181178172,206.50366353456928,212.99802193625914,36932788.0
2016-04-28,203.82952880859375,210.5361284455446,202.89569920087192,208.32889871341368,41386507.0
2016-04-29,201.15536499023438,207.47994540851124,196.3588731242342,204.38132021230228,71191415.0
2016-05-02,192.49624633789062,195.67975382076705,191.35017623451833,192.96316114868876,36440547.0
2016-05-03,187.69972229003906,195.2552541814703,186.76589282590953,191.64726634343754,29305611.0
2016-05-04,182.0543212890625,187.44505833474642,181.20538789200614,185.45006912639658,36781786.0
2016-05-05,182.22410583496094,186.6810131024748,181.46005441116708,181.92696918438796,27512684.0
2016-05-06,185.57740783691406,186.97815228227137,180.99315587921913,181.67231117807844,22266141.0
2016-05-09,191.26527404785156,191.85953312909214,186.00188125406237,186.42634795520314,19006901.0
2016-05-10,191.43504333496094,193.1329099347088,188.9731253660409,191.35014715515214,22357177.0
2016-05-11,190.11920166015625,192.3264311635447,185.66228031294636,186.76590218919435,32481385.0
2016-05-12,196.7833251953125,197.71715464425256,193.76961065506404,193.9818368484923,23932051.0
2016-05-13,192.2839813232422,195.63728076370316,189.65228517964366,195.63728076370316,23963285.0
2016-05-16,189.94940185546875,193.3027011950984,184.81333974642024,193.3027011950984,21535308.0
2016-05-17,191.81707763671875,193.1329257844209,188.67601846976717,191.30771476517145,18859442.0
2016-05-18,192.2415313720703,193.0904646844288,188.29398719487108,189.31269862023694,17541869.0
2016-05-19,191.4774932861328,193.9818451201939,190.3314233457876,192.2415304136248,16422069.0
2016-05-20,186.850830078125,192.1142233063297,186.42636334195075,191.43508222809487,14666521.0
2016-05-23,187.69972229003906,190.07674403956034,187.0630152011846,188.54865557577378,14239474.0
2016-05-24,190.62857055664062,191.18036726316862,188.12420433449645,188.97313768973274,10907585.0
2016-05-25,199.4999542236328,200.00931709433613,192.36888828289494,192.6660106870101,20767970.0
2016-05-26,204.72091674804688,206.2914535918366,197.8020906643576,200.2640090481306,33650773.0
2016-05-27,206.41879272460938,210.7059221782709,202.13166327094783,202.8957005006661,26582685.0
2016-05-30,207.56484985351562,209.34762714907117,202.72592362017684,206.50369019436516,15860236.0
2016-05-31,207.6921844482422,211.38505465754722,204.84824762627719,210.91813986959937,18249239.0
2016-06-01,203.7870330810547,208.37129810582832,202.98054794900892,207.05543594414647,11862710.0
2016-06-02,204.89068603515625,205.78206747463756,201.70717885856467,202.98057887937972,15349530.0
2016-06-03,206.92813110351562,209.17780867916406,205.44249066703614,206.20652780620506,16566716.0
2016-06-06,206.71591186523438,208.83825963492274,205.44251175288665,206.6310156745894,11592082.0
2016-06-07,215.71461486816406,216.35132198256252,207.73461601371653,208.41377121901536,25311345.0
2016-06-08,218.7283477783203,221.74207698837043,214.61101086035308,216.64846239667477,25139392.0
2016-06-09,216.09661865234375,220.08662493113448,214.9505630237658,218.17651796773148,13787240.0
2016-06-10,214.44122314453125,218.72833799945198,213.50739360698472,214.78079363570055,13236448.0
2016-06-13,206.92813110351562,210.87567532136498,205.8245092366206,210.87567532136498,14297870.0
2016-06-14,207.9468536376953,210.06918690828914,207.39504271260876,209.68716834449296,11988708.0
2016-06-15,210.49366760253906,211.5548414331709,205.10293076128838,208.41378228353747,15761615.0
2016-06-16,207.1146697998047,211.14347054993425,206.24826510194188,211.14347054993425,17042021.0
2016-06-17,206.59483337402344,209.8438729508281,203.73568901693466,209.19406212699514,15150943.0
2016-06-20,206.29161071777344,207.4612673752024,202.436096276979,202.436096276979,17780316.0
2016-06-21,206.07501220703125,208.80420635881927,204.68876155419443,208.15439545746747,12191664.0
2016-06-22,207.07135009765625,209.97381604299937,204.2988492209475,205.4251840643928,13478056.0
2016-06-23,208.71754455566406,209.19406862999207,204.51547127156454,207.1146855629751,7979235.0
2016-06-24,200.09678649902344,201.786274308652,191.56267498261755,198.40729868939485,33755632.0
2016-06-27,201.61300659179688,203.0859005178632,198.66721873966424,198.66721873966424,13172968.0
2016-06-28,202.00289916992188,202.91262568626152,199.27371962090297,199.79356542200583,11302737.0
2016-06-29,205.0353240966797,206.46489636887685,202.95594095807976,204.38551323027693,7959976.0
2016-06-30,208.414306640625,210.36371008229304,207.33129341786227,207.50456564469908,16851065.0
2016-07-01,208.2410125732422,210.23375217973103,207.54788006310514,209.41065459725078,9108853.0
2016-07-04,214.99899291992188,215.69211088827223,209.58394153376915,210.6236330286548,10389222.0
2016-07-05,212.3564453125,217.5548883136161,211.87992124954468,217.29497270762243,10375132.0
2016-07-07,212.1398468017578,214.04594301228232,211.40339260640425,212.26979733075902,8365966.0
2016-07-08,209.6272735595703,211.83660718835617,207.54789046728183,211.83660718835617,7658211.0
2016-07-11,216.4718780517578,217.2083176812294,213.65605551636247,213.65605551636247,9682385.0
2016-07-12,226.73883056640625,227.1720329761473,217.2516701625902,217.98810989644147,28558549.0
2016-07-13,226.2622833251953,231.93725030911187,224.48615217263765,228.94814089942204,28248930.0
2016-07-14,232.71705627441406,233.58346111726664,224.96270530039564,226.13234747553804,14269365.0
2016-07-15,230.24777221679688,233.8000346712349,228.2117108339688,233.49679736538508,11510449.0
2016-07-18,228.21173095703125,235.0130337021378,227.47529120258986,230.29111421581496,14310274.0
2016-07-19,233.1935577392578,234.36319980077846,228.08174348674945,229.59795908563376,14880049.0
2016-07-20,231.7639923095703,232.37046693299004,229.98784650566685,231.33077537518338,7892214.0
2016-07-21,226.912109375,233.0636008280326,226.39226359310248,231.24414786257185,12060367.0
2016-07-22,228.25503540039062,229.0781184854608,224.26955596975873,227.3019872358796,8537587.0
2016-07-25,232.76036071777344,234.75310055854473,225.9157509050587,226.91212082544436,11311554.0
2016-07-26,226.6954803466797,233.49678204583842,225.3525515912236,232.5870556456146,11896758.0
2016-07-27,234.44984436035156,237.22234541899525,227.6918639409322,227.6918639409322,26003949.0
2016-07-28,235.66281127929688,237.395635370949,234.31988242436003,234.7097631187145,9781546.0
2016-07-29,227.77850341796875,235.09965117046585,227.0420492023744,233.97331627243233,21115025.0
2016-08-01,216.1686248779297,226.39223804504502,215.04230459622303,221.71364107830186,42583051.0
2016-08-02,212.5297393798828,216.12532355009594,212.2698092225985,216.12532355009594,20758831.0
2016-08-03,209.75723266601562,214.21922148949398,208.41430384980018,212.00988792361443,17910406.0
2016-08-04,208.2410125732422,212.3131206254219,205.03530925196367,212.13984840465773,29931529.0
2016-08-05,213.09292602539062,215.43222493970484,211.49006687161366,211.49006687161366,16307350.0
2016-08-08,212.48643493652344,214.60913989055533,211.87994572931976,213.22287469055777,11906856.0
2016-08-09,212.57305908203125,215.30223845379305,211.83660485231667,212.61638077450627,12642014.0
2016-08-10,207.3746337890625,213.61276899137107,206.33494216495077,213.13624487551667,12527824.0
2016-08-11,210.277099609375,210.84025257374117,205.8150957939963,207.937800732657,9477854.0
2016-08-12,213.09292602539062,214.5224983920472,208.97748117017912,210.97022105261473,11727486.0
2016-08-16,215.3455810546875,216.1253425102253,211.2734724479115,213.13624723575566,13111524.0
2016-08-17,214.52249145507812,217.9881107465213,212.4431082463229,214.95569386650854,12875115.0
2016-08-18,219.11444091796875,219.89420233290508,214.65243727339418,214.7390806622452,20725328.0
2016-08-19,219.9808349609375,221.54037225688353,217.9447881343431,219.2010735841448,14519513.0
2016-08-22,218.55126953125,220.8905682766595,215.47553107847648,220.2840936502519,9076842.0
2016-08-23,216.77516174316406,218.33469925649462,215.51887611824824,216.99177023488886,10995821.0
2016-08-24,215.25889587402344,218.07471835750655,214.73905015712634,216.77511133644342,9228359.0
2016-08-25,213.95932006835938,216.7751429626544,213.22286580266112,214.82572487547148,14901359.0
2016-08-26,212.5297393798828,215.56217062736823,210.7102864483359,215.04232485516042,11490424.0
2016-08-29,217.03504943847656,218.8978386003093,211.92324965811997,212.26980865788295,9206563.0
2016-08-30,222.01687622070312,222.5800436273159,218.33464904706793,218.33464904706793,15251016.0
2016-08-31,223.53311157226562,226.0023753179326,222.66670681226051,222.75333565437253,16906022.0
2016-09-01,226.08900451660156,228.73155503538126,224.18290822464004,224.18290822464004,18098850.0
2016-09-02,226.39227294921875,228.99148742376298,225.4825464288921,227.43196455598112,8034006.0
2016-09-06,236.26930236816406,237.3089939231746,227.60522546622423,227.60522546622423,23274042.0
2016-09-07,240.9912109375,245.8431094953447,235.79276793301258,237.39562688848733,35379184.0
2016-09-08,239.43167114257812,243.20055645979454,238.73855317189845,241.38108906645,13116475.0
2016-09-09,237.48226928710938,239.12843538482187,234.01663578436057,237.87214996591706,16649877.0
2016-09-12,232.37045288085938,233.45346606661172,227.6052123143812,231.33076138592594,20617372.0
2016-09-14,235.186279296875,237.2223406285343,230.76761218617483,231.07084948440396,16807794.0
2016-09-15,234.44984436035156,237.17902372660762,232.37046129518848,235.4028925081579,12135372.0
2016-09-16,231.63400268554688,238.78186321013635,230.72427630445,235.44619496532792,32955498.0
2016-09-19,235.31625366210938,236.0093862113196,232.02390677367288,232.19719354656567,15144399.0
2016-09-20,235.7494659423828,237.56891896464492,233.36684542695346,235.57619370458167,11030397.0
2016-09-21,233.84336853027344,236.5292408995044,231.28747578797032,236.35595412008257,12736748.0
2016-09-22,238.6952362060547,240.77461924397673,235.9227351837323,239.12843858189504,14886284.0
2016-09-23,235.0130157470703,238.998480632099,233.84335911777612,238.95515893898727,17977571.0
2016-09-26,227.4752655029297,232.80365905243912,226.8254546723835,232.63038682869106,15868805.0
2016-09-27,225.26593017578125,228.99147951944667,224.3995253808397,228.34168319442108,17356843.0
2016-09-28,225.91574096679688,227.38863493464407,224.44284699894965,225.61248910901702,17881785.0
2016-09-29,216.90509033203125,228.29834606251197,210.79692094414085,227.86514369433507,48140661.0
2016-09-30,218.46463012695312,219.46100001439555,213.95931932860262,214.91236752160307,15104920.0
2016-10-03,221.93023681640625,222.58004761141532,216.68847239425457,217.46824825673735,18062317.0
2016-10-04,223.7063751220703,225.2225906644509,220.8472307995332,222.53673310413788,16201324.0
2016-10-05,221.32376098632812,225.78576435600314,220.5873213111886,225.22259690552914,16039581.0
2016-10-06,217.6848602294922,222.71003116533726,215.90872899602522,222.66670947258336,13854468.0
2016-10-07,217.12168884277344,219.98083325870317,215.04232033996308,217.38161899460007,10506728.0
2016-10-10,216.68849182128906,219.3743640780813,215.86540873821508,218.24802914371415,6611211.0
2016-10-13,208.93414306640625,215.21559955554702,207.1580118073455,214.69575377737004,20736801.0
2016-10-14,209.45396423339844,210.5369773558747,207.677833183036,208.97744020459197,10761830.0
2016-10-17,224.1829376220703,225.17930759101114,212.7463583706062,213.13625365247546,69082439.0
2016-10-18,234.23326110839844,235.14298766172888,224.83274369574224,224.87606539279247,41861705.0
2016-10-19,229.64129638671875,235.40290732868448,228.0817589896609,235.09967000524054,19968759.0
2016-10-20,240.51467895507812,241.64101381020296,231.46072205116496,231.46072205116496,36280178.0
2016-10-21,240.34141540527344,242.63739234596073,237.48227101671336,239.345045584197,26362877.0
2016-10-24,246.53623962402344,248.1824058096905,241.85762760127253,241.85762760127253,22219428.0
2016-10-25,250.60833740234375,252.64438408391365,246.57952210134576,250.56500117076357,25090671.0
2016-10-26,241.2078094482422,246.4495739280025,239.99483122320888,246.4495739280025,30017739.0
2016-10-27,246.3196563720703,246.92613102340567,238.26205369936307,240.34143691068903,19868027.0
2016-10-28,239.86488342285156,244.76007444117596,238.73854856428494,244.32688662463175,18314125.0
2016-11-01,238.56529235839844,242.37748523889502,237.82885261664876,242.11756960720743,11675305.0
2016-11-02,235.57618713378906,236.74582924017847,232.84699313415817,233.93000639524405,15140657.0
2016-11-03,233.71337890625,239.47498920873008,232.54373689504726,235.66279680061453,12484687.0
2016-11-04,233.7567138671875,236.09601256475756,229.90119954988333,235.5761813362849,16361493.0
2016-11-07,241.46774291992188,243.63376939253868,236.0960129735819,238.95515744693628,18741014.0
2016-11-08,245.36659240722656,249.0488054013957,241.0778611735694,247.61923317096355,35153751.0
2016-11-09,243.85035705566406,246.70951599799542,212.26980358079604,220.8472367807088,51055067.0
2016-11-10,253.51080322265625,258.53597403486447,248.39898902707193,249.9585408431205,29137485.0
2016-11-11,239.4750213623047,254.94040152278964,237.8288550790618,248.87553857385174,33036653.0
2016-11-15,233.71337890625,243.2871816168456,230.59431900068273,239.99483495005128,37961485.0
2016-11-16,230.6376495361328,241.03453567656612,228.90484002684744,239.64828516066572,26473183.0
2016-11-17,231.89395141601562,234.4931804065739,228.73156947466777,232.15388158625223,14654093.0
2016-11-18,229.25140380859375,233.06359644253504,227.25866410587702,232.5870723632924,9983933.0
2016-11-21,226.3056182861328,231.33077474536904,220.80393774272932,230.637656736959,21625818.0
2016-11-22,227.60520935058594,230.98419939393952,224.65942166742022,229.59794893286625,23906788.0
2016-11-23,229.55465698242188,230.33443296567145,225.6991423891268,228.81821723740143,17154845.0
2016-11-24,224.659423828125,228.5582596496739,223.53310349774785,228.5582596496739,22563160.0
2016-11-25,225.35256958007812,227.34530929863377,222.71003354798367,227.34530929863377,16611698.0
2016-11-28,221.1938018798828,222.3634438848912,219.63426466417843,222.3634438848912,32939718.0
2016-11-29,221.32376098632812,224.74607283856815,220.32740570301007,221.3670826780846,32329662.0
2016-11-30,230.07449340820312,230.89757651139345,221.75698990337594,223.05659709931246,20731093.0
2016-12-01,224.52947998046875,232.19718677974316,223.31650169029038,230.68097118820046,15792045.0
2016-12-02,224.83270263671875,229.2513840476415,221.67032112610244,223.5330955896331,12275345.0
2016-12-05,226.0023651123047,226.4788891630251,223.35981471702257,224.91935194002383,8305074.0
2016-12-06,226.13233947753906,227.56191178039236,224.87605395407215,227.21535276398106,8335181.0
2016-12-07,224.13958740234375,229.07810005785976,217.46825078742518,227.69184961575354,13635680.0
2016-12-08,227.64854431152344,228.21171177530533,223.87967337853186,225.74244799863754,11336250.0
2016-12-09,232.58706665039062,233.75670870215112,227.8651476668188,228.6882307264681,17533272.0
2016-12-12,229.46800231933594,232.45711193318513,228.60159752927095,231.76399391807757,7515935.0
2016-12-13,229.07810974121094,229.90119279486282,227.43194363390717,228.21170499606575,10265621.0
2016-12-14,225.7424774169922,229.33807658979575,225.26595327667093,229.16478979609252,14369017.0
2016-12-15,225.5258331298828,226.7387967879841,223.31648517274337,224.13958271675583,24089601.0
2016-12-16,221.45376586914062,225.26595909009154,220.8039694607096,225.26595909009154,24984316.0
2016-12-19,222.75332641601562,224.35618533520133,220.71727967715375,221.28044711050873,7417692.0
2016-12-20,217.9881134033203,222.4067955045984,216.81847124091135,222.4067955045984,11590031.0
2016-12-21,219.4176788330078,221.23714637674053,217.64154752617975,219.20108490265292,7685724.0
2016-12-22,219.15774536132812,220.76060430181815,217.1650057440595,218.94113690625102,8951470.0
2016-12-23,218.20469665527344,220.7172820155912,216.73180279180167,219.1577447703222,6932571.0
2016-12-26,214.99899291992188,218.72454199129538,214.08926649748696,218.5512552280277,6767153.0
2016-12-27,219.67759704589844,220.37071503614987,213.74269972477256,215.73543939587645,9094498.0
2016-12-28,218.11805725097656,220.76060773217844,217.51156810969673,220.06747520752143,9176829.0
2016-12-29,217.554931640625,219.20111261429668,216.6452050249307,218.42135109866248,6379633.0
2016-12-30,221.1938018798828,223.099898073846,217.77149016029261,218.33465758893806,11565801.0
2017-01-02,218.29135131835938,222.06022228243103,214.9556827433014,222.06022228243103,10404350.0
2017-01-03,220.41403198242188,221.28045126512146,215.99536489821932,218.42130689658555,10236706.0
2017-01-04,217.554931640625,221.5837334035825,216.94845692507093,220.28412603007112,6901181.0
2017-01-05,222.88330078125,223.96631400268046,218.5079407456427,219.37436004820344,13830668.0
2017-01-06,223.66305541992188,226.47887789385408,222.83995788791708,223.74968425381152,9055143.0
2017-01-09,224.13958740234375,225.13594263749158,221.80027433003227,223.4464549101108,7875294.0
2017-01-10,225.439208984375,226.91210290066599,223.79302829827543,225.26592221456642,14784040.0
2017-01-11,229.33802795410156,232.28380102580817,226.6521559331073,227.43193179704224,19565679.0
2017-01-12,232.5004425048828,233.49681241421197,229.98785688386317,230.9842267931923,11711279.0
2017-01-13,232.24050903320312,233.92999685431283,229.4246717607527,233.92999685431283,7810375.0
2017-01-16,233.32350158691406,234.66643037863142,229.4246657421887,231.67733550105413,8863676.0
2017-01-17,232.54373168945312,235.22958917418862,230.03114641970595,233.4967797701476,6968061.0
2017-01-18,232.58706665039062,235.74944835592134,231.11417275596745,231.67734020712342,10085606.0
2017-01-19,233.67007446289062,234.53647919433408,230.6376433604784,232.8902985707034,8605687.0
2017-01-20,228.25503540039062,232.15387144472862,227.47527400846738,231.33077381729754,12207059.0
2017-01-23,223.14324951171875,226.82547732030028,221.06386628023836,226.82547732030028,43793368.0
2017-01-24,222.79666137695312,224.00963969679128,221.49705421343583,224.00963969679128,26520047.0
2017-01-25,225.2225799560547,225.95903411813165,221.45370939575534,224.39949695934456,41078083.0
2017-01-27,235.66281127929688,237.395635370949,225.87241405802374,227.9084754580936,89433645.0
2017-01-30,234.62313842773438,238.78189014505574,233.670090250284,236.52923478263514,17037472.0
2017-01-31,233.020263671875,237.39562356280038,230.85423730063903,232.89029859943443,20535165.0
2017-02-01,243.46047973632812,245.6264916409183,227.6918636268855,230.33441414708219,44647342.0
2017-02-02,247.61924743652344,249.09215598682383,243.0706148696254,244.326914944187,28910922.0
2017-02-03,243.93701171875,246.8827850960314,241.55439127526873,246.8827850960314,20058936.0
2017-02-06,251.51806640625,253.20756877402408,245.6698270132059,245.6698270132059,22521926.0
2017-02-07,249.61196899414062,253.5974483174531,247.18604149740145,249.52532561017983,12829302.0
2017-02-08,247.61924743652344,249.9585608050557,244.93338959153238,249.52534385357816,16662978.0
2017-02-09,246.92611694335938,250.17514211902133,241.38110021012807,248.31235294871615,16631183.0
2017-02-10,243.9803466796875,247.92249014246045,242.68073942412593,247.44596602785168,16771421.0
2017-02-13,244.0236358642578,246.14635518918539,242.20419747433903,244.7600901011658,13144434.0
2017-02-14,246.6228790283203,247.70587772263636,243.72039831877646,245.19330679115677,12889195.0
2017-02-15,243.24386596679688,248.13908621178018,241.38109140678924,247.09939470332003,14420745.0
2017-02-16,241.55438232421875,243.85035929515522,236.39926092705332,243.72039421877375,20257845.0
2017-02-17,245.19329833984375,247.87915595017105,238.99847098329732,242.33413942170523,28496342.0
2017-02-20,244.63014221191406,247.92247456891346,243.54712896246258,245.23661683432923,9947581.0
2017-02-21,246.75283813476562,247.61924293725482,243.63377793733227,245.1933153072296,11288626.0
2017-02-22,247.9224853515625,249.43870105826565,243.59046125007006,249.43870105826565,30787289.0
2017-02-23,246.492919921875,250.17516232456038,244.3702295070762,246.66620670772062,25499159.0
2017-02-27,241.59768676757812,247.4026185898496,240.0814712784589,246.92609455283267,15037984.0
2017-02-28,239.43167114257812,242.6807107106047,238.86851824478597,241.68434090318752,18179839.0
2017-03-01,241.81431579589844,243.41717489591448,240.21147123824403,240.51470856317175,19983162.0
2017-03-02,241.42440795898438,246.49288577688478,239.99483580087298,244.37019565612786,20040929.0
2017-03-03,239.08511352539062,241.6410205950034,238.3053521683238,241.38109044774095,9256168.0
2017-03-06,239.7782440185547,242.03089923068114,238.69523083215617,239.0851115073988,12565060.0
2017-03-07,239.12843322753906,241.9442558786321,238.26202849525816,239.99483795982,9116307.0
2017-03-08,237.7421875,239.6049620743498,235.74944785050198,239.30172477469765,12969749.0
2017-03-09,236.96243286132812,239.08512310387835,236.1826569306608,237.39563524842737,11647809.0
2017-03-10,234.40650939941406,239.56163053576856,233.4101396156195,238.39198853459223,15749231.0
2017-03-14,248.8755340576172,249.69863172666416,243.5471400394697,243.5471400394697,43486006.0
2017-03-15,247.05606079101562,248.65891976014947,246.14634889051538,247.70587162549919,13414846.0
2017-03-16,246.492919921875,249.04882730128787,244.71680307876744,248.26906584970658,10712223.0
2017-03-17,243.11392211914062,248.39899410479262,242.29082450260273,247.8791628786307,25016303.0
2017-03-20,238.30535888671875,242.33414540162542,237.39563243037335,242.33414540162542,12153226.0
2017-03-21,235.70614624023438,239.82159096500206,234.8830631122255,239.1284583808524,16304076.0
2017-03-22,229.59796142578125,232.84698657515688,229.16475904202187,232.11054688547418,24534011.0
2017-03-23,231.28746032714844,232.413780691015,229.42467119996965,230.89756509951255,13209523.0
2017-03-24,238.04542541503906,239.8648928447368,233.62675827218007,233.62675827218007,19227304.0
2017-03-27,236.6591796875,242.59407707958994,235.83609661084952,242.59407707958994,12341637.0
2017-03-28,239.99485778808594,240.47138188444666,238.34869156921874,239.99485778808594,13884032.0
2017-03-29,244.50015258789062,245.0200128870284,239.69160478683054,241.68434443075043,18910842.0
2017-03-30,243.76373291015625,245.40991369870557,242.3774822924965,243.67710406222128,16543030.0
2017-03-31,239.86488342285156,245.10664796218717,238.86851363466414,242.8972999351803,19741901.0
2017-04-03,248.39898681640625,249.00549049464112,239.86488993466125,241.55437772601718,20449617.0
2017-04-05,246.79617309570312,248.2257453751287,245.1066706514577,248.2257453751287,10569529.0
2017-04-06,243.33050537109375,245.7997690277239,241.94425489659895,244.2402463328923,17014957.0
2017-04-07,240.29811096191406,245.19331703555312,238.91186035968767,242.68073145673466,18994042.0
2017-04-10,240.55801391601562,241.7276705256613,239.21508507919472,241.20782475941442,10395338.0
2017-04-11,245.75648498535156,246.27631623759643,239.77826561856,241.1211945286423,13734771.0
2017-04-12,243.28720092773438,247.74921904462343,240.99122387103282,245.88642984065382,18252914.0
2017-04-13,245.02001953125,247.61923384325954,242.07423167708387,242.85399306221458,15178825.0
2017-04-17,244.67344665527344,247.53259113168508,243.0272804949908,245.19330696992373,8250861.0
2017-04-18,245.5398712158203,252.64442582886318,244.803446004468,245.5398712158203,19072022.0
2017-04-19,243.07058715820312,246.9261012479099,241.59769331818256,245.5398362459471,15189575.0
2017-04-20,236.31260681152344,239.34503786855421,235.4895237832059,238.21870300911766,31912290.0
2017-04-21,233.1935577392578,237.22234422986529,231.3307686030098,236.22597439466588,18165879.0
2017-04-24,232.76036071777344,235.09967412553925,229.77126549897832,233.75673063815907,24418208.0
2017-04-25,236.0960235595703,236.78915613374713,233.93001153219546,235.66282115409535,13685114.0
2017-04-26,239.90821838378906,240.81795943955217,236.52924250107571,237.39564731932845,15205419.0
2017-04-27,237.52557373046875,240.0381590820192,236.8324557632301,239.95151570052434,14909618.0
2017-04-28,241.2944793701172,242.07424078458467,236.44259502099183,236.96244081142393,9367499.0
2017-05-02,238.78187561035156,243.33050775205166,238.26202985953438,242.76734031013635,16780204.0
2017-05-03,236.31260681152344,240.03815582639214,235.01299973380736,239.04178603743517,24205196.0
2017-05-04,258.01611328125,259.70561562703364,245.92972488053474,252.6443980296969,122120948.0
2017-05-05,258.66595458984375,261.4384559255083,255.1136917980117,259.92224016752743,48189321.0
2017-05-08,262.4781494140625,266.9834604807171,259.92224200158194,259.92224200158194,30347849.0
2017-05-09,260.44207763671875,264.55750758177606,258.53598131818933,263.647766573059,15194182.0
2017-05-10,258.7525329589844,262.21815148647704,257.62619821213417,260.8752228528378,15054831.0
2017-05-11,260.0955505371094,262.0882905972871,259.53238297109874,261.3951724717073,10261128.0
2017-05-12,256.9331359863281,260.3987552646227,254.11729850917138,259.92223115962105,16605029.0
2017-05-15,261.4818115234375,262.95469115138496,258.362736383122,259.4890714964076,17095696.0
2017-05-16,262.21820068359375,265.0340380790238,260.83196464639923,262.3914874594237,19569431.0
2017-05-17,268.3697204589844,268.75960118220416,263.8210732417883,264.7741214729309,23363685.0
2017-05-18,266.8101501464844,271.0555301935656,263.9943131073234,263.9943131073234,27753950.0
2017-05-19,266.0304260253906,270.6657169658261,263.12797397095903,266.76688037058784,16728969.0
2017-05-22,263.25787353515625,269.92921033719216,261.8283013632914,268.19640087154755,14850717.0
2017-05-23,265.1639709472656,268.3696888323138,262.3481628242113,262.65140011934386,29771017.0
2017-05-24,265.7271728515625,268.28308024439616,262.781384730891,265.81381624494026,20506719.0
2017-05-25,275.25762939453125,277.12041854991656,265.1206732544349,265.42391056038286,41775676.0
2017-05-26,278.5932922363281,279.8495776694238,273.39486373702437,274.6511491701201,21336089.0
2017-05-29,272.8317565917969,277.5969983117962,271.878708247797,276.6006137241269,11266657.0
2017-05-30,278.46337890625,281.1492368981934,272.4418520019551,272.7883964973746,15573191.0
2017-05-31,282.8387145996094,283.66178315297867,276.08073397421174,279.84959044556064,128437479.0
2017-06-01,277.3370361328125,282.1455844574291,274.43458427646266,282.01563391085597,19883562.0
2017-06-02,275.64752197265625,279.8062883042021,273.4815245026386,278.9831906513728,13469524.0
2017-06-05,277.0338134765625,278.679979854163,275.64754820587626,275.95078555375983,9831353.0
2017-06-06,276.34063720703125,278.1600899960183,275.25760951223276,277.72687310115504,10757211.0
2017-06-07,281.3224792480469,282.4054778878302,277.9001674812784,278.16009762532565,15076040.0
2017-06-08,277.4236145019531,283.315189311113,276.81713998046087,282.36214130035825,20130322.0
2017-06-09,279.1131591796875,279.936227715069,273.87139432154464,276.3406580971321,10190305.0
2017-06-12,273.5681457519531,277.85686273346636,272.78838431617316,277.25038808002046,10376913.0
2017-06-13,272.7883605957031,276.1240290690473,271.9652920782718,272.96164736296896,9305516.0
2017-06-14,276.42724609375,279.3297265207566,273.26486461962907,276.47058232474825,22264301.0
2017-06-15,274.4345397949219,276.73051661549005,273.524798862193,276.3839431011706,11206355.0
2017-06-16,274.21795654296875,276.60057708738174,273.4815313454036,275.9074590430225,23228635.0
2017-06-19,277.7702331542969,278.72328132000916,274.69446564879127,275.51756327725985,10719809.0
2017-06-20,280.9094543457031,283.7430249120379,276.6350469299704,279.2765274128086,16849368.0
2017-06-21,279.61273193359375,281.1015547167221,278.12387983715996,280.47721062422653,7142413.0
2017-06-22,278.1719055175781,281.7739242458445,276.87517291274156,279.9969224772391,9180870.0
2017-06-23,280.3331298828125,281.9660275281147,273.3692266820378,278.1238740380321,14937649.0
2017-06-27,276.53900146484375,281.53381290570286,272.26462314241604,281.4377532023583,18053262.0
2017-06-28,278.8923034667969,281.72587388615875,277.3554363120178,277.3554363120178,17157094.0
2017-06-29,281.6778564453125,285.1838153772825,278.6521666632919,279.99691442048965,34774280.0
2017-06-30,278.7001953125,280.4771971157917,276.1547745575004,280.4771971157917,12435467.0
2017-07-03,278.6040954589844,280.7172912415547,277.3554075141109,279.90082790222976,6106230.0
2017-07-04,278.0758361816406,281.2456008273021,277.2113575794877,280.86139137226775,8335899.0
2017-07-05,281.29364013671875,282.1581187229115,277.115292771268,278.5561001860233,6958589.0
2017-07-06,282.1580810546875,283.4548134175133,280.8133335097673,282.39821559175533,9967582.0
2017-07-07,278.2679748535156,281.91800889929203,277.787705673108,281.91800889929203,8477468.0
2017-07-10,279.9489440917969,281.6779015833539,278.5561516084318,279.516690062254,1114874.0
2017-07-11,278.2199401855469,281.3897344763063,277.30744629848857,281.0054956677496,10893055.0
2017-07-12,280.81341552734375,282.97462699218227,277.2113964192796,278.2679945536397,8091465.0
2017-07-13,286.1443786621094,287.68124593880077,283.4068384057068,283.9351521047629,13747313.0
2017-07-14,286.4805603027344,287.5851735326072,282.8785415227335,287.5851735326072,6196683.0
2017-07-17,291.52337646484375,292.5319299628771,287.00883469212636,288.16149238699546,12506474.0
2017-07-18,291.9076232910156,293.92475985858886,289.60233691949196,289.8424715272195,11772154.0
2017-07-19,290.3227233886719,292.868144215771,289.5062599085407,291.04312716879264,10780451.0
2017-07-20,288.73785400390625,291.8596038590594,287.9213904868203,290.0826019250033,8458004.0
2017-07-21,290.1305847167969,291.90758645238554,284.5114590557478,287.6812237524064,9705981.0
2017-07-24,291.09112548828125,294.5010541045037,289.6983625154325,290.2746913687817,15604131.0
2017-07-25,292.14776611328125,294.6931871641041,289.89049487451103,294.6931871641041,18129742.0
2017-07-26,298.10308837890625,298.7274324554609,292.5319482563843,294.69315958443826,26050717.0
2017-07-27,295.077392578125,302.0412956093191,293.3003907695733,302.0412956093191,28535869.0
2017-07-28,284.46343994140625,292.00367220812586,282.2542133572591,292.00367220812586,30571846.0
2017-07-31,290.658935546875,294.3570143747849,284.55951063763484,287.0569164248796,21526493.0
2017-08-01,290.658935546875,293.1563413341198,289.50627770251384,291.9076237838441,10722862.0
2017-08-02,289.9385070800781,292.43591265506393,287.8733554883164,290.27470136555195,8348096.0
2017-08-03,284.03118896484375,289.6022994173692,282.92654646169746,289.45822453405094,14389817.0
2017-08-04,284.55950927734375,285.76018231226925,282.30223810902254,283.35883624241825,10099985.0
2017-08-07,288.3055725097656,291.04311259985064,284.9917328750761,285.5200172287314,11870705.0
2017-08-08,283.8390808105469,289.65032606967134,282.2541984047224,287.9693839667324,10288608.0
2017-08-09,279.1324157714844,282.7824493237056,278.4120120982854,282.7824493237056,12959158.0
2017-08-10,277.35540771484375,281.82190452187734,251.22875671733766,277.5955422669778,17225844.0
2017-08-11,275.6264953613281,278.2199313569565,269.2388917880867,272.74488026842687,17211539.0
2017-08-14,280.28509521484375,281.2936781293769,276.20280698833346,276.20280698833346,8428420.0
2017-08-16,283.310791015625,284.12722514218774,275.9626493701329,280.1890414557217,8605873.0
2017-08-17,281.5818176269531,286.09635969647144,279.80481577774674,286.09635969647144,8168684.0
2017-08-18,281.5818176269531,282.7344753976018,279.32454659219394,280.4772043628426,6700778.0
2017-08-21,281.91796875,287.9213326501278,280.7172959699745,283.5989106420358,10623264.0
2017-08-22,282.3502502441406,285.61607466201747,280.62126368410946,285.27988038812504,7549155.0
2017-08-23,286.8167419433594,287.39307078541844,283.64694796868554,284.31933650330495,9142592.0
2017-08-24,285.9522705078125,288.3055718113895,284.943687680591,288.16149692558736,12766567.0
2017-08-28,289.0260314941406,290.32276434394663,286.3365353942763,287.8734028713312,8827300.0
2017-08-29,287.6812438964844,290.8510088150969,286.33649603141555,288.1615130849593,12737088.0
2017-08-30,288.44964599609375,290.370722637595,287.5851673700788,289.8904534772197,8552010.0
2017-08-31,286.2884521484375,289.025992391371,285.2798985757644,289.025992391371,14865124.0
2017-09-01,286.5285339355469,287.8733108690066,285.42392086589035,287.8733108690066,7472688.0
2017-09-04,285.37591552734375,288.16147054663446,282.87851025327944,288.06541086045877,6244661.0
2017-09-05,285.856201171875,287.2009489161799,284.99172257291485,284.99172257291485,7683590.0
2017-09-06,283.69500732421875,284.3193513885937,282.6864244694862,283.2627533417185,4854030.0
2017-09-07,281.1015319824219,286.7206869870395,280.5732476345676,283.88708723286817,15630577.0
2017-09-08,280.4772033691406,283.16669907338587,278.6041418267988,283.16669907338587,8077662.0
2017-09-11,279.32452392578125,282.1101084265889,277.64358191275016,281.4377198960555,7639794.0
2017-09-12,279.7088317871094,281.8219989660739,279.03644309048315,281.10159506824994,8497603.0
2017-09-13,280.4772033691406,281.67787632876883,279.7087844003005,280.5732630685718,8297426.0
2017-09-14,282.110107421875,283.93512430972,280.18903084239554,280.18903084239554,12267908.0
2017-09-15,280.093017578125,283.88712686351545,279.46867344896526,282.83055802031,22632513.0
2017-09-18,281.437744140625,282.78249200423323,280.6212806584434,282.30222281627994,11181986.0
2017-09-19,283.02264404296875,283.83910757547494,278.1719366709779,280.3811633464119,7558625.0
2017-09-20,279.0843505859375,281.293605941309,278.1718569221674,280.47714264287384,14617079.0
2017-09-21,273.7054443359375,278.94036132499417,272.45672675709926,278.0278673812008,14496834.0
2017-09-22,266.1651916503906,272.74488543310196,264.8684589713693,272.40869113656976,23451953.0
2017-09-25,268.470458984375,269.62311668744667,264.6763209156252,267.9421746365606,13358067.0
2017-09-26,271.59222412109375,272.79289708360966,265.8289939010175,268.47047441855244,11325047.0
2017-09-27,265.4927978515625,273.5132990507421,264.53225948790754,273.5132990507421,17853590.0
2017-09-28,265.060546875,266.8375192207961,258.52886906227604,265.060546875,32223724.0
2017-09-29,265.6849060058594,270.5356128117136,264.8684425686444,266.50136944307434,9980756.0
2017-10-03,267.41387939453125,269.6231352587052,264.2921296564354,268.4704774762401,6752832.0
2017-10-04,265.20465087890625,268.37441578724463,264.24411250506984,268.23034089383015,7417758.0
2017-10-05,261.0742492675781,266.4532686017616,260.4018901716159,265.10852109653996,10975305.0
2017-10-06,261.2183837890625,263.61972936787976,259.8736068142844,261.41047384738755,25447787.0
2017-10-09,261.0262451171875,265.3966820221651,260.5459760369351,262.5631120366549,20478222.0
2017-10-10,259.15325927734375,262.2269940093697,258.52891515426853,261.1223806664971,18594444.0
2017-10-11,257.0400390625,261.2664014587311,255.69529138824024,260.40192290479985,12687990.0
2017-10-12,256.99200439453125,257.376243156135,253.63012042361186,257.0400488963827,11831125.0
2017-10-13,260.59405517578125,263.8118646658611,257.04008069766036,257.04008069766036,14402254.0
2017-10-16,263.42767333984375,265.1086156492138,259.68157919876637,263.7638676643793,12848154.0
2017-10-17,263.0914611816406,265.6368820720551,262.41910189145307,263.9079246820807,9183764.0
2017-10-18,252.76565551757812,257.8084817469008,251.9011768837835,257.8084817469008,30669948.0
2017-10-19,247.6748046875,250.70049444748153,246.47413182137223,249.3557467000789,3822821.0
2017-10-23,252.1893310546875,254.01437736300363,246.37808578584017,248.1550875888667,22939775.0
2017-10-24,256.031494140625,257.5683614153495,244.93728754761395,252.86172920356614,15126641.0
2017-10-25,293.6365966796875,298.5353190035518,273.12909625119164,281.62986684020575,123615362.0
2017-10-26,287.44110107421875,302.23338579315515,283.3588130890377,287.969385441097,43256025.0
2017-10-27,289.26611328125,293.39644570343046,274.23369422409604,280.381133696056,36889009.0
2017-10-30,288.6897888183594,296.27806521957683,283.59894729835906,286.81675662740264,38047961.0
2017-10-31,288.257568359375,291.2832583376493,286.5285817194293,288.40164325104433,19050731.0
2017-11-01,301.03271484375,306.3637203063994,290.46679292999596,291.0431218061343,38829935.0
2017-11-02,304.15447998046875,307.75649899803307,299.11165335587873,301.080774673464,27736221.0
2017-11-03,303.43408203125,306.07556269509377,301.6570800856392,305.259099172699,14258432.0
2017-11-06,303.62615966796875,307.6123877132236,299.35175254741335,302.3774423016043,16349376.0
2017-11-07,300.1202087402344,305.40316948141543,297.1425340961808,304.5867060496632,12752869.0
2017-11-08,293.4444274902344,301.60900239585465,291.9075604688693,299.6879259474734,11942186.0
2017-11-09,299.01556396484375,302.3774480474508,294.6931415729204,294.6931415729204,12716330.0
2017-11-10,305.931396484375,311.4064755879074,298.7753756419175,300.1681676652031,21000915.0
2017-11-13,301.84918212890625,309.1012350816218,300.6485091689663,304.4906626407742,13679015.0
2017-11-14,301.7051086425781,304.5867237598648,297.57477605315097,300.9366603566521,12362405.0
2017-11-15,303.0498352050781,306.9880481179473,300.3122951733701,300.60047425283045,14408468.0
2017-11-16,306.36370849609375,307.372262005478,303.5301087304095,303.6741836155639,8983382.0
2017-11-17,312.27099609375,319.2348985212351,311.02227876015104,311.2143981386437,20440466.0
2017-11-20,305.9794616699219,311.1183474028211,304.68275842433536,310.59006306671563,13606336.0
2017-11-21,307.2762756347656,309.48553188309586,305.01900418436065,306.1716621672556,13102056.0
2017-11-22,306.315673828125,309.3894082722002,305.4992103682953,306.79594300293024,9342622.0
2017-11-23,306.84393310546875,307.85248646842325,302.761645843407,307.13208283394175,9998609.0
2017-11-24,304.68280029296875,308.38084978048704,303.4821272610975,307.27623645382675,7867381.0
2017-11-27,304.4906921386719,306.02755953894183,301.12880752515343,302.6176304143886,9334428.0
2017-11-28,300.84063720703125,302.90578889477143,299.4478448081826,300.7445775048166,13929413.0
2017-11-29,302.4255065917969,303.81826961698647,299.9761162013392,300.2642952954953,12384876.0
2017-11-30,295.4135437011719,303.3379847100113,294.1648556311607,302.521550602167,23832543.0
2017-12-01,293.204345703125,297.7188878946378,292.3878822029613,297.47875329537237,6602231.0
2017-12-04,292.2438049316406,295.365554696728,290.37074334726606,295.1254200994136,8763567.0
2017-12-05,293.204345703125,295.46161679888144,291.7155229130014,292.7720916991249,8219441.0
2017-12-06,287.6812438964844,292.96420496970865,286.38451122494104,291.8115471920468,6751957.0
2017-12-07,293.73260498046875,294.6451281049741,288.35361386749963,289.60230195158823,7414305.0
2017-12-08,298.4872741699219,299.59188734280576,294.8852555757555,295.1253901486999,10732806.0
2017-12-11,299.15966796875,299.92808689038577,296.085933655601,298.72741400451554,6829121.0
2017-12-12,295.46160888671875,300.02416615058183,294.2128914159944,299.73598705119707,11995276.0
2017-12-13,290.9950866699219,296.2300027622444,288.3536063725208,295.84579330891927,14805881.0
2017-12-14,292.33984375,293.9247261163984,289.45822878807456,291.8595745896791,11140346.0
2017-12-15,291.1871337890625,298.43921439657123,290.61080503743364,298.1510353641078,23227021.0
2017-12-18,296.7102966308594,299.97612122620416,275.6745121904834,286.24043426050196,16300443.0
2017-12-19,301.3209533691406,302.3775223182637,296.326141208535,296.99852991553155,13135113.0
2017-12-20,303.3379821777344,305.3071032726863,299.20767922989785,301.70508466237453,14003657.0
2017-12-21,303.0018005371094,304.05836915396895,299.78399155978923,302.95375603696976,9705688.0
2017-12-22,304.1064758300781,306.6038816356178,301.41695061130196,302.569608464107,7628532.0
2017-12-26,305.59527587890625,306.4117393542667,300.8406285458746,303.77025884259194,7632721.0
2017-12-27,300.45635986328125,305.3551109148862,299.78400066062284,303.48207887180024,6354635.0
2017-12-28,302.8576965332031,306.60381913452017,298.2471246884603,300.45635092379524,22689602.0
2017-12-29,301.6090393066406,303.2899814046872,300.1682317940293,301.51297960980577,9637881.0
2018-01-01,298.0550537109375,301.6090575152612,296.9024252192447,301.6090575152612,7739502.0
2018-01-02,297.47869873046875,299.3997751722198,295.36550291922254,298.67937150656314,7046560.0
2018-01-03,302.569580078125,303.86631271254925,300.1682342044891,300.1682342044891,8898342.0
2018-01-04,302.28143310546875,303.19392695794096,299.2076986333517,302.5215676950621,6385367.0
2018-01-05,300.55242919921875,302.7136403813511,299.30374113041887,302.0412811571138,6366054.0
2018-01-08,301.75311279296875,305.6433106469236,300.2642900955106,301.1287687363993,7329648.0
2018-01-09,300.2642822265625,303.3379872373155,298.4872804865084,302.37744892521084,9190909.0
2018-01-10,299.6879577636719,300.60048089885055,298.2951654654104,300.2162421177416,6736971.0
2018-01-11,297.28662109375,300.1682361608946,296.37409793049915,300.1682361608946,8366713.0
2018-01-12,305.1630554199219,306.219624188554,297.3826886698631,297.3826886698631,11699345.0
2018-01-15,316.3053283691406,317.6501057709948,307.61246633845207,308.14075080824495,30242005.0
2018-01-16,320.9158630371094,327.3034370912702,313.6637810322847,316.73751542434735,26707100.0
2018-01-17,329.7048034667969,330.61732666566155,320.86783852401066,320.86783852401066,43305353.0
2018-01-18,332.4903564453125,339.262169654475,329.46466639212747,336.1884350940077,31504669.0
2018-01-19,339.6463317871094,340.99107947731744,327.3514245729043,333.7390273996696,18812611.0
2018-01-22,337.62921142578125,338.97395917904134,331.19359310998306,338.49369003049827,15269782.0
2018-01-23,348.00299072265625,350.06817137799766,336.620636091573,336.620636091573,22485663.0
2018-01-24,338.82989501953125,345.02537895711623,337.9173718831013,343.6325866569449,12815095.0
2018-01-25,346.56219482421875,350.40434789017814,336.8607817833125,338.5897389376736,30183655.0
2018-01-29,343.5364990234375,351.26884951882226,341.56740733755566,345.7937697721101,17855095.0
2018-01-30,339.3101501464844,342.72004934266386,336.66866985518124,342.72004934266386,13358981.0
2018-01-31,339.0220031738281,339.9825414694748,330.04096424687083,335.0837902990161,22638319.0
2018-02-01,332.53839111328125,341.85559559364987,330.233075604489,333.83509444534644,29472295.0
2018-02-02,321.87640380859375,330.13703940069354,320.5316559943691,329.0323968583231,16957983.0
2018-02-05,316.6894836425781,321.0599211050751,314.14403374188873,314.67234738554026,17339547.0
2018-02-06,317.6500244140625,324.61392702063455,300.64848494580013,302.8096960995639,18491736.0
2018-02-07,319.427001953125,323.12508029409565,316.88158130474096,322.11652679805945,11819190.0
2018-02-08,320.67578125,325.0462196610025,316.4974329493125,319.42706362306467,10294899.0
2018-02-09,313.85589599609375,315.6809129410615,309.917683022235,312.174953936436,9493398.0
2018-02-12,313.3756408691406,316.2092407647735,310.4940257806888,315.8730464751265,8356351.0
2018-02-14,306.36370849609375,314.09603023684775,304.0583930804101,314.09603023684775,15189066.0
2018-02-15,315.6809387207031,318.70662881251513,309.4374391321077,309.4374391321077,23779772.0
2018-02-16,308.380859375,320.8198440975171,306.21964785039097,317.31388459803503,17585994.0
2018-02-19,307.1321716308594,316.59348129512824,302.76173337675965,316.4974215867652,19044107.0
2018-02-20,304.73077392578125,311.4065267977821,303.81825082069827,307.85252338286176,16030558.0
2018-02-21,306.60382080078125,308.04462817425616,303.2419369293398,306.41170142566415,9974873.0
2018-02-22,305.7873840332031,306.69987786115314,301.56102123259893,304.4906514215861,25530698.0
2018-02-23,310.01373291015625,311.26242096108075,305.7873702993707,306.45972951398306,7949765.0
2018-02-26,314.1440124511719,314.8644161146251,310.3979192638753,312.17492082971984,7133735.0
2018-02-27,309.4374084472656,314.1440402692819,307.03606268977745,314.0960250794532,9623651.0
2018-02-28,300.8886413574219,304.49066020846846,298.82348974548273,302.71365837929125,17481687.0
2018-03-01,292.91619873046875,301.609059582279,292.24381012072735,300.31232687109525,18986889.0
2018-03-05,291.3792724609375,294.4049619659537,287.4890751145167,292.43587035675426,14456193.0
2018-03-06,283.4068603515625,295.5576952977943,282.5904261127817,295.2695161723651,18951451.0
2018-03-07,275.3863525390625,282.20615127111074,274.08961992335486,281.72588210331554,31472773.0
2018-03-08,285.2318115234375,286.2403648420249,277.8356561428044,278.7961942798582,21413552.0
2018-03-09,281.14959716796875,287.68124646420455,279.2285203969223,287.2009772714429,12489587.0
2018-03-12,288.785888671875,289.9865617740475,282.15817901054425,283.9351810644212,12163952.0
2018-03-13,292.33984375,294.8852644370402,287.77728672695133,288.25755588727225,15966647.0
2018-03-14,293.9726867675781,295.31746361762845,286.04824709247146,291.1871320171699,12964285.0
2018-03-15,289.5542907714844,293.68459385756955,288.54570793885654,293.68459385756955,13282019.0
2018-03-16,286.33648681640625,289.93850561404645,285.66409824885847,289.3621767437632,28835112.0
2018-03-19,282.92657470703125,288.16152072553405,279.75680970437264,286.33650362360015,13601784.0
2018-03-20,280.4772033691406,285.4720146065157,278.79626122566117,281.4377417368432,10880002.0
2018-03-21,277.7877197265625,283.40684597096356,276.01071780649363,283.3588307758155,13618228.0
2018-03-22,272.0724792480469,278.2199186358275,269.8152083324898,278.075843750431,24593489.0
2018-03-23,264.6763610839844,266.8856171312736,262.7552841628499,266.16521328584815,31922568.0
2018-03-26,270.53564453125,271.9764521846882,265.06059303616894,265.2046679388514,24618534.0
2018-03-27,272.69683837890625,275.9626629862042,270.295492445113,273.2731672656776,22377328.0
2018-03-28,267.3658752441406,272.1205228382597,266.1652022183571,271.8323730373942,27172599.0
2018-04-02,251.5169677734375,263.04342774261573,248.5873082766226,262.22696429880494,73359584.0
2018-04-03,259.39337158203125,260.7861639250003,251.08472065665805,251.08472065665805,40773239.0
2018-04-04,258.0486145019531,262.51511183935,255.0229246484458,256.7038667129836,33486876.0
2018-04-05,267.65399169921875,268.9507242681723,257.1361148917129,257.23214527116653,26759108.0
2018-04-06,269.5750427246094,271.78429819518584,266.0690841214096,267.41383175250405,31577015.0
2018-04-09,269.7672119140625,272.2646175835017,263.52371239711715,266.78953705101213,31712527.0
2018-04-10,277.4034118652344,282.83047597822315,268.0381647045422,268.4224034233121,44741783.0
2018-04-11,273.3211669921875,276.53897622404037,271.2080002780133,276.39490133882674,16811454.0
2018-04-12,275.43438720703125,278.4600773154325,272.3606525904709,274.0415947966167,22954325.0
2018-04-13,276.8752136230469,279.61275412170386,274.5218826492365,276.6350790058543,17497198.0
2018-04-16,276.2508239746094,277.547556556502,272.8889398877115,273.75341850453896,16874313.0
2018-04-17,280.2370910644531,281.6778987305943,275.48241404086457,276.25086238412405,15406113.0
2018-04-18,278.6040954589844,283.26271162967356,277.5955420660712,282.11008336824415,20755245.0
2018-04-19,278.1719055175781,279.5166533134702,275.96264977625935,279.5166533134702,17282341.0
2018-04-20,271.0158996582031,278.7002067436786,268.66259820125936,277.8357280592237,19745690.0
2018-04-23,268.3743896484375,271.64021393873963,264.388161647923,268.9507184792678,11620499.0
2018-04-24,272.888916015625,275.29026158191294,268.32635943967784,268.32635943967784,15412234.0
2018-04-25,267.8941650390625,274.377799508717,265.92507296249016,272.8409321421375,7961352.0
2018-04-26,267.84613037109375,269.33495311946047,264.48424607566784,268.75862423472654,14112673.0
2018-04-27,276.53900146484375,280.1890649987964,265.1086002861805,266.4533481930869,16488361.0
2018-04-30,272.9849853515625,279.51663379745395,271.1599392060239,277.54754208880615,9737559.0
2018-05-02,265.9730529785156,272.5527462845206,264.6763203934441,272.4566865905703,14211445.0
2018-05-03,270.7757568359375,272.45669895982024,266.35727453335625,266.35727453335625,14724116.0
2018-05-04,271.6882629394531,274.3297432539703,267.36584060660687,269.3829768912623,11861951.0
2018-05-07,278.364013671875,281.4377482449233,271.68828944995306,272.79290273569353,19673100.0
2018-05-08,297.0945129394531,302.0893243034977,288.16151761859874,290.08259440272275,87176185.0
2018-05-09,294.6931457519531,297.5747607207661,292.2437847537834,292.96418849598666,20140490.0
2018-05-10,294.74114990234375,300.5523942351635,293.6365368448614,296.2780168712884,16239386.0
2018-05-11,298.6794128417969,299.54389149756287,295.4135589882076,295.7977977803741,16671145.0
2018-05-14,297.8629455566406,298.7274242013149,293.1082690409766,297.7668858598315,10425585.0
2018-05-15,296.0859680175781,304.97094840415593,293.0122333477098,298.43929887231855,16400700.0
2018-05-16,285.52001953125,292.8681319172489,283.64695805627025,291.90759358409076,25515791.0
2018-05-17,284.31939697265625,288.11353578595947,282.446335165925,287.2010124825143,10668400.0
2018-05-18,274.8100280761719,283.6469633171454,273.36922054971166,282.54235007618666,17469524.0
2018-05-21,277.88372802734375,281.43773158496685,276.3949053364307,278.0758474192761,23155638.0
2018-05-22,278.84423828125,282.25416660820156,275.53039895389225,278.07581941750635,11284988.0
2018-05-23,280.5252380371094,286.62466295812186,277.4034881253549,277.4515326350582,15887229.0
2018-05-24,285.9522705078125,287.20095860250206,279.70877140775815,282.11011721547135,11489424.0
2018-05-25,283.983154296875,289.07402508575547,282.97460076541483,286.62463473130333,13541580.0
2018-05-28,287.44110107421875,290.37073131473295,281.7739306750988,282.15814015221974,19063427.0
2018-05-29,278.46002197265625,286.96079101690486,276.923154969822,286.96079101690486,12969969.0
2018-05-30,273.6573486328125,276.779098025969,271.5921972046155,274.6178869076299,25142319.0
2018-05-31,274.5218505859375,277.5475698598156,268.2783512681517,273.7534316259933,23698686.0
2018-06-01,277.88372802734375,288.11348472501703,275.5304266993424,283.3588082510758,29675949.0
2018-06-04,275.43438720703125,281.72590202471173,274.2817293974947,281.72590202471173,17188567.0
2018-06-05,272.888916015625,276.6350092363742,271.9283777891098,276.6350092363742,12376050.0
2018-06-06,272.69683837890625,275.57845349945825,270.0073426583797,274.42582503922034,16873633.0
2018-06-07,279.4205627441406,281.485714057502,275.81854441387077,276.15473865402265,20297969.0
2018-06-08,276.8752136230469,279.4206347026267,274.2337328339285,278.65221565293353,11340014.0
2018-06-11,275.0981750488281,278.8923132217767,272.024469945062,274.1376367076567,16876061.0
2018-06-12,276.0586853027344,277.7396272287589,273.993533941993,277.16329842003313,14257648.0
2018-06-13,279.2765197753906,281.34167132465456,275.09817217232427,277.5955776959171,10927770.0
2018-06-14,273.5133056640625,279.37259568669117,272.8889615752516,279.37259568669117,11400592.0
2018-06-15,271.35205078125,277.1152801783739,268.9507051991151,275.866592200984,47186222.0
2018-06-18,281.437744140625,282.59040191703485,272.2165698692609,272.7928987574659,27792317.0
2018-06-19,281.2455749511719,283.83903983232005,276.97119752306435,283.83903983232005,27176748.0
2018-06-20,281.6298522949219,282.97460010483087,279.51665622699085,281.0535234297313,20364143.0
2018-06-21,286.19244384765625,288.49773027260545,282.92658965622866,283.1667242695214,30192796.0
2018-06-22,288.785888671875,290.7550101474228,283.9831962631849,286.43258697960175,17490606.0
2018-06-25,278.2679748535156,288.64177742499913,277.40346687813826,287.96938884710664,15461874.0
2018-06-26,276.7311096191406,277.69164798691736,273.4652850313606,276.2027959288806,11614686.0
2018-06-27,268.0382385253906,276.5390095366591,263.1875311546155,276.5390095366591,25318055.0
2018-06-28,260.69012451171875,267.41389353390247,259.1532571582726,267.02968402386756,34197884.0
2018-06-29,264.5322570800781,265.1085859556861,258.96114634691077,261.2664325360385,20930477.0
2018-07-02,266.4533386230469,268.85468455388417,260.30589890276434,263.1875140197691,69733139.0
2018-07-03,262.13092041015625,265.8770142633764,261.4585611260582,265.01253557621874,14020388.0
2018-07-04,262.46710205078125,264.0039692612234,260.30589078046376,263.379625201348,8233522.0
2018-07-05,260.8341979980469,264.62833650815054,260.06577898214795,262.2269904418334,7505990.0
2018-07-06,259.39337158203125,261.21841791097125,256.51175651103677,260.40195444486193,26025797.0
2018-07-09,260.498046875,263.8599315469169,259.34538897644813,263.09148317677966,18374471.0
2018-07-10,262.6111755371094,265.0605658850383,261.1703680312584,261.26642772764257,14450561.0
2018-07-11,258.1446533203125,264.051957663866,256.9439805141715,263.7157634154863,12717543.0
2018-07-12,261.5545654296875,262.8993424903809,258.43281597778235,259.7295485358496,15837704.0
2018-07-13,257.1841125488281,262.51508803040235,255.55118582319784,262.22693828507965,19159840.0
2018-07-16,249.0195770263672,256.0795400390526,246.37809646003157,254.83082254698346,29794402.0
2018-07-17,255.9354705810547,256.9440241843062,249.739986123064,249.9801207251054,15128995.0
2018-07-18,252.33346557617188,256.7999635597473,250.70053846620308,255.50323077398477,22908592.0
2018-07-19,250.8926239013672,253.91831378278974,249.16363731676606,253.53410431286844,15145144.0
2018-07-20,255.31109619140625,257.13614261060536,251.4689425733968,251.4689425733968,13794388.0
2018-07-23,264.6763610839844,265.3967649294098,254.87888637418288,254.87888637418288,16917863.0
2018-07-24,263.5237121582031,266.9336117044289,262.5631737718516,262.85132356243497,12012225.0
2018-07-25,263.81182861328125,265.6848899553071,261.50654263999667,262.2269463387295,17947377.0
2018-07-26,274.3777770996094,275.19424056954466,262.46710727967917,264.1480494123029,36630780.0
2018-07-27,281.6298522949219,283.50288446516174,271.0639305818741,273.65736650527634,30926969.0
2018-07-30,295.22149658203125,296.2780947329351,282.6384371048465,288.1615331570228,56119080.0
2018-07-31,292.2438049316406,296.32609308598563,290.2747129589846,292.2918201257814,20824059.0
2018-08-01,287.4891052246094,293.5885293720413,285.0877594432033,290.6588992440471,15581508.0
2018-08-02,286.7687072753906,288.88190333098026,282.4943292862394,283.3588079223248,14089168.0
2018-08-03,292.9642028808594,294.64514502853643,285.8081802982837,288.1615110303535,14478297.0
2018-08-06,302.6656494140625,305.4512048535248,294.69316327172646,294.83726747937686,25849864.0
2018-08-07,300.7926025390625,305.5952946738497,298.1511218649295,301.5610508686123,20751115.0
2018-08-08,306.12353515625,307.37222308722204,296.08589927073814,300.6484557071891,17916047.0
2018-08-09,319.8592529296875,332.202175909905,307.6123896418391,307.6123896418391,76423347.0
2018-08-10,315.6329040527344,326.8711850308625,312.51115445103704,320.86782041221375,36321097.0
2018-08-13,312.0788879394531,314.52827819347164,309.2933327309344,311.2144093317477,15332907.0
2018-08-14,319.33099365234375,320.3395472181133,311.8868212657159,311.8868212657159,15314006.0
2018-08-16,321.10797119140625,325.814632740441,315.77699486651045,316.54541385112964,37463597.0
2018-08-17,326.5830383300781,328.69623442106496,322.59681004841593,323.5093038910616,24090696.0
2018-08-20,325.0942077636719,328.9363610629876,323.41326569522124,326.5830304418354,13032778.0
2018-08-21,325.47845458984375,328.3600698950866,320.8678525134711,324.9501408625652,16009673.0
2018-08-23,323.8935546875,325.3343622629545,321.54022392226886,323.26918128749224,18867868.0
2018-08-24,318.53875732421875,323.7006059608878,315.78898473792896,322.6392866098634,17805968.0
2018-08-27,327.9458312988281,330.26141825860424,319.3106173007047,319.3588470406703,28083933.0
2018-08-28,326.9810485839844,331.4192747460058,324.4724834102949,329.97202900475685,16427306.0
2018-08-29,328.6694641113281,330.59912487751154,323.99003086447607,324.5207052417485,18868248.0
2018-08-30,332.23931884765625,333.3006380638099,325.8232032578547,327.2704487041686,22349447.0
2018-08-31,330.5509033203125,334.6031733630574,326.59509276283575,330.9368295942472,19809916.0
2018-09-03,322.3980712890625,331.90165658897035,320.8543367649076,331.5157303190034,12859450.0
2018-09-04,316.9467468261719,324.61715932616244,315.7407089767572,323.02516580950834,15470215.0
2018-09-05,318.05633544921875,319.69655890682054,313.18395370726944,315.4995407782524,14548867.0
2018-09-06,317.09149169921875,319.6000565222886,314.0522819562413,318.3940185731479,11322771.0
2018-09-07,323.31463623046875,324.5689038303861,311.1095389446869,315.93369039711325,16435004.0
2018-09-10,321.1920166015625,323.94178897914804,318.77994073425685,320.1306973310909,16673909.0
2018-09-11,315.0653381347656,324.85838971534076,313.66635179774454,321.9638986734255,13005562.0
2018-09-12,311.543701171875,315.5477410690263,307.2984536972533,315.49951133124597,15263406.0
2018-09-14,316.8020324707031,320.32365714991016,312.7497334639847,315.69248352304663,10736693.0
2018-09-17,314.2452697753906,315.98195269953595,310.0482516903715,315.78897484383674,7227361.0
2018-09-18,307.6361389160156,316.51255977492747,306.5265899891871,312.846216509507,14825218.0
2018-09-19,309.66229248046875,313.28040605777153,305.8512010679963,308.7456919298386,15942065.0
2018-09-21,305.94769287109375,321.96388167986584,297.5054277777649,312.0743711419663,34169460.0
2018-09-24,297.891357421875,305.6582296190474,294.8038886603556,305.6582296190474,24382310.0
2018-09-25,300.1587219238281,302.4743088298407,289.49732909754505,296.2029116770689,30472132.0
2018-09-26,302.08837890625,304.21098794245233,294.3697363507114,303.9215506243335,23224979.0
2018-09-27,295.8652038574219,304.88637299795874,294.5626770712637,304.5486765060979,24888615.0
2018-09-28,294.80389404296875,300.6411351761249,291.1857803240109,298.2290593634864,26289107.0
2018-10-01,302.95672607421875,303.96978615121145,289.9797462528797,295.5275206953216,21104376.0
2018-10-03,293.0189514160156,303.4391060791777,291.812913633507,300.1586891996105,19105555.0
2018-10-04,305.3688049316406,309.95174908148357,284.4319746167492,288.4842738532719,56268976.0
2018-10-05,296.49237060546875,310.5306706139718,288.82198658005825,303.5838799454046,36131946.0
2018-10-08,299.9175109863281,303.00495034504894,288.09833956138357,296.4923456823244,20488368.0
2018-10-09,295.479248046875,300.93053277504686,292.3435499043367,300.4963768526486,14852835.0
2018-10-10,308.6009826660156,311.5919625364551,293.7908314167417,296.2993961288614,23972064.0
2018-10-11,300.73760986328125,304.3557234109902,293.3084049342722,299.09738661060646,21691068.0
2018-10-12,308.1667785644531,312.84621120534024,302.5707748448926,302.81198240943024,25930022.0
2018-10-15,302.3296203613281,306.7195870289608,298.66324707006925,305.7547566014118,23756416.0
2018-10-16,309.37286376953125,311.59199136972063,302.7155398575377,302.7155398575377,18042549.0
2018-10-17,303.7285461425781,316.6090356662372,300.689336791762,313.6663152277592,20203287.0
2018-10-19,304.355712890625,310.19292410144624,299.29035409892174,301.84714836206786,18322589.0
2018-10-22,315.59600830078125,318.2492917206308,304.982874621383,308.9386848816521,33593953.0
2018-10-23,311.4954833984375,317.0432578933425,307.1537468372075,311.6402020616214,21509920.0
2018-10-24,310.67535400390625,318.393996339407,305.12757982526506,317.187958474485,33104174.0
2018-10-25,308.6974792480469,310.7235994078482,300.8340884168467,307.2984634764838,26920180.0
2018-10-26,304.5486755371094,312.02611029412265,301.9918811542132,308.5527153568468,22952163.0
2018-10-29,337.1117248535156,340.5368903281452,316.7537981900045,317.42919122564587,80069836.0
2018-10-30,333.5418701171875,341.40523173040344,330.8403274192287,335.2303232618044,34460428.0
2018-10-31,342.5148010253906,344.01027640708213,330.26144284479534,333.3489119838661,31233009.0
2018-11-01,341.2604675292969,345.8434111674649,338.7519030174432,344.44439554231127,22157128.0
2018-11-02,341.984130859375,345.2162889908517,339.3308473850498,341.5499454222257,26714413.0
2018-11-05,337.3529052734375,339.4755436908108,335.7609411825494,338.65543205481276,22873951.0
2018-11-06,340.6816101074219,345.6987103732674,335.4232728043854,336.4363623611568,21349153.0
2018-11-07,343.3830871582031,344.44440634391776,342.0805604050208,344.20319877645005,2074764.0
2018-11-09,344.2997131347656,345.505751061226,340.00620633885256,344.34794287410995,15130936.0
2018-11-12,339.95794677734375,345.60220966690315,339.1378351704364,343.4795713248232,10642857.0
2018-11-13,348.20721435546875,349.22030373513394,335.5679328079795,335.5679328079795,17684864.0
2018-11-14,353.7068176269531,356.89074605310043,348.5931990269066,352.16308315440534,31774158.0
2018-11-15,356.9871826171875,361.71484482245063,349.36502974205524,353.224350635214,21967798.0
2018-11-16,354.6233825683594,362.1008177640663,352.6937218726931,357.08371762190524,29972926.0
2018-11-19,349.6545104980469,357.6626200134352,348.06254632057284,355.34700363425253,16002154.0
2018-11-20,345.3127746582031,352.597261431034,342.1288462967575,349.26858496238,19591217.0
2018-11-21,344.2031555175781,347.6282907674414,340.6332721899994,343.81722934698894,29323882.0
2018-11-22,339.66845703125,345.8916235421474,338.6553971082113,345.0715119907785,12547369.0
2018-11-26,343.8172607421875,345.26450609725975,338.3659757936051,342.27352647458736,20673027.0
2018-11-27,342.1770935058594,343.576109355539,339.2343725804756,343.23841282862116,17933339.0
2018-11-28,346.3741149902344,348.8344207423944,340.8263401679674,344.3962244400106,18163000.0
2018-11-29,349.4615783691406,353.51384833283913,347.53191759282134,350.2334309019537,38692771.0
2018-11-30,342.6595153808594,352.1631008403397,341.35698843409926,352.1631008403397,21893877.0
2018-12-03,342.9971923828125,346.2776097122438,339.7167750533811,346.2776097122438,23427270.0
2018-12-04,345.3610534667969,346.47060253796866,340.8745685512492,340.8745685512492,18651442.0
2018-12-05,339.0414123535156,343.81733483214094,338.12484109769184,342.8042451987082,12068267.0
2018-12-06,335.4232177734375,337.6423449306529,331.27445963385435,335.9538920573349,17784829.0
2018-12-07,339.813232421875,340.58508485913995,333.1558800122613,337.30466783433917,14979672.0
2018-12-10,334.16900634765625,337.15998639970763,332.1428566708288,334.3137250150825,14107881.0
2018-12-11,330.74383544921875,332.86647401777105,324.18300078252486,325.5337573969282,36885929.0
2018-12-12,337.6423645019531,339.3308174731417,327.4633874947897,330.743804521385,24740214.0
2018-12-13,337.25640869140625,341.74289299688684,335.37500733375987,340.4885959808395,19129928.0
2018-12-14,339.52374267578125,341.5981217241628,336.87045961652365,336.9187187932606,12104234.0
2018-12-17,345.84344482421875,347.82133523019934,339.90971471770683,339.90971471770683,18378122.0
2018-12-18,349.509765625,350.1368994122131,342.12881994165167,344.20319913517943,15405953.0
2018-12-19,353.6103210449219,356.2636044906887,348.30375415338824,350.2334148412187,19442031.0
2018-12-20,349.41326904296875,352.64545626834774,348.44843879326055,350.2816103788496,12109613.0
2018-12-21,341.7428894042969,350.71579903236363,339.62025105747455,348.3037233856486,13555416.0
2018-12-24,340.3438720703125,344.5408895637214,339.1378342529124,340.97100584650406,9025217.0
2018-12-26,343.33489990234375,344.3479600333382,335.9056941274284,338.3177701005455,8695108.0
2018-12-27,343.14190673828125,348.0625473927742,342.4182839786289,346.85650946002033,10122458.0
2018-12-28,348.0625,350.04039016268933,345.6986541959534,345.6986541959534,13004606.0
2018-12-31,347.4836120605469,350.7157993186399,346.85647828074565,350.0404063592953,7314108.0
2019-01-01,350.9570617675781,351.9701219207386,343.86555236259227,348.7861933442735,7759872.0
2019-01-02,351.7771301269531,354.9610583108022,347.62834220743764,348.7861503348103,18243156.0
2019-01-03,350.4745788574219,354.38212948679126,349.31677081094415,352.16303174937093,12884409.0
2019-01-04,352.35601806640625,355.8293834010112,345.45745824328,349.12383084932657,22896026.0
2019-01-07,354.7681579589844,357.9520865739758,353.658579418217,354.5751800968628,12719847.0
2019-01-08,366.7802734375,368.3722377206496,353.70683319661134,354.86461201877137,21501136.0
2019-01-09,368.8063659667969,370.06063352396103,362.3902506426274,368.2274619233816,21730142.0
2019-01-10,366.1531066894531,368.70990115033806,362.8244303054715,367.5521224321201,14497154.0
2019-01-11,365.2364807128906,367.793304440289,362.052552653808,367.2144003992878,12537973.0
2019-01-14,360.2193603515625,365.3812078002834,359.5922266116501,365.3812078002834,14844029.0
2019-01-15,359.6404724121094,362.1972666624671,357.56609328235805,360.4123248273668,12960779.0
2019-01-16,362.100830078125,366.39433704970713,358.9651313410307,358.9651313410307,15106484.0
2019-01-17,361.4254150390625,364.6576022430636,359.68870293450493,362.7761714908635,13171721.0
2019-01-18,358.9168701171875,363.16211753079205,357.3249060176213,361.4254347756805,12212121.0
2019-01-21,358.6274108886719,362.9208877769688,357.566091739062,359.8816784191222,8908581.0
2019-01-22,356.0705871582031,359.3992632532955,353.22435562585366,357.5178325135855,14756076.0
2019-01-23,354.4786682128906,360.5571171446799,353.5620970378817,355.8294248274152,9726450.0
2019-01-24,351.9700927734375,355.53997677384683,349.027372043254,353.7068050348332,17521254.0
2019-01-25,344.6374206542969,351.8253892590872,342.08059661308135,349.6062911812134,22978238.0
2019-01-28,331.4674377441406,342.41826753657205,324.810114563864,340.77807369335596,34362360.0
2019-01-29,334.6513977050781,337.7870962012659,329.34483101922194,330.8885653985097,20738442.0
2019-01-30,353.03143310546875,355.63648693096883,338.6554662121029,338.6554662121029,39400056.0
2019-01-31,351.6324157714844,363.40332780370386,341.64641624471966,359.5922657727153,85917249.0
2019-02-01,342.1770935058594,352.06660504905926,336.48460006741146,351.6806787801333,25605469.0
2019-02-04,342.0805358886719,344.3478927492274,333.83124945020154,338.65540045381715,17039321.0
2019-02-05,340.2474060058594,343.5760823831387,336.5810625724576,342.12883690506675,12197271.0
2019-02-06,346.6635437011719,349.17210857763035,340.7781019395367,341.1640282026181,15396216.0
2019-02-07,346.036376953125,349.0755864719143,343.9619977224773,346.4705623605022,10247434.0
2019-02-08,342.61126708984375,345.79519550352126,338.41424913051543,344.34794996197945,9308651.0
2019-02-11,337.73883056640625,342.225314961428,336.77400027832135,342.12882604376273,9419635.0
2019-02-12,332.1910095214844,339.62021346882676,331.1779496397011,336.7257230131265,14924394.0
2019-02-14,331.8533935546875,334.6513955366062,324.3276995460313,327.8975834347343,15172596.0
2019-02-15,330.11669921875,335.51975508160274,328.6212239500905,331.9498709996414,20316848.0
2019-02-18,326.8363037109375,330.93683298258765,325.67849543299184,330.1649804268156,10601490.0
2019-02-19,331.1780090332031,338.0765399676161,327.17396907358875,327.17396907358875,14384763.0
2019-02-20,333.0594482421875,335.37503519085857,330.3096758587656,332.86647039467925,9474758.0
2019-02-21,338.94488525390625,342.46653953568057,334.0725038348948,334.60314874197263,18631331.0
2019-02-22,339.66845703125,341.646376589761,338.9448343878564,339.0413232958317,10997730.0
2019-02-25,343.09368896484375,344.87863105643044,340.6333538296449,340.6333538296449,10344411.0
2019-02-26,335.953857421875,340.2955929342206,334.410123350852,337.69053984910187,18096382.0
2019-02-27,333.3971252441406,342.22534675572655,331.226256894266,338.65546258044037,17325417.0
2019-02-28,337.8353576660156,339.3790921902801,332.8664870096564,336.1951636574678,18347113.0
2019-03-01,341.7911376953125,342.51476042861236,338.31774268661616,339.6684992332524,14190221.0
2019-03-05,350.4745788574219,351.34292017013934,340.3920912392135,342.5147295096621,17638277.0
2019-03-06,358.86865234375,359.73699375025376,352.4042773672393,352.4042773672393,31436190.0
2019-03-07,357.75909423828125,360.8465632415924,355.53999613509836,358.4344872840951,15355303.0
2019-03-08,357.566162109375,360.26767552706576,354.71990057221427,356.7942801012577,16143455.0
2019-03-11,362.6314697265625,365.09177518387935,356.9872066514597,358.72388939259116,11449587.0
2019-03-12,374.547119140625,375.31897157179986,364.0787049187246,364.7058386995896,37108265.0
2019-03-13,378.1169738769531,379.4195006198129,370.78425799518976,374.2576528280548,19574619.0
2019-03-14,374.2576904296875,379.17833115026565,373.19637114575323,378.2135007911047,13182462.0
2019-03-15,381.39739990234375,384.24366102095314,374.4506395165577,375.1742622303448,31466545.0
2019-03-18,384.0506591796875,385.8356009843112,379.6606934348373,382.3139765528698,21220626.0
2019-03-19,384.38836669921875,386.84870150961257,380.0466305630582,384.38836669921875,11670392.0
2019-03-20,379.08184814453125,384.1472076092177,378.40648454914486,383.6165626811079,14181408.0
2019-03-22,378.0204772949219,382.36221338687403,376.2837946358539,380.5773009933862,17409249.0
2019-03-25,370.012451171875,374.305958145717,369.04762079072276,374.305958145717,12345034.0
2019-03-26,380.2396545410156,381.5904111695728,369.9159578087767,371.41146254820006,14063632.0
2019-03-27,379.3713073730469,384.4366667369215,376.42855712365304,381.49391648752766,17950017.0
2019-03-28,386.4627380371094,387.76526474047085,378.9370739976817,378.9370739976817,23117485.0
2019-04-01,384.24365234375,395.1462225408877,381.83157668559716,387.33112096389885,16106604.0
2019-04-02,383.1824035644531,385.93217620879847,379.6125486010947,385.93217620879847,13010810.0
2019-04-03,378.30999755859375,388.63366494906387,376.9109817310931,384.9673212859598,12317200.0
2019-04-04,375.0777893066406,381.78337185138,373.67877355595016,380.5290747607612,14521564.0
2019-04-05,376.8144836425781,378.6959146139157,372.03859104841354,375.5602159578769,10853927.0
2019-04-08,373.4858093261719,377.68282695605757,371.4596598381977,377.68282695605757,6305407.0
2019-04-09,383.1824035644531,384.34021187079486,373.53409915923316,373.7753067693636,13206348.0
2019-04-10,380.3360900878906,384.77428560965126,378.88884473663427,381.63858734859576,14000018.0
2019-04-11,376.33203125,380.6255376860219,373.91995559926477,380.6255376860219,8704774.0
2019-04-12,380.7220153808594,381.6385864345573,374.5953375196912,376.8626944534189,7035256.0
2019-04-15,378.9371337890625,382.989433184636,378.0205331454036,380.3361496253237,9770752.0
2019-04-16,392.6859130859375,394.0366695516763,383.52002567975467,383.52002567975467,24487788.0
2019-04-18,390.1773376464844,396.54522302924096,388.44065501676977,396.54522302924096,18660434.0
2019-04-22,380.62554931640625,390.3703411319948,379.8536968622994,390.0326446417167,10493872.0
2019-04-23,382.5552062988281,385.88388254496766,379.7572043736455,382.16928007540355,10203957.0
2019-04-24,386.9934387207031,388.48891390606445,379.61249282406095,383.134117525671,11397163.0
2019-04-25,381.493896484375,388.2477086154135,380.4325772606407,386.8004631587624,16524091.0
2019-04-26,392.8788757324219,393.65072812750833,380.3843126575249,385.93208639951797,14286163.0
2019-04-30,393.1683654785156,395.3874634936863,389.1160662529247,393.40957306469875,19375553.0
2019-05-02,381.6385803222656,390.75623764502893,380.52903146225333,389.5019701414118,16572948.0
2019-05-03,387.6687927246094,390.949239215098,380.8185213274066,383.1823378346313,24431248.0
2019-05-06,387.1864013671875,390.6597964594376,380.77028553311004,382.5552275403774,20751521.0
2019-05-07,372.9069519042969,393.02367175746116,370.78431323346564,384.0025015728594,41519416.0
2019-05-08,368.7581481933594,376.2838126690264,366.73199869782326,372.7139288224016,22509400.0
2019-05-09,367.9862365722656,372.13502414597343,364.2716343712035,367.55208064390126,19739885.0
2019-05-10,371.5561218261719,375.5119315980274,368.8063498235235,370.01238759273053,18361701.0
2019-05-13,363.0656433105469,372.18330175470805,362.05258323643346,371.45967900340275,13828080.0
2019-05-14,367.02142333984375,373.14810135173457,363.25859123187604,364.80232552968613,21481226.0
2019-05-15,363.78924560546875,370.9772429752912,362.5832077544437,368.90286376038483,16183425.0
2019-05-16,369.0475769042969,371.45965257033805,364.2716553078222,365.67067097183923,13430281.0
2019-05-17,375.994384765625,378.2134827078809,367.35914168628995,367.7933271048674,19096980.0
2019-05-20,393.361328125,399.43974728422006,387.8617835948224,390.99748209403424,33350816.0
2019-05-21,386.07684326171875,396.35228019043933,383.61653774508295,394.22967117168884,18286421.0
2019-05-22,391.0939636230469,394.03668422744585,387.4275908574513,388.82660655452975,15370847.0
2019-05-23,396.4005126953125,412.899115800648,393.0718365669064,399.43972208317587,43279956.0
2019-05-24,416.56549072265625,418.3021735212036,398.13722571902747,400.88699802029805,37708344.0
2019-05-27,420.18359375,423.36752194788914,414.53933063166556,417.0478952891791,23397222.0
2019-05-28,419.02581787109375,423.7535102390467,413.0438872442678,419.7494406485209,23389724.0
2019-05-29,408.4126281738281,415.3111879344358,407.254849554213,413.52624610437846,22132254.0
2019-05-30,411.210693359375,412.9473761542726,404.84280737094286,406.0488452685897,18281037.0
2019-05-31,408.798583984375,415.0699805369908,399.729156183628,411.9825119949132,24644955.0
2019-06-03,408.0267333984375,411.40363949327207,404.8428051438787,411.01771325700497,17125380.0
2019-06-04,404.36041259765625,407.8820375474703,402.81667812198424,403.00965597305054,14514451.0
2019-06-06,397.0758972167969,403.154345758511,395.918118526197,402.72016034685856,17762399.0
2019-06-07,401.94830322265625,404.21566028466333,393.55426795285433,398.957323445814,14107696.0
2019-06-10,401.4659118652344,407.88202776138786,398.4749319111844,404.1674250496299,13074522.0
2019-06-11,406.5312194824219,408.79857639049,398.5231109820411,403.73321773054874,10939138.0
2019-06-12,403.299072265625,407.15839353132475,400.21160347535135,407.15839353132475,11136959.0
2019-06-13,404.8427734375,407.44779741149637,400.69398575077065,402.0447716383415,12164077.0
2019-06-14,403.057861328125,407.1583901387642,401.46589720814546,405.5181668367948,8601256.0
2019-06-17,399.6327209472656,404.939287582786,398.61963146845954,404.21566485976047,9539802.0
2019-06-18,407.3031311035156,411.0659636234474,400.501088834573,400.83878534986,17761348.0
2019-06-19,405.0357666015625,411.0177265116052,402.67194992552004,408.8468582377763,17010384.0
2019-06-20,418.1574401855469,419.36347804339874,404.26388995195,404.9875126666611,24315929.0
2019-06-21,415.64886474609375,419.8941414507883,413.7674634033287,418.929311189591,13909654.0
2019-06-24,414.34637451171875,418.5433626640413,413.14033666466435,416.27603506700575,8545999.0
2019-06-25,418.3986511230469,419.50820007234,409.66694873966804,412.8508769322976,12964387.0
2019-06-26,423.2227783203125,424.52530503142447,417.2890782411161,417.2890782411161,12261068.0
2019-06-27,425.44195556640625,428.2881874387319,422.2097679977847,422.595694249795,18787957.0
2019-06-28,421.7273254394531,425.0077425349753,418.35041942612185,424.0429122454521,13459208.0
2019-07-01,423.5605163574219,426.45500735758645,422.3062487017312,424.04293152411594,6871979.0
2019-07-02,421.38958740234375,424.52528553413,418.3503781788533,423.56045533973423,7787303.0
2019-07-03,420.6177673339844,424.52531814373043,418.9293143640945,422.49916869100605,10415896.0
2019-07-04,420.8589782714844,425.87607804133717,418.8328288025339,422.5956609909943,11810688.0
2019-07-05,421.003662109375,424.42879752905657,417.96445287941685,421.1001510178761,12154330.0
2019-07-08,410.9212341308594,420.03889258193885,407.1584017100736,418.7363657397439,12184946.0
2019-07-09,413.4298095703125,414.6840772615395,409.7152067926672,411.01773366850205,11679067.0
2019-07-10,415.745361328125,417.48207349687783,412.1755069624304,414.87701996589027,16494282.0
2019-07-11,411.5483703613281,417.67504891829657,409.85991726381707,417.43384133293785,16535185.0
2019-07-12,412.03076171875,417.7715136962151,409.08804112516214,412.2719692901681,8824728.0
2019-07-15,407.4478454589844,413.3333164890773,406.77248187984014,413.3333164890773,7825336.0
2019-07-16,409.6669616699219,415.4076844341031,406.7242115136377,406.7242115136377,12149205.0
2019-07-17,409.763427734375,412.0307553150402,407.64078936117164,409.66693881845066,10961022.0
2019-07-18,403.92620849609375,410.53530209195395,402.81665951443193,410.05288693085885,10651654.0
2019-07-19,395.869873046875,405.5664355403705,394.13319022872196,405.13225011368974,12260757.0
2019-07-22,397.9976806640625,399.40011443157897,390.9855708589241,396.305102435236,17937246.0
2019-07-23,398.4329528808594,402.3500509453522,396.30512830494735,399.2550387469754,14207080.0
2019-07-24,395.0960998535156,398.3361839318131,388.5192365584031,398.3361839318131,16505930.0
2019-07-25,395.5797424316406,400.2706083612753,392.00113637821437,395.77319176499174,16852479.0
2019-07-26,402.1082458496094,405.63847469645754,395.144483303211,396.7887140344011,17493739.0
2019-07-29,415.2619934082031,421.0651188886497,411.3448659991681,418.7922221722303,46754670.0
2019-07-30,411.39324951171875,424.30520981057435,408.8785558610143,418.7922287115771,23617273.0
2019-07-31,410.6678466796875,416.0841029558666,407.37941485650725,409.9908035765818,22329888.0
2019-08-01,403.36553955078125,412.3604011104658,397.1755453852409,409.36211392390425,18269866.0
2019-08-02,397.1272277832031,404.13933776525306,392.19456520293033,400.3189350030264,30939803.0
2019-08-05,389.4380798339844,393.306830220049,382.76449132126754,390.40526743050054,25033370.0
2019-08-06,396.7886962890625,397.99768073845024,387.7454867043977,387.8422113635931,30665326.0
2019-08-07,394.9993591308594,401.3828023730481,392.9682595288603,395.86982195565344,20977349.0
2019-08-08,400.802490234375,402.930314520358,390.88881845490926,397.5140586693084,19046657.0
2019-08-09,406.36383056640625,408.5400024860938,400.89922698243504,402.83360202215727,17664017.0
2019-08-13,396.7886962890625,407.8630056519431,395.72478407035686,403.3172123157564,18389104.0
2019-08-14,403.60736083984375,408.3466035421267,397.75588785239466,398.38455386916013,13307755.0
2019-08-16,405.2032470703125,406.2187822193719,398.57800626658536,404.0909577441148,15154141.0
2019-08-19,409.5072021484375,413.8595461168659,406.3154950447453,406.3154950447453,12304262.0
2019-08-20,403.220458984375,409.31375788574036,398.96483992838284,406.9924842949994,16181488.0
2019-08-21,398.52960205078125,404.9614226110961,397.0788207844643,402.3500045252374,12868183.0
2019-08-22,386.0045471191406,398.96485405050686,384.94063493842845,397.5140727630505,18182520.0
2019-08-23,382.42596435546875,390.2601896797947,373.1409576568685,376.23596972847616,26883695.0
2019-08-26,398.14276123046875,400.415657945724,379.95964654087174,393.6453448886707,26701988.0
2019-08-27,404.8647155761719,406.7023660235691,397.75588115860353,399.25501005921717,28793372.0
2019-08-28,399.4001159667969,404.5261982444578,396.25675638689376,404.28440135369607,12154347.0
2019-08-29,391.1306457519531,397.3206402705516,386.24636035058154,396.45017736447437,30331105.0
2019-08-30,396.2083740234375,399.3033859904666,389.43806117225535,393.16173914364987,18314194.0
2019-09-03,379.2826232910156,393.06504702177733,378.21871099451903,391.7593378177235,20194305.0
2019-09-04,384.4570617675781,386.53650915439727,377.10643028085286,378.1703425185485,18614965.0
2019-09-05,376.2359619140625,381.0718997278679,375.2687743513014,376.76790326709227,25022673.0
2019-09-06,378.50885009765625,381.55548494875563,376.4294027876183,378.17032855504044,17564286.0
2019-09-09,382.4743347167969,387.2618954579576,376.3326877704865,380.104713374007,18651819.0
2019-09-11,381.6521911621094,385.9078102338756,380.4432067942088,381.94233560391757,17463978.0
2019-09-12,389.4864501953125,393.83879430445006,386.5365103671635,386.5365103671635,19577114.0
2019-09-13,399.8353271484375,401.2861084730082,387.5036858895866,393.4518834170822,17775449.0
2019-09-16,398.6263732910156,402.01152997469853,393.40356602514964,395.0961443669911,17629622.0
2019-09-17,387.5036926269531,398.3845527504143,385.23079594236344,392.5330797793974,20793363.0
2019-09-18,386.2463684082031,392.1462185865954,383.48987788460266,392.1462185865954,18477377.0
2019-09-19,373.9147033691406,382.7161157569675,371.7385314361394,382.7161157569675,22647508.0
2019-09-20,403.8007507324219,410.0874690072979,373.96301270918974,376.2359090656577,75217723.0
2019-09-23,431.6557922363281,435.23439798177805,414.3915180626949,421.5003229500866,57490445.0
2019-09-24,426.4330139160156,433.92871793869483,419.1307592229918,427.0133323887581,26639931.0
2019-09-25,419.9528503417969,426.4813663715374,415.50378166272935,424.6920634823641,19987241.0
2019-09-26,437.1204528808594,443.6005921690195,424.1601152720922,424.5953615038133,40909369.0
2019-09-27,434.460693359375,437.023734664757,428.75426275360417,434.7508378406545,19432963.0
2019-09-30,419.46923828125,430.54351765045703,416.8578201766712,428.75421483926203,27524660.0
2019-10-01,410.6678466796875,428.65754132160794,403.02707080682757,422.61261903038616,30623906.0
2019-10-03,413.27923583984375,420.33972279324246,408.44329800171676,410.08752867316883,23275379.0
2019-10-04,400.3189392089844,415.2136222516889,398.52963625703813,414.43988398306385,17952697.0
2019-10-07,402.44677734375,409.60395987756294,397.99770835800985,401.4795897171206,21933703.0
2019-10-09,422.3708190917969,424.0150202334148,403.4139370200339,406.4605719295872,34533981.0
2019-10-10,409.79736328125,417.34141411696885,406.70235141642036,415.89063283962133,19074005.0
2019-10-11,414.48822021484375,419.0340135882449,408.2498781146655,413.9079312873646,18004922.0
2019-10-14,414.7784118652344,422.08066650391936,412.02192127738743,415.89067171191687,17211042.0
2019-10-15,417.679931640625,421.1618125760668,414.1497031362242,415.8906288458349,14971985.0
2019-10-16,421.0167541503906,425.07895391235644,417.0029314785812,420.2430158701226,17833051.0
2019-10-17,426.1428527832031,428.80261862278525,419.46926439804156,421.69378402102126,12452421.0
2019-10-18,423.4347229003906,429.1411533995516,420.96840630691986,423.3380277525866,15988455.0
2019-10-22,436.3466796875,443.6489637747361,423.19292242875474,426.046137654268,34966169.0
2019-10-23,440.1670837402344,443.939109486219,433.49349518715024,437.1687962696536,25196183.0
2019-10-24,439.8285217285156,443.93906866055784,436.2015685531843,442.39156273583905,23542540.0
2019-10-25,453.70770263671875,455.20683158899516,439.49003331161515,442.6817700561398,34397573.0
2019-10-27,454.1429138183594,457.96331654427786,449.7422221606953,455.54534760793007,8206762.0
2019-10-29,461.7353515625,466.1844203990132,451.5315342502971,454.77161859407425,33686172.0
2019-10-30,455.6904296875,463.28285821493506,454.57816985599055,463.28285821493506,22396012.0
2019-10-31,447.8562316894531,461.10671436495164,446.16365329377686,459.4141359692753,21198377.0
2019-11-01,447.0824279785156,451.6282210970623,445.38984983040876,451.33804713336883,13522994.0
2019-11-04,455.0617370605469,456.80266282410935,447.8078305186678,447.8078305186678,16254715.0
2019-11-05,452.9822692871094,458.44687273182916,451.5798356125599,456.609222394165,14952189.0
2019-11-06,464.92706298828125,468.0220454112336,449.5004098954403,451.8216540917099,24922680.0
2019-11-07,462.84759521484375,467.1515916650373,460.04275719297715,467.1515916650373,18312032.0
2019-11-08,473.3899841308594,479.7250511245021,464.5401939497574,464.9754401776298,52207121.0
2019-11-11,480.498779296875,482.6266037853838,468.69910849722646,471.98754037528516,24766065.0
2019-11-13,469.8113708496094,481.1758250080919,467.44174945262813,480.4987818900337,24272664.0
2019-11-14,482.2880859375,483.4487228521991,467.8769967471377,473.6801222881874,35396276.0
2019-11-15,483.44873046875,492.9755342853091,479.72505228466673,481.51435525792476,42074833.0
2019-11-18,481.9979553222656,487.8978056951723,480.35372456521463,482.38482446621185,22910109.0
2019-11-19,477.30706787109375,485.5281622518522,473.7768391284832,481.6110643828033,27939336.0
2019-11-20,478.75787353515625,481.6594364050663,476.33990447689786,478.95132286630644,22606112.0
2019-11-21,481.9012145996094,487.26909389402914,475.13090149936403,481.75614236499155,25745594.0
2019-11-22,480.498779296875,485.2863696379084,476.001362940396,484.6577036123744,18462401.0
2019-11-25,481.4659729003906,483.59379741550805,475.4210504326968,475.8562966568599,25692878.0
2019-11-26,493.94268798828125,500.5678990176486,484.56095705321746,485.33469527795165,286857658.0
2019-11-27,488.913330078125,498.92369808989156,487.7526931557233,497.03772950249066,29866539.0
2019-11-28,502.1154479980469,502.9375338153443,491.33128303499024,492.8304119542971,35706498.0
2019-11-29,495.7803039550781,499.5523589326968,493.55578444395724,499.0687651679991,13324549.0
2019-12-02,494.1361083984375,497.1343956763837,490.6058797798553,496.60245433574767,10130049.0
2019-12-03,492.636962890625,494.4746132517885,488.09116979849694,493.02383199041407,12795657.0
2019-12-04,511.8840026855469,513.915072895224,492.5885995638451,493.2656426445515,30992538.0
2019-12-05,510.7717590332031,519.8633462835124,508.78903621665785,515.0757557531097,32354118.0
2019-12-06,507.5800476074219,515.9945916488599,504.53344204527076,512.6577825767874,24868376.0
2019-12-09,509.22430419921875,511.93241784715957,505.06540905783294,506.8546826201018,12980877.0
2019-12-10,511.35211181640625,512.8512408365013,507.48336129618747,508.78904098378206,12021443.0
2019-12-11,516.04296875,517.6388520160928,509.9013506676682,513.1897533212783,13768156.0
2019-12-12,517.7838134765625,519.4763916308666,512.415934565115,517.30021971819,12385216.0
2019-12-13,519.4280395507812,524.9893677237712,518.1223600274902,520.2501843523398,17884861.0
2019-12-16,521.555908203125,523.6353851357819,519.0895916537162,521.7977051007621,13070575.0
2019-12-17,523.3935546875,525.1828280023396,521.0722810060046,523.2001053753017,11516163.0
2019-12-18,523.6353759765625,525.0861573370083,518.364191893787,524.2640124799556,12906168.0
2019-12-19,522.4747314453125,523.4419190048068,516.1880123085996,519.5731687668296,12082790.0
2019-12-20,528.18115234375,531.469613968546,521.5559405505704,523.2001713629685,27691592.0
2019-12-23,523.5386352539062,530.8408898159852,519.9600293330193,529.0516163717649,11521942.0
2019-12-24,523.3451538085938,526.101673714571,521.6042280446538,524.215646206785,6715007.0
2019-12-26,521.0723266601562,524.6025850616447,520.0084438985158,523.3451939384097,7831074.0
2019-12-27,531.3728637695312,532.4367464619274,520.6853941123245,523.2484647337017,11247684.0
2019-12-30,526.1017456054688,534.0810438936231,524.7960068297549,531.566320528795,13180302.0
2019-12-31,521.2174072265625,525.9565909195592,520.3469147970097,525.9565909195592,12491978.0
2020-01-01,519.1378784179688,524.6992064121995,518.1223433733362,522.1845425843054,7642793.0
2020-01-02,522.861572265625,524.1189633218469,518.2674313473428,518.4125330945819,10264223.0
2020-01-03,521.1689453125,523.0549726880787,518.6542815000207,520.346859574846,9594690.0
2020-01-06,508.4505920410156,519.6215983089187,506.6129117751038,519.6215983089187,12534334.0
2020-01-07,505.74237060546875,518.0256047082687,504.5333862227175,513.8667102380927,16101835.0
2020-01-08,508.6923828125,510.04641017353697,498.1016656870328,499.06885338739596,16094310.0
2020-01-09,528.3745727539062,529.4385145307168,512.8995711925547,513.286469844567,18934019.0
2020-01-10,522.5231323242188,528.5680551877567,520.8305539224282,527.0205785476709,12335407.0
2020-01-13,520.9271850585938,528.1327440329308,520.3468961479856,521.7009823159947,7901800.0
2020-01-14,519.9600219726562,521.2657606315963,516.6232720310708,518.6059947734109,13939440.0
2020-01-15,518.0255737304688,519.3313122052216,513.2380430870195,517.5419800062871,12353176.0
2020-01-16,519.5248413085938,522.2813023468906,515.7044384941968,516.381481618543,11249232.0
2020-01-17,514.5921630859375,520.3469412501189,513.1897292258928,516.9617845691237,18312609.0
2020-01-20,517.30029296875,526.1500836130897,513.5766441149827,515.5110194223838,19159996.0
2020-01-21,513.6249389648438,522.5230762719374,512.8028531565697,515.462618931207,13477994.0
2020-01-22,505.6939697265625,517.3969741034881,503.6628995535334,514.0601653628478,17527408.0
2020-01-23,510.3849182128906,512.8512348341751,500.0843464603851,504.29164802135034,17061293.0
2020-01-24,516.3330078125,519.7665705607144,509.7077972487132,511.88396905859855,17851868.0
2020-01-27,519.6215209960938,527.1172246493645,514.0601924791509,520.8305054562987,38149166.0
2020-01-28,510.8684387207031,522.8615280527283,507.2414856708578,520.4435593528315,24009224.0
2020-01-29,509.32098388671875,517.2519342832151,508.0636517704025,514.1085744762003,16400827.0
2020-01-30,514.7373046875,516.4298831590178,506.9514555250086,510.33661246804417,14319317.0
2020-01-31,508.4022216796875,515.2692305146738,505.2588617563225,512.6094644256727,16292578.0
2020-02-03,498.633544921875,502.11545562836,485.5281650230603,487.4625401825147,22531888.0
2020-02-04,513.3831176757812,517.1068250027565,499.6974498507579,502.93750439107026,17781475.0
2020-02-05,521.4108276367188,522.6682187814763,508.45054881625816,511.69060376326127,18782476.0
2020-02-06,523.8287963867188,529.051633197627,518.6543661832312,522.6198118501611,15296851.0
2020-02-07,518.8477172851562,523.9737989431799,517.5903854116692,523.2000607927599,8297149.0
2020-02-10,516.4298095703125,524.4574545134066,513.0930006811658,520.9756029096975,12536053.0
2020-02-11,522.0394287109375,526.9237135510275,519.8632569377098,520.056706235151,11243552.0
2020-02-12,531.276123046875,532.630209264613,524.892708665984,527.8909665349748,14026335.0
2020-02-13,523.2484741210938,530.9859746626256,520.3469114180193,530.9859746626256,9227235.0
2020-02-14,527.8910522460938,530.6475727013851,518.9445657263312,523.4903598725933,14458649.0
2020-02-17,523.8287963867188,527.4557499963917,520.1051476271005,525.1828826806426,7793293.0
2020-02-18,523.4419555664062,526.5369677794586,518.4125680992523,523.2485062345065,15918303.0
2020-02-19,526.9237670898438,528.5679977365008,522.7648724182593,525.66643507738,8704234.0
2020-02-20,529.0516357421875,531.3245030688684,524.0222482394283,527.6008542913405,13588526.0
2020-02-24,512.4642944335938,524.0705449130858,510.23977489817963,521.7976778071624,16940750.0
2020-02-25,513.5282592773438,521.1206581950111,508.06362581746794,514.9790406526263,14942960.0
2020-02-26,506.5161437988281,511.9807181669434,505.0653624392931,509.56274923438497,15743918.0
2020-02-27,498.4400939941406,506.1292470346969,495.82873476324346,505.6456532463908,26315054.0
2020-02-28,480.93402099609375,490.2190276063518,476.0497355556641,485.14129284470374,32737933.0
2020-03-02,489.49365234375,503.46949551341794,482.0946730755466,491.5730997893437,28642076.0
2020-03-03,497.85980224609375,502.45394320902517,491.81487992644713,493.12058905073525,19661945.0
2020-03-04,491.6697998046875,500.51956003540244,480.74056271640364,500.51956003540244,21883404.0
2020-03-05,487.94610595703125,494.37789708969245,483.5937620981479,493.0238404590618,16671516.0
2020-03-06,470.39166259765625,480.49875460820033,461.638597713904,469.0859535248069,31024353.0
2020-03-09,442.7301330566406,459.4141195017025,428.4157680870771,459.4141195017025,42027175.0
2020-03-11,450.370849609375,456.2706992120219,434.8475021739913,435.2343712674295,31018779.0
2020-03-12,411.6833801269531,431.3173053579198,402.350026050892,423.6281524285834,50757033.0
2020-03-13,432.5262756347656,449.50040499595667,382.2325240268264,387.84219989968506,67104335.0
2020-03-16,389.67987060546875,410.2809837970479,384.4087159970775,410.2809837970479,34833637.0
2020-03-17,355.1996154785156,395.0477529697277,352.05625604950217,393.64531926414116,47232699.0
2020-03-18,343.39996337890625,363.1789626309428,331.0683208395067,356.9889675732343,61202289.0
2020-03-19,327.4413146972656,357.4725041333055,312.40156095321936,325.0717230437301,57985870.0
2020-03-20,334.35675048828125,347.994071438258,312.4015811229939,317.2375189112755,88640642.0
2020-03-23,274.6812744140625,303.4067575237123,270.81252407020247,300.9404114697679,56867949.0
2020-03-24,286.7711181640625,294.99221261395974,259.4964165355614,285.6104812587644,67895418.0
2020-03-25,306.5017395019531,323.18572532789085,272.3600295892769,274.68127388790197,66544138.0
2020-03-26,319.4137268066406,352.44317970868485,303.93872414530455,311.4344285593892,76173940.0
2020-03-27,328.6986999511719,347.75227727673115,315.30314626930806,344.1253239070689,72889985.0
2020-03-30,303.1165771484375,322.9439222427562,300.89205755410035,319.26862130005424,36559880.0
2020-03-31,313.126953125,323.862740278244,305.63124999999997,314.04579305648804,46279768.0
2020-04-01,300.9404296875,313.1269999116299,297.99051917822,308.5328586001852,33141186.0
2020-04-03,277.2442932128906,299.34453366978437,272.2632834508701,299.34453366978437,57326314.0
2020-04-07,315.39990234375,318.7850591592721,287.10966324260073,298.183944257931,57661076.0
2020-04-08,308.4844665527344,341.1753924180542,304.7607887549205,312.2564919193143,73931321.0
2020-04-09,331.4552001953125,333.67971985452016,312.06307123026534,321.49315026963217,52431174.0
2020-04-13,319.8005676269531,334.4534535700189,318.44651091733726,329.85931256209983,30994190.0
2020-04-15,316.6088562011719,340.3532991825679,314.3359595137511,331.45519126914274,49132329.0
2020-04-16,330.77813720703125,336.3878131075626,308.87134542682736,314.6260935544684,56494027.0
2020-04-17,363.2272644042969,372.8507921162501,337.59679490733026,350.12188520384575,69006835.0
2020-04-20,349.4448547363281,366.4673617498786,345.285960021549,363.6625237201749,55810736.0
2020-04-21,320.961181640625,334.8403283358878,317.237503817571,329.81094146887716,50118175.0
2020-04-22,324.9266662597656,326.9093889126586,312.4499233658025,315.30313841871805,49115085.0
2020-04-23,341.368896484375,343.158170042819,326.90942915745893,329.0856013929746,45953398.0
2020-04-24,323.8627624511719,331.9871321041544,320.62267820109884,326.8126727216464,38513206.0
2020-04-27,336.4845275878906,341.3204651201001,326.90937717735994,328.16670912924627,38980019.0
2020-04-28,348.0424499511719,350.9440126360233,338.75744345640294,342.1425999220629,32933194.0
2020-04-29,358.2946472167969,364.14612021050334,340.11150318579536,341.4172123089181,39341745.0
2020-04-30,367.6763610839844,380.05638010224527,361.87323547061237,369.46566405135206,45734705.0
2020-05-04,326.9577331542969,347.220323741819,324.97501052159106,347.220323741819,38837299.0
2020-05-05,319.9940185546875,336.58127974218576,318.73665698384804,336.58127974218576,45069968.0
2020-05-06,330.1977844238281,334.2116063760542,314.57771325096684,320.6226347200477,49952812.0
2020-05-07,325.7004089355469,331.6486064917045,322.750498701194,325.94220582414044,27656346.0
2020-05-08,326.6192321777344,340.93359544229884,322.750482158531,332.7125016514916,42968091.0
2020-05-11,309.6451110839844,332.27729552120866,307.7591129320129,329.81097889315987,83665601.0
2020-05-12,310.6606750488281,313.75565772008855,297.8937866707357,307.85580734057277,69072308.0
2020-05-13,326.9577331542969,336.96813000664366,321.3964048492399,332.228917006448,72816461.0
2020-05-14,316.6571960449219,323.5242335114893,314.96461784269434,319.1718895629042,33999095.0
2020-05-15,312.1114196777344,319.7038179791966,308.33936479516456,318.49483359791657,31828868.0
2020-05-18,288.7054748535156,309.98360030335596,283.62774037116736,309.5000065431323,74034133.0
2020-05-19,290.4464111328125,301.278923561746,287.3514286647042,296.9749271329466,61827491.0
2020-05-20,295.620849609375,298.1355429797637,287.73827749060735,289.18905872165243,42238419.0
2020-05-21,294.4118957519531,302.5362655842659,292.0906514450384,295.95940179530385,43075357.0
2020-05-22,281.4999694824219,297.6036683692747,276.1804371096714,291.12349894507,80358245.0
2020-05-26,283.0958251953125,288.12518305654487,280.48440684235976,286.3358800751679,46681705.0
2020-05-27,308.38775634765625,311.38604365713445,285.1752551381035,286.38423957610104,80541990.0
2020-05-28,316.1252746582031,318.9301128099971,310.2254243633255,311.6762057711041,66136408.0
2020-05-29,321.0578918457031,323.33075878278703,309.4999897952973,312.3048275495734,60487477.0
2020-06-01,328.118408203125,336.58130008750925,325.16849769562947,327.8766112921426,44024770.0
2020-06-02,336.9681701660156,338.51567630379213,321.5898924886026,325.94223689822275,47558213.0
2020-06-03,345.140869140625,360.7609415371811,342.19092952288094,346.15640422050154,69689299.0
2020-06-04,336.4361877441406,351.0890728999437,334.163291148569,345.28594772804377,57061575.0
2020-06-05,345.4794006347656,348.18751393667344,335.6140759334047,338.5156385495436,37251097.0
2020-06-08,347.99407958984375,361.4863581416881,341.56228808401204,354.52259575695115,46827341.0
2020-06-09,337.1132507324219,357.2307719877297,333.9215432263932,348.23590894271445,47621969.0
2020-06-10,341.4172058105469,345.1408837884955,333.9698498546497,337.1132093982312,36292403.0
2020-06-11,330.052734375,342.577824306488,328.940474653244,340.885246181488,36999490.0
2020-06-12,332.90594482421875,334.79194271409347,313.46547043272267,313.5621950846644,47509067.0
2020-06-15,320.2358093261719,331.0199447946147,314.81955304790966,330.0044096557877,43500660.0
2020-06-16,331.6969909667969,336.4845517578464,315.3514973208427,331.01994785716687,57511237.0
2020-06-17,330.72979736328125,339.4828329593045,325.0717442440485,327.48971313977,37107002.0
2020-06-18,340.4500427246094,343.06146110881605,326.1356777347233,328.8437912680886,39285919.0
2020-06-19,351.8628234863281,353.4587065776816,337.7419086845857,339.48283449087063,51367236.0
2020-06-22,355.4897766113281,362.9371326453157,353.1685323657417,354.95783525870985,40133602.0
2020-06-23,363.8076171875,365.88706466627065,352.24974284370666,356.89223161101904,32493320.0
2020-06-24,336.6780090332031,367.5312875305494,333.67972157378824,367.5312875305494,57955780.0
2020-06-25,339.4828186035156,343.9318870867488,327.39297463615395,334.55015636158794,69902888.0
2020-06-26,337.6451721191406,346.73672898424195,334.74360953349844,343.9318910546987,34596104.0
2020-06-29,331.842041015625,334.26000979376823,327.3929725605973,333.9214882615841,27384244.0
2020-06-30,339.9180908203125,342.8196535946516,334.9370511113854,335.61409423188707,47526095.0
2020-07-01,352.1046142578125,353.74884489223496,340.0631470217947,342.62618811503546,36922617.0
2020-07-02,350.94403076171875,358.7298792283745,349.49324934436254,353.99066583492214,50964311.0
2020-07-03,349.15472412109375,355.1029219667265,347.9940871928723,352.6849529631178,28779044.0
2020-07-06,349.9768371582031,355.7799627282729,348.6711280016928,355.7799627282729,33334074.0
2020-07-07,363.71087646484375,365.5969040461741,350.21862747763504,351.08909039354813,46030825.0
2020-07-08,356.8438720703125,366.5640955142677,355.48978583538184,365.50018326520336,46315597.0
2020-07-09,358.1979064941406,363.6625101179346,353.3135917735156,361.19619373080394,35144463.0
2020-07-10,348.5260314941406,356.11845948948564,347.2203224285606,352.9267229384877,27864858.0
2020-07-13,341.99749755859375,354.9578038391216,340.9335854313089,352.15296606080295,32379935.0
2020-07-14,334.2116394042969,340.8852569786524,329.4240788373882,339.9664170180611,34031256.0
2020-07-15,334.4534606933594,345.0925243067149,332.47073791735966,338.0320666243409,30442553.0
2020-07-16,333.3411560058594,337.1615583231289,329.8109276396466,336.53289237016816,35535437.0
2020-07-17,342.19091796875,344.31874222720364,334.1149261390369,334.64686744554064,27511781.0
2020-07-20,351.089111328125,354.3291958069875,343.5934071606512,346.2531731555613,36312529.0
2020-07-21,366.37060546875,367.4345175995619,357.9077150221863,358.826554934301,45559912.0
2020-07-22,368.5951843261719,376.71955391165113,362.9854787789867,374.20486035713515,45500191.0
2020-07-23,379.3793029785156,382.66773462817645,366.41899617325214,369.9975722710928,37838027.0
2020-07-24,369.272216796875,375.9458349026856,359.9388622862316,375.5589362466442,52980980.0
2020-07-27,346.7367248535156,373.14093226181393,344.899074474412,372.36719405468205,73275058.0
2020-07-28,340.5467529296875,350.8472947567231,331.9387893681909,349.25144115245945,125939354.0
2020-07-29,339.5311584472656,345.914601820029,336.7746976984037,341.6106351753123,50194622.0
2020-07-30,333.63134765625,342.9647013441066,329.2306267196255,341.80406451074566,40820253.0
2020-07-31,335.4206237792969,341.4171982750352,330.826483009307,335.08213175659023,37345191.0
2020-08-03,331.98712158203125,337.88697145221033,329.32735585923274,335.42062552679175,32119883.0
2020-08-04,339.4828186035156,341.6106429482595,332.90595529175914,335.6140685339599,30811518.0
2020-08-05,340.6434631347656,348.18751413452514,339.2410293963464,341.80407047214794,37057881.0
2020-08-06,346.97857666015625,351.81451501082046,337.16162771155297,341.8524938149423,48021824.0
2020-08-07,346.2048034667969,347.8490046307121,341.56228540793796,347.6555848258986,28510964.0
2020-08-10,351.6210021972656,352.9750883039983,345.62445743464644,347.7039046468145,22856010.0
2020-08-11,355.2963562011719,362.0182920359347,352.10461954225354,357.85939733287915,45446107.0
2020-08-12,354.8127746582031,356.6504251830202,351.8144872144369,353.7488624018702,25706005.0
2020-08-13,355.9734191894531,360.13234398595023,354.2324931456713,356.84391172757006,26257336.0
2020-08-14,349.54156494140625,359.6003092782959,342.5778324848922,359.6003092782959,28893259.0
2020-08-17,348.3809509277344,354.32914817717125,342.7228981231597,353.99062664735186,24232497.0
2020-08-18,357.42413330078125,357.8593794877275,349.73501028908805,350.02515473623856,26517363.0
2020-08-19,362.1634216308594,363.51747841623546,358.2462940004714,361.72817538874153,35790233.0
2020-08-20,355.6832580566406,357.5209086872029,350.7022475656185,354.9578673196114,68444775.0
2020-08-21,358.9716796875,360.76098268987687,355.0062045375301,357.8594198264194,34109928.0
2020-08-24,367.86981201171875,368.69192738043523,361.5830925698755,362.5502801763129,32907235.0
2020-08-25,373.6729431152344,377.0097226965092,368.88535258686227,369.94926487274756,53072303.0
2020-08-26,376.574462890625,378.798982356953,371.5934531177807,375.462203157461,37163882.0
2020-08-27,379.3309631347656,384.4086976948713,374.88189456933355,377.1547911804346,36910405.0
2020-08-28,396.25677490234375,398.3845699307373,380.0080053741807,380.97519298242054,83472297.0
2020-08-31,381.6521911621094,408.15312260324686,374.78515404918994,401.2377379220993,72744175.0
2020-09-01,378.1220397949219,386.5365550011586,372.65740572501664,381.74899363801336,34872793.0
2020-09-02,379.5243835449219,381.07188950707814,368.5951761853444,374.5433736335432,31295799.0
2020-09-03,370.1910095214844,379.66943505872104,368.54677899210554,379.5243628393569,26135555.0
2020-09-04,360.3257141113281,367.4829256770418,356.263544064103,362.6953354427093,33118984.0
2020-09-07,361.1478271484375,364.4846360198119,356.8922078095089,361.82487024345374,22323904.0
2020-09-08,363.37237548828125,368.7886021723974,357.0372793060549,360.1806388534753,32052920.0
2020-09-09,355.5381774902344,360.18066629206237,350.02519621136764,358.6331601860451,25285238.0
2020-09-10,358.53643798828125,362.6953326629949,353.4587033309993,359.50362554204924,24852274.0
2020-09-11,358.3429870605469,361.38962193797926,353.1201801969168,360.7609559340998,22678353.0
2020-09-14,351.7660827636719,361.5830293493351,347.5588115080396,361.2445078430257,27140598.0
2020-09-15,359.3585510253906,360.03559417081794,351.76615176599665,352.1046438224863,24967618.0
2020-09-16,362.40521240234375,364.33958763904434,353.0234806978564,359.16512797762556,22068622.0
2020-09-17,356.8922424316406,359.55200846602276,355.3447362902097,357.85943008050685,24084936.0
2020-09-18,357.42413330078125,362.3567955158832,352.5881957401363,357.8593794877275,78166508.0
2020-09-21,339.1926574707031,355.34467050688664,337.0648332306219,354.61927990452523,28932482.0
2020-09-22,342.771240234375,344.46381834030285,338.03202744102094,342.3843711419783,28593292.0
2020-09-23,340.3049621582031,345.38269704619097,331.21340464295514,344.899103247335,22740143.0
2020-09-24,324.6849060058594,335.5657670715219,322.7988782813213,333.6313917709597,25840472.0
2020-09-25,337.2099609375,338.9992639543412,325.55536181488884,327.9249537961334,23231600.0
2020-09-28,351.089111328125,352.00795138740176,337.6452091116427,339.96645353122847,18495592.0
2020-09-29,345.33428955078125,351.81445769137866,342.6261763221193,351.81445769137866,17080848.0
2020-09-30,343.10980224609375,345.76956815497823,337.8869950918926,345.23762677969063,19565058.0
2020-10-01,357.085693359375,359.0200686657287,346.4949767505988,346.4949767505988,23237122.0
2020-10-05,360.8576965332031,370.09432623171557,358.58479978841365,358.58479978841365,26530105.0
2020-10-06,368.1116027832031,369.27221018186657,362.79207103638294,364.72644621704484,18093629.0
2020-10-07,370.0943298339844,371.73856056312695,361.82488764712906,366.85424546551116,21845743.0
2020-10-08,374.7851867675781,376.9130112473282,370.0943211073717,372.36721782069054,21085500.0
2020-10-09,388.3257751464844,390.2601501160808,374.2048319651865,377.8801621171515,41641237.0
2020-10-12,390.7921142578125,396.546891935066,387.5520596074177,390.21182534600655,25742564.0
2020-10-13,383.24810791015625,387.842249266808,380.58834186156844,387.842249266808,19922778.0
2020-10-14,393.451904296875,395.821525725914,376.2359768048395,381.410436373652,23368177.0
2020-10-15,378.17034912109375,396.4501887380248,376.381046169578,393.5486259570445,34234586.0
2020-10-16,383.10302734375,388.1323853257364,377.68677069557504,381.07192741115637,25339096.0
2020-10-19,403.4139404296875,405.0097940133014,387.9872869169009,388.8577498246702,41072871.0
2020-10-20,400.9959716796875,403.2204912800626,397.5140905309168,399.93205945142114,26158669.0
2020-10-21,406.5089111328125,414.4398607649072,396.83703573573183,402.35001651855634,43124966.0
2020-10-22,399.35174560546875,405.8802617660011,394.27401081394356,402.7369021331522,33088074.0
2020-10-23,403.2688903808594,406.7023946289064,398.23950294518954,403.31723795541967,22151463.0
2020-10-26,391.17901611328125,405.3966553779823,388.2774534654376,404.33274317052866,21712057.0
2020-10-27,396.49853515625,398.8681268676834,380.3464917850806,393.0166541851704,33571163.0
2020-10-28,383.05462646484375,396.4501802536025,381.84564199864207,396.4501802536025,28145103.0
2020-10-29,386.7783203125,389.67988314982745,376.8646472849647,379.3793409805598,32615425.0
2020-10-30,379.71783447265625,389.48643453930106,375.3171134516885,386.2946979444968,27225165.0
2020-11-02,403.75244140625,408.9268710172733,393.6453200313883,403.31719521643464,72698777.0
2020-11-03,429.2862243652344,432.23613475387646,410.28099383099317,411.05473210847276,61813071.0
2020-11-04,422.70928955078125,427.4968795330353,411.3448363052764,422.9510864283452,43426662.0
2020-11-05,424.11175537109375,431.6074591433309,421.30691728214634,430.3984746639378,30129938.0
2020-11-06,428.2706604003906,430.30176027751617,421.8872458097437,425.4174746706253,27831424.0
2020-11-09,447.5176696777344,449.3553200311477,434.2671890732431,435.23437657674697,40995422.0
2020-11-10,467.9736633300781,471.0686455247919,457.47967337582435,469.859661187118,57535138.0
2020-11-11,470.5851135253906,474.4538639134854,456.609270458132,468.8441876572372,45609279.0
2020-11-12,461.0583190917969,467.68353022793707,455.8838597713585,465.79753220616954,31071572.0
2020-11-13,469.617919921875,471.11707838782104,452.2085433981173,457.1895830720594,34815091.0
2020-11-14,470.9236145019531,473.77682959493876,468.74744250377756,473.77682959493876,3636073.0
2020-11-17,470.4400329589844,476.8234768895535,462.46073542482856,474.4055079398093,36127378.0
2020-11-18,481.32086181640625,482.62657086728734,470.2949300284939,471.9875081828381,29156543.0
2020-11-19,463.04107666015625,477.1620219247343,460.18786135257534,473.92193746940274,31896908.0
2020-11-20,464.4434814453125,467.5868410378285,452.7405059822393,463.76643834197404,30089190.0
2020-11-23,452.8855895996094,467.49012813062564,451.1930113149338,465.990969654465,29513544.0
2020-11-24,462.5090637207031,464.24998937436925,455.7387513756603,458.4468645071897,23135994.0
2020-11-25,457.1896057128906,473.87359237437875,455.64209959756573,469.0860017867664,34168305.0
2020-11-26,459.7042541503906,461.54193420207747,450.51597195684894,459.5108343402605,28707911.0
2020-11-27,457.8182373046875,463.8147824653229,455.83548509749374,460.7681475553961,48390771.0
2020-12-01,469.1827087402344,472.4711406635117,458.7370649933134,463.9599016248854,20120049.0
2020-12-02,464.6852722167969,471.0203388902489,456.70597489473414,470.39167288327013,21244707.0
2020-12-03,466.03936767578125,469.08600282179134,463.13780477172895,466.28116458445226,22701738.0
2020-12-04,485.5765380859375,487.4625657719017,467.15162553140584,467.8286686792453,39547014.0
2020-12-07,493.7008972167969,498.6818776850047,487.60759793573476,488.429713257333,37778332.0
2020-12-08,491.7181701660156,495.20005143088366,488.8166073646628,494.71645763065817,19339943.0
2020-12-09,494.7164306640625,498.1015870811186,489.4452467224436,493.265649342467,21272782.0
2020-12-10,490.31573486328125,497.52129383768204,482.3847852343927,491.42799463025165,20419020.0
2020-12-11,498.5368347167969,499.9392684715248,489.49362521628535,492.5402600971471,25335765.0
2020-12-14,508.5472106933594,510.48158582648927,501.09985462432047,501.09985462432047,26369591.0
2020-12-15,501.051513671875,507.04808847028727,496.2639233476408,506.80629157545167,26969145.0
2020-12-16,495.6352844238281,504.581769489123,494.32957529483787,502.98588637801146,24263586.0
2020-12-17,493.6524963378906,499.5523460179194,492.3951643886705,497.13437725694206,23883288.0
2020-12-18,500.1810607910156,501.24494347388276,492.4435309413817,497.13439642175734,21735833.0
2020-12-21,478.27423095703125,497.81143076216875,472.1809613580003,497.7146765902352,29157759.0
2020-12-22,483.8839416503906,485.33472304192634,473.05145830332435,480.98237886731914,32328041.0
2020-12-23,487.0756530761719,488.9133035065824,480.25696318103564,482.62658447039485,19205951.0
2020-12-24,496.69915771484375,499.02043146286394,488.52644057411385,490.12229413871137,17576807.0
2020-12-28,503.03424072265625,504.09818248853617,496.7475214029454,498.9721000804918,14470472.0
2020-12-29,511.44873046875,513.3831054395338,500.8580156972208,505.4038086850506,19092649.0
2020-12-30,511.4004211425781,515.5109682628731,507.33822159368026,514.2052886729333,21365141.0
2020-12-31,517.49365234375,520.8304609754287,509.22421114867814,512.7060624837276,27817770.0
2021-01-01,510.1914367675781,519.3797185671838,508.8373505736061,517.9772848018079,13592625.0
2021-01-04,514.253662109375,517.4453694038815,507.0964502093146,514.8339510602137,16549750.0
2021-01-05,519.6215209960938,522.2329392366254,505.8390981497572,509.3693563865334,23311516.0
2021-01-06,528.761474609375,532.533470843339,518.2674536925388,521.0723213555052,28178838.0
2021-01-07,523.3451538085938,536.2087953049357,522.0394742437494,534.0326233419001,21138034.0
2021-01-08,524.2639770507812,529.1482621610521,518.7509964471592,529.0515670232015,21937965.0
2021-01-11,526.8270874023438,528.084419451692,517.4453560561452,527.2623336204688,19394393.0
2021-01-12,530.0187377929688,532.5818082219139,519.4763706727973,523.2484254488979,16388310.0
2021-01-13,538.2398681640625,542.5922121114808,530.2605709271289,533.4039304447089,21920297.0
2021-01-14,535.1448364257812,540.1258757054776,532.5334183474205,535.870227056857,13330898.0
2021-01-15,525.1828002929688,532.920300113123,523.7320190766899,531.9531126356037,15708956.0
2021-01-18,515.6560668945312,530.4056770606078,511.5455197990673,526.6336219953223,21580313.0
2021-01-19,528.5196533203125,529.7769853402817,516.3814612636875,521.3140942006606,20575358.0
2021-01-20,532.9203491210938,536.4022007473827,528.0844112887789,528.5196575001761,16097138.0
2021-01-21,534.5645751953125,542.5922201214586,531.6630125208662,536.7890947725659,18189277.0
2021-01-22,516.2847290039062,535.3383365278268,513.1897168778343,534.9514378749004,24515997.0
2021-01-25,520.3953247070312,524.5058723888126,513.7701126446702,518.9445431722849,23415249.0
2021-01-27,505.21038818359375,521.5075336610132,502.06702867686676,520.1534474912922,28049286.0
2021-01-28,510.91680908203125,512.4642855060281,495.2000118315192,497.7146757786245,29836591.0
2021-01-29,519.3796997070312,527.0688523192382,512.0774457168937,515.8494416360832,33172808.0
2021-02-01,583.98779296875,589.452425884442,532.9203054507387,533.8874929379452,69354326.0
2021-02-02,597.0932006835938,603.5250213996276,579.0551885884709,592.8859585223905,42362384.0
2021-02-03,601.92919921875,606.9102391369971,593.8532061037708,602.944793458404,27155908.0
2021-02-04,607.6839599609375,610.9240738547344,589.017251004875,598.4956777203032,29982222.0
2021-02-05,593.998291015625,614.4542734347405,590.9516264479638,607.6839602021124,32015570.0
2021-02-08,608.9412231445312,613.1485241665923,601.9291138068694,601.9291138068694,18230551.0
2021-02-09,612.5682983398438,622.0951324823515,607.9741568236585,610.6339229646078,27155615.0
2021-02-10,611.4075927734375,617.2590652561544,605.8462647299784,612.5681705304688,23967387.0
2021-02-11,609.9568481445312,612.8100041729464,603.621722506333,606.1847931105234,16072702.0
2021-02-12,626.3506469726562,628.5752256105127,608.7478804174838,609.2314742026796,19049709.0
2021-02-15,651.8359985351562,654.5924591749844,630.6062220447985,633.5077844161704,27155194.0
2021-02-16,636.7479858398438,657.1073337401906,628.2367460579921,651.3042076572302,24966739.0
2021-02-17,635.7806396484375,643.1312996070136,628.0431401335804,633.3143234845642,21684753.0
2021-02-18,623.4974975585938,630.9932013095881,616.6787778881848,628.6719275027538,27845347.0
2021-02-19,603.5734252929688,614.6477354005381,598.6891395954887,614.6477354005381,24055811.0
2021-02-22,589.83935546875,608.6511667720662,587.373038806504,601.5907088445284,27092321.0
2021-02-23,596.07763671875,602.6061522591449,589.0655274346221,594.5785079196658,23534585.0
2021-02-24,620.0639038085938,623.8359588003635,594.9170279499745,594.9170279499745,17762047.0
2021-02-25,607.393798828125,627.1244490272395,605.749568139458,621.6114680275654,38571809.0
2021-02-26,578.1364135742188,594.820400415131,571.511201832981,594.820400415131,57349273.0
2021-03-01,588.3885498046875,591.7737063871841,580.506006324913,587.6148115351774,21527318.0
2021-03-02,590.468017578125,596.2711430580083,579.3453604083487,589.9844237881347,24051433.0
2021-03-03,611.3592529296875,612.9551360685247,593.7080793860969,597.7219315035081,21036174.0
2021-03-04,600.3816528320312,610.1986297696074,595.5940628032014,598.4472777927014,25057198.0
2021-03-05,589.4524536132812,594.5301881599802,581.7633009217916,593.0794068609233,26645968.0
2021-03-08,588.098388671875,595.7875416407732,581.4248298749109,591.5318927303614,19632433.0
2021-03-09,604.5889282226562,607.7322878346637,592.2089390957008,594.6752556001715,23056249.0
2021-03-10,605.072509765625,609.8117523900396,601.3972088693664,608.1191741716692,15838994.0
2021-03-12,592.7409057617188,617.0656978723295,588.3885614977289,610.7306308056782,21757862.0
2021-03-15,583.6976928710938,592.7408729504853,571.220949725329,591.8220919937933,24347946.0
2021-03-16,575.4282836914062,587.0828826525666,574.1709515976513,586.9377808972519,17925629.0
2021-03-17,570.1571044921875,583.8428329882277,567.7391354315761,577.9429530608669,20214082.0
2021-03-18,559.6146850585938,581.6666081188232,556.6164273081386,575.2347873875159,22776537.0
2021-03-19,567.4005737304688,569.5767456179047,551.2968781504658,556.3262649856949,29162618.0
2021-03-22,554.6336669921875,567.5939436827399,550.8132646756579,567.5939436827399,21755401.0
2021-03-23,567.1588134765625,569.9152744323284,555.4558084845356,557.1000391565908,29486417.0
2021-03-24,548.8788452148438,561.5006288798173,546.4608767337211,560.9686876204571,24434219.0
2021-03-25,552.7960205078125,560.0015794068414,538.8201489043831,549.4592117255838,27170186.0
2021-03-26,559.5663452148438,565.3211229435119,555.4557981275727,565.3211229435119,20724410.0
2021-03-30,572.0430908203125,573.6389148655057,562.9031566253199,562.9031566253199,28011943.0
2021-03-31,562.9999389648438,570.302253357036,560.0016806950018,566.771994623957,20119972.0
2021-04-01,574.896240234375,576.5404116629619,561.1621667252903,568.2709708245754,15631940.0
2021-04-05,552.5059204101562,572.5750632521882,545.0102164571082,572.5750632521882,23260127.0
2021-04-06,547.3314819335938,559.5180219799895,545.8807005455731,555.8427209368261,23284697.0
2021-04-07,558.6959228515625,560.968790025758,541.0447497171314,547.9601054160856,23984399.0
2021-04-08,557.7770385742188,566.6267687086387,554.4885774876686,562.9031204765378,19262565.0
2021-04-09,547.6216430664062,560.001632814362,546.4610061141875,555.1173471325743,23239564.0
2021-04-12,520.8787841796875,533.8391194929959,513.7216325407562,533.3071782073054,26601702.0
2021-04-13,542.205322265625,545.3003342626445,520.2018052860706,523.2484697116017,25445897.0
2021-04-15,556.3262329101562,557.8253616508015,535.9669488991328,547.3797489998486,37614884.0
2021-04-16,548.3469848632812,558.7925984364795,545.5904649686207,555.7459340877606,24045008.0
2021-04-19,541.3832397460938,543.8495562314362,516.8650585755726,531.9531609832096,28526176.0
2021-04-20,540.7545776367188,553.8600171841462,534.4678580729144,546.6544575699116,24425842.0
2021-04-22,560.195068359375,561.5490955766029,528.9549207621035,533.8875538970873,34942633.0
2021-04-23,551.2485961914062,561.45241378269,548.4437284785654,551.2002486168636,33749097.0
2021-04-26,571.7045288085938,585.6320529373389,568.7062710605372,582.2468965619786,62584522.0
2021-04-27,579.103515625,582.1985274314881,571.7045076370239,573.7839843749999,24239685.0
2021-04-28,600.9619750976562,602.3644088855251,578.3781688725504,578.3781688725504,33292864.0
2021-04-29,601.0587768554688,607.8290904049785,589.0172788073507,602.122659657412,34537860.0
2021-04-30,580.7960815429688,596.1259794827926,578.4748079787806,590.0810577348433,23653258.0
2021-05-03,577.169189453125,579.2002597619761,568.2227043212583,573.1069898029775,18010557.0
2021-05-04,572.1398315429688,588.0500798858435,569.6735148894109,577.0725238825328,15115127.0
2021-05-05,583.0206909179688,584.9550661758469,565.5146184471512,575.7667837009259,17253943.0
2021-05-06,588.2434692382812,590.8064807806612,579.5871290134854,583.0206329483368,16949763.0
2021-05-07,587.1795043945312,594.6268599098939,583.8911023321544,591.9187467313366,10941083.0
2021-05-10,593.1277465820312,596.7546997816768,590.951574662244,590.951574662244,12060808.0
2021-05-11,589.83935546875,592.7893249808435,583.4559406920607,586.5026053546546,13818480.0
2021-05-12,575.2348022460938,586.744357841801,573.7356733321429,583.4075489478822,14785569.0
2021-05-14,577.7011108398438,582.1985565527799,571.70453623341,572.5750286399276,12675754.0
2021-05-17,603.13818359375,604.0086760753728,581.4732160603153,583.455938899069,20453101.0
2021-05-18,612.4232788085938,614.6477987679034,605.4595153874234,607.3938908359455,19242627.0
2021-05-19,604.9273681640625,613.1968085869422,602.8962392145824,606.5231919467607,13911576.0
2021-05-20,598.3021850585938,612.1330140239647,596.4162165928088,607.4421190635082,13900762.0
2021-05-21,621.3696899414062,622.8204713519477,601.8808360468204,601.8808360468204,23975898.0
2021-05-24,626.10888671875,632.0087666628555,617.0657060193762,622.1434410610717,20323003.0
2021-05-25,628.9620361328125,630.6062667329297,621.4179852391217,628.7685868211913,14884778.0
2021-05-26,631.0899047851562,635.1037569113275,622.1917671180947,628.0432402525254,14487031.0
2021-05-27,630.84814453125,634.958692042569,626.8342921719235,629.7358551210899,23349546.0
2021-05-28,621.9500122070312,638.3438548307658,618.2747109099502,636.4578270895487,14191446.0
2021-05-31,641.0035400390625,643.1797119969469,622.6269768391497,622.6269768391497,21786138.0
2021-06-01,628.7686157226562,643.083038986402,627.0760374749445,642.7444879173929,14123196.0
2021-06-02,627.0759887695312,628.0431762645302,620.0638794307896,627.221090506757,16025108.0
2021-06-03,628.9136962890625,632.2021575296948,623.5941648325614,632.0087082156971,11805702.0
2021-06-04,621.6114501953125,633.4111501118738,618.4197430867815,631.5734701538852,15111572.0
2021-06-07,626.9309692382812,628.6718949871419,623.1105666853325,624.0294066460328,7556341.0
2021-06-08,621.3213500976562,626.737577151418,616.4854120023522,626.737577151418,11912935.0
2021-06-09,615.2279663085938,624.416247874786,608.1675091221133,623.2556700607997,15823094.0
2021-06-10,619.3869018554688,621.3212768655952,610.2953156948982,614.5993118989177,10712418.0
2021-06-11,614.8411254882812,623.4007115277881,610.7789260501056,622.8687701920318,9015059.0
2021-06-14,614.3092041015625,615.2279850602316,602.8963436350101,614.8411454545931,10170497.0
2021-06-15,624.1260375976562,624.9965298987814,615.1312062932516,615.4696982812247,11039987.0
2021-06-16,619.0967407226562,627.8981830401924,616.6787717946152,623.7392882904506,8601339.0
2021-06-17,612.2297973632812,616.6304894714876,606.1365268263454,612.2781449404691,9720060.0
2021-06-18,609.7150268554688,615.7115421614063,600.3332962490882,611.8427921408321,13820690.0
2021-06-21,610.537109375,612.3263826370239,596.029296875,602.412710762024,13407446.0
2021-06-22,610.1502685546875,622.9655041435304,608.8929364920826,614.1641206728506,15270093.0
2021-06-23,604.2020874023438,614.1641075770254,602.9931029386095,612.9551231132912,10950633.0
2021-06-24,613.2452392578125,615.4214111920364,603.9602626181005,606.4265790037326,12815724.0
2021-06-25,627.7047119140625,628.6718994516805,615.2279690658137,615.2279690658137,14785922.0
2021-06-28,628.9620361328125,631.5734542585936,624.948243320772,629.6390792072657,12093491.0
2021-06-29,619.0967407226562,627.4629368266561,615.566541507183,625.093315470687,12225470.0
2021-06-30,610.19873046875,619.7738530741202,609.1347886020748,617.355883875928,14276494.0
2021-07-01,610.1502685546875,616.4853945056948,609.376530287888,613.1485855081484,10517081.0
2021-07-02,619.2418212890625,620.3057039680308,611.5043209840059,611.5043209840059,10999396.0
2021-07-05,626.5924682617188,627.2211638199294,620.1607060876594,621.6598350736464,7358568.0
2021-07-06,628.9620361328125,633.5078293099217,624.0294033649028,624.0294033649028,9209891.0
2021-07-07,632.5406494140625,633.2660400670603,624.7064539746634,629.5423916613154,7741559.0
2021-07-08,620.8377685546875,632.5407153635723,617.1624083036803,629.1555586299752,10782941.0
2021-07-09,617.59765625,620.1123795356456,613.0035149560241,618.5164963152849,7069698.0
2021-07-12,625.0449829101562,628.9137332879367,621.321334284521,624.803186011545,6992783.0
2021-07-13,643.1314086914062,644.4854359167069,631.5735050242135,633.6529819845153,19825411.0
2021-07-14,642.5509643554688,646.0812221914962,636.6027969059528,640.2780974412732,11648541.0
2021-07-15,645.54931640625,647.6287341366685,639.4076402882935,643.2763903345876,8244429.0
2021-07-16,638.6339111328125,645.8394700026021,636.1192471800733,645.5493255515078,9212875.0
2021-07-19,634.3783569335938,635.3455445129817,624.3679300674605,624.4646842448664,9121737.0
2021-07-20,620.8377685546875,629.8809493586032,618.1295959418509,627.366285112339,13169127.0
2021-07-22,634.4266967773438,638.6339390834501,627.0276882721836,631.0898878626158,13123569.0
2021-07-23,654.447509765625,655.608087653661,629.3973274423037,634.4267147427613,19298083.0
2021-07-26,654.5441284179688,665.1831907195537,641.8255894171892,657.6874877343462,31054759.0
2021-07-27,655.2212524414062,663.1037959741483,651.2074002822104,657.8326707719405,12598869.0
2021-07-28,662.5718383789062,664.4578659621436,648.0640247116105,655.6564826169622,18367497.0
2021-07-29,666.888427734375,671.738525390625,662.6203181147575,671.738525390625,11043138.0
2021-07-30,662.0382690429688,667.0338928504632,657.6731815547734,666.4033565311641,14536250.0
2021-08-02,660.9713134765625,667.4219076527314,657.3822294719592,663.5418296380883,9348206.0
2021-08-03,669.7015380859375,671.1565674480547,656.3637689331963,662.5233695507073,10162609.0
2021-08-04,693.2244873046875,695.8920410372308,672.417556349791,673.1935601400174,28730606.0
2021-08-05,681.3901977539062,695.0189596505882,678.0921078292052,694.048940167475,17774554.0
2021-08-06,676.734130859375,684.8337700381915,674.842580984925,683.9122396680449,14701949.0
2021-08-09,681.7781982421875,685.1247774384981,673.5330322944652,676.4916392046472,8602980.0
2021-08-10,679.8866577148438,687.0647661378,676.3945521638236,682.9906725975876,10843554.0
2021-08-11,672.757080078125,685.9493821287363,669.3135223476855,685.0763408087723,9748084.0
2021-08-12,680.3231201171875,681.8751867661595,672.5144753565708,672.7084910883534,8840339.0
2021-08-13,683.6697387695312,688.616873793436,679.9836764727914,685.8522826669118,12787590.0
2021-08-16,681.584228515625,686.1918211619769,677.7041504976445,681.3417236395012,7920846.0
2021-08-17,680.1776733398438,681.8267183020483,670.7684725134202,678.8196223814891,8669653.0
2021-08-18,667.6644287109375,679.8381619358785,663.1053250921738,679.8381619358785,11069373.0
2021-08-20,660.2923583984375,663.8814427857911,655.102717977239,663.3478846376439,13121808.0
2021-08-23,662.2322998046875,669.2649409175282,653.647592026529,669.2649409175282,10917371.0
2021-08-24,673.6300659179688,676.346108726511,660.001303535137,662.7658354785066,9821388.0
2021-08-25,670.33203125,679.4502391518658,666.5489903415817,678.9652293529431,9535359.0
2021-08-26,677.8496704101562,680.5172242541614,669.3135099503988,671.302038247598,10756731.0
2021-08-27,678.7711791992188,679.4502047243641,668.3919581871249,675.2305841643647,9135827.0
2021-08-30,692.2544555664062,693.563958239006,679.8867066607456,683.3787532578738,10797869.0
2021-08-31,697.4925537109375,698.3171058612189,688.0833521252788,692.593966767437,19760246.0
2021-09-01,698.3170776367188,712.7703329927255,695.6980130860096,705.7861805925987,13729351.0
2021-09-02,703.4097290039062,706.2227502902614,695.989055462156,700.6451376506692,8627956.0
2021-09-03,702.5851440429688,709.8602906246755,699.4810696603816,703.02166467893,8993813.0
2021-09-06,699.529541015625,706.1741504801985,698.4139949804161,703.6521236248844,5329995.0
2021-09-07,695.4070434570312,700.7906401523801,690.3144407874563,699.2871216814693,6242711.0
2021-09-08,699.3355712890625,701.0815945503086,693.5639434153866,695.0189726673069,7118011.0
2021-09-09,698.6565551757812,702.1971500850995,696.0859797807648,699.1900540675887,6243422.0
2021-09-13,686.1917724609375,696.3769765352627,684.0577178614499,696.3769765352627,6967906.0
2021-09-14,686.2402954101562,692.5939111857178,685.3187650598175,691.8663965731278,5241865.0
2021-09-15,692.9334106445312,694.5339665120459,685.1247654598607,685.9007692238437,5936741.0
2021-09-16,705.398193359375,707.5322481038166,691.4783779891319,698.4140411072442,13557169.0
2021-09-17,698.5595703125,712.3823482608204,692.5939266737396,710.9273190031025,17075003.0
2021-09-20,688.7139282226562,698.8021559238119,685.3188595624038,688.7139282226562,7943459.0
2021-09-21,690.5083618164062,693.0789371899905,673.5815687972035,689.82939552629,10009615.0
2021-09-22,682.2632446289062,693.5639963636635,681.1962467781576,693.5639963636635,9740470.0
2021-09-23,695.5040283203125,698.4140870162134,685.949359284223,689.6839109285107,10412491.0
2021-09-24,701.2756958007812,702.8761926498731,695.0675465534881,700.9361534107563,11780868.0
2021-09-27,708.1142578125,709.8117919921875,700.6450955808162,702.779150390625,7712240.0
2021-09-28,695.6495361328125,713.3523927210091,685.415782631291,712.0913199559708,13491800.0
2021-09-29,688.2288818359375,690.6054416128642,680.2747095564644,686.1433160876496,11453404.0
2021-09-30,679.838134765625,692.4969364535262,677.8496066554555,688.3258052891574,18487517.0
2021-10-01,671.593017578125,674.0180664741322,667.2764779074683,672.223553973205,10935810.0
2021-10-04,679.2077026367188,682.2632287045247,673.2420587055386,676.1521173636177,8976533.0
2021-10-05,676.2006225585938,678.0436834345975,671.1080197860163,672.2235659802233,7497208.0
2021-10-06,668.8284912109375,683.8637944941421,667.712945027162,675.7156064520935,13200810.0
2021-10-07,681.1476440429688,683.815197430259,672.6599741743178,676.6370300877996,10041549.0
2021-10-08,682.311767578125,688.7138728549405,677.3646324048638,684.8337946980113,9383924.0
2021-10-11,691.9149169921875,697.8320716319804,679.3046631371025,680.9537081745954,9337637.0
2021-10-12,687.3557739257812,691.6238832831368,683.2817395091027,685.318756717442,7376091.0
2021-10-13,688.6653442382812,694.4369720068885,686.7253052710378,692.4483847012314,6357766.0
2021-10-14,705.4951782226562,707.9202269991712,687.7923221540975,688.9563574078832,8950350.0
2021-10-18,723.1010131835938,726.4475921379814,710.1027288294143,716.8443758697888,15345601.0
2021-10-19,725.0411987304688,732.3648352418269,716.6020159402643,732.3648352418269,11349799.0
2021-10-20,723.4890747070312,734.741337274942,719.6575447586221,724.3621160046894,12762996.0
2021-10-21,732.8497924804688,737.0693539701437,715.2924617696073,726.4476869364179,12166996.0
2021-10-22,736.5357666015625,742.8893822447653,730.7641389541915,735.7597628720237,13248928.0
2021-10-25,816.4654541015625,841.0069364855135,774.4636200950748,776.0156276682939,96124084.0
2021-10-26,804.5341796875,816.4654074399627,797.695494995274,803.8551542110383,16925115.0
2021-10-27,809.96630859375,823.54658203125,799.4901094973087,803.9036865234375,22898400.0
2021-10-28,774.754638671875,807.0077892191701,772.378078895752,805.2132175001282,18750423.0
2021-10-29,778.004150390625,784.5032930676069,760.3983314851432,774.0755831442972,15701200.0
2021-11-01,779.7987060546875,785.4248073592453,769.2254697368435,783.4847683435156,11406421.0
2021-11-02,776.9371948242188,785.7158601864775,774.0756252207518,784.7458406060003,9452457.0
2021-11-03,762.3869018554688,781.8357826218131,757.0517941576773,781.8357826218131,11839149.0
2021-11-04,758.6522827148438,765.3454414361375,755.6452457271877,764.86043165069,3149310.0
2021-11-08,756.7608032226562,769.2255312127747,749.9706661249394,769.2255312127747,13967995.0
2021-11-09,762.9688720703125,764.9574003246298,755.8392519958371,760.495334036635,10084357.0
2021-11-10,757.48828125,760.7863121575199,749.9220814859318,759.0887779652497,9507347.0
2021-11-11,748.321533203125,753.70512942942,743.131893506917,753.4141354289994,9221059.0
2021-11-12,753.317138671875,756.5182504653758,748.0790687653425,749.5340980513727,15380106.0
2021-11-15,750.1161499023438,761.0288704760063,748.4186155908851,753.7052342876302,10934583.0
2021-11-16,741.1433715820312,752.4926113349409,739.1548434898162,750.1160517687515,12785837.0
2021-11-17,738.4758911132812,748.8066232762401,733.6257932349524,738.0879188061928,11657214.0
2021-11-18,740.0279541015625,744.4900204442565,733.7228268925884,741.9679932427853,20644385.0
2021-11-22,729.4546508789062,747.351522173044,718.0569219589233,745.2659566034415,20403786.0
2021-11-23,729.3091430664062,735.2262975856127,709.278275758755,718.7359659573292,24913042.0
2021-11-24,737.4088745117188,749.0975982602171,724.3136105732106,727.7571681382037,23186419.0
2021-11-25,728.533203125,732.3163032179673,722.95559046798,732.2678140794005,17749726.0
2021-11-26,700.5481567382812,719.8030218351846,697.0560507060612,716.844473939417,18987552.0
2021-11-29,696.862060546875,705.9317195550211,689.1988825061388,704.9617000159554,15878074.0
2021-11-30,692.9334106445312,710.3452726237059,689.7808472490506,695.2614811417723,23965914.0
2021-12-01,705.8831787109375,710.781765183323,693.5639196261699,694.9219705634979,15214913.0
2021-12-02,700.7421875,705.3012322868467,693.7580344913202,702.8761832703119,21924640.0
2021-12-03,694.8250122070312,707.6292824837109,693.6609768718247,698.8991062776062,20130259.0
2021-12-06,688.2774047851562,705.010243114805,686.2888764189245,697.4441019720235,20129080.0
2021-12-07,712.6248779296875,718.735989183653,690.6539116916487,695.5040093861126,30513303.0
2021-12-08,730.8126831054688,736.0507526538191,721.791454784724,725.4775760881759,33432411.0
2021-12-09,732.36474609375,740.12490234375,725.9626408696174,736.2933133542538,16007459.0
2021-12-10,735.2747802734375,737.0208035306538,728.5331329140408,733.8197510248752,7627774.0
2021-12-13,731.394775390625,746.6240948890224,729.9397459966118,740.124951754704,16855546.0
2021-12-14,735.9053344726562,741.4343983870167,723.925557845858,728.5331505780205,17488089.0
2021-12-15,729.6972045898438,736.7298463090547,728.3877018828672,734.8867854867298,7358740.0
2021-12-16,718.9300537109375,735.1778820897848,716.7959987395218,735.1778820897848,14123215.0
2021-12-17,706.4652099609375,719.7544893273117,704.282666024298,719.7544893273117,13227787.0
2021-12-20,688.6653442382812,698.6080439454036,677.2676153057263,696.5709675066236,16900016.0
2021-12-21,698.7535400390625,707.0957434639558,694.6795054047839,698.4140568879703,14563335.0
2021-12-22,710.8302612304688,712.9158267890912,698.4625128930479,704.4766454942636,9843359.0
2021-12-23,709.375244140625,717.3294158327018,706.1257025177523,716.8928952193315,9994049.0
2021-12-24,705.3012084960938,711.8973889628089,698.0260616918899,711.8973889628089,8800690.0
2021-12-27,713.9343872070312,716.6019409635793,694.6309745229842,702.2941526330036,7955163.0
2021-12-28,713.7404174804688,720.1910715716506,710.5393646072569,718.2025432114203,17833655.0
2021-12-29,713.6433715820312,722.6160521279113,709.9573092528904,715.8744046334617,7143073.0
2021-12-30,713.6433715820312,718.2994534296456,707.1442289672,711.3153010555776,14326182.0
2021-12-31,717.9599609375,723.8770562410723,714.4678551932623,714.4678551932623,6973055.0
2022-01-03,741.77392578125,743.034939294085,720.7244907252026,720.772979859294,9653095.0
2022-01-04,749.6795654296875,754.6751896603275,740.7068848328263,744.9265052853369,12114437.0
2022-01-05,764.4238891601562,771.9900297558837,748.0790835397291,749.8251068763901,19741360.0
2022-01-06,761.5137939453125,768.7404510358562,750.7950903492147,751.8135989795604,13018067.0
2022-01-07,769.468017578125,778.2466827734125,762.6778806439341,768.4495088790554,12250210.0
2022-01-10,786.4432983398438,788.4318264452507,775.0455693783967,776.2580937359975,10905080.0
2022-01-11,786.3463745117188,790.2749418612598,777.8587034209163,785.4733332316896,9982061.0
2022-01-12,799.0535888671875,800.7026339113712,787.7043485105037,794.0579645991324,13034848.0
2022-01-13,799.9751586914062,803.1762114612432,792.8940276053314,796.3860744078269,9372244.0
2022-01-14,795.4160766601562,797.3561158715225,787.2678882902989,796.3860962658393,7552844.0
2022-01-17,794.7369384765625,804.0491608947066,790.1293460024887,795.4159639453786,6722700.0
2022-01-18,798.4229736328125,810.9362480321705,793.6699139223039,796.3859565004927,10835146.0
2022-01-19,784.3577270507812,796.3859922727045,779.1681465201582,791.535894877621,16416144.0
2022-01-20,785.958251953125,788.5773162844923,771.5534869385369,778.9256110069231,13567654.0
2022-01-21,780.3806762695312,787.0252860646632,771.6505008979641,778.9256470409367,12078277.0
2022-01-24,774.5121459960938,792.2150033426144,759.8163256674114,788.6259190532194,29612316.0
2022-01-25,777.6161499023438,780.1866660344843,762.4838102950481,765.3453796391933,19513184.0
2022-01-27,770.8260498046875,777.4706599600323,757.6337485604175,763.3083983827408,23984679.0
2022-01-28,757.7307739257812,781.6902087749737,755.1601985082153,779.6531914591883,14072314.0
2022-01-31,765.1513671875,774.7545838873432,760.495285444206,765.2968937941276,14824509.0
2022-02-01,786.0068359375,788.4803739691243,765.6364252212842,778.0041745847009,20031583.0
2022-02-02,789.3533325195312,794.1549406690028,784.6002135018141,790.5658568398378,11214375.0
2022-02-03,784.697265625,793.863961498765,781.8356963345784,789.6443412621226,9755335.0
2022-02-04,780.9142456054688,787.6558934806294,771.9415645528877,785.5218385784158,10314067.0
2022-02-07,762.8233642578125,780.8657034123029,758.021755855399,774.1240559952004,14659368.0
2022-02-08,768.740478515625,771.8445528566837,751.0861112058162,766.3154296875,14642455.0
2022-02-09,778.7316284179688,780.1381685081245,770.3894845537128,773.3480321331704,8855292.0
2022-02-10,781.3507690429688,784.5518218050651,772.4265770961425,781.7872896935493,13159771.0
2022-02-11,767.0914306640625,773.4935950700583,764.2784095569087,772.9600369655885,13138408.0
2022-02-14,731.1036987304688,750.7465933297927,728.6301608812416,748.8550434902812,16170656.0
2022-02-15,752.7836303710938,754.6751802603627,720.9185130872045,730.3762033282566,18880659.0
2022-02-16,741.1433715820312,754.2386345572445,737.6028360044997,752.4441222020167,10549784.0
2022-02-17,727.8541259765625,744.2474796103446,723.9255587463642,743.5199649675193,16683808.0
2022-02-18,726.4476318359375,734.1107504113271,723.1980309671683,724.4590444841016,8945567.0
2022-02-21,731.8312377929688,740.0279145678118,717.8144439053794,723.8770658978235,10967164.0
2022-02-22,728.7756958007812,736.9723730612117,715.631942383559,716.2624787902446,13156371.0
2022-02-23,722.2765502929688,733.7228286173266,720.4335486276524,731.9767460218848,11624282.0
2022-02-24,686.1917724609375,705.3011079790126,681.2446378159497,691.5268793570126,28023104.0
2022-02-25,708.1627807617188,717.1354618542133,698.6566007426215,703.2157045982457,16935750.0
2022-02-28,720.4335327148438,722.42206095429,693.9520108008815,701.2756465733906,20547432.0
2022-03-02,693.4183959960938,703.2156281881493,686.5312814258277,695.5039615433677,25252492.0
2022-03-03,677.3646240234375,700.3056095245371,672.6600529984909,696.0859890579119,23190595.0
2022-03-04,667.421875,685.3672349397713,664.4633274996361,670.2834442368592,18697223.0
2022-03-07,634.1502685546875,647.00302734375,622.8980656743049,643.6079589843749,27799873.0
2022-03-08,645.0630493164062,649.3796484799593,623.7226176096981,624.0136116555478,26716975.0
2022-03-09,647.4395751953125,654.2782013370947,638.2728783985298,644.7720213722183,33728639.0
2022-03-10,656.315185546875,679.983685589009,653.4536753184026,673.1450597932595,35959638.0
2022-03-11,657.5762939453125,664.1724152179717,650.4951036795836,654.4237303247853,20546724.0
2022-03-14,675.2791137695312,677.5101468285675,656.9457211257647,657.7702140371608,24648981.0
2022-03-15,676.443115234375,686.8708254851132,667.3734560472463,680.4687200830572,27714580.0
2022-03-16,686.7737426757812,690.0718323537965,680.2261116545079,685.7067450062808,14621688.0
2022-03-17,698.5110473632812,703.2641667933818,694.7280066788796,696.2800142614094,18329844.0
2022-03-21,689.44140625,701.2271676541549,684.3488035306015,699.3841067973971,12866839.0
2022-03-22,696.6680297851562,699.3840725949519,678.5286529544644,687.4043552277658,11761758.0
2022-03-23,696.7650146484375,705.0101806308414,692.8364474037626,703.2641573226852,7140403.0
2022-03-24,683.0878295898438,691.3329963760759,677.073696092944,681.3902952515019,17727969.0
2022-03-25,678.2861328125,684.9307426802806,675.7641058041447,683.8637449164283,15263007.0
2022-03-28,689.0534057617188,692.0120129342262,674.7941648697114,680.9537657064466,13806166.0
2022-03-29,693.8549194335938,695.4554752513218,684.6882235431223,692.8848999574653,11489374.0
2022-03-30,708.9873046875,709.8117976134745,697.5410267638673,699.4325767058435,20154520.0
2022-03-31,708.4052734375,717.7174967447032,705.9802245354099,717.7174967447032,16046383.0
2022-04-01,714.1768798828125,716.1654080808163,701.4210993647575,703.26416015625,12658848.0
2022-04-04,724.216552734375,727.3206270513682,703.2641547039336,719.7544866073363,17192197.0
2022-04-05,719.5604858398438,732.8012762964888,715.8744234140013,724.4105835594509,12290391.0
2022-04-06,719.3665161132812,722.5676281772567,710.1513298564631,710.345345618719,13518142.0
2022-04-07,726.108154296875,735.0808355296261,715.0014181190587,715.0014181190587,15087175.0
2022-04-08,731.685791015625,733.334836218552,721.3065691910487,727.3691918449719,15480705.0
2022-04-11,736.8267822265625,742.5014317762851,729.1151746316407,729.7456517780823,13216391.0
2022-04-12,740.9494018554688,745.8480478960997,727.757159795214,734.3047916894062,14020000.0
2022-04-13,739.3974609375,749.3886512580095,737.8939423561878,746.5270815163059,16119956.0
2022-04-18,735.080810546875,740.0279458248403,726.7386660150366,728.4846893815499,17651530.0
2022-04-19,743.325927734375,754.5781894079806,734.3047582651742,738.9608400036045,31088359.0
2022-04-20,732.8982543945312,746.9150486419223,731.2007201930724,743.8109742610528,15984202.0
2022-04-21,739.4943237304688,741.2888952839614,728.6786420979398,736.2932713012291,8953098.0
2022-04-22,725.2351684570312,736.099340475498,723.5376341784837,734.3048279202951,14411607.0
2022-04-25,729.6486206054688,739.3488148193003,721.6944495090695,725.2350440792328,35417460.0
2022-04-26,731.1522827148438,745.508561134719,729.1152652112901,744.9750621890548,18727514.0
2022-04-27,714.6134033203125,727.5146512955616,710.5877985676929,726.5446317605009,21441480.0
2022-04-28,724.7501220703125,729.3577148794458,712.6248778357512,716.9414174190198,18649559.0
2022-04-29,721.0155639648438,737.1664141465841,717.9114893731062,727.6116854689747,19560317.0
2022-05-02,718.7844848632812,721.5005277558487,709.1812676586985,710.0543089337676,10903446.0
2022-05-04,702.5366821289062,724.6046276151784,699.529645107401,723.8286237907864,12212165.0
2022-05-05,706.9502563476562,720.7245461912948,704.7192231601288,708.8902955029491,9121547.0
2022-05-06,697.6865234375,701.3240965523983,689.004837095551,694.7764649455813,12455025.0
2022-05-09,689.0534057617188,698.4141186732786,683.330325590214,684.1548185759727,13055889.0
2022-05-10,689.9749145507812,698.4140967272954,683.8638030454767,683.8638030454767,12797419.0
2022-05-11,692.7879638671875,698.2200495820824,685.9493379852216,696.4740262598158,13516852.0
2022-05-12,674.9395751953125,689.392889832937,672.5145263772744,686.3373046400917,16685166.0
2022-05-13,657.042724609375,681.3417619266664,654.7632023278333,681.3417619266664,15717043.0
2022-05-16,662.5233154296875,670.2349822600079,655.4906740872786,656.4122044490664,9025623.0
2022-05-17,688.7139282226562,690.6539674570863,664.6089644169829,665.530435689098,12765052.0
2022-05-18,686.143310546875,695.5040229620245,684.9307860995912,690.9934083360105,11835013.0
2022-05-19,669.6044921875,677.7526801950419,665.0453884024539,672.3205351215821,16661023.0
2022-05-20,688.2774047851562,690.556986399621,672.9026175962653,673.96961548879,11695528.0
2022-05-23,689.7323608398438,704.1856752229598,686.2403142854777,688.2773315746425,17438451.0
2022-05-24,686.9193725585938,695.8435051133911,684.8822959669416,689.732393749025,13779981.0
2022-05-25,691.9634399414062,699.2385867517748,690.2659056856536,690.702426335335,10457589.0
2022-05-26,706.6593017578125,711.02439010086,694.0005574040346,701.3241937829766,14028733.0
2022-05-27,717.6204223632812,718.9784733607349,709.3267673856765,711.5578004198139,8110620.0
2022-05-30,726.0596313476562,729.4062106277925,721.9855374068509,726.3021362345459,7628515.0
2022-05-31,730.2791137695312,734.0137241471757,718.2993973340563,718.7844070554162,20272212.0
2022-06-01,730.085205078125,732.9467152573952,721.8885284090638,725.574590691841,10102092.0
2022-06-02,727.2721557617188,729.2121948567817,720.9185395664465,728.5331693324507,10949759.0
2022-06-03,721.9855346679688,734.304794716289,718.9784977640621,733.4803017861097,8563791.0
2022-06-06,724.362060546875,728.4361542818696,717.4263974500811,718.0084446723899,9107831.0
2022-06-07,713.2069091796875,720.6760719227308,710.3938286643537,718.7845218662338,9938912.0
2022-06-08,707.6292724609375,718.7844974551812,704.6707246296103,714.5163876883088,9369224.0
2022-06-09,710.7817993164062,712.0913019789867,700.4996161438609,703.2641480783276,7444368.0
2022-06-10,698.4141235351562,706.4652745070712,696.4740843031142,703.0217167112562,7990818.0
2022-06-13,667.3734130859375,681.2446800343107,661.6502743788106,681.1961909005809,16622521.0
2022-06-14,664.9484252929688,673.8241281748404,660.243853989426,661.9413882626029,13348598.0
2022-06-15,666.6459350585938,675.4730892724864,665.530388895112,666.8884399458468,9199591.0
2022-06-16,658.1583251953125,679.0622365789525,656.0242701480186,679.0137474380526,13237239.0
2022-06-17,666.2578735351562,671.8840340301465,649.8645794187131,651.1255929345484,16335613.0
2022-06-20,665.3849487304688,667.1794612875005,657.2852496413942,665.4334378688459,10981042.0
2022-06-21,675.2305297851562,686.773785167115,667.9553837558436,669.8469335645228,13319648.0
2022-06-22,666.015380859375,677.9466683573997,664.5603515747664,673.4360538929959,6838249.0
2022-06-23,678.1891479492188,684.8337577523769,666.4033875012506,669.5074617003932,14960412.0
2022-06-24,692.0604248046875,693.8064480653665,685.3672665659108,689.5868869182846,10856736.0
2022-06-27,695.8434448242188,706.9986687565013,694.6309204837532,706.9986687565013,8285225.0
2022-06-28,689.0048828125,695.7950197441837,685.8038301000511,689.7323974837518,8339931.0
2022-06-29,681.68115234375,685.5127409215671,679.9351292161575,683.8152069242685,9570557.0
2022-06-30,685.997802734375,690.5569062287119,680.1776857301896,681.6812041152125,11970404.0
2022-07-01,682.7968139648438,685.5613461177948,673.2905746063301,682.3602933077206,9884899.0
2022-07-04,698.5110473632812,699.4810669036859,683.7182493721101,683.7182493721101,8303732.0
2022-07-05,697.880615234375,710.1998760337988,696.5710532471181,701.3726621231307,11460367.0
2022-07-06,704.1856689453125,709.9572968202166,700.3540800733817,701.3240995748685,12163533.0
2022-07-07,719.7545776367188,721.6946169295401,711.0244008190227,713.8859706169943,10374018.0
2022-07-08,733.0437622070312,734.7897854998337,722.2280208901641,728.7756526421427,9797700.0
2022-07-11,746.4299926757812,748.4185207762245,732.3647101627223,732.3647101627223,12440573.0
2022-07-12,737.1177978515625,744.4414327995288,734.9837432375442,742.4043564476208,10219829.0
2022-07-13,730.6187133789062,741.8224269796456,727.4176608080226,741.8224269796456,8674121.0
2022-07-14,729.8427124023438,736.7298273298937,726.3506065982099,727.5146418662545,7044542.0
2022-07-15,728.6786499023438,736.2447900539347,721.8885134986842,730.6671780080716,6358018.0
2022-07-18,748.8550415039062,749.9705875924079,735.129242125831,736.487293085286,8045363.0
2022-07-19,757.2457885742188,758.555291290108,744.1505245941465,744.7810017811212,12825591.0
2022-07-20,759.6222534179688,765.8788910888006,756.9062106352496,765.8304019544345,8152179.0
2022-07-21,762.4353637695312,765.2969332735929,756.712224761408,761.3683659501904,8312338.0
2022-07-22,776.0641479492188,779.7987588304273,765.4424217781757,765.4424217781757,12267898.0
2022-07-25,776.8886108398438,793.2819042253549,773.2024895198133,778.925628028038,21034148.0
2022-07-26,772.426513671875,778.7316404027981,767.9159585336972,777.5676051652617,7374145.0
2022-07-27,776.5006713867188,779.7017241497522,770.8260805434004,771.165563713231,9536564.0
2022-07-28,790.1778564453125,791.0508976723771,781.1566869885742,782.7572428364289,11124518.0
2022-07-29,794.0579833984375,798.7141246229065,783.7757998058745,796.0465708488148,11095993.0
2022-08-01,798.7140502929688,800.2660577531622,792.7968960397413,796.0949858992641,7974903.0
2022-08-02,793.2335205078125,797.3561037693938,787.8499236190421,795.4160645874732,11106772.0
2022-08-03,800.0721435546875,803.176218074295,787.2193840263247,793.2335173070709,11073975.0
2022-08-04,795.6585083007812,805.0677094506085,784.1152523738859,799.2960814871609,11113742.0
2022-08-05,813.0703735351562,815.6894380803118,798.4230432594383,798.4230432594383,16056522.0
2022-08-08,816.7297973632812,821.9505207188839,811.069933828099,816.3882174189047,12142951.0
2022-08-10,828.24462890625,832.3919510539397,821.8041053952454,821.8041053952454,23658553.0
2022-08-11,838.9301147460938,845.5658184315945,837.3687341632482,839.2716351070335,22787391.0
2022-08-12,853.2750244140625,856.0561462344785,837.7591354144198,843.0774784715667,10792853.0
2022-08-16,858.0078735351562,863.1310368403135,855.2267515651621,860.1547348322915,13804836.0
2022-08-17,861.9111938476562,864.106835156637,857.1783908503086,860.4962130919745,9058040.0
2022-08-18,863.7164916992188,866.2049328790207,853.909305576073,859.276428878953,13137856.0
2022-08-19,849.3716430664062,865.4730122271322,843.4189799433652,863.6188913480285,10787199.0
2022-08-22,831.66015625,846.4441652513382,829.0741548205303,844.6388243943513,13848023.0
2022-08-23,843.0287475585938,847.0296703338628,822.4384744443109,824.926856148958,13254855.0
2022-08-24,852.2015991210938,854.202060474313,836.3441890909899,836.3441890909899,10494109.0
2022-08-25,851.2745361328125,860.1547214600488,845.7610723978989,852.2015966285933,9827829.0
2022-08-26,849.8107299804688,856.3000935449566,846.3465078959074,853.0310514850003,5976725.0
2022-08-29,835.1731567382812,840.198759670883,826.53699122095,829.5132931497114,7755134.0
2022-08-30,865.8633422851562,869.2300042276803,838.3446257766652,839.7108264248318,12544701.0
2022-09-01,853.2261352539062,864.3019608976554,842.1503691707358,842.1503691707358,15877583.0
2022-09-02,851.3233642578125,860.0083098715986,846.053801187429,852.9822456312818,8401284.0
2022-09-05,861.1305541992188,864.4972162001684,850.4938677754845,850.4938677754845,8744999.0
2022-09-06,862.301513671875,868.4492971380652,856.8855510472846,861.1792732309683,9879326.0
2022-09-07,855.0315551757812,861.3257390281522,851.4209330033636,857.324756787144,8814960.0
2022-09-08,877.0855102539062,879.0371914336259,864.1068423208869,864.1068423208869,12163106.0
2022-09-09,879.476318359375,889.9178244256609,876.0120962296875,888.1613233024965,9936230.0
2022-09-12,885.2825927734375,886.9415336840817,880.98887036478,883.1845116863607,6016978.0
2022-09-13,888.0149536132812,891.8695359284446,883.4284908418431,891.8695359284446,10400475.0
2022-09-14,895.919189453125,899.9689515793953,876.353598243347,876.5487782664047,14712947.0
2022-09-15,895.4313354492188,914.021147040755,893.6260541136272,897.7733767780912,16253099.0
2022-09-16,887.1366577148438,895.4313027407838,883.330915145174,892.7965807927752,11966860.0
2022-09-19,877.475830078125,890.4544974160177,873.71880824309,883.0869132125273,11235656.0
2022-09-20,894.601806640625,900.2128896929114,885.4288818265685,887.234222544956,12090663.0
2022-09-21,893.1381225585938,894.8458436342315,883.7700764821856,889.9666405609805,8917640.0
2022-09-22,881.5744018554688,889.6738667395215,873.6700574385206,884.1115635336504,11125669.0
2022-09-23,860.9354248046875,883.0382396426104,857.5199824846916,879.9155376093538,15927517.0
2022-09-26,840.2474975585938,856.6904466386289,838.4422163569614,848.981282433677,14208640.0
2022-09-27,831.952880859375,853.71411404585,828.0982986271043,844.0533279671298,12493809.0
2022-09-28,828.9766235351562,842.3944323328118,823.6095000160941,823.6095000160941,11411458.0
2022-09-29,823.511962890625,840.7842950519371,820.7795613739409,837.2712924741825,13803629.0
2022-09-30,841.1746215820312,846.1026048427556,817.2665261890385,823.5119300342992,13175031.0
2022-10-03,827.8543090820312,840.1499357827445,825.2683673536521,838.9301350918353,8232026.0
2022-10-04,846.6881103515625,851.5673132935744,839.3204662606582,844.1021089680631,8975095.0
2022-10-06,864.05810546875,870.1571094607641,851.9576577243595,851.9576577243595,12116698.0
2022-10-07,861.2280883789062,863.130989414095,851.7136427635446,856.0073651218893,9705750.0
2022-10-10,860.447509765625,868.3030152378152,849.6644822868607,850.9330632442586,7357588.0
2022-10-11,849.5668334960938,861.911241360188,844.5412899593006,861.911241360188,11130051.0
2022-10-12,847.3711547851562,850.6402565068132,840.6866705498809,846.9808542844545,14557532.0
2022-10-13,832.9774780273438,844.5412243974098,829.9523961161733,841.5160829256583,11563124.0
2022-10-14,849.2252807617188,862.4479089579862,847.566339832314,862.4479089579862,8199540.0
2022-10-17,863.8141479492188,866.0585695130226,847.5663774405991,850.933039566598,8936947.0
2022-10-18,875.2314453125,878.9396276267804,869.62036194361,874.4019450781407,8097552.0
2022-10-19,870.5473022460938,878.8907863230974,864.1555587655846,878.3052462759755,5529462.0
2022-10-20,867.1807250976562,871.7183479005771,858.8372407802135,868.2053457589235,8107159.0
2022-10-21,885.2338256835938,888.0149475742908,864.3020328643687,866.546454336231,17022807.0
2022-10-24,903.9212036132812,910.9472683719744,895.431377844885,902.6526226503228,4390050.0
2022-10-25,902.7012939453125,920.4616039673743,900.6520526030126,919.2905833886683,15838120.0
2022-10-27,902.0670776367188,911.1423833365191,898.0173153082427,903.6771788960313,16080842.0
2022-10-28,885.9168701171875,905.0921618446528,879.2323857919483,895.8216760899096,9854094.0
2022-10-31,886.7463989257812,894.8946444220753,882.7454165769548,890.552141674467,9000840.0
2022-11-01,886.6487426757812,898.7491899037128,877.8173971843925,898.7491899037128,9823761.0
2022-11-02,882.8429565429688,898.5051854414255,880.5496955165991,898.3587855348516,7690974.0
2022-11-03,886.6975708007812,891.7718941909748,875.3777842858833,879.2811466233138,9022366.0
2022-11-04,883.428466796875,891.3328112458532,878.4517036538972,884.404307378681,7099336.0
2022-11-07,895.333740234375,897.8709019410512,881.6231918736927,888.258895965493,11100219.0
2022-11-09,888.5028686523438,899.62747534603,883.8676257900718,897.7733543768877,11590409.0
2022-11-10,888.6980590820312,890.8937004635314,882.1111349375303,885.624137323697,10009741.0
2022-11-11,884.6483154296875,905.5801089550436,881.6720134061227,903.5308674465132,17921457.0
2022-11-14,873.3285522460938,884.6482793217701,869.7179301331439,883.135738311916,12641308.0
2022-11-15,889.6738891601562,891.5767902470384,877.0855215643974,878.7932426186741,15176911.0
2022-11-16,891.5279541015625,895.9192368299623,886.1608307668516,890.5033333770526,13008311.0
2022-11-17,897.5781860351562,900.0177875733908,888.3564803085126,890.942481763275,12584194.0
2022-11-18,898.1149291992188,899.7250901153086,888.5517026263796,897.5782287473845,10874061.0
2022-11-21,899.1395263671875,902.4573485738014,891.9670624306098,891.9670624306098,9245704.0
2022-11-22,901.3839721679688,904.1163139298982,898.1637101071026,901.4327522857458,11256509.0
2022-11-23,905.0433349609375,909.3369976680791,901.3839328784176,904.604194798919,10959704.0
2022-11-24,916.16796875,917.9245295652515,905.1409813373169,905.1409813373169,10844395.0
2022-11-25,907.824462890625,920.1200897078235,905.0921212292191,917.582868510347,9815055.0
2022-11-28,914.7529907226562,920.9983347475077,901.6279229061405,901.6767030234083,9381474.0
2022-11-29,923.8770751953125,926.9509968667758,910.9959675424216,910.9959675424216,13096845.0
2022-11-30,929.8785400390625,935.0504833540824,918.2660129689936,925.1456773495776,20858573.0
2022-12-01,917.4853515625,933.8794618649401,913.6307692487462,932.9036212569308,15920653.0
2022-12-02,908.1172485351562,911.9230507412958,903.7259657868033,905.824046924139,14228874.0
2022-12-05,911.0447998046875,914.3626818126604,905.9704761133208,914.3626818126604,10984608.0
2022-12-06,900.359375,907.2878196018734,897.9685535605643,902.6525766407452,18220912.0
2022-12-07,899.8714599609375,910.6544870005209,898.4076990172678,899.7250600423364,15675663.0
2022-12-08,909.3859252929688,910.9960266286454,901.4815802939312,902.6526009857056,10136870.0
2022-12-09,907.4342041015625,912.215787338606,902.7013414221591,909.4834455516406,9575331.0
2022-12-12,907.824462890625,911.3375246500736,902.7012999402709,902.7012999402709,8493863.0
2022-12-13,910.4104614257812,913.2892029869305,905.3848587227286,907.0437995851349,10415140.0
2022-12-14,899.4810180664062,913.4355258812766,897.7732971207961,913.3867457663752,12319827.0
2022-12-15,886.8439331054688,897.6757995963253,883.1357507052321,893.8699973988869,8929748.0
2022-12-16,880.208251953125,891.6255992841462,877.9150502872375,883.6236941724553,9157260.0
2022-12-19,884.5507202148438,888.6004229521618,879.3787769678182,886.0632612266272,7015083.0
2022-12-20,887.72216796875,890.4057295045923,874.0604001499164,884.1115459902278,6384331.0
2022-12-21,870.6937866210938,893.7236012549803,865.5706234047746,888.2589176484736,11341147.0
2022-12-22,869.1324462890625,882.0134944431401,864.9362840988583,878.7444522871822,9788367.0
2022-12-23,857.6663208007812,868.1566071729486,854.1532589304963,861.7160235243845,11059215.0
2022-12-26,871.620849609375,875.3290320358716,854.1044986503864,859.8131424263865,6943159.0
2022-12-27,878.890869140625,880.9401105972046,866.7416416351155,876.0121274292705,4994381.0
2022-12-28,877.2318725585938,882.1110752987155,874.157951008085,874.3531310298059,8980300.0
2022-12-29,886.1119995117188,901.042348014541,867.8637693146782,876.2072536656079,11994220.0
2022-12-30,869.3275756835938,886.5511861175967,867.0831542131343,886.5511861175967,9688527.0
2023-01-02,880.6473388671875,885.0874015715547,872.4014740958874,872.4014740958874,4315403.0
2023-01-03,879.5739135742188,884.0628161348139,875.0850705742079,876.7927916486487,5846855.0
2023-01-04,877.3782348632812,885.9656795492845,873.1821323138736,877.2806746302692,12454582.0
2023-01-05,857.9102783203125,881.184052562088,850.9329942792257,879.1348111478047,16547196.0
2023-01-06,849.0789184570312,857.7151438717982,839.7108721216287,857.7151438717982,14804613.0
2023-01-09,852.2503662109375,857.5199292876928,841.467339467431,853.128646577258,16811853.0
2023-01-10,840.5402221679688,857.178350961341,835.904979620267,854.2508293522662,13470142.0
2023-01-11,845.3706665039062,849.810729146555,834.1972801627661,842.0528443311998,15558460.0
2023-01-12,839.857177734375,848.3469427147597,834.2948747895655,844.5899804905931,16659001.0
2023-01-13,852.3479614257812,853.7629421704522,837.5639529027883,843.8093564017448,11223103.0
2023-01-16,844.3460693359375,856.251336429676,840.2475269514592,856.0561563998281,8319812.0
2023-01-17,844.2484741210938,846.9808157440077,837.3687506076432,846.0049751957827,12624859.0
2023-01-18,848.493408203125,850.9330097218229,837.9055614362097,843.5654250474721,11313898.0
2023-01-19,845.224365234375,849.5180281670827,841.1746028927344,847.029646532359,6694679.0
2023-01-20,849.3228759765625,855.3243197281536,844.6388528234257,852.3967978123699,8127162.0
2023-01-23,850.6402587890625,861.9599858696962,843.7117548264578,860.6914050079915,16882379.0
2023-01-24,849.7131958007812,860.3986621992815,847.0296341717808,857.7638806877826,11504090.0
2023-01-25,834.6364135742188,855.616985476424,827.512789445121,852.2015435388557,14918485.0
2023-01-27,797.4569702148438,822.6336464136058,793.4559879182368,818.876683833697,39718683.0
2023-01-30,803.6046752929688,806.2882367465883,776.7690607567737,780.6724228711294,36301441.0
2023-01-31,811.8018188476562,818.0471629504093,794.4318085216838,806.0443354842496,27291226.0
2023-02-01,827.4640502929688,854.0557066947356,803.2632152779729,823.0727675844201,39237711.0
2023-02-02,837.1736450195312,839.8083668980825,806.1418673862072,808.3863483354639,16798190.0
2023-02-03,842.9310913085938,851.5673162826182,831.5137444720939,843.760591547997,14914366.0
2023-02-06,833.0751342773438,846.8344629485416,829.1229917492834,840.6866790648273,8463833.0
2023-02-07,832.1480712890625,835.3195532376869,826.7321678735284,834.3437126381102,9337066.0
2023-02-08,838.3446044921875,839.9059851305341,831.3186000816627,831.9040805956793,8082983.0
2023-02-09,840.0036010742188,844.0045833872938,831.0258553801846,837.7591795408565,6299265.0
2023-02-10,833.221435546875,841.076999677084,831.4161543411412,834.8803764054466,8656405.0
2023-02-13,830.0988159179688,838.5398012262449,828.830175511351,832.7823775217515,9394365.0
2023-02-14,844.3948364257812,846.3465175729854,831.5137289421172,833.2702896230664,13402934.0
2023-02-15,849.7620239257812,852.1528454242592,839.8084374092238,845.4683608131589,12070288.0
2023-02-16,848.4446411132812,856.5928864866202,843.9557385135968,854.787605159296,10715685.0
2023-02-17,841.8088989257812,846.5904820244143,834.4900945865224,846.5904820244143,9990618.0
2023-02-20,831.5137939453125,845.6147032483111,829.7085125672544,841.8089604500999,9013430.0
2023-02-21,833.56298828125,838.6861510369723,826.3905246868915,833.7581682983457,11704445.0
2023-02-22,818.9742431640625,833.4654525968871,814.5829603588933,830.6843306445138,13880984.0
2023-02-23,819.462158203125,824.048621015575,813.4119344650369,816.3394563163132,11743574.0
2023-02-24,819.413330078125,825.1707536453126,815.3635679302187,823.560652457791,8246139.0
2023-02-27,835.7099609375,837.5640224460278,813.4119662298283,813.4119662298283,14422574.0
2023-02-28,834.1973266601562,837.2712484244097,829.4645234973756,834.2461663394178,19600146.0
2023-03-01,835.6123046875,843.1262893169088,831.269802049156,843.1262893169088,11015843.0
2023-03-02,833.3678588867188,841.0281836482711,830.5378973683739,832.3920183025423,12327141.0
2023-03-03,847.56640625,851.9089091653085,829.3181737177321,836.0514981986004,12823098.0
2023-03-06,846.78564453125,855.6657697882442,844.443603366914,850.6890067647562,13904231.0
2023-03-08,851.0305786132812,852.5431792187243,840.686691893039,845.7122948969003,16144568.0
2023-03-09,835.2708129882812,848.7861821132901,833.51431173732,846.2490202575223,10624440.0
2023-03-10,822.2920532226562,824.9267750269614,816.0466499548239,824.2925144135686,17273189.0
2023-03-13,808.3863525390625,834.6364281528208,804.0438500876161,821.1210600737454,16413159.0
2023-03-14,810.2892456054688,814.2902279362222,798.4815977730528,807.0202033098866,15456802.0
2023-03-15,805.94677734375,823.5606883048955,802.3361552027651,816.2418837869195,12914488.0
2023-03-16,803.9951171875,811.2163020979362,790.7236489111071,809.6549809174596,14987868.0
2023-03-17,816.0466918945312,818.1447729834259,798.8719213661859,811.7041893648593,11104490.0
2023-03-20,816.2418823242188,817.5592433108602,805.0684955346812,816.7785827424584,14838651.0
2023-03-21,831.8065185546875,833.8557599098707,818.7790113206246,822.6335934511657,18755854.0
2023-03-22,839.4180908203125,841.7112923918411,830.4403454439372,836.9297092178792,17431520.0
2023-03-23,834.7828369140625,846.4929238858591,832.1968355502246,836.2953779024698,17920621.0
2023-03-24,831.8065185546875,839.2228829988167,828.6350367294012,831.9040787866177,17295696.0
2023-03-27,828.1959228515625,835.7099073266975,823.6582402717402,834.2949265553112,17047675.0
2023-03-28,834.0997314453125,838.1494936556207,827.7079875914543,834.8803919931624,24469018.0
2023-03-29,830.4403076171875,841.27211389231,827.5127859687133,836.3441310294944,34881515.0
2023-03-31,856.05615234375,859.7155545338773,837.7591413931142,841.1258033201476,25739021.0
2023-04-03,862.4479370117188,865.6681991790865,847.8591076789055,858.9349345674241,26416933.0
2023-04-05,863.228515625,866.302437142274,852.8846297520107,865.1801966999474,21068934.0
2023-04-06,853.8605346679688,868.5957040705766,851.6161131746726,860.6914189453125,26042745.0
2023-04-10,847.4688110351562,861.4721003175092,843.5166683771216,858.7885385723444,30906205.0
2023-04-11,860.5938720703125,864.2044347387856,844.1021416632927,852.5919670233527,39504022.0
2023-04-12,868.64453125,870.4498125302297,859.0324656331312,862.1063873379366,22686032.0
2023-04-13,877.2806396484375,879.8666408865384,865.0826329792434,869.571475609275,34439635.0
2023-04-17,879.525146484375,895.1385965391224,871.5720810990891,895.1385965391224,29957514.0
2023-04-18,875.1826171875,886.0144835702572,872.4990555408676,886.0144835702572,26699379.0
2023-04-19,870.3522338867188,875.2314367685581,865.8145513823755,874.2555961921902,24377956.0
2023-04-20,872.7918701171875,877.573453395635,867.717487005693,870.6937889701342,16999919.0
2023-04-21,864.2532348632812,878.9396237033103,861.0817529732831,872.9381803026192,29578071.0
2023-04-24,882.8917846679688,884.5995057214851,873.3773387983774,883.135744818471,30881665.0
2023-04-25,891.3816528320312,893.8700345751175,881.2816663774997,884.4043683667354,41383839.0
2023-04-26,892.8453369140625,894.7970180441831,883.8675918033912,889.4298949363513,30371555.0
2023-04-27,896.1631469726562,897.6757474764975,886.5999214765843,887.5269819129636,25835108.0
2023-04-28,895.4801025390625,898.2124441608663,888.2588586608995,892.9916614936355,20381002.0
2023-05-02,899.8225708007812,903.433192842073,896.504748580591,901.6766917183744,17515017.0
2023-05-03,900.5545043945312,901.5303450275906,889.5275171530784,897.3342422175527,18715142.0
2023-05-04,899.4323120117188,901.5791732893766,889.7714660425504,897.773371044411,20485002.0
2023-05-05,904.5554809570312,919.6810106729773,901.140038763108,902.6525798225856,19002035.0
2023-05-08,915.2409057617188,918.9490880615251,904.6042195927597,904.6042195927597,18623913.0
2023-05-09,911.8255004882812,922.1693872512037,909.2882791362127,918.2660247654843,21507610.0
2023-05-10,913.435546875,918.2659695728609,905.8240023974581,912.0205661468576,25910923.0
2023-05-11,916.509521484375,924.121066402181,911.2887384351924,917.3389621864789,20027372.0
2023-05-12,921.0958862304688,925.0968085190307,912.5084420472303,917.0461242676784,13873480.0
2023-05-15,922.9012451171875,926.0727270591709,915.5336605179272,920.9495639221207,10453762.0
2023-05-16,923.4867553710938,929.1954587867314,920.2177130883861,927.048597490951,19612293.0
2023-05-17,916.6558227539062,925.4872276297442,913.1916006155064,924.4137672580238,19273344.0
2023-05-18,923.6331176757812,929.2442010636689,919.3393952590775,925.0480984422347,21550141.0
2023-05-19,931.2446899414062,932.9036309042945,918.8515021794102,928.4635680040531,15427412.0
2023-05-22,927.3900756835938,931.1958777874927,923.291592877035,928.0731760048811,15509525.0
2023-05-23,930.366455078125,935.6847387180298,922.1693701855753,929.0002544091722,16579935.0
2023-05-24,917.9244995117188,930.8055479979184,915.8264183625203,923.828323327991,18049620.0
2023-05-25,917.1437377929688,918.8514587940115,910.4104735823489,914.3626159869317,19328582.0
2023-05-26,927.7316284179688,929.4393493908153,912.9476201716645,917.0949425342919,10957182.0
2023-05-29,925.2432861328125,934.4649321286174,923.925865590138,930.8055298888271,12108079.0
2023-05-30,926.999755859375,929.2929573609765,921.8278127813123,922.5108535277766,18483624.0
2023-05-31,926.2190551757812,929.0001768389353,917.7780108372044,926.5605755342111,27254425.0
2023-06-01,913.484375,931.1959059694744,910.2641128857094,931.1959059694744,21650700.0
2023-06-02,915.48486328125,921.827827046608,912.4597217491146,920.2176662665535,12494376.0
2023-06-05,923.8770751953125,928.8050582446286,920.2176729962289,920.2176729962289,10751684.0
2023-06-06,919.33935546875,924.9016584985499,915.4359932809016,923.6330776996152,11894330.0
2023-06-07,917.4853515625,922.9988152614023,911.2399478470065,921.5350543493884,16486469.0
2023-06-08,915.2409057617188,927.5364732717563,912.6061242779729,913.9722653565424,17608140.0
2023-06-09,915.38720703125,921.19347015888,913.5819258557002,918.6563085780134,12253128.0
2023-06-12,913.3380126953125,920.7055972423157,910.7520113059578,915.3384739939503,10520125.0
2023-06-13,920.7543334960938,923.3891148773446,911.5326284420058,913.2891890698932,13528776.0
2023-06-14,917.094970703125,924.0722547164398,913.6307485353478,923.1939743649098,13489262.0
2023-06-15,904.2138671875,920.1688965759562,902.0182258592284,917.9732552476846,19366819.0
2023-06-16,911.6303100585938,915.0945323130579,904.6042457522844,906.848667243868,11249387.0
2023-06-19,900.8472290039062,911.3862950487207,896.5047266373142,910.9471548883993,19351375.0
2023-06-20,903.1892700195312,906.1167918668598,892.6989833999372,898.7004270111945,15212286.0
2023-06-21,902.3598022460938,905.97042432825,897.7733395774403,905.580064269418,9210553.0
2023-06-22,903.3844604492188,912.9476866817438,898.4564771949641,902.0670994269971,27291569.0
2023-06-23,901.1887817382812,909.3858664900742,896.797499098517,903.6771633220311,8767733.0
2023-06-26,905.0433349609375,909.2882175524283,900.8960126007483,904.7017550302205,11749040.0
2023-06-27,913.484375,917.2413971004926,899.920226200877,907.5317710784503,13422726.0
2023-06-28,914.8017578125,921.1935016587148,911.7278361808255,921.1935016587148,25708001.0
2023-06-30,912.0205688476562,919.4369928830703,908.1660462617388,917.7780520093211,13843218.0
2023-07-03,919.7785034179688,922.9012051068142,913.874679970956,914.36260024857,12350359.0
2023-07-04,921.8766479492188,928.3171722332148,919.2418663564622,924.3650296243725,14041699.0
2023-07-05,934.8553466796875,941.4422710952281,918.2660555590668,919.2906763338112,13817767.0
2023-07-06,936.2215576171875,940.6128406087116,930.9519942031235,931.6350945805892,16334427.0
2023-07-07,923.5355224609375,931.9765075014357,920.998301288774,929.9760462814668,8593807.0
2023-07-10,925.4872436523438,929.8785263276142,918.6075198126201,923.1452024012996,12069184.0
2023-07-11,922.12060546875,929.6833702711881,919.1443034908751,925.4872675187265,16977595.0
2023-07-12,921.5838623046875,928.1707861820097,918.5099406710377,925.4872246023599,21511161.0
2023-07-13,932.61083984375,936.0750619372393,919.436992216799,924.8041153240754,23222286.0
2023-07-14,936.8557739257812,941.6861968997155,928.3659486322887,936.5630336523335,12871569.0
2023-07-17,945.2968139648438,950.2735772681716,929.8297045085224,939.636950320126,16290763.0
2023-07-18,951.8836669921875,964.0816737465069,947.6875645808176,954.3720484579527,29709508.0
2023-07-19,949.9320068359375,956.3237506038779,944.174523696845,956.3237506038779,15994261.0
2023-07-20,971.546875,974.0353161719719,948.6146209598538,952.46920323191,26487838.0
2023-07-21,972.9130859375,977.2555885541523,964.9111810417447,971.2541449921898,16903003.0
2023-07-24,968.0338745117188,984.3304244322484,966.1797535488037,980.6710221848502,21687719.0
2023-07-25,970.6686401367188,974.8647427328618,964.3744564622128,974.8647427328618,29325327.0
2023-07-26,972.3764038085938,973.6449847104317,966.0822198580079,969.1073019747433,12780537.0
2023-07-27,966.326171875,982.1835819158673,963.3498699025234,978.3289995630472,25932395.0
2023-07-28,972.1324462890625,974.5720478609782,953.4450744239546,964.1305412210621,12584130.0
2023-07-31,974.181640625,975.2551010010277,964.7159750720841,971.9372191996074,14303116.0
2023-08-01,970.5222778320312,979.4512433395982,966.521355109635,977.4507819784002,15508569.0
2023-08-02,963.1058959960938,970.0831205780985,953.8841903765009,961.4469550572353,15787996.0
2023-08-03,941.6862182617188,959.2513497940618,936.8557951782072,952.9571657495217,30994707.0
2023-08-04,947.0533447265625,952.4204682670015,938.0268187721877,945.248063359922,20582882.0
2023-08-07,952.078857421875,957.7875008210797,944.8088334046981,947.492394919989,16686062.0
2023-08-08,956.2262573242188,962.7643418978649,948.8098327986035,952.1764948847944,23784778.0
2023-08-09,957.0133056640625,959.5713515147028,948.0600250851338,959.2270199754856,19317331.0
2023-08-10,948.552001953125,957.9480378042437,943.9770282120568,955.8818683285078,24858441.0
2023-08-11,937.4833984375,947.961670292414,934.679384304923,947.8633070091408,17162177.0
2023-08-14,944.0753784179688,947.3713891844818,930.7439105257865,933.6955296923587,19026691.0
2023-08-16,941.0745239257812,944.3212928136318,931.3341572113877,939.0575962871804,17930805.0
2023-08-17,936.3027954101562,942.353578529597,931.1866436309263,941.5173104722998,27077611.0
2023-08-18,935.3189086914062,939.5987322998694,930.7438751368339,932.6132578915899,13257508.0
2023-08-21,939.7955322265625,943.8293876376395,933.1052076187755,935.368103582327,13358017.0
2023-08-22,936.6471557617188,941.5173394326239,933.9906864820573,940.9762212582668,16872719.0
2023-08-23,951.2576293945312,952.4382890585223,934.5317876320523,938.6148847885249,14707331.0
2023-08-24,953.3237915039062,966.5568958657866,951.159258811673,956.8165287761593,28389740.0
2023-08-25,954.7504272460938,956.9148999052287,944.7149101731643,947.4205610479281,10275758.0
2023-08-28,954.8980102539062,959.2762574905711,949.4867082885748,954.3077104234818,10481574.0
2023-08-29,952.1431274414062,961.4899212525077,950.0770180929742,957.6036107629861,13209913.0
2023-08-30,943.4359130859375,960.1617553156957,939.992357332752,954.7996350612804,13936165.0
2023-08-31,943.2882690429688,950.6181351385301,938.6640537842972,944.5181103324641,36675400.0
2023-09-01,953.0778198242188,957.3576435007852,937.4342145669208,941.4681300358887,16268147.0
2023-09-04,951.7495727539062,953.4221689523384,945.0592480110233,953.0778374045047,9512956.0
2023-09-05,952.7826538085938,954.3568266156637,946.7318107329097,948.551951794262,16623486.0
2023-09-06,942.0584716796875,953.8649486093547,935.466510050454,947.027018710753,30802100.0
2023-09-07,950.0770263671875,953.8649135559165,939.3036045546078,941.9600737763301,13462347.0
2023-09-08,954.8980102539062,959.2762574905711,945.7480025772426,951.8972093560283,13086915.0
2023-09-11,962.4738159179688,966.1633398736982,953.7173217093658,959.2270468470958,7894110.0
2023-09-12,974.5262451171875,979.1012787688176,966.802865781473,974.1326718812546,20959591.0
2023-09-13,973.8375244140625,978.8060712632008,964.7366987806778,973.8375244140625,21997553.0
2023-09-14,971.7714233398438,976.887575209195,966.4093032080317,976.2972153487822,11464188.0
2023-09-15,976.44482421875,981.4133711300916,972.6568769312493,974.3786547753372,13307980.0
2023-09-18,974.2311401367188,980.1835602868862,971.3778841717555,974.132716797775,16713222.0
2023-09-20,971.2302856445312,979.9375379402288,964.8351109491382,965.7205606456862,25741856.0
2023-09-21,943.8294067382812,966.6552735540002,942.0092656124872,964.1464092816628,19742813.0
2023-09-22,934.9744873046875,945.403576994813,932.1212916735981,941.0745118327471,12701888.0
2023-09-25,940.9269409179688,945.6987611069428,926.3164505561931,934.9745211428321,8997098.0
2023-09-26,933.4003295898438,943.4850278666348,931.8260967551563,943.4850278666348,10521409.0
2023-09-27,927.890625,931.2358173022473,919.3309777310822,931.0390306872603,15152973.0
2023-09-28,927.398681640625,931.973715189207,919.6753024788718,930.2519374097601,25991282.0
2023-09-29,936.5487670898438,940.5826225175415,928.4809961836039,931.4326152919225,10447334.0
2023-10-03,925.1358032226562,936.2535565130627,923.8567802867412,936.2535565130627,11131636.0
2023-10-04,915.0510864257812,920.4132063725941,910.0825397056649,919.9212698646451,17334739.0
2023-10-05,925.6769409179688,928.7269834227375,919.4785526739939,920.1180941808709,10478856.0
2023-10-06,929.9568481445312,931.2850527835039,922.8729499513662,930.743934599139,6355755.0
2023-10-09,923.4632568359375,926.8576310013959,921.2003607425811,925.0866714522842,6725306.0
2023-10-10,935.8600463867188,942.0584345201288,925.184987886715,925.2342295793238,11452715.0
2023-10-11,937.7293701171875,946.5350458326664,935.4172924942318,939.5003896293223,12233117.0
2023-10-12,938.86083984375,944.6164730548359,933.105206632664,937.4833935799946,7836818.0
2023-10-13,935.9584350585938,941.9600967877449,929.317291867472,934.6302304407079,6650442.0
2023-10-16,936.056884765625,939.4511988960326,930.8915510270158,933.2036287753874,5763024.0
2023-10-17,938.5165405273438,945.4528336239722,936.1552211514996,939.9923501245347,7747527.0
2023-10-18,928.5301513671875,935.3188991432158,923.9551178593193,933.892271271344,12000153.0
2023-10-19,920.6591796875,929.7600051345846,918.9374019002138,920.9051479428266,8612676.0
2023-10-20,917.7075805664062,924.8406601258879,915.0019296990167,916.9696757843909,6586576.0
2023-10-23,914.9527587890625,929.5632496240031,910.4761484024964,926.8084170823352,11856890.0
2023-10-25,901.3260498046875,918.7406142727789,896.7018946503207,911.1155983660612,12593434.0
2023-10-26,893.9962768554688,901.8180196143733,884.5018778394127,899.5551235944749,21693345.0
2023-10-27,898.0301513671875,903.3430900053108,896.6035233948352,901.227738868632,8645505.0
2023-10-30,909.9841918945312,911.3615781096987,893.553500239537,894.4389499383923,7687791.0
2023-10-31,900.5881958007812,915.9858334554681,899.3583544561848,914.3132372166475,17211107.0
2023-11-01,899.3091430664062,902.8018803593627,894.63574611152,899.0631748056227,12927203.0
2023-11-02,905.114013671875,909.8857738877014,898.0792974270889,905.2123769553756,9747311.0
2023-11-03,918.7406616210938,919.4293847809116,911.8535501246075,913.5753279987291,7146961.0
2023-11-06,930.2028198242188,932.4657159085782,922.2826535035373,925.8245725876783,10338367.0
2023-11-07,932.8099975585938,935.122135214151,915.4446745754223,928.3825689148798,15704942.0
2023-11-08,920.6591796875,933.1543790682605,919.035765182007,933.1543790682605,17606074.0
2023-11-09,922.2333374023438,927.1527024283356,917.953513850068,918.9373868552664,9406117.0
2023-11-10,923.4632568359375,926.2673311686412,917.3632917279805,919.8229744492044,9560455.0
2023-11-13,919.3801879882812,925.7261812013599,916.9696869940611,925.7261812013599,11470096.0
2023-11-15,925.9229125976562,929.169741735814,923.6108349273643,929.169741735814,19492138.0
2023-11-16,920.9051513671875,930.9406682319986,918.9374053172576,923.8567704420823,19706373.0
2023-11-17,906.9833374023438,923.2664842460193,905.3108012759441,911.6075526979567,10956653.0
2023-11-20,906.58984375,911.8043589612981,902.7035331502466,907.1309619231906,10562301.0
2023-11-21,911.164794921875,913.0833593528811,907.1309394932731,909.4922588007951,8989572.0
2023-11-22,907.8688354492188,910.2793363749666,899.9978512350831,908.3607719626023,12197979.0
2023-11-23,908.1148071289062,910.4268847301861,903.6873784917665,908.1148071289062,5534614.0
2023-11-24,914.41162109375,915.3954941269687,905.3599771779697,906.639000110985,7452002.0
2023-11-28,910.5745239257812,916.0350074399643,906.8358182796372,913.9197163754527,14231987.0
2023-11-29,924.4470825195312,925.9228920765872,911.0664332225615,915.8874351292822,11680078.0
2023-11-30,919.8721313476562,925.6769463830785,913.2309881790077,923.8076235957443,23950292.0
2023-12-01,931.4326171875,936.6471322793062,917.9535445552444,920.8559820278334,16986046.0
2023-12-04,975.2149658203125,978.8060663731462,945.8955613418391,948.1584573156929,33131257.0
2023-12-05,997.1061401367188,999.3690361088786,979.002852257751,986.3327183845934,31378461.0
2023-12-06,987.0706176757812,999.8609670700351,984.1189985847997,997.6472527517989,18786590.0
2023-12-07,982.88916015625,986.037565872625,972.2141617664823,980.2818725979603,11841945.0
2023-12-08,994.5480346679688,996.5157807404588,977.2318932503937,978.4617345457,16116363.0
2023-12-11,1000.697265625,1003.5505215202488,988.4480940647678,990.8585350218602,11714606.0
2023-12-12,999.3198852539062,1004.5344004940981,992.3343504540468,1000.6972715159467,12380856.0
2023-12-13,997.5488891601562,1004.2392137541405,992.9246739088817,998.43433885667,15887040.0
2023-12-14,1016.9804077148438,1023.2279775961745,1004.7803578077819,1005.7642308631628,16317672.0
2023-12-15,1020.6699829101562,1026.8683114091973,1009.1585955233128,1026.8191898149773,14306067.0
2023-12-18,1004.9771728515625,1013.3400340079713,1001.5827987043302,1013.3400340079713,8592711.0
2023-12-19,999.0739135742188,1008.9618258446333,996.2698393148889,1008.9618258446333,10094256.0
2023-12-20,990.415771484375,1005.5181978922636,985.8407380509277,1005.5181978922636,16490281.0
2023-12-21,988.2020874023438,994.5972620458951,973.2472054564856,980.4786481484716,18064916.0
2023-12-22,978.2649536132812,993.2690175032114,975.6084843898132,986.775479446596,20881976.0
2023-12-26,979.052001953125,981.4133211823217,973.9359103746029,978.8552753930608,14339699.0
2023-12-27,986.0867919921875,988.6940796680807,976.002092947119,981.856149768816,12996468.0
2023-12-28,989.6779174804688,995.3843691168538,982.9875327507294,991.7440268494004,24915990.0
2023-12-29,980.5278930664062,992.2851884492294,977.6746971487394,987.8577595641297,12280140.0
2024-01-01,983.28271484375,988.6447747328209,975.0181575005023,975.5592756483813,7683792.0
2024-01-02,966.4092407226562,981.5609087309073,964.4414947501999,980.9213672695223,16263825.0
2024-01-03,968.1802978515625,972.06660854976,959.3746217254817,968.8198393775264,16826752.0
2024-01-04,971.2302856445312,973.1980317046522,966.0649522367138,970.4923808719859,22789140.0
2024-01-05,977.6746215820312,982.2004134055409,967.9342547673281,972.0665334175308,14875499.0
2024-01-08,966.1632690429688,982.1020233733977,964.4906729621558,977.9697448357546,8393164.0
2024-01-09,963.9495849609375,978.9536484165683,959.6697613726194,970.3447595485834,14660414.0
2024-01-10,977.0350952148438,978.9044779822007,958.5874760008375,958.5874760008375,9409181.0
2024-01-11,975.165771484375,982.3972141884088,970.9350694416869,979.2488085023233,6451345.0
2024-01-12,987.3165893554688,992.432741141072,975.7560812090544,978.7568819517846,12255743.0
2024-01-15,993.5641479492188,995.3351674307465,983.1351179289786,987.3165782754367,12388044.0
2024-01-16,992.777099609375,999.4182427672283,988.3988524803248,989.8746620709588,11505126.0
2024-01-17,965.9173583984375,991.5472391168444,960.9979931914172,971.9682016234104,41914771.0
2024-01-18,970.443115234375,978.2649176405237,954.5044205813539,958.2431259931632,17902484.0
2024-01-19,983.0859375,994.5972638899035,971.6237927511231,975.3133165907817,23271148.0
2024-01-23,1012.45458984375,1042.3151122922168,1004.7311505255955,1042.0199023424595,50797448.0
2024-01-24,983.0859375,1019.2432110778104,980.5770732992008,1012.8480364224022,34578943.0
2024-01-25,993.66259765625,998.7295078271164,972.214177202352,982.2988759526587,28315035.0
2024-01-29,1000.0086059570312,1015.3570017302902,993.7117943290631,1003.5505249659846,14078922.0
2024-01-30,1000.5005493164062,1007.338419115052,991.7440549694523,998.5819848189448,16085742.0
2024-01-31,1011.569091796875,1022.2440902784828,987.070629039353,1000.4020967435955,25627447.0
2024-02-01,1008.617431640625,1017.2754419939521,1000.9924158779978,1017.2754419939521,13058880.0
2024-02-02,1007.4859619140625,1033.0666601657867,1005.1738843616477,1020.3746743205556,14774650.0
2024-02-05,1006.9940795898438,1009.8964570838909,995.7779026556566,1006.0102065272255,12948430.0
2024-02-06,1009.8472900390625,1018.2102106949073,1000.3037097510473,1007.0432159063025,12886927.0
2024-02-07,1005.6658935546875,1014.9143245344969,996.6634308450767,1011.4215270569979,16410895.0
2024-02-08,973.3456420898438,1011.6675111981591,969.3609680602832,1007.5844138284667,20565502.0
2024-02-09,994.4005126953125,997.401313514954,969.6068995994941,972.9028503266528,12799837.0
2024-02-12,980.0359497070312,995.8763423051639,969.3609508231015,994.1053827736114,8050066.0
2024-02-13,1003.3536987304688,1010.4868382114652,984.1681747459204,989.7762629977263,18706292.0
2024-02-14,1006.2069702148438,1018.997259686499,991.3012696355923,993.2690157159769,17878720.0
2024-02-15,1000.2545776367188,1010.0933083072188,990.3666052721892,1006.3545426117516,10069878.0
2024-02-16,1006.7481079101562,1009.650485394361,1000.5005380040549,1006.6989262673613,7159395.0
2024-02-19,1026.91748046875,1029.1311947979043,1006.8464465307476,1006.8464465307476,9388255.0
2024-02-20,1031.8369140625,1035.6740431744663,1016.5868810060339,1024.2611392299666,11293528.0
2024-02-21,1034.9852294921875,1046.8409480440782,1031.0989789005582,1039.7571099701715,15946325.0
2024-02-22,1045.5618896484375,1048.808718901475,1023.5232284095382,1038.969987954932,13432573.0
2024-02-23,1044.1844482421875,1052.7440951810236,1040.5932878224016,1052.7440951810236,13142759.0
2024-02-26,1037.198974609375,1045.1684428055735,1033.5586921778424,1036.116738219057,7875941.0
2024-02-27,1043.10205078125,1049.0052884655845,1029.6230394426907,1033.8044994690943,10580973.0
2024-02-28,1029.327880859375,1047.6771362637548,1025.3432672847086,1045.8569952406344,7730332.0
2024-02-29,1035.231201171875,1043.5941223069317,1021.7521880889905,1026.22885861961,20944844.0
2024-03-01,1069.37158203125,1072.3723226042753,1037.0021364831193,1037.986009477885,14909562.0
2024-03-04,1074.733642578125,1077.3409300364494,1062.6811983836533,1063.5667080999103,11424581.0
2024-03-05,1070.5030517578125,1081.768349420518,1059.139270715041,1068.682790650156,9222544.0
2024-03-06,1079.4071044921875,1095.5918883060335,1062.878109231162,1062.878109231162,21796484.0
2024-03-07,1070.4046630859375,1077.3410163000535,1065.2393294461426,1077.2917746056637,9963926.0
2024-03-11,1061.3038330078125,1070.4046589090813,1059.3853285611954,1070.4046589090813,13310362.0
2024-03-12,1059.483642578125,1077.1442354316735,1038.625582496139,1059.6804892440682,21785435.0
2024-03-13,1066.4691162109375,1072.0772645081547,1055.8433596138777,1059.77885170946,24855870.0
2024-03-14,1066.124755859375,1079.4070413229927,1057.7127137934276,1062.5828370894137,14231421.0
2024-03-15,1062.9271240234375,1068.7319984843327,1052.744062948894,1054.711808860948,66192734.0
2024-03-18,1063.763427734375,1067.3054665763489,1042.9546100970365,1057.7127049329833,8769440.0
2024-03-19,1066.4691162109375,1071.1917547663113,1057.9094689437209,1061.0578145795118,16708715.0
2024-03-20,1067.01025390625,1072.4215553322383,1050.2844131350132,1062.582825466805,18725251.0
2024-03-21,1064.3538818359375,1082.2603227720363,1061.7465943107402,1074.3893386064215,19992607.0
2024-03-22,1072.716796875,1076.061869046459,1061.303773813482,1063.7143347625467,17214415.0
2024-03-26,1066.22314453125,1071.585324555275,1059.58200164128,1063.5667354159368,13367635.0
2024-03-27,1066.2724609375,1074.8813504721743,1062.1402420015347,1066.223219242338,26907245.0
2024-03-28,1075.66845703125,1087.2289654055658,1067.5022626495677,1067.5022626495677,22070566.0
2024-04-01,1081.916015625,1085.162724605495,1076.7998037410023,1078.3740966909645,10848191.0
2024-04-02,1063.763427734375,1076.7997448394613,1061.844923446375,1076.7997448394613,14380396.0
2024-04-03,1059.8280029296875,1066.1740561722456,1054.9578793659232,1057.663530257279,15477184.0
2024-04-04,1061.451416015625,1068.2894057744195,1046.2997470246664,1067.2562910312008,21419689.0
2024-04-05,1065.9281005859375,1068.4861465296663,1050.235253168432,1052.7441775200211,15340637.0
2024-04-08,1069.6175537109375,1074.1433454810406,1058.9425557038237,1060.9594232885527,8023461.0
2024-04-09,1089.19677734375,1097.264488826385,1070.749156482513,1074.3401972621416,12298463.0
2024-04-10,1091.5087890625,1098.5435054120717,1087.3273285870816,1093.0337202336968,10598000.0
2024-04-12,1086.5894775390625,1093.9192841060571,1078.1281928847723,1085.703967727192,12216657.0
2024-04-15,1060.95947265625,1088.3111913118553,1059.2376948297706,1082.4570746408115,10526597.0
2024-04-16,1049.8416748046875,1057.2698434841036,1045.5617314093265,1053.2852301148173,11278092.0
2024-04-18,1038.4287109375,1060.664336843005,1033.5093459321554,1056.6796031480021,16564216.0
2024-04-19,1050.0384521484375,1054.7118488668307,1031.1972603055262,1035.9690203029174,11284433.0
2024-04-22,1069.1256103515625,1071.1424779233496,1053.0884325476727,1061.4022313877736,10346714.0
2024-04-23,1072.6676025390625,1082.2603648639933,1065.239312903183,1082.2603648639933,9848215.0
2024-04-24,1079.062744140625,1080.686158658188,1071.4377281688085,1074.6353155118281,5461309.0
2024-04-25,1095.78857421875,1107.4966871577883,1072.3723483406734,1072.4215900322672,19905338.0
2024-04-26,1090.032958984375,1101.9377986819404,1084.9659888361693,1094.2144193811591,14190059.0
2024-04-29,1141.4403076171875,1144.6870165205935,1090.032942347235,1090.1313056288498,28578063.0
2024-04-30,1131.8475341796875,1150.6887263324581,1128.2563736745785,1141.2434493596547,29568491.0
2024-05-02,1121.0740966796875,1136.8653071432534,1114.9741318218018,1124.5668940413143,25118334.0
2024-05-03,1123.6322021484375,1138.734628603609,1117.1385442991193,1122.8942974020772,19933604.0
2024-05-06,1127.813720703125,1139.767682131019,1119.7458896646774,1123.1403237344898,14970524.0
2024-05-07,1113.6458740234375,1134.1596020771042,1108.1362092373274,1129.4369636309043,15097728.0
2024-05-08,1104.889404296875,1113.7442614996105,1098.0515348309932,1108.3822015675178,19913090.0
2024-05-09,1097.7071533203125,1110.6451084134283,1092.0991247743116,1102.4790338657724,12229853.0
2024-05-10,1099.035400390625,1110.6942716080541,1094.1160353113987,1099.9700317150034,8573656.0
2024-05-13,1109.808837890625,1112.4161255815404,1088.8522931770124,1094.4604418124766,9707983.0
2024-05-14,1102.47900390625,1109.7104468669584,1100.5112577889583,1107.7427007496667,8944262.0
2024-05-15,1106.2176513671875,1109.612085486358,1095.5426526828924,1104.003936981434,10743423.0
2024-05-16,1112.8095703125,1118.220871645328,1094.8538886172073,1114.7280745625576,14265565.0
2024-05-17,1112.2684326171875,1125.5507181902365,1102.528065843281,1112.8096108108375,8641784.0
2024-05-21,1102.8724365234375,1115.5153011731006,1098.2482812745363,1104.1022778238569,10452900.0
2024-05-22,1093.1812744140625,1107.742642963088,1080.3909253188892,1106.857133236162,17527411.0
2024-05-23,1116.2039794921875,1118.6636621265907,1093.4765359706398,1097.5596331640875,13787687.0
2024-05-24,1113.6949462890625,1116.6958068503454,1106.0208092809664,1111.7764420624583,6312670.0
2024-05-27,1111.579833984375,1129.2895491082788,1103.4628812192523,1113.6459433951586,11599857.0
2024-05-28,1108.775634765625,1116.8925870555686,1106.8571304468578,1114.2361779831701,9311718.0
2024-05-29,1084.2281494140625,1105.4306626270395,1080.7845935856149,1097.067741329381,19268547.0
2024-05-30,1095.7393798828125,1102.9217012680538,1079.2103845207203,1079.308747806472,15255387.0
2024-05-31,1102.970947265625,1112.366862972861,1093.328943190512,1099.970086377496,26197718.0
2024-06-03,1141.292724609375,1154.0830741093077,1117.974981638635,1151.1314549939386,25699977.0
2024-06-04,1054.1707763671875,1140.70248686833,1036.5595441020037,1139.2266772303517,43476837.0
2024-06-05,1090.7708740234375,1105.1353964425034,1034.0998107211954,1067.5022525173526,42172104.0
2024-06-06,1092.4925537109375,1099.9699641517404,1078.9150588855664,1099.9699641517404,18574162.0
2024-06-07,1103.6103515625,1110.104009770429,1085.8022733872265,1092.4926581643756,17197635.0
2024-06-10,1105.676513671875,1114.9248236920885,1097.1167466019742,1098.0022563128857,10851455.0
2024-06-11,1100.166748046875,1110.8418662508757,1093.0829104393374,1101.691799247928,12250002.0
2024-06-12,1101.4951171875,1115.1217348604168,1094.0668276461688,1102.9216850641683,16096514.0
2024-06-13,1089.4918212890625,1105.0861854460427,1087.1797435922592,1104.1023123749185,12494254.0
2024-06-14,1087.8192138671875,1096.0345294527124,1081.719129164698,1096.0345294527124,11377979.0
2024-06-18,1104.7418212890625,1116.7451444635597,1083.4409459075023,1095.9853271941342,18306176.0
2024-06-19,1125.993408203125,1146.75322461017,1107.9886043418487,1109.75950368303,34309514.0
2024-06-20,1138.1444091796875,1141.2927549457575,1117.1878648628515,1135.4387582520144,15475933.0
2024-06-21,1139.964599609375,1151.0331720647125,1132.0936147522461,1144.7856018547059,69259425.0
2024-06-24,1151.2298583984375,1156.6904019928488,1134.0613213197169,1136.0290674652065,12210295.0
2024-06-25,1178.6307373046875,1186.550963835312,1148.819454304172,1151.3775003551193,27309845.0
2024-06-26,1198.357421875,1203.1291823342124,1174.59686276576,1182.6154524579229,25403461.0
2024-06-27,1200.226806640625,1215.0832662808862,1189.600929226802,1208.5404862113423,20516632.0
2024-06-28,1180.2540283203125,1207.2121725758393,1177.0564410661386,1207.2121725758393,12507092.0
2024-07-01,1192.3065185546875,1195.7500741919466,1172.8259044392062,1180.25407382428,8636894.0
2024-07-02,1171.3992919921875,1197.37356592243,1166.430804884834,1197.37356592243,16153925.0
2024-07-03,1182.2218017578125,1196.24199235147,1160.428990253299,1177.54840489326,22330897.0
2024-07-04,1213.115478515625,1215.033982934888,1194.7171004020095,1209.179986290108,15275791.0
2024-07-05,1213.509033203125,1222.5606171427328,1201.1613784936928,1205.2444756355717,9535575.0
2024-07-08,1215.1324462890625,1219.5106332770943,1197.2751265898385,1209.0816030717467,6617190.0
2024-07-09,1228.1195068359375,1230.038011199292,1209.4751610015549,1215.0339475267522,13366874.0
2024-07-10,1223.1510009765625,1232.5470372074883,1216.4114942007566,1232.5470372074883,18226503.0
2024-07-11,1218.4775390625,1237.5155787915146,1205.2937361837155,1226.2501602309792,11307116.0
2024-07-12,1213.01708984375,1232.6945505595163,1210.2621973028672,1215.9687089511149,12208290.0
2024-07-15,1210.1146240234375,1218.4775450466864,1204.309869041595,1213.213848187686,15612671.0
2024-07-16,1219.9041748046875,1224.9219031587354,1209.1799349253702,1210.1638079399554,12320605.0
2024-07-18,1230.136474609375,1236.187197550179,1211.8363405098085,1214.984806208363,10999632.0
2024-07-19,1228.51318359375,1230.333324828054,1220.2486254442174,1223.9381496090357,7958817.0
2024-07-22,1221.134033203125,1225.2171302912695,1213.0170807189304,1220.002555200142,9958965.0
2024-07-23,1206.96630859375,1228.5131532036169,1192.9461171142627,1221.1341050565184,19369832.0
2024-07-24,1203.2767333984375,1213.7550053424823,1182.6646411572679,1205.2444794873966,20122521.0
2024-07-25,1178.58154296875,1198.6033353860112,1171.3992217096722,1186.0589540798987,14154461.0
2024-07-26,1187.7314453125,1200.3250678353813,1166.824143926023,1170.808877642708,19309265.0
2024-07-29,1193.1427001953125,1222.708130922957,1184.7306583803272,1195.5532610278044,28458261.0
2024-07-30,1189.9451904296875,1211.0000973333736,1184.976703679443,1193.4379877337221,23972277.0
2024-07-31,1195.3074951171875,1204.9002581785046,1191.4703658723204,1199.341350948273,22297629.0
2024-08-01,1190.584716796875,1202.9323712314479,1187.4363711753606,1192.946036063854,8725046.0
2024-08-02,1177.25341796875,1182.271146810082,1170.9073643473816,1177.69611282763,10735395.0
2024-08-05,1153.689453125,1169.7266310287719,1148.1797883580148,1162.937883324056,14306771.0
2024-08-06,1148.0322265625,1168.5459553164283,1142.768529846995,1156.0508158159441,13575619.0
2024-08-07,1153.5419921875,1160.7735557051485,1142.8669928495083,1159.9371674712932,15753644.0
2024-08-08,1145.818603515625,1155.4606080648502,1140.210574811538,1148.13068131111,10806438.0
2024-08-09,1152.70556640625,1161.9047548052447,1150.1475206629223,1157.5758097480823,8687307.0
2024-08-12,1163.8199462890625,1169.228167312303,1147.1485350418181,1162.0336803927066,10860455.0
2024-08-13,1159.4039306640625,1180.143923785119,1154.6903013699869,1174.1402001247322,13117927.0
2024-08-14,1152.7552490234375,1161.090954297597,1144.1714580038308,1158.0642597488902,13431801.0
2024-08-16,1178.1591796875,1183.8651517095705,1156.7245959708455,1161.0412636212889,10961370.0
2024-08-19,1166.8961181640625,1186.5941018157116,1164.3160506791048,1181.8804727263328,6686394.0
2024-08-20,1170.4189453125,1180.6897926432184,1161.041352076898,1165.2091443736933,10427061.0
2024-08-21,1165.8541259765625,1169.625077755297,1156.178781920312,1167.9876876109618,17234142.0
2024-08-22,1181.979736328125,1183.468250844818,1167.5907626667606,1172.9494391539793,8564142.0
2024-08-23,1194.2847900390625,1195.7733045260243,1179.449310773257,1183.8651886303296,7518309.0
2024-08-26,1204.009765625,1205.647034605679,1191.8535643266057,1196.3191076607097,10920226.0
2024-08-27,1216.9598388671875,1223.0627726699063,1199.6435016150756,1204.0098351320562,16295325.0
2024-08-28,1214.47900390625,1217.009527109644,1207.9792296829603,1213.2882407138438,12291305.0
2024-08-29,1212.5439453125,1225.5436144859966,1207.681440347739,1209.6164607584685,10806748.0
2024-08-30,1219.7879638671875,1226.0894388087463,1209.5669036760319,1220.5818867193016,21211148.0
2024-09-02,1220.5322265625,1229.7113993287953,1213.1393196536237,1229.5129791826912,12516759.0
2024-09-03,1238.1463623046875,1241.371477184039,1211.055469999512,1217.8033299887798,19114907.0
2024-09-04,1226.88330078125,1234.176997942738,1223.3605556490777,1230.3565014424944,13505843.0
2024-09-05,1226.486328125,1235.3182053814185,1221.8720299114532,1228.5206798050983,9142811.0
2024-09-06,1198.899169921875,1224.4520011114125,1195.7732653744783,1216.5628019074484,10170479.0
2024-09-09,1225.5435791015625,1228.8183593866072,1191.2580807218426,1193.6893937018356,13863250.0
2024-09-10,1227.8260498046875,1231.844966297702,1217.6048683884173,1227.4786328440832,15545130.0
2024-09-11,1226.88330078125,1229.8107854485313,1217.009535927106,1222.0704612349368,11993242.0
2024-09-12,1242.5623779296875,1247.3752175091806,1216.9598787103319,1228.520699503871,15376442.0
2024-09-13,1240.7760009765625,1246.333097348584,1232.5396270556282,1242.4133910945052,9877288.0
2024-09-16,1253.1802978515625,1255.9092410243197,1235.169248684242,1241.4210578615323,8973335.0
2024-09-17,1258.39013671875,1262.508384404533,1248.7644580527592,1250.302517024621,11513121.0
2024-09-18,1278.485107421875,1285.4315085718288,1252.3368930345305,1252.3368930345305,12466597.0
2024-09-19,1282.107177734375,1290.0459218689532,1275.5080724453824,1278.4851014958492,13172268.0
2024-09-20,1328.201416015625,1351.9184375163336,1281.6606270608918,1285.0841618950908,73257767.0
2024-09-23,1311.7781982421875,1321.60241788708,1298.4807781970735,1320.80849505564,11380409.0
2024-09-24,1308.50341796875,1321.2054564579635,1305.377513381459,1310.8850653274296,13886037.0
2024-09-25,1313.7132568359375,1317.583418764573,1300.0685405806087,1300.7135877579847,8728019.0
2024-09-26,1318.87353515625,1323.1405374478413,1306.8165432729581,1309.892782398436,11100869.0
2024-09-27,1296.5953369140625,1322.793216287465,1293.8663936696585,1322.793216287465,17117379.0
2024-09-30,1263.252685546875,1286.870498271365,1261.168789397214,1282.2064133181361,12622212.0
2024-10-01,1264.6419677734375,1270.4471502080723,1257.8939867892805,1260.0772141126831,10972413.0
2024-10-03,1246.7301025390625,1256.0581509565811,1238.5929384016897,1244.0011592918727,17648551.0
2024-10-04,1230.2572021484375,1254.7184806872842,1226.734336136113,1237.5508987809962,13488887.0
2024-10-07,1224.4520263671875,1253.2795172340534,1215.6201496244253,1232.0434743858432,20667247.0
2024-10-08,1227.13134765625,1238.245662101406,1220.3338222332038,1231.4976811477177,12219259.0
2024-10-09,1234.62353515625,1255.4130720043904,1223.2115909568488,1233.5319821121263,14765997.0
2024-10-10,1233.978515625,1245.0927087268437,1228.520629146562,1237.2036303622588,9118195.0
2024-10-11,1213.635498046875,1231.299252032795,1212.6431550394777,1227.528300150437,8472512.0
2024-10-14,1222.3184814453125,1228.4214150784755,1208.0783837250117,1211.6507942721546,11833929.0
2024-10-15,1245.8865966796875,1248.6652054451272,1225.9405272443164,1229.4632721003522,11657338.0
2024-10-16,1233.6312255859375,1245.340800313192,1232.0930454805564,1238.9402364127245,7869727.0
2024-10-17,1221.8223876953125,1247.3255557801638,1215.024861988864,1239.8829828601924,8459497.0
2024-10-18,1254.8177490234375,1259.1840825393742,1215.8682854811916,1218.547563181441,11018126.0
2024-10-21,1249.4095458984375,1262.607635574402,1240.9746301061532,1254.8177669815936,7742775.0
2024-10-22,1257.7947998046875,1275.0615928812024,1250.1041412654479,1256.9016668439735,20090801.0
2024-10-23,1242.0164794921875,1258.2412633793258,1233.5320194899548,1251.3445279562577,14055447.0
2024-10-24,1243.15771484375,1250.7987076222266,1231.547349996325,1240.6768573006573,12223031.0
2024-10-25,1245.8370361328125,1259.184122863092,1224.7497462785968,1237.6998715609657,13546055.0
2024-10-28,1282.95068359375,1297.7862848220739,1270.794481272672,1275.6569864282283,24096412.0
2024-10-29,1321.6519775390625,1325.1251779791885,1289.3016205238707,1291.3855165608227,20656117.0
2024-10-30,1302.1029052734375,1320.7093367177222,1295.6030101013187,1313.8621457191011,15055031.0
2024-10-31,1282.355224609375,1308.8507339009743,1278.6836040126998,1297.2403694104125,23497314.0
2024-11-01,1281.90869140625,1286.2749035463628,1276.4011394929669,1280.0727600114117,1007022.0
2024-11-04,1267.42041015625,1281.908714624808,1260.3252547322475,1280.221658871375,14309121.0
2024-11-05,1286.7711181640625,1291.3359928673021,1253.4284176295798,1263.2526375453915,16431920.0
2024-11-06,1292.3779296875,1304.9310933295442,1282.8017951557133,1290.2940335374446,12037405.0
2024-11-07,1268.908935546875,1292.824498565034,1265.4854006783698,1287.2177364325325,9909035.0
2024-11-08,1249.2109375,1265.2373008714958,1243.108003939261,1260.2755859661174,11195808.0
2024-11-11,1259.5810546875,1266.1304944492979,1237.1044608620273,1252.3369021242906,8387780.0
2024-11-12,1260.8709716796875,1285.084164724792,1254.817703702316,1266.3785236970411,13486168.0
2024-11-13,1244.100341796875,1266.477724382224,1240.4287212362626,1260.8709623351128,12260404.0
2024-11-14,1247.325439453125,1257.993126310203,1233.5319691696748,1244.149990424334,9506892.0
2024-11-18,1243.852294921875,1252.9322576721884,1239.8333784208526,1250.3521900785158,6195554.0
2024-11-19,1239.53564453125,1251.3445507199667,1231.3488145998942,1247.4248442373848,11537317.0
2024-11-21,1240.974609375,1247.2759633109613,1223.1124350544421,1238.9899233393824,9593870.0
2024-11-22,1268.2640380859375,1271.588362957257,1246.3828261628269,1248.3675121917486,11604338.0
2024-11-25,1290.9886474609375,1301.160163762971,1280.1225394754547,1286.0765977985961,22717581.0
2024-11-26,1294.9580078125,1304.1868465830694,1292.4771502005863,1300.5647702425501,7646955.0
2024-11-27,1290.740478515625,1300.812784090288,1287.9123252215186,1288.5573723920809,21938082.0
2024-11-28,1276.5003662109375,1300.4654733696732,1272.4814498292426,1291.0878806767676,22803745.0
2024-11-29,1290.1451416015625,1293.2710463550777,1273.275310189296,1273.275310189296,11397228.0
2024-12-02,1294.6602783203125,1300.5151260626694,1279.2789623057151,1289.946649219065,9626400.0
2024-12-03,1298.381591796875,1302.747925178162,1286.1757245707627,1293.9655928118616,11509276.0
2024-12-04,1305.9730224609375,1309.8927287632168,1291.7328038420255,1292.625936747851,11570281.0
2024-12-05,1326.2664794921875,1332.6174992065928,1298.5800843127004,1306.171532833215,19210697.0
2024-12-06,1318.5758056640625,1336.7852761002946,1316.5414539912906,1332.2205223736623,8942672.0
2024-12-09,1312.1751708984375,1318.8734860133875,1310.1408193352056,1311.9766296210685,8000764.0
2024-12-10,1320.2626953125,1321.8008754160685,1305.1791301734115,1308.9004164217674,8218214.0
2024-12-11,1317.3353271484375,1321.0566133833202,1305.9233826947975,1314.5567183054773,8138066.0
2024-12-12,1319.0718994140625,1328.4991576758143,1311.4309069614158,1311.4309069614158,9076896.0
2024-12-13,1334.6021728515625,1336.8349446817394,1303.4425773055236,1315.201818050664,13536684.0
2024-12-16,1335.7928466796875,1340.1095143687996,1329.7892443970975,1334.6020835708346,9071006.0
2024-12-17,1323.5374755859375,1337.7775734016686,1315.8964829440192,1331.7243053318298,9879257.0
2024-12-18,1304.087646484375,1324.728309292061,1297.4388753521955,1315.1026301384318,8510595.0
2024-12-19,1277.0462646484375,1293.0229631431896,1274.614951552865,1276.1531316977298,11517304.0
2024-12-20,1278.5347900390625,1287.8131731856893,1262.657301485049,1274.1187908536028,58491181.0
2024-12-23,1286.8704833984375,1296.992333800165,1277.1951389037538,1284.736921667357,6827512.0
2024-12-24,1287.3170166015625,1294.5115036860577,1280.3706152786017,1286.8705106850512,7138516.0
2024-12-26,1287.4161376953125,1302.6982437766815,1279.3285182011693,1296.9922716557783,7338444.0
2024-12-27,1297.5382080078125,1305.8737927483876,1288.6071205266592,1288.6071205266592,4756066.0
2024-12-30,1284.7369384765625,1316.343040012265,1279.576681997175,1294.957999087405,14207425.0
