Date,Close,High,Low,Open,Volume
2014-01-01,316.1754150390625,319.00166586553627,315.63296167077254,318.3634801950422,1478688.0
2014-01-02,317.31964111328125,319.82223654568116,315.74240613364606,315.74240613364606,4404744.0
2014-01-03,325.03253173828125,325.93055910509,314.9218556052468,316.81362038886374,10046344.0
2014-01-06,320.7247619628906,326.43197421366506,316.23012920978664,325.93966845116506,11098328.0
2014-01-07,315.18621826171875,321.4541132380988,314.23350267693894,320.82961632988753,7713688.0
2014-01-08,312.5377502441406,316.8135851228266,311.8904387640834,315.5372138446339,8990392.0
2014-01-09,314.6072998046875,317.45177999865155,311.60327319630716,313.6226660526598,12590808.0
2014-01-10,323.7652893066406,325.9305622727885,314.3520499906503,318.18116428868024,30258176.0
2014-01-13,334.1357727050781,335.0474664914494,326.5687142781964,326.5687142781964,17119912.0
2014-01-14,336.11883544921875,336.8709831111042,331.8976871496727,332.31251243301074,7425832.0
2014-01-15,338.4253234863281,339.54671138487487,335.594509601628,336.8982362720311,17130144.0
2014-01-16,339.61053466796875,340.74102618072476,336.747802517681,337.2355676488197,17608232.0
2014-01-17,340.03900146484375,343.220803983562,339.1500999930877,339.97062442855486,25667896.0
2014-01-20,341.8213806152344,342.7923256650166,337.73242478296396,338.4207580933238,9761944.0
2014-01-21,342.6465759277344,343.7086906973158,338.99979936861166,341.8853024177544,12102464.0
2014-01-22,343.334716796875,344.43787506176614,340.9780019700937,341.08283784087445,6769760.0
2014-01-23,345.7598571777344,346.3524581195024,342.87435534146164,344.9940433254781,7907344.0
2014-01-24,342.6282653808594,346.1656424871803,342.31373540829736,343.2527846625907,6876584.0
2014-01-27,340.2623596191406,343.15242454778064,338.3478026164382,339.1500976215815,8099048.0
2014-01-28,335.05657958984375,338.11985724066056,334.3044322446928,337.9648737545015,14108544.0
2014-01-29,338.9495849609375,341.31086341449765,333.1010548516015,334.2270057956638,8102080.0
2014-01-30,337.7142028808594,338.8492573010296,333.679957493135,337.6640552662179,7183632.0
2014-01-31,337.4269104003906,340.95059708570534,336.1003918268027,337.326615206126,5369928.0
2014-02-03,330.8674011230469,336.59740650486464,330.47082760949445,335.95922073955205,4384112.0
2014-02-04,324.66326904296875,327.47583089666995,323.33675018988095,326.4775306956558,4535112.0
2014-02-05,326.5003967285156,327.2069595416803,322.990375011504,326.3864349844568,4326992.0
2014-02-06,324.90032958984375,326.65990315419384,322.830789022886,325.65703992932754,5749904.0
2014-02-07,325.16015625,328.3784398112687,323.54646267781663,327.02456561684363,7551456.0
2014-02-10,325.8211364746094,326.93339846505245,324.3350711208656,326.37725634075616,6049424.0
2014-02-11,327.86785888671875,330.215470250315,325.79375564315313,326.75103406326036,5833592.0
2014-02-12,328.2188720703125,330.7123410930296,327.5897900351502,328.25533091663436,4208712.0
2014-02-13,326.9151916503906,329.84627853285167,326.39096767627245,328.64740999965056,3588320.0
2014-02-14,332.24853515625,334.0445672699092,328.50602811552955,329.62741580335427,5962168.0
2014-02-17,333.5113220214844,335.9592292436582,332.6634644326298,335.9592292436582,13569920.0
2014-02-18,335.6856689453125,336.83441207690254,332.4947405332848,332.4947405332848,4978240.0
2014-02-19,342.1951599121094,342.97922552443663,336.8800025862336,336.93012794133955,7064304.0
2014-02-20,338.3523254394531,341.4201658460057,337.8736862455004,341.4201658460057,8816848.0
2014-02-21,341.9490051269531,342.3774967813884,339.8110875174699,340.60881962982563,5517984.0
2014-02-24,341.87603759765625,342.22248568157045,340.0617759002682,341.52048593093957,4357608.0
2014-02-25,344.8846130371094,345.72338907721854,342.34099642763056,342.34099642763056,8099512.0
2014-02-26,347.1274108886719,348.0664599449382,343.90002377211306,344.62025296367165,7352168.0
2014-02-28,348.709228515625,349.83059413622783,342.89718026529147,342.89718026529147,9839496.0
2014-03-03,346.2841491699219,350.99760236644113,345.70977753872955,348.72293044821987,7204176.0
2014-03-04,346.4025573730469,348.67266560675057,342.9700175038379,343.7084982468306,6937912.0
2014-03-05,348.4220886230469,350.4916295341591,347.3462852603866,348.9873344467027,4943504.0
2014-03-06,349.35198974609375,350.9976017489706,348.02549287834256,349.908131949222,6226312.0
2014-03-07,341.0008239746094,349.5433901160613,338.08340392147585,348.9052044794383,15072744.0
2014-03-10,334.7375183105469,340.03444615201886,332.3397590660713,340.03444615201886,7432472.0
2014-03-11,335.0794372558594,338.1381525825708,331.04062869685947,333.04179242032507,4124272.0
2014-03-12,334.7102355957031,337.63221943015975,332.95066165613036,334.90167798820266,3940104.0
2014-03-13,306.1103515625,313.61357452344805,304.5057614015545,311.7993125728492,40790880.0
2014-03-14,309.4425354003906,310.33143683578993,304.0544385160903,304.50572248550935,11167544.0
2014-03-18,305.46759033203125,311.06081880124805,304.5057488593036,309.97591201246473,11804312.0
2014-03-19,298.2834167480469,306.133109209649,295.27482723091214,305.4174206788284,15777848.0
2014-03-20,301.1370544433594,305.37186810593136,298.1239016887283,298.1239016887283,8023032.0
2014-03-21,301.3740539550781,304.32339231955353,298.16945913154575,303.5940372750489,12380320.0
2014-03-24,298.6526184082031,302.54098302751856,298.1238316252508,298.3243997820544,8160344.0
2014-03-25,296.70172119140625,299.00831173306807,295.93590704501463,296.1182458663609,7548064.0
2014-03-26,296.2002258300781,298.02817657319287,294.5318437795343,297.21221497450983,8458568.0
2014-03-27,294.57275390625,297.4764845572225,293.19608771921025,296.118070048006,13599368.0
2014-03-28,297.4492492675781,298.944418302764,294.2309654728288,295.39793807153904,7146824.0
2014-03-31,299.2908630371094,301.31025602177044,294.4816779541363,299.51878650075736,9176928.0
2014-04-01,302.1308288574219,303.1382551796498,298.57978517694823,299.31370329901404,8628352.0
2014-04-02,302.86932373046875,305.41750412670075,301.8163126601322,305.3081052932715,5644400.0
2014-04-03,304.3370666503906,305.23509397529244,302.5957447917419,304.4601542205762,4700216.0
2014-04-04,302.3221435546875,305.9643548287467,301.4150129257005,305.508508054568,3925584.0
2014-04-07,300.2572021484375,302.17632188902013,296.8474765240553,300.6765901647219,7097544.0
2014-04-09,296.71533203125,301.75244064804,294.5227038287818,299.13132077957465,10664680.0
2014-04-10,291.85137939453125,297.00701165963693,290.4792759403764,296.71071121058657,21263240.0
2014-04-11,294.9465637207031,296.81099505059893,288.55104163789565,292.65366308298417,18678336.0
2014-04-15,297.1939392089844,308.88184887352526,296.07255142171584,303.7945931919242,20782384.0
2014-04-16,287.8490905761719,295.56656976097537,286.95562619231487,295.56656976097537,13198304.0
2014-04-17,291.01727294921875,292.658322065917,287.9448687768088,289.918677283354,8391912.0
2014-04-21,290.1875915527344,293.5654217421115,289.0069524604017,292.6537278857695,6119624.0
2014-04-22,287.2427673339844,291.7419846568734,286.4906200297909,289.19380521126544,6626896.0
2014-04-23,289.24859619140625,290.99906652746154,288.4599897623533,289.37624670991084,12016720.0
2014-04-24,289.24859619140625,289.24859619140625,289.24859619140625,289.24859619140625,12016720.0
2014-04-25,289.5174560546875,291.74197974699973,288.40063128846856,290.6479473229485,5962904.0
2014-04-28,289.74090576171875,291.10388379135355,288.55114068262884,288.9158182695895,6042480.0
2014-04-29,289.71343994140625,291.28611143506976,289.09804674823357,290.19207909165164,4835464.0
2014-04-30,289.9915466308594,290.83030041239414,289.0980823221636,289.70434975048516,7741936.0
2014-05-02,293.5380554199219,296.0269840056306,290.374482309188,290.374482309188,4764392.0
2014-05-05,289.63592529296875,294.75053519355345,289.4216906559886,291.0125915056674,4196688.0
2014-05-06,288.56475830078125,290.3288947320882,287.63939798390277,289.6359985309907,4566024.0
2014-05-07,279.6484069824219,289.00693494741193,278.06660933426065,287.27471672532965,15596072.0
2014-05-08,279.4615478515625,281.5675474978578,277.7429958715752,279.8900395516886,9161992.0
2014-05-09,283.6689758300781,284.9043254368022,278.32646327437743,279.4341623884156,6179400.0
2014-05-12,289.4719543457031,290.51127654320845,283.0855337880465,284.284402426459,7044200.0
2014-05-13,297.69085693359375,298.5797585047147,290.1921744490097,290.1921744490097,7299968.0
2014-05-14,296.67425537109375,297.66799259933043,293.30552934817644,296.3232443938664,5184688.0
2014-05-15,298.34722900390625,300.3894364425568,292.22065120425276,296.67428425892894,8409192.0
2014-05-16,289.69525146484375,304.5057119554799,278.8916805466628,300.76776758716414,14188792.0
2014-05-19,274.8802795410156,291.55971533999565,273.5173015835364,291.55971533999565,17246512.0
2014-05-20,284.6490173339844,286.167000778147,277.3554673554919,277.9754235552934,8787344.0
2014-05-21,287.83087158203125,288.48728669623284,282.53848438088335,284.2661397587686,6788304.0
2014-05-22,283.8923034667969,289.9186079632545,280.90650648226966,288.0952204917875,9832744.0
2014-05-23,279.8489990234375,289.0981289723903,274.6158628041458,284.90433712983906,9081776.0
2014-05-26,282.15557861328125,283.62339234931017,278.08028931830813,279.98117988900094,5750544.0
2014-05-27,285.7293395996094,287.6393332562908,282.5794337330819,282.62501841347114,4984128.0
2014-05-28,289.30780029296875,290.64798573793473,284.2661290874782,284.76756068144266,5389320.0
2014-05-29,270.2874450683594,279.5758322215035,269.40943832253976,279.5758322215035,41341328.0
2014-05-30,271.6644592285156,273.51751966716324,266.17461678292847,271.71992129923945,28035616.0
2014-06-02,276.6322326660156,277.052756263941,273.614670674013,273.614670674013,6229856.0
2014-06-03,278.8548278808594,280.68015697398357,274.9315301149999,278.00455251228493,6824936.0
2014-06-04,275.832763671875,279.793045414255,272.9676888942479,278.651627565992,5508008.0
2014-06-05,281.0683898925781,283.58688252547006,273.75321756425336,277.2652439881026,12153720.0
2014-06-06,277.5472106933594,278.18953750471627,272.64423110927345,277.2791740125673,16882424.0
2014-06-09,276.0128479003906,278.65149258340426,275.05629661344256,277.8196970831553,10858344.0
2014-06-10,284.2107238769531,285.509253924189,276.9279083255786,277.26523867373714,10479176.0
2014-06-11,295.1350402832031,301.04078180091426,285.6155988754223,286.9695686520343,20375704.0
2014-06-12,293.4436950683594,304.71914907625865,288.4205637040325,303.1433536549967,21128856.0
2014-06-13,294.5480651855469,296.3964998588167,289.3770736998545,294.68669778604215,10151744.0
2014-06-16,299.8299865722656,301.26714917932225,293.901140823047,294.4556712774301,9375328.0
2014-06-17,300.07958984375,301.9418792161694,297.46404961568953,300.27828759514364,10079392.0
2014-06-18,299.49273681640625,302.6812877869867,296.9280327748524,299.9086347690906,9791280.0
2014-06-19,306.0915832519531,307.11747369732814,299.91782843428837,299.98714474643793,11313704.0
2014-06-20,306.5260009765625,308.6331989347501,304.3309843001963,306.8402259173014,8853000.0
2014-06-23,298.7579040527344,305.81891605541847,297.73201369977164,304.9917459843926,6328112.0
2014-06-24,296.1006774902344,298.97497911813775,295.0239510359272,298.5221217670209,10638024.0
2014-06-25,296.7894287109375,299.90866365651766,296.30421438606953,299.90866365651766,6433520.0
2014-06-26,294.1322021484375,298.9843437392601,292.86140316036494,297.5980175704537,7376552.0
2014-06-27,297.9122619628906,299.039825371729,293.1617930059473,295.74960202365423,6890744.0
2014-06-30,300.8836669921875,301.5722045953226,296.8032327266345,297.598068892718,7290576.0
2014-07-01,297.695068359375,300.814302275279,296.3041165744654,299.90856465506556,4662512.0
2014-07-02,297.1636657714844,299.779205883936,295.5832447758035,296.8586694749963,6119632.0
2014-07-03,296.738525390625,298.37438594754536,294.8716104453287,296.6923145129498,7504912.0
2014-07-04,299.9963684082031,301.1470146580239,295.754219200559,295.754219200559,5752968.0
2014-07-07,309.1923828125,311.27649808293285,301.2949476693471,301.7570564847909,11638312.0
2014-07-08,308.8873596191406,314.8208543445581,305.2736825349778,309.520457666804,11460480.0
2014-07-09,305.9483642578125,312.7552174561408,304.0675725268036,307.76444270950026,8270752.0
2014-07-10,304.3171081542969,312.54264434871783,300.4261658074138,306.3781178034328,11345616.0
2014-07-11,307.4548034667969,317.19144378692494,305.02412950987895,314.3633292310954,15826360.0
2014-07-14,298.083251953125,306.3781040925849,294.43721839457777,306.3781040925849,8231600.0
2014-07-15,298.1202087402344,301.10543577679647,297.32539522890113,299.3540481277922,4139800.0
2014-07-16,298.4852294921875,299.9085151146295,296.0499078708589,299.44640646268095,4589488.0
2014-07-17,299.3817443847656,309.2338882478245,298.6747045413526,301.3041210734287,4946672.0
2014-07-18,300.51397705078125,302.6535317607464,299.77922857447203,300.64798408946933,4098368.0
2014-07-21,295.8142395019531,302.52869201541426,294.6497391918894,300.83274417094896,7435968.0
2014-07-22,298.8642883300781,300.0657714011599,295.569461087637,296.2117879090103,8733360.0
2014-07-23,309.5620422363281,310.07498748847155,300.278281475423,300.278281475423,11827336.0
2014-07-24,312.5934753417969,313.77185269728744,306.97422822401006,309.0583432753252,5571560.0
2014-07-25,309.81622314453125,314.14156607815926,305.42618949089416,314.14156607815926,5337672.0
2014-07-28,311.56298828125,313.0324851647875,306.91879507796375,309.1507714426378,4601448.0
2014-07-30,311.6646423339844,313.6794411357339,309.20623715276054,313.6794411357339,9934720.0
2014-07-31,311.2440490722656,313.76254136902025,308.9843421481411,312.3854665332357,8457168.0
2014-08-01,308.8088073730469,313.4945857307103,307.7644370528494,309.61287211022386,7607008.0
2014-08-04,320.2921142578125,321.8956176515846,309.5480887040447,310.0748880248692,13086960.0
2014-08-05,324.67755126953125,325.32450340698836,320.7080423103424,321.25794711440096,10985624.0
2014-08-06,330.4862976074219,333.4900042446999,325.7866429663046,325.7866429663046,18004184.0
2014-08-07,324.1553649902344,327.57957204881086,321.8448217313304,323.3836345162008,7754224.0
2014-08-08,321.87261962890625,325.3245812423668,321.1656022208024,323.4761461216715,3811352.0
2014-08-11,330.2691650390625,331.2118624944912,324.4003831781473,325.6942878403963,5628672.0
2014-08-12,330.5741271972656,332.6258855796971,327.26542396157475,332.6258855796971,5916936.0
2014-08-13,333.49468994140625,335.02890027581856,328.1665841805139,329.0261111133134,8941360.0
2014-08-14,333.87823486328125,335.2784155070133,331.47989469499356,333.45771134090984,6762480.0
2014-08-18,329.0029602050781,333.8273711895549,328.09722251465115,333.8273711895549,6777888.0
2014-08-19,327.89385986328125,331.7016311102508,326.24874834750216,329.11382234148874,6424824.0
2014-08-20,328.5177001953125,331.10088331368854,327.81991154603026,329.2986593849748,3938224.0
2014-08-21,328.0001525878906,329.335642311463,326.24876500524647,328.6748358498322,4298880.0
2014-08-22,332.8106994628906,333.45765166956664,327.9123470409153,328.00014318475513,4855040.0
2014-08-25,335.2876281738281,336.01775097111306,329.2108981292518,332.62587726889836,4198352.0
2014-08-26,334.9501953125,336.4150887216412,332.71821961481,334.75149762356716,5842128.0
2014-08-27,335.5417785644531,337.3393770333984,332.81996262418346,335.4909420907496,5569872.0
2014-08-28,332.6074523925781,335.8283373644623,330.9808203030259,335.3985851827781,7599304.0
2014-09-01,332.6860046386719,334.46512365386405,331.33203477734855,333.6472045540556,3643152.0
2014-09-02,333.9891357421875,335.0288805438754,328.6101938142367,332.71833654012454,3583832.0
2014-09-03,345.12591552734375,346.2488307499332,333.6425132365832,333.6425132365832,11857560.0
2014-09-04,342.7691650390625,344.27101847536443,341.7617769904277,344.27101847536443,6238464.0
2014-09-05,344.802490234375,350.7405884713404,342.4549864938845,344.9180174374288,6468352.0
2014-09-08,349.5067443847656,350.32468599734227,344.98270368462784,344.98270368462784,6517296.0
2014-09-09,345.2923278808594,347.0853010352302,343.8089540903495,346.39676342221236,4316800.0
2014-09-10,338.9383239746094,342.6998850828835,338.2636406157912,342.6998850828835,5080752.0
2014-09-11,340.4955749511719,341.9327376499217,335.5464083811597,339.5575032315508,5013032.0
2014-09-12,339.1785583496094,342.6998359157286,337.33937462039086,340.85140098630177,3907552.0
2014-09-15,336.5353088378906,339.00296494782185,335.2414043915249,338.7256997093149,4958800.0
2014-09-16,337.45489501953125,341.08244849560566,334.8994428065329,336.96968086031114,5034904.0
2014-09-17,345.75445556640625,346.4060335358185,339.28955748467536,340.1028509822511,7926120.0
2014-09-18,341.6831359863281,344.705322046108,337.7505868600189,339.552810595949,9104776.0
2014-09-19,342.1499328613281,350.08432629985657,340.23218161182245,341.8680420203069,14755016.0
2014-09-22,337.3948669433594,340.3662173332516,335.67581327930753,340.11205750766845,8612040.0
2014-09-23,333.3745422363281,340.4309301314466,332.3070663868541,336.8773179432897,12962304.0
2014-09-24,336.8587951660156,339.39576766251696,332.5565582385872,335.49094876844896,5564560.0
2014-09-25,341.1286315917969,343.69796039562334,336.96965342283704,337.339340371189,24975512.0
2014-09-26,340.12591552734375,343.8320369598924,338.3098370517267,340.57417006846407,8864840.0
2014-09-29,346.4938049316406,347.59361485354066,340.21375083265053,342.0529348368783,4996144.0
2014-09-30,346.37359619140625,347.16380662705694,342.06213079569346,346.04549448258024,6927368.0
2014-10-01,355.57415771484375,356.74328367693863,343.9937094112964,343.9937094112964,9470864.0
2014-10-07,354.095458984375,359.7932509057958,348.3653104245549,348.3653104245549,20063456.0
2014-10-08,337.35321044921875,350.4632434963943,336.5075605407098,349.81629130639567,20327680.0
2014-10-09,337.0436096191406,343.25434610206815,335.1119816937417,341.96044172796235,12432832.0
2014-10-10,359.3958740234375,361.1842441349807,330.19522297469194,338.2636472707342,45893056.0
2014-10-13,364.37738037109375,368.3006792039104,359.4559221107153,359.4559221107153,17726984.0
2014-10-14,362.13616943359375,366.45226090677653,360.4448467935507,366.45226090677653,6860512.0
2014-10-15,362.13616943359375,362.13616943359375,362.13616943359375,362.13616943359375,6860512.0
2014-10-16,359.9940490722656,366.7928914002352,358.97422727066913,363.2351455789514,10017392.0
2014-10-17,358.7228088378906,365.34936655814744,357.3677150630471,359.9568455072696,8190016.0
2014-10-20,355.0626220703125,359.73798656578356,354.1079899449843,358.8485442819025,7702720.0
2014-10-21,351.39306640625,358.55978731483185,345.53023317000776,358.55978731483185,26081384.0
2014-10-22,353.54449462890625,355.0206681195202,351.6957590606332,354.77853119153775,5353320.0
2014-10-27,354.1963806152344,358.569055852644,352.25451052925075,358.569055852644,4767752.0
2014-10-28,352.8179931640625,355.06255149314217,350.6526085297156,350.6526085297156,6666368.0
2014-10-29,361.49822998046875,362.54599695890226,355.1184932673402,355.1184932673402,8229336.0
2014-10-30,367.56121826171875,370.79299187881594,362.8532486932162,362.8532486932162,15245208.0
2014-10-31,377.3124694824219,378.68620818649237,371.3332181112868,371.3332181112868,8670800.0
2014-11-03,380.5396423339844,382.78420112434117,375.5615895701252,379.70142875488,8578408.0
2014-11-05,384.1624755859375,386.88203043708324,377.84795317362705,380.4557280538,10241080.0
2014-11-07,388.0556640625,389.58306646383534,383.55722364990925,383.55722364990925,9970400.0
2014-11-10,387.9531555175781,389.4060680399943,385.5782172230881,388.8425750021759,5594168.0
2014-11-11,384.1997375488281,387.9064848074963,382.2066162280956,387.9064848074963,6255088.0
2014-11-12,382.41162109375,386.5747662843638,381.58273018219387,383.8086435770443,5392896.0
2014-11-13,389.1732482910156,391.2640981460744,383.00770374376026,383.9018072955429,4956680.0
2014-11-14,390.38861083984375,392.2327078055684,388.7447901444219,390.60748679101715,5233176.0
2014-11-17,392.8846435546875,393.76474041651466,386.3325991397917,389.7692652869081,5458184.0
2014-11-18,389.5224609375,393.75541162750125,388.56782894080345,393.4946522968487,5267120.0
2014-11-19,388.6842346191406,390.2302818236984,385.5548953748768,389.3035721159454,5201120.0
2014-11-20,393.5505065917969,394.19312775803616,389.66212783600287,390.2348978868686,5347928.0
2014-11-21,386.15087890625,389.21036647445067,382.0017413592802,388.3721531941755,10463272.0
2014-11-24,398.16064453125,398.77065936046034,390.4164939959097,391.1662110433498,11047440.0
2014-11-25,400.7778015136719,402.33780984948356,395.4504712750118,400.0140777499236,14886576.0
2014-11-26,400.5216979980469,402.12827381608497,397.83474905644863,400.47976913413635,7930800.0
2014-11-27,406.6173095703125,407.5952251996187,401.5973517684049,402.5193774094104,17389032.0
2014-11-28,406.0538330078125,409.60691711129596,404.5217471078962,407.00846486329016,14347264.0
2014-12-01,405.1225280761719,409.9981452655922,399.7905593389371,408.5824777336077,18341864.0
2014-12-02,396.1210632324219,403.26447715691074,393.9603170619228,403.26447715691074,10654992.0
2014-12-03,395.54364013671875,397.3038794047374,388.28844566077294,391.4457074392816,12775044.0
2014-12-04,391.5015563964844,399.5297509629636,390.234913691215,393.0289584193144,9399228.0
2014-12-05,385.63409423828125,394.2583887713992,383.67826276747877,393.9603391187848,7358760.0
2014-12-08,366.9791564941406,376.07842437381305,364.66940828025383,374.2157278687422,166320408.0
2014-12-09,365.9826965332031,369.9316048716789,363.6822476679974,369.3262283783088,10050460.0
2014-12-10,365.7869567871094,369.74518610943966,364.9207985289779,366.20606342123847,7804712.0
2014-12-11,357.833251953125,363.9615040784592,356.7063116904474,363.4120178109989,8285932.0
2014-12-12,361.11163330078125,365.1629978716846,357.2837831972135,361.1861457025573,14572500.0
2014-12-15,358.53179931640625,364.57623982255916,354.8250290656687,354.83432890453946,12966284.0
2014-12-16,360.9906005859375,363.5238634108713,358.69947467587497,358.69947467587497,17792756.0
2014-12-17,361.083740234375,364.2503244922983,353.2231695834343,360.61806607879805,17851776.0
2014-12-18,366.1875,369.14919190590444,362.24789245691915,363.97088667480136,19949980.0
2014-12-19,372.28778076171875,374.02939716206146,369.9314655198477,372.0921885654168,14294632.0
2014-12-22,372.4647521972656,374.420583336404,367.9477136140175,373.65688239157697,10465104.0
2014-12-23,367.2585754394531,376.6186257462092,365.75909559859554,372.69764035335504,8196952.0
2014-12-24,359.6028747558594,370.1177871941856,356.7156952382399,368.06882108490726,27339488.0
2014-12-26,363.64495849609375,365.21892809178615,359.6774054818444,362.3131258254328,2268748.0
2014-12-29,364.6787414550781,367.47278629387586,363.6915031835049,364.3527695572184,2792676.0
2014-12-30,366.2712707519531,367.8825075477987,364.49240948483316,365.50756984084455,4640552.0
2014-12-31,367.42620849609375,368.6183160698946,363.22581877860995,364.15716703188843,6968808.0
2015-01-01,367.7708435058594,369.18648845992266,364.5111242586098,366.75566015463204,2002764.0
2015-01-02,374.99810791015625,376.08780372050353,367.32380624605645,367.32380624605645,6778320.0
2015-01-05,371.7755126953125,378.12730173849434,368.3481473831884,374.38328719006074,9937024.0
2015-01-06,364.0082092285156,369.7453246200872,360.2641931086777,368.8139761953515,9667316.0
2015-01-07,365.7498474121094,367.83605877941375,363.2258840966486,366.01992935893054,7249916.0
2015-01-08,367.59381103515625,371.98047014128355,363.2257970833765,369.8569917030436,13564920.0
2015-01-09,386.4071044921875,392.8427306301899,356.3431982047694,368.83256582738363,44863328.0
2015-01-12,394.13726806640625,394.74264444617666,386.509534776497,389.6761189168346,12758888.0
2015-01-13,389.0986328125,392.6191562941542,386.50950300684866,392.6191562941542,8801236.0
2015-01-14,396.5029296875,397.31322097270885,389.78794421360044,390.88691711731343,9921260.0
2015-01-15,397.54608154296875,401.00139334995094,393.4481484077009,397.7230286513375,8342452.0
2015-01-16,394.5750732421875,402.34250982273267,393.4015651600053,400.1072736570508,6690960.0
2015-01-19,391.6319885253906,397.1921564696448,390.1604762951698,394.89170781157105,4087744.0
2015-01-20,395.67401123046875,397.3131933691028,391.43637637385973,392.4701821044067,6804504.0
2015-01-21,404.1865539550781,405.31349459619184,394.51917590862195,397.03381654826615,8494908.0
2015-01-22,409.1319885253906,410.35206390227745,402.58462812016074,405.0992685480685,9958396.0
2015-01-23,412.5966491699219,414.45002332509813,403.2924880785641,409.7932814899847,9486328.0
2015-01-27,397.9652099609375,413.7049994492124,396.77310208358676,413.7049994492124,13739968.0
2015-01-28,399.46466064453125,401.37392490900663,396.81031764269966,400.4798213289797,13134356.0
2015-01-29,399.64154052734375,400.46110881018046,396.3073319289074,399.5484057008401,15369424.0
2015-01-30,398.97088623046875,402.8173812205684,396.1861644693731,402.62178902175276,10833744.0
2015-02-02,398.0302734375,400.85224011595267,396.01855235659133,398.89640901873264,8702540.0
2015-02-03,395.05926513671875,398.60771090850693,391.538787096795,398.03030230447,5265956.0
2015-02-04,399.1479797363281,400.4797896837161,396.0838072902788,398.5984478301533,5160016.0
2015-02-05,408.6383972167969,413.51865330930286,400.10723752629843,400.6288016797248,11875936.0
2015-02-06,415.4744873046875,418.69696160067997,407.6511613836846,410.72461085265,7453728.0
2015-02-09,418.90185546875,419.8518490051668,409.793286517909,409.793286517909,6536868.0
2015-02-10,424.3782653808594,428.0477693650726,417.430396495704,417.8029358946292,8516920.0
2015-02-11,425.5981750488281,427.15349914725385,420.2708455311481,424.7878839817322,5796972.0
2015-02-12,430.5063781738281,432.50877678197196,423.39088709869094,425.25358347835964,6287536.0
2015-02-13,427.6937255859375,433.39354911098354,425.81238408876465,428.3456693061084,5657516.0
2015-02-16,424.46197509765625,429.7054476802714,421.94733476246444,424.75070215726515,6244276.0
2015-02-18,427.76824951171875,429.342218952717,420.624790272434,426.6599541938554,8613764.0
2015-02-19,433.02117919921875,434.75349657124565,426.93949145000926,427.30270828382066,9673624.0
2015-02-20,425.2723083496094,435.12595585472314,424.11739999693924,433.7289333081005,6971628.0
2015-02-23,422.0126037597656,430.1339344944825,418.75288437087795,428.4202625395236,5090488.0
2015-02-24,423.35369873046875,427.6658232341307,420.5224089509505,424.5085615446943,6437676.0
2015-02-25,431.69854736328125,434.9023761614966,424.69479052216974,426.3525721719709,6044972.0
2015-02-26,420.6155700683594,430.09667830752096,418.249908822035,429.81727379584436,6445776.0
2015-02-27,422.0404357910156,424.8158352297886,419.3860934275501,423.74478480242533,7801076.0
2015-03-02,426.8742370605469,430.00357693002616,424.331673996844,428.9790936408275,7040992.0
2015-03-03,428.0197448730469,428.96969282782175,424.3781640231017,426.55750989110277,4905552.0
2015-03-04,423.6982421875,431.0093259673485,419.4606076399445,428.42019601660024,4375228.0
2015-03-05,418.6596374511719,428.1873108096255,416.00529523081855,422.28257264972046,5684916.0
2015-03-09,407.9398498535156,420.7831329298602,405.8815611572224,420.7831329298602,7984720.0
2015-03-10,409.420654296875,411.0877584209488,402.3796530577191,409.43929945061274,6329916.0
2015-03-11,406.4776306152344,417.24402573154083,404.0375254289161,408.69426678752706,6780912.0
2015-03-12,413.201904296875,414.71998349903254,405.50895994863396,405.88149918606956,5688564.0
2015-03-13,413.593017578125,415.381223997384,408.37746857726097,414.44987596151543,6179684.0
2015-03-16,422.20806884765625,425.06732606305894,411.7583691428289,411.7583691428289,6818632.0
2015-03-17,417.3371276855469,424.6016436327624,413.0063585631684,422.2080605725802,5539312.0
2015-03-18,415.2881164550781,421.50022645250215,413.9935516954357,419.9448569401092,4905564.0
2015-03-19,415.4651794433594,418.92049094273233,414.030912068901,416.2382258651996,6891740.0
2015-03-20,420.49444580078125,422.62722436801556,415.93083901216954,417.43031890934043,6430896.0
2015-03-23,416.0238952636719,423.7634074711438,414.5430608030903,419.6654756186756,5078700.0
2015-03-24,411.926025390625,419.7400284352809,410.910864851444,416.2940397681224,6736532.0
2015-03-25,413.3510437011719,415.22301750756236,409.9329770595452,414.0588320677704,6170968.0
2015-03-26,399.7998962402344,412.5686448387401,397.1269084735738,411.28340239664675,15740840.0
2015-03-27,410.1937561035156,414.3941464671696,402.90131634890264,403.08758602821325,10074220.0
2015-03-30,415.0087585449219,417.2439942282877,408.84321526124324,410.8363367930336,4623088.0
2015-03-31,413.2113342285156,423.51201043902023,410.6035588889463,418.1754026666558,8016412.0
2015-04-01,404.94085693359375,409.70005512101244,401.91397541701434,409.58827515154496,6738488.0
2015-04-06,405.7325439453125,406.9432966745216,402.41693506858815,405.8815687610283,7741752.0
2015-04-07,402.24932861328125,406.5894207632095,398.2445309447536,405.1365083278012,8542268.0
2015-04-08,409.8957214355469,410.7059671947268,404.7733056352426,406.5335448786941,10185576.0
2015-04-09,412.5872802734375,413.313713727767,406.88741071673604,411.9166913340646,10581548.0
2015-04-10,416.1170654296875,416.8714665890878,411.69316134948605,411.69316134948605,7123776.0
2015-04-13,417.0205078125,417.9891009119287,412.79219578884727,416.87148299505185,4872336.0
2015-04-15,412.3451232910156,418.17537254688955,408.8712124399863,416.59208049047595,6237784.0
2015-04-16,408.7967224121094,415.5676432616562,402.43563122671816,413.89121619336623,9007812.0
2015-04-17,405.92816162109375,408.8525862243931,401.1223952379182,406.07718644615187,6450316.0
2015-04-20,397.15478515625,406.0678054056629,393.98820135262787,405.32272686363416,12825384.0
2015-04-21,399.1012878417969,401.42965798584737,394.91022158250604,400.10712555363494,8881648.0
2015-04-22,398.1885986328125,401.411072486252,390.78438047442336,400.67531650659043,12350984.0
2015-04-23,395.26422119140625,400.47977170665575,393.4015245788172,400.23761205182086,11891800.0
2015-04-24,371.64520263671875,400.51699885687066,368.8139130058114,397.8533337232974,43565452.0
2015-04-27,369.6800537109375,372.91182748847615,362.87188912388,372.53928820027585,19822640.0
2015-04-28,365.25616455078125,369.1864496538872,363.598360103122,369.1864496538872,10393500.0
2015-04-29,365.3027038574219,367.32372487518626,360.98123462785924,365.2561364480817,8289056.0
2015-04-30,361.7822570800781,366.019891961567,359.92888300732875,365.08854363596504,13134260.0
2015-05-04,371.2540283203125,372.53929343024566,363.2071886774168,364.9953727382832,13361592.0
2015-05-05,365.60076904296875,373.22850239704314,363.60769280954133,372.53931376178195,9408516.0
2015-05-06,358.01959228515625,367.8825612237808,356.76227213920157,367.8825612237808,10508408.0
2015-05-07,362.1081848144531,366.411009006162,355.7750169730481,358.0102526817793,6779984.0
2015-05-08,364.70660400390625,366.49481059837063,362.3409888562168,364.715926580374,5777676.0
2015-05-11,371.3564758300781,372.5392835076161,363.63558553658675,366.01984604623283,4785512.0
2015-05-12,362.68560791015625,371.5334157226689,361.7356373031482,371.35646866161585,8284892.0
2015-05-13,364.4738464355469,366.00127133983193,359.2210509485575,363.551820683872,7099084.0
2015-05-14,360.39459228515625,365.237604050165,355.40255567833253,365.08857920835,6233844.0
2015-05-15,365.41448974609375,366.31789301053436,359.928857590866,360.4317765559788,5189344.0
2015-05-18,371.2447509765625,372.3344239282765,365.3865565895948,366.95122626441275,6469976.0
2015-05-19,376.70245361328125,379.1891491010111,369.93155581749386,370.17371547793044,10272076.0
2015-05-20,381.34991455078125,382.22537292768766,378.79800636163327,379.9901368286953,5882188.0
2015-05-21,381.56402587890625,384.0693433820649,379.47781505576995,381.6478381197137,10059312.0
2015-05-22,381.1914978027344,382.14149116241214,378.14599371939596,380.7351462773937,6888824.0
2015-05-25,375.6686096191406,383.07282762331886,373.8524806747195,381.94588723440415,4675808.0
2015-05-26,373.89910888671875,378.3975031209544,372.93981556119576,376.26472454484673,3965040.0
2015-05-27,366.6718444824219,374.21576609864644,364.1572039436804,373.84322675957367,8454708.0
2015-05-28,375.63134765625,378.4999046306756,367.9197800910776,367.9197800910776,10980540.0
2015-05-29,376.8514404296875,383.0542060246508,372.72556320592116,373.44269679842375,18993044.0
2015-06-01,381.4430236816406,384.46058311671885,376.87009437543674,378.64897874619936,5724892.0
2015-06-02,374.1506042480469,382.8028446879912,373.47071535578453,381.49895690370664,4673140.0
2015-06-03,376.4324035644531,379.8876925104823,374.0295201275876,375.9294617820404,5495796.0
2015-06-04,377.76416015625,382.7841179608308,374.886280517106,378.12737686641685,7489464.0
2015-06-05,374.7093811035156,380.73520029840824,374.0574372673882,378.1274249538986,6125788.0
2015-06-08,372.5486145019531,377.1308432450252,370.11778652694846,376.264684843702,6141048.0
2015-06-09,371.06768798828125,373.96418953813946,369.3726390736652,373.23773350673554,7561740.0
2015-06-10,377.4754333496094,379.8689937260385,369.7452431280408,370.67659134750687,6385840.0
2015-06-11,372.10162353515625,380.8749207442778,371.61732692421066,379.2357384970799,9229464.0
2015-06-12,367.89190673828125,377.29852471300376,364.2503257340566,373.47067404591337,9852924.0
2015-06-15,374.5763854980469,377.73424670803155,366.08605855246145,369.47084645831734,5236426.0
2015-06-16,377.9422302246094,379.32262588291337,372.5152407723526,376.05128991612025,5223444.0
2015-06-17,376.5617980957031,386.1299499268982,375.23814008909767,382.34806990802554,6412068.0
2015-06-18,378.9255065917969,381.1946348036352,376.5996409415562,380.30587907100573,3474426.0
2015-06-19,376.429443359375,382.12119163069787,375.5785202988103,382.0833589783469,6670458.0
2015-06-22,387.2077941894531,389.06092471646986,377.0534551079664,380.0411496924795,5710868.0
2015-06-23,378.3393859863281,388.55046472716873,377.4884627579247,387.64280405043047,6952116.0
2015-06-24,376.33489990234375,383.860850942098,374.8599804331123,383.860850942098,7073694.0
2015-06-25,374.5763854980469,379.51173528656517,373.51746349895296,377.8855311719457,7117466.0
2015-06-26,380.17352294921875,382.5750077431978,377.4694692604179,377.8098477257096,5320284.0
2015-06-29,374.462890625,377.9989395053252,371.5697429354497,373.2715890862991,5690668.0
2015-06-30,372.2694396972656,375.7109651893983,370.6243307276536,374.406211653446,6212530.0
2015-07-01,377.2048645019531,380.07908516662155,372.893510422178,374.0280748555112,6880852.0
2015-07-02,373.6497497558594,378.7174782670303,372.53409052212055,377.80981781994285,4007568.0
2015-07-03,374.5196533203125,375.5407657591722,371.3806968534814,373.6498253474946,2695306.0
2015-07-06,371.8723449707031,373.64983361355627,368.7333884344305,372.51526934145033,4305602.0
2015-07-07,370.8133544921875,374.40614069073496,370.2460724608379,372.5152005862363,3497418.0
2015-07-08,362.11505126953125,370.24609419621004,361.0939389366044,370.24609419621004,7024178.0
2015-07-09,354.7403564453125,365.3296208168144,353.2465091763513,362.115022704037,8587772.0
2015-07-10,354.55133056640625,360.07286738798615,352.7171275827169,358.56011504423617,7411522.0
2015-07-13,359.3353576660156,361.16956033618766,353.2465166735162,355.87492803806555,6531768.0
2015-07-14,367.3150634765625,368.16598640353527,357.576723312319,361.16950900398166,5367074.0
2015-07-15,372.1370544433594,372.87452578365736,366.0860454280202,366.8424215549376,4129566.0
2015-07-16,374.0468444824219,374.973409718046,370.43515362463546,373.53629990501884,3472938.0
2015-07-17,378.8876953125,379.889902895705,374.0657975903295,374.78436413105396,3447978.0
2015-07-20,378.66082763671875,382.2725193037411,373.4229317884097,378.71756508370464,4377180.0
2015-07-21,420.7909240722656,434.53804983615163,391.42461408217315,391.42461408217315,38310112.0
2015-07-22,417.19818115234375,420.5451363587826,407.17619723731883,417.89781985292694,12665660.0
2015-07-23,415.2505187988281,422.43609243924504,412.2250141081263,417.5007194463225,7710748.0
2015-07-24,411.3173522949219,418.4461884689524,409.615505911255,414.3239752720561,4480302.0
2015-07-27,402.8836669921875,411.4495876671214,401.0494183866705,411.05251799390965,6752244.0
2015-07-28,401.95721435546875,406.93039712217956,398.7048059164106,404.0939863615696,8476602.0
2015-07-29,410.4853210449219,412.98135295605505,402.77027554780096,406.17396801721895,7071334.0
2015-07-30,404.6612243652344,412.22498556832284,400.1229676433813,412.22498556832284,11956598.0
2015-07-31,407.3275146484375,408.953695791399,400.8793890285083,407.89479680272314,7931012.0
2015-08-03,408.0459899902344,412.9813626529881,404.264109379859,407.6867297984626,7961012.0
2015-08-04,399.83935546875,408.04601850045094,397.47567992211515,407.68675828357766,9099054.0
2015-08-05,410.8446044921875,412.22500019383375,401.6168062639155,401.6357341338087,4753476.0
2015-08-06,411.0715637207031,418.0869719008604,407.3086103457501,413.7378084663422,7238252.0
2015-08-07,414.34283447265625,416.3850592552441,407.8758277990742,408.25401586379286,4988058.0
2015-08-10,410.71221923828125,418.40833676530264,403.5266463418472,415.2504758044501,3992754.0
2015-08-11,419.4672546386719,422.3982118147915,414.38059803370095,415.5530178365729,7574406.0
2015-08-12,432.7983703613281,434.5380259842079,420.16688152171884,421.6796335704019,10168440.0
2015-08-13,437.9418029785156,441.2887583018501,399.19645208795276,433.7817340383052,9787960.0
2015-08-14,434.6325988769531,441.9883376856213,432.3067332304526,440.5890604234504,5109066.0
2015-08-17,431.947509765625,436.2210072215088,424.5161050192631,434.9162768571515,3107436.0
2015-08-18,440.34332275390625,445.39212485933587,434.9163325332303,434.9163325332303,4150446.0
2015-08-19,444.57891845703125,448.60658369372385,439.7570214940072,442.47995660691583,6869518.0
2015-08-20,429.0732421875,441.9127071687672,426.596092157783,438.3199209316228,8369114.0
2015-08-21,434.8785095214844,439.05746036654386,422.625205732899,431.47481658940734,10822142.0
2015-08-24,413.0002746582031,424.7051762314955,407.91361773331465,419.7698037583179,14122684.0
2015-08-25,410.57989501953125,423.1924581541089,395.01744641820085,416.00688469125987,13735078.0
2015-08-26,402.61895751953125,414.8722586207431,400.50111383716217,412.149323338487,11498212.0
2015-08-27,409.5020751953125,416.0447013391867,407.7056817990591,411.4686347628907,15343392.0
2015-08-28,420.185791015625,425.42368552205374,416.6118867575654,416.6118867575654,7208820.0
2015-08-31,413.8890075683594,429.1866955921507,409.3885605792317,429.1866955921507,9917064.0
2015-09-01,411.8468017578125,421.52840696455854,409.1994853094152,412.22498982186926,9071550.0
2015-09-02,415.7988586425781,421.67970164746356,412.22499981680295,415.25050440261435,11171830.0
2015-09-03,415.7609558105469,420.5450430968673,413.1703773231363,419.845404551439,8590536.0
2015-09-04,406.1551208496094,420.16700943236026,403.5267318310787,417.1415044139454,7318888.0
2015-09-07,400.40667724609375,410.33411552492254,398.98847177768965,410.3151876524601,5180988.0
2015-09-08,400.425537109375,406.17397716542786,397.9673147149846,401.6357204373225,5459496.0
2015-09-09,411.7332763671875,415.8555349928571,405.4175549383706,411.1281847720272,9148664.0
2015-09-10,408.6133117675781,412.7923087141339,401.2575717321998,410.2962765019708,8363004.0
2015-09-11,412.50872802734375,418.4273818569489,410.5232402234074,412.81129701606676,9883810.0
2015-09-14,415.912353515625,417.5196529040691,409.4453463858164,415.62871244707605,6557076.0
2015-09-15,415.704345703125,417.217098120044,411.5253948507103,415.780011023295,5291886.0
2015-09-16,416.630859375,419.6941732355707,415.3639386866473,419.03234417212195,7478240.0
2015-09-18,417.68975830078125,422.7764150892543,415.6475798368177,420.46947730051386,11576876.0
2015-09-21,417.7654113769531,419.35378261698656,413.1704176364938,416.00682782621806,4351234.0
2015-09-22,418.82421875,429.60257511883106,416.42273454653997,421.6795561840915,9626986.0
2015-09-23,422.1524353027344,425.9721255962185,415.04248108405284,418.8243618034502,4758254.0
2015-09-24,431.34234619140625,435.93729350505924,419.7886842093434,421.11234222261606,13399262.0
2015-09-28,418.1058349609375,432.2122221277491,416.3850607938948,431.1154675029052,9788464.0
2015-09-29,424.27020263671875,428.63829254483073,415.06133398148785,416.76317999781287,8699370.0
2015-09-30,439.435546875,442.0828629879037,425.82077829435224,429.01649472996075,9495692.0
2015-10-01,443.6336364746094,452.9748654955458,438.6982625546509,442.44233454576977,10864394.0
2015-10-05,446.9236755371094,449.7978951460448,439.45446242785795,443.61453048870686,6881760.0
2015-10-06,436.65582275390625,451.008083974706,434.1976009386321,448.92805013101247,8711880.0
2015-10-07,428.56268310546875,442.00728685307416,426.7662898540873,437.18538917831336,9182488.0
2015-10-08,428.16558837890625,434.76495105131875,425.8586506237252,429.77288751008996,9080874.0
2015-10-09,441.49676513671875,443.57679953578497,429.6216504253064,429.6216504253064,11782138.0
2015-10-12,424.6673583984375,461.3137886255065,419.4105354210991,453.44745894490336,30404970.0
2015-10-13,415.77996826171875,420.16694058649045,410.4096700346494,418.8243544883393,15326862.0
2015-10-14,415.0992431640625,421.88774715759973,411.16607774934886,412.7733771504859,8865510.0
2015-10-15,415.0046081542969,417.65192425372896,411.884557037109,415.96900605673017,8255666.0
2015-10-16,417.8863220214844,420.36715226403845,416.0161483667675,419.451144087227,6418992.0
2015-10-19,424.3935546875,425.9393208589131,420.0234969580949,420.5959960452708,7347494.0
2015-10-20,429.7369689941406,431.28273548746057,423.8784031000089,424.7944111482687,8788310.0
2015-10-21,434.4886779785156,437.7137377421436,429.37434315096453,429.37434315096453,7278098.0
2015-10-23,438.8778381347656,440.06099367397877,429.4125006408646,435.786352180661,6033362.0
2015-10-26,439.7366027832031,442.1601731800675,436.30160791171363,440.44267574432274,3195942.0
2015-10-27,438.6871032714844,440.8244244964759,436.66425394294635,438.9160936544998,5263748.0
2015-10-28,440.1373291015625,441.96934502267067,434.7176891026096,436.81685265841674,5255472.0
2015-10-29,437.0268249511719,441.1678931830564,433.59182974848534,440.09920937284556,5887324.0
2015-10-30,433.36273193359375,437.0076616339157,431.2826704334714,437.0076616339157,4044676.0
2015-11-02,431.74066162109375,433.4963629041194,425.2141808114641,431.2826809499298,3544988.0
2015-11-03,437.19854736328125,439.08777605107076,432.580396556382,432.580396556382,3614682.0
2015-11-04,433.8779602050781,441.8165856505976,432.16046307536254,438.9540904344049,3205572.0
2015-11-05,428.57293701171875,437.00774976336584,427.2371054622238,436.2253155054759,2345306.0
2015-11-06,434.45050048828125,436.5878211345708,428.57283376841326,428.6109910568996,3026172.0
2015-11-09,433.0383605957031,435.0993669148993,425.634028717903,427.4660446883221,6125676.0
2015-11-10,421.3021240234375,430.32853679620746,419.87087611835034,430.32853679620746,4680052.0
2015-11-13,420.1381530761719,422.1227985926429,416.0161396618271,419.8136995483841,3520868.0
2015-11-16,412.27569580078125,417.5427065301631,407.3140365824155,413.5924717781764,6808334.0
2015-11-17,405.1385498046875,413.3062133533433,401.5127219920219,412.1993723872468,7184106.0
2015-11-18,389.2994384765625,398.89835061584324,385.95985996021943,397.3144269157859,10125252.0
2015-11-19,399.90972900390625,401.51270787077374,390.74971997796575,393.2114708021527,8539622.0
2015-11-20,401.6653747558594,405.7873402897615,397.7151403145839,399.9860347575604,6082978.0
2015-11-23,402.16156005859375,405.4820831579931,396.1694207886783,400.7494140925936,5616350.0
2015-11-24,397.3717346191406,401.0548224072729,395.7878107258901,400.74947084106515,4325802.0
2015-11-26,401.6653747558594,404.37519449010995,396.95180818718393,397.29527037243736,9853968.0
2015-11-27,406.9896240234375,408.3827145640355,398.8410623545954,403.80272150350424,5142478.0
2015-11-30,415.21453857421875,419.1838751321174,403.115695860144,408.38270641063804,18105534.0
2015-12-01,411.8177795410156,417.924437995748,409.50868067677726,415.2527749218026,5898550.0
2015-12-02,404.833251953125,412.1803250735563,404.1844381577521,412.1803250735563,6397616.0
2015-12-03,403.707275390625,406.3980397524999,400.38679930116234,404.94769008693277,5504726.0
2015-12-04,400.3868408203125,406.43623918697926,396.9709012714293,400.3677388792734,8375530.0
2015-12-07,399.318115234375,404.18435749887993,396.9327023596177,402.7722117130617,4513870.0
2015-12-08,398.61212158203125,405.61568585654635,396.66563360730373,398.86021388834365,5724372.0
2015-12-09,392.4290771484375,399.58531673797165,390.2726775958217,398.077754233817,6818254.0
2015-12-10,399.73797607421875,401.36005698119067,393.230597095603,395.63506554481927,5587746.0
2015-12-11,401.8180847167969,405.291236874209,399.1845793349878,402.27606539619865,5390198.0
2015-12-14,408.19189453125,409.58498511625373,400.00517531063247,400.55857252038044,4816672.0
2015-12-15,411.2642517089844,411.8558061049484,404.10801360391474,409.623069134185,5431808.0
2015-12-16,418.2488708496094,419.0694624483817,413.4971455808423,413.4971455808423,5495852.0
2015-12-17,422.54254150390625,423.5730679560424,415.25272811331956,419.8327214380988,4958782.0
2015-12-18,413.4017028808594,421.1304424780042,411.98951016089734,421.1304424780042,7219820.0
2015-12-21,421.1494445800781,422.6570536476495,406.83696565434116,411.05439474716525,4331012.0
2015-12-22,413.6307067871094,418.8595146174868,412.2376159652604,418.8595146174868,4109254.0
2015-12-23,420.15716552734375,420.786923983299,414.890200691412,417.9435298450323,2870928.0
2015-12-24,418.43963623046875,421.531122446669,416.05422300961953,420.6151610419444,1230054.0
2015-12-28,421.6456604003906,423.6494075984916,416.01608493905934,416.01608493905934,5526952.0
2015-12-29,421.6264953613281,423.64934419940016,418.80220367207653,420.30976603566614,3345062.0
2015-12-30,414.60394287109375,422.35173749087943,413.34442598413074,420.25257373934414,5153970.0
2015-12-31,421.89373779296875,423.6302906825485,414.871071876487,416.0733294708745,7943938.0
2016-01-01,421.83648681640625,423.2486328500963,417.23739135056377,419.83273964989536,1806550.0
2016-01-04,411.779541015625,420.76774920159676,410.69180201096566,419.8135840062645,3975362.0
2016-01-05,409.92852783203125,414.2985864086837,405.424848837056,414.2985864086837,4949786.0
2016-01-06,408.1346740722656,410.15752323336335,404.1462815787161,410.15752323336335,5588328.0
2016-01-07,401.0547180175781,407.5811983830614,399.94787711580716,404.58512910368324,5294088.0
2016-01-08,405.82562255859375,407.3904444040097,402.84860805064756,405.13860487518934,3156716.0
2016-01-11,402.9248962402344,408.3636383421449,401.5509075535615,403.1539331797645,5360622.0
2016-01-12,400.7302551269531,405.6919138334809,393.4404428069196,405.32934971788785,6565212.0
2016-01-13,413.4970703125,416.3977234123846,400.0242380775071,403.4210757533369,8751294.0
2016-01-14,432.427734375,440.82438941140776,402.4096833018213,406.85610312775816,30227006.0
2016-01-15,435.06121826171875,444.259362409391,434.1643122003045,438.1527045068564,13036614.0
2016-01-18,432.0079040527344,443.53420260106276,430.65297064833146,435.06123310819663,10066612.0
2016-01-19,434.9657897949219,442.331917733639,430.7293053093238,433.1910330726832,7500436.0
2016-01-20,427.94317626953125,442.73273977494426,426.32109511087305,432.80941974550586,7507998.0
2016-01-21,433.9734191894531,436.05348061411223,428.2293262573601,433.1909851177395,6743000.0
2016-01-22,433.6680908203125,439.87016472643353,431.6643438660272,438.19082462767955,6436018.0
2016-01-25,434.20245361328125,437.713763142772,429.2026369564691,435.19477616812856,4579262.0
2016-01-27,434.52685546875,438.7633398667626,433.1910241168478,437.5610823320306,6971962.0
2016-01-28,431.1300354003906,436.0916949093667,429.83236128771495,433.5727078612916,7788598.0
2016-01-29,444.60284423828125,446.54933200850354,431.89334461430707,434.3360169450231,10232108.0
2016-02-01,447.8279113769531,450.3278429806091,443.3433346793216,446.54933925352077,4251126.0
2016-02-02,448.6675720214844,454.1826281559102,444.25931022981473,449.163709963731,7632702.0
2016-02-03,441.8548278808594,448.801178894959,439.9655993110097,445.70969278515935,5245966.0
2016-02-04,450.2706604003906,456.0719675012288,442.751855548502,442.751855548502,5549346.0
2016-02-05,448.3432312011719,452.90416988610855,447.2554919348435,448.64858277317325,3984224.0
2016-02-08,439.22137451171875,447.3889919283237,436.5497117630832,444.16393196065405,4221044.0
2016-02-09,422.75250244140625,430.63391742276656,417.35191732986226,430.63391742276656,7579572.0
2016-02-10,423.09600830078125,430.32856284966306,421.7410748992263,422.8860732926179,5866054.0
2016-02-11,411.6841735839844,424.7943956130512,408.8216776566727,424.0310633657681,5214378.0
2016-02-12,413.9741516113281,421.51205721248317,407.23773551556684,417.80986802646294,7408096.0
2016-02-15,416.68389892578125,419.9089583258539,414.71830950291474,418.4013961047746,5093478.0
2016-02-16,411.87493896484375,417.0655880753998,409.79483097874726,414.8710082250831,5125448.0
2016-02-17,419.0120849609375,420.9776745363112,411.0543567321915,412.8672705617903,4164598.0
2016-02-18,428.7637634277344,430.13775225355766,419.83276617472353,419.83276617472353,4189072.0
2016-02-19,430.2331848144531,432.88574602712174,425.1188488816489,427.1607535478875,3974018.0
2016-02-22,430.00396728515625,432.7901008658864,425.19498546094957,431.66420490909763,3857010.0
2016-02-23,428.9545593261719,432.23687862285925,425.9584896179765,431.3781298573834,2501960.0
2016-02-24,429.5078430175781,436.53050705010713,426.8361808979272,427.27510613560213,4950714.0
2016-02-25,423.76385498046875,431.5116482258993,420.2524991921601,429.5270033034482,4484528.0
2016-02-26,427.9049987792969,432.0460670473749,425.93940885589257,427.52333264232925,4235636.0
2016-02-29,413.7452087402344,431.43542548312297,407.73396687487667,431.09191662993845,8166076.0
2016-03-01,429.54608154296875,431.3971993480508,417.8480531786476,417.8480531786476,6386154.0
2016-03-02,441.2059020996094,444.068397139183,429.37425593603854,433.9733499356555,7214898.0
2016-03-03,446.2821960449219,455.27040488037574,440.44268599149,445.7860114714561,5814304.0
2016-03-04,446.7974548339844,452.2743543641713,442.38919249084944,448.68668350098346,4281680.0
2016-03-08,444.0492858886719,454.37336975088186,437.9235745865281,443.877554825935,7617746.0
2016-03-09,449.7935791015625,451.7973264840684,436.22532818969347,437.00776247033434,6305782.0
2016-03-10,436.05352783203125,443.83952574328856,434.8512702753494,443.83952574328856,24381016.0
2016-03-11,436.2443542480469,441.18691162907777,434.41233832382596,437.46566713746057,4058548.0
2016-03-14,435.5572814941406,440.5380421269352,434.52680178602185,437.38929718645676,4174262.0
2016-03-15,432.9620361328125,440.6335154775016,430.88192791946045,436.62602139996693,6720258.0
2016-03-16,439.85107421875,440.82434140073957,431.8742900750068,435.82452485525323,5588850.0
2016-03-17,443.4006042480469,446.45393313462694,440.4617938307541,441.549532928578,6474622.0
2016-03-18,455.48040771484375,457.6177289071475,443.49608089249824,443.80143245858784,8477422.0
2016-03-21,456.0528259277344,457.61764759816526,450.3850937388045,453.4193205559803,5138392.0
2016-03-22,454.16363525390625,455.70940186108635,447.31274621540473,454.65981990537614,7097950.0
2016-03-23,460.9763488769531,462.08314333007354,451.167501840932,454.18267344484667,6333176.0
2016-03-28,459.8695373535156,472.1210110215843,456.3772828852542,470.36535611106905,10787510.0
2016-03-29,456.9497375488281,465.2128179196208,454.7742594180873,457.61765322283975,6995356.0
2016-03-30,460.270263671875,461.8160301775195,456.30097308127625,457.0833607155305,5756818.0
2016-03-31,464.98388671875,469.4112047172842,458.1138960551296,461.9114555914774,17996320.0
2016-04-01,460.079345703125,466.4722523792053,456.12911119443197,464.10594137991865,5511428.0
2016-04-04,474.6781005859375,476.3192834196571,463.17090516963333,463.17090516963333,4577054.0
2016-04-05,465.55645751953125,474.1439471693742,463.3427748848598,474.029428671331,4790716.0
2016-04-06,458.26641845703125,468.68592050494635,456.47260661556663,468.68592050494635,4931354.0
2016-04-07,450.9385681152344,461.20539713896875,448.45773807482044,461.20539713896875,5657890.0
2016-04-08,444.92730712890625,449.41188431849633,443.51516103290726,448.78212586321365,4195578.0
2016-04-11,451.85455322265625,452.9422924054615,439.33588517359624,444.9464053950789,5768678.0
2016-04-12,451.2056579589844,456.05284552458033,449.83166927688444,450.5568442060793,5842138.0
2016-04-13,447.5798645019531,456.07193613137275,445.15629382685887,456.07193613137275,12511386.0
2016-04-18,472.7698059082031,483.9144846063448,470.7851607131067,477.0826517157546,25015990.0
2016-04-20,474.63995361328125,475.7276926824872,467.84632497343887,474.7926293716137,8072848.0
2016-04-21,468.037109375,477.4642424483742,464.9074197198423,477.4642424483742,5441100.0
2016-04-22,462.2931213378906,468.87686238480796,460.67104021038926,468.0372154960261,5143938.0
2016-04-25,464.04876708984375,467.4647069975609,458.4191915237657,462.598463711629,5364134.0
2016-04-26,470.26983642578125,473.09417453542244,461.2815822434319,463.8959853879283,5846744.0
2016-04-27,473.3232116699219,474.16285843336965,468.8958943360995,469.1439400229598,4486208.0
2016-04-28,461.4914855957031,473.11319747503325,460.67089432011386,469.8308789627673,12165168.0
2016-04-29,461.09088134765625,466.98765150914136,459.9077255625707,462.36945367331487,5036410.0
2016-05-02,458.4001159667969,462.2549344936126,456.52994264484585,461.81600913385324,3615250.0
2016-05-03,449.5263977050781,462.6556756307993,447.2364008682517,459.04894924883956,6824810.0
2016-05-04,453.7437438964844,455.3276675652134,446.7974393559222,450.74767426195893,5812842.0
2016-05-05,455.11767578125,457.61760711671644,450.78577530713005,456.148202099957,6302668.0
2016-05-06,450.9385681152344,454.10641587980587,449.24017233899394,454.10641587980587,2596720.0
2016-05-09,457.63677978515625,458.59094508507934,450.59501191766225,451.1293538036397,5123678.0
2016-05-10,462.8846740722656,464.3540792689465,456.7016551732291,458.9534945267652,3395704.0
2016-05-11,458.7054443359375,463.6098449521457,455.1368752193249,457.4268720757743,3709888.0
2016-05-12,461.81610107421875,462.9610996719234,456.77812588036306,459.48794657690837,3406932.0
2016-05-13,460.76629638671875,461.81587792746296,455.0031488810138,460.2892138681986,5652064.0
2016-05-16,463.7243347167969,467.0257559651057,459.90767352571214,461.89231870903524,4533878.0
2016-05-17,463.4380187988281,467.8271785403859,461.1098651234993,465.63259866960703,3796294.0
2016-05-18,461.75872802734375,463.3426516818381,457.19783670654886,457.61766010422065,4256596.0
2016-05-19,460.1939697265625,464.16330708535213,458.3810554771732,462.17861511090376,3954400.0
2016-05-20,458.6099853515625,465.44181799230705,457.9993288977191,459.90765943479295,3994548.0
2016-05-23,453.4192199707031,459.96480136153036,452.2742219404741,459.29688584389675,4585946.0
2016-05-24,453.323974609375,454.8506392260347,449.45005382657985,454.5834915541619,3485060.0
2016-05-25,461.30072021484375,462.9991156469722,455.74746007502034,455.74746007502034,3857396.0
2016-05-26,471.03326416015625,473.1896871149781,461.8541750878198,461.8541750878198,6136436.0
2016-05-27,476.12847900390625,480.70847238911415,470.05997845048535,470.05997845048535,6180764.0
2016-05-30,483.7999267578125,485.4792668731924,473.83845111876445,473.83845111876445,5285700.0
2016-05-31,476.56744384765625,483.47559179146697,472.8843562104816,482.80767603410754,13782038.0
2016-06-01,480.212158203125,484.1433367671876,475.5558514875174,475.5749534241746,4840534.0
2016-06-02,481.49090576171875,486.5861390762756,478.60930795893955,478.9909740737393,5053552.0
2016-06-03,483.5326843261719,488.26535223610796,480.9182814381705,480.9182814381705,3998380.0
2016-06-06,483.4754943847656,487.3875716039832,481.31907177029956,482.7694214729749,4225768.0
2016-06-07,479.9070129394531,485.67016232565004,479.02916218290113,483.5709985592131,5692420.0
2016-06-08,472.5408935546875,482.40695510271786,471.49131154766064,482.40695510271786,8741370.0
2016-06-09,457.7334899902344,473.46747541166167,455.6292089525467,473.46747541166167,12740804.0
2016-06-10,455.8415832519531,459.4710276870901,451.7874271253023,453.8338295470253,6383956.0
2016-06-13,455.95745849609375,457.5018990044165,450.2044081760748,454.3744164015797,5286722.0
2016-06-14,453.6794128417969,456.5366372938708,450.68705926773396,456.5366372938708,2940728.0
2016-06-15,459.4516296386719,460.49415504072357,455.2430678501644,457.0384418550901,6711572.0
2016-06-16,457.9266052246094,459.2779906531812,451.7874448511524,459.2779906531812,5302564.0
2016-06-17,455.41680908203125,460.53276730190146,453.717915416465,459.0848545981646,8515082.0
2016-06-20,466.7106018066406,467.88825651118157,455.49408410563836,455.9960461084944,6229566.0
2016-06-21,465.68731689453125,469.0465025731247,461.6524857682433,467.65646870194183,4761724.0
2016-06-22,463.1390380859375,467.9460896990755,458.75669813164825,464.87653343515524,3031258.0
2016-06-23,467.8109436035156,469.06580131014124,460.76443494323325,462.28959797390854,3828626.0
2016-06-24,461.2278137207031,462.9459847192153,447.88769163827334,458.6987738502317,7808348.0
2016-06-27,450.2815856933594,456.84545747974994,447.8877218948847,452.5403675141528,5583778.0
2016-06-28,447.5594482421875,452.7140076878547,445.99568377624973,448.9687592704593,7655974.0
2016-06-29,454.3936767578125,455.5713314547186,447.96493395408646,451.3627217992781,5459150.0
2016-06-30,452.0577697753906,457.34745982877627,450.9573181727314,455.80301927215737,9346224.0
2016-07-01,452.6755065917969,455.60993402851494,451.78743447752197,455.60993402851494,3991912.0
2016-07-04,457.13494873046875,461.2470299545795,454.142596013908,454.142596013908,5381322.0
2016-07-05,453.8531188964844,458.5057646667676,452.15427208504843,457.54048937273234,3596416.0
2016-07-07,446.825927734375,452.13494178176984,445.9571799811649,451.24686966990004,5954876.0
2016-07-08,447.1927185058594,450.59050638734885,445.3780198096032,449.0460659198686,5551648.0
2016-07-11,453.69866943359375,455.1079335228752,447.88769386277386,450.74491788806927,6668882.0
2016-07-12,454.2779846191406,455.7451751317404,450.97672348375204,455.6100459852974,6197368.0
2016-07-13,460.9382629394531,461.71048315068856,453.75657726889875,455.60992462889624,5275420.0
2016-07-14,454.1619873046875,461.8069858377469,449.4321387652763,461.401551395623,7413328.0
2016-07-15,414.12237548828125,459.4323828918872,406.1877946765032,459.2779294369777,61484126.0
2016-07-18,417.75177001953125,418.89082300185845,407.4040484568622,415.9370715494869,14332824.0
2016-07-19,419.6823425292969,420.859997154182,414.72083731046297,420.31943360288096,10404644.0
2016-07-20,418.1958312988281,420.8213987779631,413.1377985191747,413.1377985191747,9822896.0
2016-07-21,416.96026611328125,419.7788412912904,415.29997399073227,416.6127576303552,8668002.0
2016-07-22,414.08367919921875,416.96022717710593,411.86354654613433,413.1377284870201,9386538.0
2016-07-25,417.3270568847656,418.25373047295653,410.43500160881865,410.43500160881865,8469552.0
2016-07-26,420.3580627441406,420.821423161025,413.27295157057614,413.27295157057614,7189610.0
2016-07-27,419.0645751953125,423.3697121093055,416.43905487263174,418.8135942112307,7431820.0
2016-07-28,416.0337219238281,419.68244429787325,414.70166064634265,419.08400179414974,11258562.0
2016-07-29,414.6242370605469,415.7439655491391,411.7863378297254,414.14159953378913,8156784.0
2016-08-01,419.02593994140625,420.0298166644859,412.5006705425256,413.7169266502804,9096662.0
2016-08-02,418.4660949707031,418.929408182022,415.0683076457821,416.9602563350546,6822502.0
2016-08-03,418.8907775878906,419.5085442043832,413.2535806219669,419.18036010805014,7213460.0
2016-08-04,413.832763671875,419.66301590496516,413.1570710954307,419.469960883124,4237278.0
2016-08-05,412.3655700683594,414.4698511749464,409.27668939369005,413.91001040569404,5609968.0
2016-08-08,416.4969177246094,417.38498974731544,410.2612777392567,412.75166886205386,4643064.0
2016-08-09,418.3116455078125,418.73635714432993,413.7169263994002,415.84053171456276,7192664.0
2016-08-10,417.9062805175781,420.0492105446214,415.1455837227423,415.45449067293015,5576454.0
2016-08-11,415.9756774902344,422.79052970143505,415.1648557638978,417.65524688034105,5038552.0
2016-08-12,410.26123046875,416.5355184446151,409.27663104104704,415.0876058348001,7449928.0
2016-08-16,406.1106262207031,408.52381437058705,396.9211868929126,402.32672834865264,16429408.0
2016-08-17,398.9675598144531,406.4387803478752,397.886432750165,405.3962548646164,6599316.0
2016-08-18,395.14508056640625,401.2069902035993,394.41146195954457,400.2031133833264,8434000.0
2016-08-19,394.334228515625,401.1683817926264,393.2338241903516,397.69339099750255,5686016.0
2016-08-22,392.0754699707031,397.6933666996591,389.6236569197236,393.0600459225757,10253518.0
2016-08-23,401.4193420410156,402.3266912752458,393.8708713507191,393.8708713507191,7406138.0
2016-08-24,408.2728271484375,410.0682485310789,404.25727270177015,404.25727270177015,6129966.0
2016-08-25,400.0679016113281,408.34994258300134,398.5041371969928,407.34606597015767,4796562.0
2016-08-26,393.9288024902344,403.8711368829063,392.6932455417708,400.01003614788806,6881054.0
2016-08-29,394.9134216308594,397.693419177201,390.3573269787866,392.90564431592986,5220282.0
2016-08-30,401.7088623046875,403.4849589174274,395.7627587467589,398.6392594573051,4375438.0
2016-08-31,399.9521179199219,403.77461714778883,396.84396004786504,400.4347555211026,11139814.0
2016-09-01,400.6084899902344,401.72817139775873,398.46556041983104,400.78222065483004,2877826.0
2016-09-02,398.4076843261719,401.55449096554264,396.22615290546827,401.18770523548073,3332592.0
2016-09-06,403.48504638671875,404.9908851729554,399.8556020931835,400.8788032641251,8215044.0
2016-09-07,407.0951232910156,408.8905444566461,403.09889368530554,404.64333389099636,7425470.0
2016-09-08,400.64715576171875,403.4850555777832,395.3767434561244,403.4850555777832,9092774.0
2016-09-09,399.8170471191406,401.94065287399843,396.3613802438151,400.39621232501094,5053438.0
2016-09-12,406.9599914550781,408.5044316503535,395.8593275515359,395.8593275515359,6203096.0
2016-09-14,403.71673583984375,408.4273076276662,401.80550958091413,406.94074594562824,5152418.0
2016-09-15,402.4039001464844,404.18004419240214,399.75905556691015,403.7166838241976,4701722.0
2016-09-16,409.3346252441406,411.014194725144,400.820878825407,405.02948827306346,9949384.0
2016-09-19,409.7400207519531,412.71309681227655,402.0757446656923,403.87116606371535,5809154.0
2016-09-20,405.4735107421875,408.17628130754457,403.77461696030457,406.68976692311384,4214004.0
2016-09-21,407.6356201171875,409.7592250526784,405.8209220253402,406.9599276377131,4231532.0
2016-09-22,408.8133544921875,409.6627777796993,406.18778720475365,408.8905576519336,3629514.0
2016-09-23,402.53912353515625,408.81341297075596,401.55452387838284,408.11839590331795,5205294.0
2016-09-26,399.9714660644531,403.0989484795889,398.0795171287894,402.61631084970435,6371798.0
2016-09-27,401.4580078125,405.3770350599323,398.9868935530906,399.6433090538783,6525660.0
2016-09-28,401.1490478515625,402.4425543226862,398.94823925359395,401.5544822876726,5434708.0
2016-09-29,397.3844909667969,403.46572496374824,395.37673732559733,403.46572496374824,8902638.0
2016-09-30,400.0294494628906,403.0604047873864,398.1181758944824,398.1181758944824,6502354.0
2016-10-03,400.8208923339844,401.5545109632219,396.1875710536395,399.8170154830926,3656160.0
2016-10-04,405.106689453125,405.9561599346109,400.89812715867674,401.554495461688,5066586.0
2016-10-05,402.1336364746094,405.35764612112615,400.39614116578963,405.10666515000355,2307574.0
2016-10-06,396.6894836425781,403.48501124760156,396.1295957780481,403.48501124760156,3721882.0
2016-10-07,390.955810546875,399.1606744413267,390.00983600754637,397.6741127228631,6288558.0
2016-10-10,397.67401123046875,398.36902814568555,389.97113489425,392.6739051360913,5413170.0
2016-10-13,406.3229675292969,408.50449909179497,394.37287839850075,394.37287839850075,9778690.0
2016-10-14,396.5929870605469,418.04137420968107,384.6621758924241,406.53532184521936,33461690.0
2016-10-17,394.75897216796875,402.24951746809995,392.8090973272173,399.60462560047586,8014858.0
2016-10-18,401.1876525878906,401.74749328821844,396.65085965551526,397.69333790184044,6388134.0
2016-10-19,402.2495422363281,403.75533399963666,400.0100846852501,402.3267454073654,3509836.0
2016-10-20,400.26104736328125,405.68586602629915,399.16064299717715,403.3885297684226,3535490.0
2016-10-21,405.1976623535156,406.2513210762973,399.0316770418002,403.9098149029469,3863620.0
2016-10-24,400.82684326171875,406.9147501039948,400.2024511103692,404.88546370259195,2902974.0
2016-10-25,396.9634094238281,405.4318627534262,396.1829072518658,404.495250619457,5636014.0
2016-10-26,395.79266357421875,397.9975679598614,393.88042368950397,396.88536187161156,2775216.0
2016-10-27,391.616943359375,397.25607600713107,390.68033127664154,397.2365682177064,7227790.0
2016-10-28,389.2754821777344,394.15362105214206,387.5778993770555,392.280420488177,5840706.0
2016-11-01,386.1339416503906,392.90478846213875,384.94368060237906,392.90478846213875,6332798.0
2016-11-02,382.8558654785156,385.3729900252732,382.4461065567269,384.31930721278883,5377194.0
2016-11-03,377.3142395019531,383.2265527714071,376.631300125833,382.85580948913486,5225108.0
2016-11-04,378.9337463378906,382.1338095156731,375.03123607694425,377.37274223351204,6005548.0
2016-11-07,381.64599609375,384.7875120929744,380.4947508018763,384.39726106651096,4537672.0
2016-11-08,383.460693359375,385.470495905377,378.7776805009953,385.13879202218914,5261108.0
2016-11-09,373.97760009765625,380.3386878510587,351.61621828256125,362.93349944814867,12764158.0
2016-11-10,366.6018981933594,375.6166892067054,364.88478380079954,375.6166892067054,7287330.0
2016-11-11,359.6358642578125,368.7872564976728,358.52365824995724,366.83600117228826,7096782.0
2016-11-15,360.4164123535156,366.81654016462824,354.5626456308045,360.5920301190045,9235850.0
2016-11-16,367.1872863769531,373.4117726525198,362.36767077923923,362.9335396640284,12222616.0
2016-11-17,362.85540771484375,370.34823235345146,361.5285684867674,364.59202958504954,5706730.0
2016-11-18,359.0309753417969,364.20180188883904,358.05534769141155,362.93348594333816,6040228.0
2016-11-21,355.5577697753906,361.7237562469164,353.9382419922793,361.7237562469164,7940568.0
2016-11-22,356.7675476074219,362.40668056428336,355.77241210186656,357.82123030349527,5483126.0
2016-11-23,359.1285400390625,360.16271488164887,356.0845865172897,359.85049497661817,8251786.0
2016-11-24,363.0505676269531,366.7969922107007,360.31881012213177,362.2310499031208,16780644.0
2016-11-25,381.47039794921875,384.397280797934,363.1090909754186,363.1090909754186,12631380.0
2016-11-28,382.3484802246094,383.7924139262383,378.77767345886826,382.17286248187816,7365712.0
2016-11-29,379.5581970214844,384.28024945730664,377.41181604675677,381.977758520439,6125506.0
2016-11-30,380.70947265625,381.2753415400505,375.0508314563209,379.7143370711045,8500918.0
2016-12-01,380.7289733886719,383.8314744769817,377.3728233702843,380.885083360287,4611590.0
2016-12-02,376.397216796875,378.38748804236894,375.07035342051984,376.51428737266195,4453228.0
2016-12-05,375.2850036621094,377.99722992402604,373.86057752908573,376.9435709423793,3659576.0
2016-12-06,377.17767333984375,382.2509374406383,375.28496510677707,375.34348847805694,3562110.0
2016-12-07,377.1387023925781,379.71435032865134,374.71914061742643,377.7630946743417,3385980.0
2016-12-08,384.2607727050781,384.82661777071036,378.5630920932461,378.5630920932461,5941662.0
2016-12-09,386.0949401855469,393.4316803754695,383.03147838830415,384.3973573229543,8648384.0
2016-12-12,381.4118957519531,383.5387689700231,376.670359269193,383.5387689700231,5345020.0
2016-12-13,386.4266052246094,387.4607562444603,378.9727956708161,382.6411651704876,4854282.0
2016-12-14,390.15350341796875,392.1828137259352,384.0460647045672,386.73880658885423,5382614.0
2016-12-15,387.2656555175781,397.64634869266183,385.95832390758846,389.2364425563593,7966416.0
2016-12-16,392.2608642578125,394.03650182502327,389.37299687315897,391.7340110330129,6436742.0
2016-12-19,392.0657043457031,393.47059851723424,387.94853694992986,392.6315492804102,4124134.0
2016-12-20,394.9926452636719,397.66585566866826,390.75840669942886,391.03158722277294,7636498.0
2016-12-21,390.85595703125,398.8365962303912,389.5681332553699,396.49508979459637,7343976.0
2016-12-22,384.2802734375,392.9828684415643,378.34845179155565,391.22673844356325,7060054.0
2016-12-23,385.74365234375,392.8266945585527,379.9484100017838,384.35826589008616,7306036.0
2016-12-26,383.5192565917969,387.9095813301919,380.5338262420738,385.56807480304786,3213828.0
2016-12-27,389.84124755859375,390.9924927911368,382.44598622442743,383.5191764918939,4912816.0
2016-12-28,389.66571044921875,394.07554296941373,388.29983164443934,391.40233255053124,5476816.0
2016-12-29,387.2656555175781,393.37309453877566,385.62662001222867,391.7145274239048,6240124.0
2016-12-30,394.3877258300781,394.93408686125525,387.421753687264,389.47057182562526,7267768.0
2017-01-02,390.6802978515625,395.304786863233,389.9973585468841,394.58280816401054,2335222.0
2017-01-03,387.85101318359375,392.1633065266506,383.2265475699612,391.8510866180053,6778482.0
2017-01-04,389.373046875,391.89017131041237,387.22666575967804,388.31936410912533,7073586.0
2017-01-05,388.7486572265625,393.95850007738534,385.8607894517234,390.8755067453013,8207074.0
2017-01-06,379.4216613769531,389.8023319137521,377.78260186613255,388.2608590045305,14393448.0
2017-01-09,378.68011474609375,381.25578608930687,376.5922810574823,379.42160130376914,10545692.0
2017-01-10,378.7581787109375,382.8363072368497,377.7435354364968,381.275302925996,11939854.0
2017-01-11,378.1923522949219,381.8412145721468,376.1825733107426,380.18264730587316,12241574.0
2017-01-12,390.27056884765625,391.96817525468106,381.489919973842,381.489919973842,11855740.0
2017-01-13,380.8069763183594,405.86109891929993,375.6946970038165,401.9585883527682,31276246.0
2017-01-16,372.9434814453125,376.76793754562203,371.6946731340382,376.592319782952,12351372.0
2017-01-17,372.84588623046875,376.20203594468484,371.6751330065745,373.17759011629136,5560094.0
2017-01-18,371.0507507324219,375.03131681939044,370.66049962230807,373.8995790724453,5952962.0
2017-01-19,373.8995361328125,374.484912730757,369.99702547984907,371.12876309682235,8876480.0
2017-01-20,370.231201171875,371.9678232267287,369.17751850114075,370.7385228076995,9124742.0
2017-01-23,371.7922668457031,373.8605931294801,366.8360725905128,368.7873282957815,7948580.0
2017-01-24,369.0018615722656,370.738483442725,366.87498866660343,370.738483442725,6826010.0
2017-01-25,365.5091247558594,369.48969023896086,364.8066776280259,369.2165097395162,9978090.0
2017-01-27,367.6750793457031,369.782420971086,351.6747844218146,364.4359761961257,10635138.0
2017-01-30,370.4848327636719,371.3238820668439,362.48468606648817,365.86036724925503,11369208.0
2017-01-31,362.3870849609375,367.42133260927204,352.92349779601466,367.42133260927204,24068534.0
2017-02-01,357.7626647949219,360.2797889347062,353.23576195643693,359.460247404595,11531782.0
2017-02-02,365.2360534667969,368.7873293327558,355.1675549440679,357.860297352526,11828268.0
2017-02-03,365.31396484375,367.18718876702627,359.4406918441881,364.4163922749486,8423958.0
2017-02-06,364.9822998046875,368.29943377778545,363.14811507928533,365.76280191600466,6727934.0
2017-02-07,367.714111328125,370.6605024682998,362.3676663147072,364.1042885318553,9268002.0
2017-02-08,365.4701843261719,368.43608339533046,363.889672008804,365.2750587605946,6319962.0
2017-02-09,369.17755126953125,370.73855571464554,365.4896735041412,365.6652912680241,11907266.0
2017-02-10,377.880126953125,379.32406075478485,368.12384967033734,369.2750951535135,12252452.0
2017-02-13,384.1436462402344,384.82658563942545,375.7532479073154,379.65575875983586,13724268.0
2017-02-14,385.4510498046875,385.9583715150653,379.46068060653386,382.44611130916485,9338818.0
2017-02-15,383.1484069824219,389.78267363518813,378.07514424795363,386.0362737588849,7259486.0
2017-02-16,394.97308349609375,395.6755544507803,386.3680524915252,386.73879575782433,12815858.0
2017-02-17,390.2901306152344,395.6170678630274,387.4022866554251,395.6170678630274,4851208.0
2017-02-20,394.2511901855469,402.3489008476108,387.7144839884591,388.88523733719126,4650662.0
2017-02-21,395.5584716796875,399.8122178343334,390.27057448970703,398.87560574663905,7613996.0
2017-02-22,386.4071044921875,396.10483400398135,384.9436629872467,396.10483400398135,6607838.0
2017-02-23,393.70477294921875,398.0560818024178,387.6558815100643,389.82179395156976,9542656.0
2017-02-27,395.0902099609375,399.22686195504696,392.96333677322514,393.09991512604495,5328696.0
2017-02-28,395.0902099609375,399.10979139276765,393.86090950941457,394.87555280788337,5940132.0
2017-03-01,400.0658874511719,400.7878423913516,394.1925898876775,394.9340764362686,4282448.0
2017-03-02,399.3439025878906,401.17808732292093,396.690200159289,399.77319304278905,2948498.0
2017-03-03,402.4268493652344,403.6366656875795,390.40714603636894,394.2511092142848,5401612.0
2017-03-06,403.48065185546875,404.28063808718093,397.939081059109,398.07565942666207,5286386.0
2017-03-07,397.9779968261719,400.3195268322411,395.98772609480386,398.83655385855843,4644496.0
2017-03-08,393.2950744628906,396.8463739507443,391.98774273687474,396.8463739507443,6179176.0
2017-03-09,394.75848388671875,395.32435272896333,389.86083748887893,393.2950423045533,3480630.0
2017-03-10,398.778076171875,401.0415516023621,395.48047343901356,396.1048656700906,4550324.0
2017-03-14,403.831787109375,406.60255990992624,399.14875090471236,399.14875090471236,7878396.0
2017-03-15,394.91461181640625,403.8708794705316,393.1779896294217,403.8708794705316,6373978.0
2017-03-16,401.5097961425781,402.62200214313657,395.4413968842521,395.4413968842521,6702956.0
2017-03-17,405.9781799316406,406.9928231179354,397.76337640419575,404.06594028935416,9507846.0
2017-03-20,398.6414794921875,400.6122665077054,396.14386304460254,400.6122665077054,4427388.0
2017-03-21,403.07080078125,403.89031848571113,397.5877781114126,398.40731963490833,4869584.0
2017-03-22,401.06103515625,405.84161111624866,398.2122307180337,399.01224070671594,3990852.0
2017-03-23,406.0367431640625,407.0319025370963,400.631774887134,401.2756987380338,4501662.0
2017-03-24,402.5050048828125,407.42215934732036,401.0610471911695,405.0806526844047,4883896.0
2017-03-27,401.5097961425781,406.5830599552938,399.81221354824476,400.8658723618119,7684824.0
2017-03-28,403.9684143066406,405.47087143448624,401.9781433296198,402.5439883394346,4796796.0
2017-03-29,402.6805419921875,406.4464742044608,400.33903565975663,403.6366856607711,6981186.0
2017-03-30,400.2025146484375,404.2611357336769,398.15369631405986,403.5196490945728,12157180.0
2017-03-31,398.9341125488281,401.6854013457701,393.37303541131695,399.3243635760219,14153854.0
2017-04-03,393.6853332519531,402.9147581398249,392.63165044230624,402.7977113842446,4315600.0
2017-04-05,388.6705627441406,392.3584401651234,386.7388151599082,392.2023302075759,7398338.0
2017-04-06,390.09503173828125,392.5145935807692,387.12913258880536,389.52918663801506,5379008.0
2017-04-07,383.0509033203125,390.60227523124,382.05576793271115,390.60227523124,6404508.0
2017-04-10,372.0653381347656,386.1533906616085,370.77749069229026,384.358245467601,9528472.0
2017-04-11,377.43133544921875,379.2069730707121,373.09953423981193,373.09953423981193,8655466.0
2017-04-12,378.0946960449219,381.23623585140837,374.7775623324106,378.5434942512863,6696752.0
2017-04-13,363.4798278808594,386.34852927819804,361.6261354424034,378.5435084846991,30973188.0
2017-04-17,360.9432678222656,363.75305681084706,360.39690673057595,362.93353899235046,7213434.0
2017-04-18,360.0651550292969,364.4944950941006,358.6797446918592,360.8846727390466,4647518.0
2017-04-19,358.71881103515625,362.9335180943805,356.1626711285139,360.2017604313045,10071702.0
2017-04-20,361.8798828125,362.8164950902325,358.46518528603315,359.61643093019273,4549000.0
2017-04-21,360.47491455078125,364.8066918572427,359.4602474874148,364.8066918572427,3577466.0
2017-04-24,361.5871276855469,362.3481220433059,356.299230399072,358.05536023126893,5556666.0
2017-04-25,362.6798095703125,364.10423545312864,359.2456050393846,361.3334624815813,4737060.0
2017-04-26,356.7870178222656,365.0993603153517,355.2065058541279,362.9139639913877,9084496.0
2017-04-27,361.07977294921875,362.5432143418797,357.4699508473217,357.4699508473217,7797208.0
2017-04-28,358.62127685546875,361.91890363263354,357.313921292478,361.7042464581902,5029702.0
2017-05-02,360.0456237792969,361.528596884564,357.11874078579825,360.59198479903057,3231126.0
2017-05-03,364.61163330078125,366.48483399850613,358.1139661475131,361.56767918959844,4659448.0
2017-05-04,365.9189758300781,366.6994780778304,362.50427849616193,365.6653030719433,5279806.0
2017-05-05,363.5188903808594,365.80184973003287,359.0310028452932,365.2750202860809,4432788.0
2017-05-08,368.9823913574219,370.17265237218714,363.7140018457083,366.0555082953588,4707098.0
2017-05-09,369.4312438964844,371.49957013373825,367.6555821893985,370.97271681374264,5649372.0
2017-05-10,368.26043701171875,370.73852181412536,365.72380502035895,369.62631577629713,3364302.0
2017-05-11,368.43597412109375,370.679917459702,365.8798347339637,369.5091644134716,3229482.0
2017-05-12,376.2995910644531,376.98253043117626,371.30438217451365,371.90926656409005,10979996.0
2017-05-15,371.3434143066406,376.0069195253812,370.3872943868011,376.0069195253812,7297164.0
2017-05-16,372.6898193359375,374.6996221301287,369.548302585971,371.9483326808476,6130168.0
2017-05-17,371.8312072753906,374.03613530428646,368.3384555051282,371.3629012369752,2915508.0
2017-05-18,375.323974609375,380.06553473902085,367.94821970082273,368.0067668901904,8057848.0
2017-05-19,373.8410339355469,375.6947266006815,369.8994836614178,375.2264205319982,4257396.0
2017-05-22,375.2069396972656,377.3338130401853,373.2946997040268,374.01667855900126,5503052.0
2017-05-23,373.5874328613281,377.3728738989938,372.33862437830925,376.4557931953147,4039982.0
2017-05-24,372.61175537109375,376.78744701534055,370.58244483361483,374.6410659085727,5636286.0
2017-05-25,383.7339172363281,385.02174115410344,375.03132212156044,375.03132212156044,10438514.0
2017-05-26,388.5730285644531,390.25110354589305,382.6802226094879,385.17783919979644,4988004.0
2017-05-29,384.4558410644531,388.9632360410416,380.7679637857773,386.69978465815643,6308434.0
2017-05-30,388.7680969238281,390.2510461353357,381.9191958279597,383.22652730489966,3716910.0
2017-05-31,381.29473876953125,387.73388033680015,380.4361817967559,387.73388033680015,7763900.0
2017-06-01,384.9005432128906,388.18927054445624,379.8089373332759,384.0684398405302,5508606.0
2017-06-02,384.1279296875,386.5053267158192,382.0477072877207,385.6930542346368,3917966.0
2017-06-05,379.8882141113281,385.13829894780804,379.2146134841609,384.3458333121129,5462698.0
2017-06-06,388.050537109375,391.27984372107863,382.1268767973051,382.3646067755351,7008686.0
2017-06-07,380.8985595703125,391.8345986076152,374.43997021194815,390.2892811203904,12455046.0
2017-06-08,378.976806640625,381.552319434524,375.68807975601015,381.552319434524,6195352.0
2017-06-09,375.86639404296875,376.79755555822584,365.72284485604104,371.8842595614812,14757662.0
2017-06-12,381.908935546875,382.44386428264403,372.49840750933026,373.78616397762585,8591676.0
2017-06-13,379.5117492675781,381.55235774435965,377.0551012114504,377.807953161985,4937794.0
2017-06-14,379.8287353515625,381.13632288015486,376.8966272736963,380.3834709203065,7438110.0
2017-06-15,377.2532958984375,383.5336012326947,376.26271374957685,380.24487333530425,5528062.0
2017-06-16,372.557861328125,377.94661731686375,370.873872058628,376.06451166272007,10948450.0
2017-06-19,368.43701171875,372.5578419790344,367.70399080727884,372.4389769912455,6855860.0
2017-06-20,373.865478515625,375.1928729945542,370.1012666647975,370.47769268670675,5184396.0
2017-06-21,373.78619384765625,376.02491879124574,370.8936993091651,374.4399876266883,3735864.0
2017-06-22,372.518310546875,383.8307531811227,370.5173153771894,375.5098636227143,9465242.0
2017-06-23,373.74664306640625,376.0844266007457,371.6664205632537,374.4400505674571,6403018.0
2017-06-27,367.3276062011719,375.62868805784166,366.0200428200751,374.43998967791174,6904660.0
2017-06-28,366.3965148925781,369.68524265385105,364.9304485361166,369.60599124839547,5905224.0
2017-06-29,368.57574462890625,375.60887662343373,367.1492920801015,368.57574462890625,15914040.0
2017-06-30,370.695556640625,371.666331746939,368.10023687943107,368.8134510161069,4216700.0
2017-07-03,377.1739807128906,378.4022926173688,370.31913449408967,372.8946474804906,5088924.0
2017-07-04,381.2353820800781,384.3457997549586,376.1834140936083,377.94663063177825,5167726.0
2017-07-05,376.7778015136719,379.9872777101464,374.59852098457304,379.9872777101464,4226228.0
2017-07-06,375.23248291015625,379.1948111351843,374.12303584397483,374.44001726515063,3829720.0
2017-07-07,370.63616943359375,374.618304222155,369.70500784653217,373.98431723400296,5776886.0
2017-07-10,379.2145690917969,380.30420921332,372.4588051751793,373.7267548806866,1464376.0
2017-07-11,386.46563720703125,392.072340788882,379.05610347424215,379.05610347424215,11539708.0
2017-07-12,385.2769775390625,388.9025175598089,383.85054904336715,386.3071973940712,6275976.0
2017-07-13,387.1391906738281,389.67508986313135,382.0079718951748,387.2184420580177,5170392.0
2017-07-14,385.1581115722656,398.9470090049072,382.7807146292539,396.01490061900546,22478180.0
2017-07-17,389.9128723144531,393.06292783300535,385.9307376102291,386.3269704003833,7698250.0
2017-07-18,390.5270690917969,398.13474429418415,388.7440213498686,390.70537870281623,8260180.0
2017-07-19,388.2486877441406,391.7355556267068,383.98918527208747,388.88267471557543,5890278.0
2017-07-20,384.1279296875,388.2487366927734,383.137347592367,388.0308134686707,6809740.0
2017-07-21,388.3477783203125,389.31855356891856,384.90057212374774,385.5345349639101,5980754.0
2017-07-24,392.4884338378906,393.8554419692786,389.33837793098775,389.694997159744,6129176.0
2017-07-25,393.79595947265625,395.83656807079774,390.76479305646654,392.2704728629527,7145614.0
2017-07-26,393.8752746582031,395.83663217698813,392.4290392112806,395.48001292479637,6870024.0
2017-07-27,384.7618103027344,397.81768436241,383.07782110100106,394.6478223356179,12676852.0
2017-07-28,395.1827697753906,397.4214947484735,381.29481509981997,386.7232092467698,11098428.0
2017-07-31,400.6706237792969,404.8310682995658,390.9827267024158,393.02333535505744,19158248.0
2017-08-01,398.43194580078125,402.9688168648476,395.5790643843802,400.59141971520245,7689398.0
2017-08-02,393.59783935546875,401.28476529344374,391.16102216359747,398.610193912816,4257584.0
2017-08-03,389.8930969238281,395.7375310494648,388.4072238410392,392.6667266783676,4640348.0
2017-08-04,389.79400634765625,391.87422849080764,386.7430090342081,391.47799570163596,5349018.0
2017-08-07,383.65240478515625,389.79401312408726,382.64201599202926,389.69495492507224,6073744.0
2017-08-08,381.908935546875,384.44483488117,378.42209210031564,383.75142755208776,6004648.0
2017-08-09,384.0882263183594,385.891104771005,382.18631385724154,383.41464995597426,3922410.0
2017-08-10,388.80340576171875,391.2798605754877,384.0882261226511,384.30617349356606,9140684.0
2017-08-11,391.3592224121094,395.04418337810705,384.1873927369902,386.7232928555993,6544156.0
2017-08-14,388.8827209472656,391.95352542009243,387.1789245927173,391.4780411810217,3816470.0
2017-08-16,386.4062194824219,390.72514235877424,383.9495713613437,389.10059760251755,6178080.0
2017-08-17,404.49420166015625,407.8225665037189,395.46009960722256,398.21392211439155,25784260.0
2017-08-18,365.8219299316406,403.32537385173725,350.3490440413283,403.32537385173725,164404960.0
2017-08-21,346.0696716308594,366.1190378388608,344.72247069243383,366.1190378388608,90407176.0
2017-08-22,346.8622131347656,355.44063900003846,340.76021815919256,354.707617971837,49242598.0
2017-08-23,353.7566833496094,358.0756310846789,346.2678970013043,348.68490771064495,61284190.0
2017-08-24,361.42376708984375,363.84077755568444,357.54066620695926,360.57185687522224,42380524.0
2017-08-28,372.8550720214844,377.9862917176924,371.6663735984616,374.0239636409497,40712108.0
2017-08-29,367.4861145019531,373.2512968942257,366.73326250972434,373.0333736914639,13369392.0
2017-08-30,367.1690673828125,372.0625319040663,366.15865457826385,371.3493178298934,16149664.0
2017-08-31,362.5332336425781,368.08049327783743,361.72096117567025,368.02104867952085,15022452.0
2017-09-01,364.5144348144531,366.8720252356781,360.5719129079186,362.9295033291436,8433922.0
2017-09-04,356.6888122558594,364.9700642140059,354.0340473549274,364.9304506031205,10177108.0
2017-09-05,357.3623962402344,358.5907083299214,355.5199039215713,357.4020098492698,9783392.0
2017-09-06,354.8660583496094,356.728357201296,352.6471645161928,356.609492207386,7735910.0
2017-09-07,354.92559814453125,356.80770430270763,353.5783966944981,356.60958786500487,6241192.0
2017-09-08,350.38861083984375,356.2132370160869,349.5168939658265,356.2132370160869,8604542.0
2017-09-11,348.16973876953125,353.3603783669829,346.16876812398516,352.8056670011592,13787642.0
2017-09-12,350.28961181640625,351.7556780543037,348.2093895581296,349.6952625997558,17241354.0
2017-09-13,350.17071533203125,351.6962018439844,349.08107519945634,350.8641226891244,11478228.0
2017-09-14,353.59814453125,355.2623028692912,349.31881113591606,350.4678958780205,13698006.0
2017-09-15,359.87841796875,361.85958184416285,353.5188867655005,353.55850036935703,13459460.0
2017-09-18,360.2152404785156,363.64266398322786,359.105793439392,360.57185968372363,8475860.0
2017-09-19,361.4633483886719,362.9492212924346,357.99631161322554,359.7793590977408,6033330.0
2017-09-20,361.6416931152344,363.34548937361694,359.56147084782816,363.34548937361694,5767830.0
2017-09-21,360.39349365234375,362.65202516872324,359.83878231170195,362.5529669810235,8204152.0
2017-09-22,355.9358825683594,360.670868875175,351.8546899875368,359.8387897549369,17604088.0
2017-09-25,354.76702880859375,357.3821798064603,352.29057380159753,357.00575380857066,9088700.0
2017-09-26,358.9472961425781,359.9378781231194,354.3509812423885,355.42081461819913,7366478.0
2017-09-27,356.5302429199219,359.7397428791987,354.6679440572495,359.02650454327335,6000138.0
2017-09-28,355.0245666503906,358.1548152487501,354.3509660955897,355.06418025426683,17537266.0
2017-09-29,356.56988525390625,357.5604671951782,354.62833497536144,355.8170333048878,5705832.0
2017-10-03,358.0161437988281,361.3643158161881,357.24348499726335,360.6114638179186,4947522.0
2017-10-04,356.4510498046875,358.74921960216557,355.4802987032146,357.79825112154475,4991492.0
2017-10-05,357.8179626464844,358.57081450851695,356.21322492386406,356.6094576545914,8611300.0
2017-10-06,364.5936279296875,365.3266489507844,358.17465160370426,358.1944584072766,8574308.0
2017-10-09,366.0794677734375,368.1002452372562,362.1567536564609,364.5341502887791,3504832.0
2017-10-10,370.656005859375,372.43905359533255,368.3182224874665,372.43905359533255,7143220.0
2017-10-11,368.7738342285156,371.6663285370207,367.70400094067725,370.6559398367788,5982504.0
2017-10-12,367.4266662597656,370.2201026299178,364.35586209606606,368.4964996439451,10280972.0
2017-10-13,368.5361328125,369.88333406173916,367.5257439676366,369.6059662534685,7180728.0
2017-10-16,372.0626220703125,373.2513205433806,369.6852251241763,370.85411679285306,5758750.0
2017-10-17,368.6946105957031,371.19087233249655,368.2983778062397,371.19087233249655,5625102.0
2017-10-18,366.2577819824219,368.49650699426525,365.703070568393,368.0606605843761,7231852.0
2017-10-19,367.2879638671875,369.288934480066,366.5945565331316,368.4964689554307,1091434.0
2017-10-23,372.26068115234375,373.25126306067887,367.74361797668405,368.4964699006702,9154096.0
2017-10-24,367.1096496582031,375.09374939187904,365.1680994736774,374.8361884259689,14529328.0
2017-10-25,370.5965270996094,374.32112503392926,362.65206442299,364.1379373993202,13984134.0
2017-10-26,375.3711242675781,377.1343650214765,372.4984365375165,373.25128851283995,33659258.0
2017-10-27,374.974853515625,379.4721097413215,374.04371622621295,378.40227647884893,8524956.0
2017-10-30,374.0833435058594,378.26361852104054,372.87483841026534,378.26361852104054,12968326.0
2017-10-31,370.3670349121094,373.6414292893279,369.6237795120233,371.6326044006756,9954988.0
2017-11-01,372.4562683105469,373.4004308495805,370.94964943933616,371.63265489864335,5633134.0
2017-11-02,370.7889404296875,372.0344021616854,369.623812082884,370.8491904685833,4686138.0
2017-11-03,372.29547119140625,373.60120717532004,368.3983465812142,368.41842992276366,3699086.0
2017-11-06,373.119140625,375.6502550864656,370.68846740820993,370.889349897561,5066534.0
2017-11-07,383.8864440917969,385.69438652864994,371.97410244914965,372.13481825225205,13442820.0
2017-11-08,382.600830078125,386.4376811793141,380.6723628540406,385.79486694521637,5369994.0
2017-11-09,383.4847717285156,386.8997749340603,380.97373995973277,382.88212410400774,4723232.0
2017-11-10,386.51806640625,387.4421211287449,381.6768023960066,385.2123299770005,6589428.0
2017-11-13,382.460205078125,389.4710093868974,381.41560134204366,386.51802185878347,5021216.0
2017-11-14,381.315185546875,383.62533450198475,378.9648698969148,382.4602306116131,5733710.0
2017-11-15,382.3999938964844,383.08299942908593,379.4671137501538,379.72827085790544,7023516.0
2017-11-16,397.1045227050781,400.11776010564745,381.0740899253338,382.3999094772266,15687502.0
2017-11-17,390.09368896484375,395.9393641707702,387.76345712420823,395.9393641707702,8057670.0
2017-11-20,385.9154052734375,390.1138548567381,384.58958554234044,389.3103247746439,5661190.0
2017-11-21,388.2054138183594,390.3146799736467,385.7144660258528,386.2166722533022,5364656.0
2017-11-22,388.2255554199219,390.13393937060005,387.0202602931777,388.34608002823785,6084920.0
2017-11-23,398.2495422363281,399.5351950954463,389.31027130088466,390.31468376554125,11894618.0
2017-11-24,405.6018981933594,409.51910740063266,397.8277543445647,398.1089947817531,18619912.0
2017-11-27,401.2627868652344,404.45682346478986,399.0731627484455,404.45682346478986,6017730.0
2017-11-28,395.6180114746094,401.72484454984976,394.2520006276696,399.51513698801733,4616868.0
2017-11-29,394.81451416015625,398.53084082202264,393.8502682445767,396.8032560349189,3838070.0
2017-11-30,392.162841796875,397.5264197400849,389.04916276814504,397.5264197400849,17266944.0
2017-12-01,385.2123107910156,395.01538745722826,384.5092219795149,393.4886852280422,4085000.0
2017-12-04,395.8791198730469,400.4793338755486,389.12947300021517,393.7296870027169,17811606.0
2017-12-05,395.4773864746094,402.97031388446754,393.32795343259596,395.87915149343735,9976738.0
2017-12-06,397.8678894042969,399.39459155676286,395.3367747144466,395.7385397294003,7490094.0
2017-12-07,401.68463134765625,402.93011752740415,395.97956359595037,397.3455743681155,7549544.0
2017-12-08,402.50823974609375,404.5773392241282,399.7561594121227,402.1667493181254,5983244.0
2017-12-11,403.8943176269531,404.53715628914546,399.33429504659983,399.7360600147997,5139098.0
2017-12-12,405.98358154296875,407.38975921283554,402.5685786304351,402.5685786304351,9320434.0
2017-12-13,403.2715759277344,409.3984915271346,400.82081949668907,406.14420518141384,5362398.0
2017-12-14,407.0281677246094,407.7915311384132,401.48381486570673,403.8743218491526,6023572.0
2017-12-15,410.9654846191406,412.3716623118149,406.5259611434062,406.9880007654306,10384134.0
2017-12-18,408.4342956542969,414.09917243522136,404.0952384899941,406.5460197418487,4035448.0
2017-12-19,403.3519287109375,408.97663804237044,401.5841531123439,408.7757555662478,7118898.0
2017-12-20,408.1329650878906,409.2378188369339,402.16676465177244,403.8139913416303,4186326.0
2017-12-21,410.6239929199219,413.3961572440622,401.122263541668,407.7111961054548,11059162.0
2017-12-22,417.57440185546875,419.7640503161732,408.1931998372161,408.1931998372161,12906940.0
2017-12-26,416.0678405761719,418.43826397823574,411.00561118553543,413.8179662962869,10808906.0
2017-12-27,415.5254821777344,417.47403276405,412.7734015316117,413.0144507408373,6970172.0
2017-12-28,415.12371826171875,417.83563222084445,411.3270338145845,413.8179819110286,8433472.0
2017-12-29,418.6591796875,421.37109306063275,413.81789249284896,413.85805917855123,6601768.0
2018-01-01,415.2442321777344,419.64353927650944,413.8179468212587,416.91151768006387,5431340.0
2018-01-02,413.6974182128906,418.6391475373377,411.005612217559,416.730763707393,6112248.0
2018-01-03,410.3225402832031,414.4607143815207,409.23777000921257,413.2152528399157,6846552.0
2018-01-04,407.9521789550781,410.202053080989,405.62192240535546,410.202053080989,8947614.0
2018-01-05,406.5861511230469,412.37157652086466,404.1755612942541,407.91197062452534,11025976.0
2018-01-08,416.2486572265625,417.43384438577914,409.8203925602368,411.7689675671232,5594690.0
2018-01-09,418.37799072265625,419.8042761507061,413.3760358775011,417.83561775832084,9948236.0
2018-01-10,422.7571716308594,424.2637902040271,415.0433041536701,420.567572255285,9468634.0
2018-01-11,432.2187805175781,435.2721845244803,423.96249064870875,423.96249064870875,16775298.0
2018-01-12,433.28338623046875,436.2765645031669,430.1094823931413,436.2363978172968,18016528.0
2018-01-15,434.3681945800781,439.1089916630232,427.91984738037,433.90615506920625,10649250.0
2018-01-16,451.1218566894531,455.9229782513763,434.40844115522646,434.40844115522646,22646966.0
2018-01-17,462.87347412109375,466.77062427818566,451.18212173698186,451.9253772223112,26154088.0
2018-01-18,463.114501953125,468.0160644435227,454.8381526533535,460.0209310300058,13204970.0
2018-01-19,459.39825439453125,461.18613840055497,456.40512420971095,460.0210098768653,5988278.0
2018-01-22,462.0297546386719,464.8220017992737,454.79798456606653,454.8582591253875,9650214.0
2018-01-23,472.91754150390625,477.2967895330849,464.0385453793881,464.0385453793881,15403796.0
2018-01-24,476.4128723144531,490.57508605839826,469.0605544980407,471.99345809648446,20604718.0
2018-01-25,472.2347106933594,475.4488315093174,466.95148979340996,474.88635055780645,13548914.0
2018-01-29,475.24786376953125,480.61141711101914,468.1365933127734,468.6790153381097,10823002.0
2018-01-30,470.32623291015625,475.3281878176566,467.13217155844745,473.6407943423408,8628312.0
2018-01-31,462.13018798828125,468.69903588320244,458.87590131996586,465.7059062717596,9213698.0
2018-02-01,459.86016845703125,465.2036621011381,449.3942205602487,458.89592273372796,13005454.0
2018-02-02,459.31787109375,467.2125637513554,454.0346511342503,456.10375084992756,10244486.0
2018-02-05,457.2889404296875,463.97833803034274,456.34480241191426,458.0121371057087,9860220.0
2018-02-06,445.05523681640625,453.3315870875068,439.9930069646524,441.9214497901091,10552078.0
2018-02-07,445.5774841308594,451.9052827567883,443.3677766741858,448.36973120867935,8342056.0
2018-02-08,455.7019348144531,460.58338919711224,448.5907141883612,451.10174534779725,8807244.0
2018-02-09,445.61767578125,450.0973655030471,444.35210617646163,449.17328635197475,4382690.0
2018-02-12,443.0664367675781,450.2178239403375,441.0576118802452,447.8876164971771,6291972.0
2018-02-14,441.0374755859375,448.8920000065597,438.0041305841549,444.35203643638977,8345712.0
2018-02-15,447.74700927734375,453.8739258645799,443.14681939157293,443.14681939157293,7986736.0
2018-02-16,453.2110290527344,458.6750232583088,449.21343786613187,451.9856261820979,9889222.0
2018-02-19,454.6974792480469,456.4049802746024,450.0972902174617,453.3515764828882,6461840.0
2018-02-20,456.7867431640625,461.82891403960576,443.4481634373335,443.4481634373335,7188594.0
2018-02-21,460.9851989746094,462.7931415850735,458.0121279842409,461.0253656683477,13771358.0
2018-02-22,466.3486633300781,467.6543994109075,458.19281526931445,460.24185573870494,17859974.0
2018-02-23,464.29962158203125,468.45787853388873,460.72390412413114,467.45346627288126,9459828.0
2018-02-26,457.44964599609375,464.05871005950723,455.7421446460407,462.43154209672974,5083608.0
2018-02-27,462.11004638671875,463.4961649518956,452.2467458525075,460.0007803055835,6616026.0
2018-02-28,471.109619140625,477.8994573044863,459.03661057433817,461.0654943549065,17268416.0
2018-03-01,466.3486633300781,469.90427331069907,464.46038769215386,469.90427331069907,6579852.0
2018-03-05,464.4002380371094,470.3865471802007,459.3179002700142,466.3487887499838,8101456.0
2018-03-06,462.5721740722656,468.2169925636542,459.45849497809127,467.0719719958037,6689734.0
2018-03-07,459.6592712402344,466.0473437783243,457.2286227096034,464.0385190206591,6370416.0
2018-03-08,464.70147705078125,468.37763645121834,461.6279651243969,461.6279651243969,6093014.0
2018-03-09,467.41339111328125,468.4579702605499,464.25954580489093,466.9915182636261,4220964.0
2018-03-12,476.392822265625,478.8435788206629,470.7681125783227,472.47561373339664,7676970.0
2018-03-13,475.6094055175781,480.91268366487276,472.1341286130389,474.1630123468824,8581052.0
2018-03-14,474.4041442871094,478.3414119661126,469.70346423542316,474.0827126610934,4429710.0
2018-03-15,475.0870666503906,477.4574897303421,470.8685345575119,474.08265424732423,6101500.0
2018-03-16,470.82830810546875,475.0468396628678,469.7636212846496,474.8861238900628,17954826.0
2018-03-19,460.72412109375,474.28369300298397,459.0768940186797,467.6545689584696,7526620.0
2018-03-20,467.87554931640625,470.0651494120437,461.46736678502003,461.46736678502003,8553766.0
2018-03-21,469.0605773925781,472.2746969807071,466.9312035480135,470.0649897638684,7692994.0
2018-03-22,466.5697326660156,473.05819843910274,464.1591425701821,467.85536109969445,6813168.0
2018-03-23,469.1007385253906,471.5917106028456,458.95617369545215,460.8243904926503,12008084.0
2018-03-26,464.1390380859375,468.81961036485603,459.61918162329584,468.81961036485603,8930722.0
2018-03-27,463.6368103027344,466.56971442208106,462.06991699299545,466.0474003043084,3802088.0
2018-03-28,454.7176513671875,462.33107857928195,452.48783597646434,462.33107857928195,12558322.0
2018-04-02,456.8670654296875,461.84896108433367,450.4991001853384,458.41385082313593,8072702.0
2018-04-03,458.19281005859375,459.4383206179249,453.23102281658356,455.8826616341673,4077168.0
2018-04-04,451.664306640625,459.8402656756685,449.97691283493054,459.6192752528219,4813302.0
2018-04-05,461.04541015625,462.5520287911858,453.6328170462207,457.8312904017203,7763544.0
2018-04-06,452.78924560546875,460.4227821329789,450.82058690281417,459.2174868917931,5937742.0
2018-04-09,446.46136474609375,452.3070652247682,444.5730888275918,451.9856336012198,7202882.0
2018-04-10,447.3252258300781,451.7848081695889,444.11110536288675,446.7627449396024,8926058.0
2018-04-11,451.6842956542969,454.59709186821163,448.5706169428708,449.17326443540486,9025574.0
2018-04-12,467.0919494628906,471.16987376206407,451.98559623306085,453.7734307518412,17044366.0
2018-04-13,470.6475524902344,476.4530857082236,462.1301547798379,471.6720727768135,21227038.0
2018-04-16,455.2801208496094,458.01214272187514,442.7450712978126,442.7450712978126,24745084.0
2018-04-17,452.0658874511719,452.94979973862905,447.96790471159744,452.78908395513037,10397940.0
2018-04-18,452.3672180175781,455.9027691339084,447.50587201530305,451.1217565028159,10430380.0
2018-04-19,455.1395263671875,457.9318228864423,451.22231713585495,451.5839154890027,8525542.0
2018-04-20,473.45989990234375,479.58681557350207,456.7866539775522,457.61029176717045,24272692.0
2018-04-23,477.1763000488281,487.90345563064733,464.13904461938876,469.26154868248955,21830638.0
2018-04-24,463.83770751953125,480.67167137334775,462.0699316535731,476.0915404163227,8526216.0
2018-04-25,466.18804931640625,470.46685675487475,460.10129921747915,462.8333210773832,11594178.0
2018-04-26,472.6564636230469,474.7456712657391,466.04744830545917,471.67215888845607,11302084.0
2018-04-27,476.1718444824219,478.7431502160776,471.752429611431,474.0826861608391,7663370.0
2018-04-30,481.9172058105469,485.3121010652243,474.34394398147475,474.7657678826258,5511678.0
2018-05-02,480.9328308105469,482.7608322026003,474.4844827025339,481.67608627956116,10295042.0
2018-05-03,475.1071472167969,484.00620136177645,472.51573393964054,481.01307219005,5332230.0
2018-05-04,471.31048583984375,476.49326386428356,464.0385495474262,476.09149888632044,6023368.0
2018-05-07,475.2881164550781,478.1004721737472,472.2748781850755,474.58502752541085,4638960.0
2018-05-08,468.2772216796875,473.2390096878553,466.4692791553169,473.2390096878553,5718556.0
2018-05-09,470.3462829589844,472.8372554755692,467.2527119641006,469.0606545297399,3783504.0
2018-05-10,469.2615661621094,475.2880417549447,467.1924663998525,472.4756864782882,3182862.0
2018-05-11,474.38397216796875,475.368276693509,468.47804692757984,470.9890779045435,3311706.0
2018-05-14,477.81915283203125,478.7030162492176,470.0650684108977,475.8303865779904,4432094.0
2018-05-15,479.928466796875,485.33218717740095,477.3370527620362,477.3370527620362,5611974.0
2018-05-16,478.0802307128906,481.3144585030678,475.8906311326242,476.9954848562331,6205004.0
2018-05-17,475.24786376953125,481.0935155295595,471.4913705479548,480.5109758535247,9519598.0
2018-05-18,475.36834716796875,476.71429920602077,471.270363623458,475.2880137822258,7139660.0
2018-05-21,473.88177490234375,477.4574928896351,470.06500774543633,473.9018827679679,8475320.0
2018-05-22,479.647216796875,481.3145516383966,471.6320233048058,472.07395507104843,5636804.0
2018-05-23,476.05133056640625,485.1914837837558,474.68531983729594,480.1091470212176,9538442.0
2018-05-24,490.5552062988281,493.1867874242567,481.31460863717945,481.31460863717945,9740570.0
2018-05-25,493.4880676269531,501.663977200303,490.474829525454,494.2112153451596,8901438.0
2018-05-28,487.9034423828125,495.21554601377323,484.5286064594534,494.57273180065266,5739794.0
2018-05-29,488.8274230957031,492.7848473151322,484.6088908786505,487.76278515197436,3388934.0
2018-05-30,486.8186340332031,493.6687469449679,484.3678773260579,488.9480081644158,6323066.0
2018-05-31,494.8941650390625,498.9921485741716,486.2361093493488,486.81864900360125,19720340.0
2018-06-01,490.47479248046875,500.6996933818455,489.02839906612246,494.3317271503601,4998356.0
2018-06-04,497.9475402832031,499.39388444391477,486.93916970717993,490.59522132118326,4270156.0
2018-06-05,490.49468994140625,498.9920277590606,488.9479048170505,498.9920277590606,4710862.0
2018-06-06,497.1641845703125,498.81146065287066,490.17351132963614,492.24256228149284,4038184.0
2018-06-07,503.1906433105469,505.420459070942,497.38515765486983,497.38515765486983,6676226.0
2018-06-08,506.2440490722656,507.02747126859924,500.6193386144523,501.40276081078594,6459878.0
2018-06-11,507.1882019042969,510.241606433291,504.2352386364116,508.4537716029861,5171290.0
2018-06-12,505.62115478515625,510.7436575451966,502.3869275427618,508.533950472238,7839820.0
2018-06-13,512.1700439453125,515.8662623446806,508.9559239307039,508.9559239307039,5766928.0
2018-06-14,510.2765808105469,515.7510534312916,507.971558218658,515.7510534312916,7598848.0
2018-06-15,527.3792114257812,531.5982451171875,508.3421081840701,509.1653342701982,19957760.0
2018-06-18,521.6782836914062,531.4952428914078,519.5996181126897,528.511048884854,8214846.0
2018-06-19,511.05877685546875,520.0319618655872,509.59758060671885,519.8673065887,7545700.0
2018-06-20,511.69671630859375,515.4835358495953,509.57689928745265,513.8988358322978,5371802.0
2018-06-21,513.09619140625,517.191720547472,508.7536542751097,512.8491834163316,5798790.0
2018-06-22,513.6312255859375,516.7800748005334,510.8939893341457,511.6349127654823,4343118.0
2018-06-25,523.7568969726562,526.3706794957707,516.1626578702234,517.4592487585157,7731178.0
2018-06-26,525.9796752929688,528.469954104192,521.2049744214521,522.3369102000574,4483504.0
2018-06-27,522.74853515625,532.4008403724573,520.9374278199485,528.4905166842806,6952142.0
2018-06-28,530.8161010742188,534.2736602342792,525.3210777149452,525.3416784627054,10996818.0
2018-06-29,538.0604248046875,541.2710258930641,528.2023148116156,534.2942065321225,9966600.0
2018-07-02,549.3797607421875,551.561329382061,540.8593931403195,540.8593931403195,4830144.0
2018-07-03,557.2210693359375,558.9292732449119,548.16558381395,548.2273358098357,8127452.0
2018-07-04,553.7017211914062,556.7682678215988,551.0879890035675,556.5213101003195,5025722.0
2018-07-05,528.510986328125,554.5455033727153,521.966330887535,554.4837513859165,17019902.0
2018-07-06,528.6140747070312,535.8584545468028,522.336975513508,531.0837530782535,11215356.0
2018-07-09,534.6235961914062,536.331800386065,526.4736880060419,533.8621221033969,6644998.0
2018-07-10,535.6731567382812,541.4562891165733,532.7507145502259,538.5955989263365,5974488.0
2018-07-11,543.5143432617188,552.4257743921196,531.536415506497,542.3207058076921,11899832.0
2018-07-12,532.7711791992188,546.251502487266,528.696201194299,545.83988956244,13272240.0
2018-07-13,542.2589721679688,548.1038566256877,534.417724478693,541.2710909262584,19496158.0
2018-07-16,548.6182861328125,569.8369528666404,530.0339522118036,542.2588864344154,35344680.0
2018-07-17,546.5809936523438,555.4718257191912,540.3244449788326,547.321867014569,11161690.0
2018-07-18,544.3787231445312,552.9608430402013,540.8594123494485,551.479046480169,6919016.0
2018-07-19,541.9707641601562,548.2273112975863,538.8425157143025,544.5639459056149,5118864.0
2018-07-20,554.8954467773438,562.7366941232746,543.8642490908273,545.7988099932676,11705738.0
2018-07-23,558.1265869140625,563.0865433038812,550.0178314984,556.5624877745416,7675702.0
2018-07-24,566.852783203125,569.0137511870471,558.1471592758943,565.7208475924991,6172246.0
2018-07-25,569.5694580078125,573.7061885328258,562.0369204160859,567.6142963633412,6936922.0
2018-07-26,565.2474975585938,572.3066698747181,563.5804449716011,567.4290663458037,7362218.0
2018-07-27,565.329833984375,571.7304359975406,563.2100673088264,565.2269307381551,6493232.0
2018-07-30,556.0892333984375,565.1447205448221,554.8543942421123,563.909881388497,6409970.0
2018-07-31,561.8929443359375,563.9098582576843,549.72980929249,555.0807787504096,7943996.0
2018-08-01,557.3445434570312,563.2717298299051,556.089103842296,561.3577697800974,4675706.0
2018-08-02,557.179931640625,562.5720517380083,555.7392861816288,559.6290088226281,5940742.0
2018-08-03,561.4811401367188,562.3455171672549,558.1470857356708,562.3455171672549,3970390.0
2018-08-06,560.0610961914062,565.9677311914247,554.6483765675962,562.2838158757737,6178930.0
2018-08-07,563.06591796875,568.0052733960715,560.0611735645624,565.5561964283133,7351528.0
2018-08-08,560.9255981445312,564.9388247685703,557.0358755149069,564.650715775904,3992358.0
2018-08-09,568.00537109375,571.9156948129604,565.4122391958172,565.4122391958172,6409524.0
2018-08-10,570.2692260742188,571.7304723617718,565.1652649336629,570.4133308246727,4779520.0
2018-08-13,579.8598022460938,580.3125664879658,567.4908117431926,572.1420586492069,9979746.0
2018-08-14,579.6746826171875,586.3633947281951,577.904726391058,582.000256169966,6151320.0
2018-08-16,588.4213256835938,590.6234449652745,580.8887884350049,582.4117362851372,6626774.0
2018-08-17,588.7505493164062,591.7553438289062,585.7252043046651,588.9769565280935,6390408.0
2018-08-20,569.7752685546875,579.5304760993421,565.3504290120017,571.3188172323686,16101876.0
2018-08-21,569.6517944335938,574.6117512095894,565.4533619084337,572.1420731957946,8361482.0
2018-08-23,575.18798828125,576.8755914500466,570.2280317741315,573.3768811201677,7717182.0
2018-08-24,567.326171875,577.0402278361073,566.4205932011865,574.8175077676677,7053000.0
2018-08-27,582.5970458984375,584.4698548870152,568.6022040029479,569.2607747488844,7012950.0
2018-08-28,586.4249877929688,592.0641157210664,580.9917165989413,583.3378904677884,6496890.0
2018-08-29,580.41552734375,590.0884336119104,578.3780629302387,590.0884336119104,5646496.0
2018-08-30,582.9262084960938,585.1283778573205,574.6733994376802,581.5267647375629,11507962.0
2018-08-31,593.1754760742188,598.6087977467596,584.9432161876965,586.589668165001,10875864.0
2018-09-03,590.3560180664062,604.2068072739526,588.6066626006351,596.427310565259,10976328.0
2018-09-04,606.841064453125,616.184659431043,589.4298144991673,594.3691704865905,15370124.0
2018-09-05,600.8726196289062,612.5212362596042,597.1681029856842,610.7924819243897,8658978.0
2018-09-06,598.6088256835938,605.4827429113521,596.0979461044412,603.0542160823443,5598659.0
2018-09-07,603.260009765625,605.1946210355574,595.850975679472,604.5360000313169,6510605.0
2018-09-10,601.65478515625,614.9499069920562,600.4611474878598,607.335065439611,5629871.0
2018-09-11,604.494873046875,613.0975952414022,602.6014631979946,605.8120648625054,6963561.0
2018-09-12,611.574462890625,614.5380556528215,606.0999912583923,612.8093015824927,4636617.0
2018-09-14,604.0009765625,613.3034210882493,600.1729552453343,610.7514403739599,7896514.0
2018-09-17,597.6210327148438,609.1873500552591,596.5096472666253,605.0712193116425,5427054.0
2018-09-18,591.9818115234375,600.9549952494259,590.2530569778609,600.9549952494259,7729732.0
2018-09-19,592.5167846679688,598.4851718702512,587.1246655895328,598.4851718702512,4849498.0
2018-09-21,580.6211547851562,590.5822172514503,569.6722615416635,587.6597254241362,14350769.0
2018-09-24,591.281982421875,600.9137351711038,581.6090784282001,581.6090784282001,8637881.0
2018-09-25,597.82666015625,605.8942639477139,590.2529718077593,591.2820041853879,9602273.0
2018-09-26,590.9528198242188,602.4779849129075,586.1369673675953,601.9429181098005,6599606.0
2018-09-27,596.6741943359375,601.6135503325028,590.6235033384361,594.3691715866859,14592616.0
2018-09-28,600.99609375,604.7006105188461,588.7712085110974,593.5459089640209,7490031.0
2018-10-01,614.6616821289062,621.4532962878195,603.4246276949598,607.1291445089124,8252398.0
2018-10-03,599.7202758789062,619.0249399697292,597.9091682224372,612.3156264624932,7792464.0
2018-10-04,582.1854248046875,600.7491606587344,578.3162526382472,599.7201281807303,6173037.0
2018-10-05,596.509521484375,602.1898008110954,583.914174113958,586.9601202711019,8543578.0
2018-10-08,588.1538696289062,599.8848410041062,583.8730840603888,596.8800457816396,7259306.0
2018-10-09,590.8704833984375,594.6985045386,578.4397904360306,590.3353663803143,6777212.0
2018-10-10,576.6285400390625,592.640292408577,572.4712596656931,592.640292408577,8866251.0
2018-10-11,554.3192138671875,570.4133225631018,546.0458025138632,563.9098169842622,10985897.0
2018-10-12,558.8057250976562,563.1276610280049,544.5639272239371,556.8300131055008,8909221.0
2018-10-15,575.2702026367188,580.3742128556567,561.0284057604681,566.8732890824297,6222176.0
2018-10-16,572.3478393554688,587.7010233573607,567.5319876663015,584.490422067433,11588963.0
2018-10-17,580.6622924804688,594.2043668124792,577.3693893113825,584.4903125128176,20360697.0
2018-10-19,562.716064453125,566.1324721005097,558.1471706715511,565.5562039105539,10421001.0
2018-10-22,559.7525024414062,572.1831943588867,554.6896426810639,566.9557296028627,6672840.0
2018-10-23,541.3533935546875,561.4401279065256,537.8135318296422,556.4596206919841,9041701.0
2018-10-24,534.93212890625,548.680010178162,532.750610626115,545.7987198021326,7058164.0
2018-10-25,539.8837280273438,546.2083571637642,529.4813440576454,535.0986314012825,8270469.0
2018-10-26,527.2759399414062,539.8420483841566,524.1968753784956,537.0125800479392,5464141.0
2018-10-29,536.5549926757812,541.381688926694,525.5284651023744,527.3592949335186,7137446.0
2018-10-30,548.9129638671875,552.4081749559871,530.47997038949,533.5174359602586,8793411.0
2018-10-31,571.2157592773438,576.6665986091341,551.7840745115141,552.4914671348552,11947995.0
2018-11-01,554.8215942382812,573.9619818696494,548.9130093198185,573.9619818696494,5860244.0
2018-11-02,551.1182861328125,562.3944598581148,549.3290558267017,554.1974018537782,6654067.0
2018-11-05,554.239013671875,556.4026892038885,546.7492972709038,552.1585368938274,5799426.0
2018-11-06,554.6135864257812,561.7288078330876,549.7868897911281,555.8202732826687,6975525.0
2018-11-07,562.1448364257812,563.8092178807799,559.2321688795337,560.064359607033,758956.0
2018-11-09,548.829833984375,565.057554625308,545.5010707759785,565.057554625308,9694143.0
2018-11-12,552.7410888671875,562.8938258554028,551.1599061749237,554.2390220113426,7118080.0
2018-11-13,553.9893798828125,555.6953607230846,546.1667666928787,552.1585501157119,4137808.0
2018-11-14,543.5870361328125,553.9894210450567,533.0182029033934,553.9894210450567,7323026.0
2018-11-15,546.2499389648438,554.2389485365046,538.1776798561106,544.2526611754864,5513390.0
2018-11-16,541.6314086914062,551.3264526667821,536.0973698686796,549.1627767168724,8583785.0
2018-11-19,542.3388061523438,550.910362049826,540.2999283396518,548.4137894121379,6018930.0
2018-11-20,533.76708984375,545.9170527119535,532.6852013915676,542.338643165254,5384830.0
2018-11-21,515.209228515625,532.6436333811107,509.3838937686868,532.6020340057815,14359086.0
2018-11-22,516.5823974609375,522.7406292017122,513.253634529252,517.8306835603195,6632975.0
2018-11-26,517.1649169921875,522.6157558798083,499.1895675244097,516.7904210212754,15075209.0
2018-11-27,531.6867065429688,533.4342868535686,520.3688815255654,520.5353298391688,12285851.0
2018-11-28,554.572021484375,556.4860503454297,532.6021619853204,533.3927534780975,17719890.0
2018-11-29,550.1197509765625,561.6456247194096,548.2473215649385,558.4000600887686,13399070.0
2018-11-30,555.4456176757812,559.2320746895822,550.0363788580993,550.0779782288896,10445773.0
2018-12-03,557.859130859375,565.0576022210297,554.197521497453,560.1893059358435,8260890.0
2018-12-04,570.2587280273438,572.7553003499735,558.6496565685367,559.689895036299,7827923.0
2018-12-05,567.0548095703125,568.9272387981076,559.6482914187654,568.3862944818094,5177288.0
2018-12-06,556.3193969726562,570.4250373162536,553.0322340570987,562.6440249980499,8039771.0
2018-12-07,568.2199096679688,570.674882866221,553.9062167018075,559.2322585287649,5553948.0
2018-12-10,556.9020385742188,569.0520027383362,553.5732757026369,557.4845822353237,5121196.0
2018-12-11,561.3126220703125,567.4708535117384,549.7451511278384,556.9020215588048,7120933.0
2018-12-12,564.6414794921875,566.4307100980838,558.0671516024593,563.4763920102694,6926183.0
2018-12-13,580.6610717773438,582.5335008873387,565.889686576272,567.5540680073786,7521474.0
2018-12-14,587.5682373046875,593.9345165172389,577.873246063904,580.4114175564315,9560576.0
2018-12-17,577.8732299804688,592.3949167491317,576.5000950378173,592.3949167491317,4778465.0
2018-12-18,563.0601196289062,571.2988265932153,561.3541391181219,571.2988265932153,8021298.0
2018-12-19,553.281982421875,558.8576704301208,550.1612672075088,558.8576704301208,8295459.0
2018-12-20,555.1127319335938,558.8575896495292,546.2499324816098,549.2457983372049,11705260.0
2018-12-21,537.7615966796875,548.829721929236,535.4730724411653,548.829721929236,12802132.0
2018-12-24,540.091796875,548.2472560683091,538.9267095075734,546.7493228765409,8379825.0
2018-12-26,535.9724731445312,538.4274461565288,530.3967846409,538.4274461565288,6178552.0
2018-12-27,546.582763671875,551.9504030801567,540.0916872959241,543.2124019759854,15333902.0
2018-12-28,546.707763671875,552.1586033276075,543.6702468933062,552.0337543887472,4736598.0
2018-12-31,548.3720092773438,550.9101804638042,545.7505885546601,549.2457992539437,3373319.0
2019-01-01,553.448486328125,554.4887248374226,544.3776370027874,550.0365243347873,2943390.0
2019-01-02,556.7770385742188,560.8963916686395,550.951705129589,554.2388677319198,7416655.0
2019-01-03,556.8603515625,563.3930273527608,551.8255578772572,559.2320744181023,6827249.0
2019-01-04,550.1197509765625,560.8134338697989,541.7562430965548,559.0242032259765,7889310.0
2019-01-07,558.9824829101562,560.5636147066107,550.4941279219433,553.4067952654457,8046340.0
2019-01-08,557.6094360351562,563.7676682795343,556.3611498336927,561.6871912770952,8621545.0
2019-01-09,562.6441650390625,574.045188863342,552.5746769361488,571.0493223778338,18130292.0
2019-01-10,565.6400756835938,567.5541042931591,559.6898913698144,567.2212076684983,9572493.0
2019-01-11,568.8023681640625,570.4667496363787,559.6482700663233,566.0561488933191,12281903.0
2019-01-14,584.1146850585938,591.0218578567815,579.163140129804,588.358837401619,19312937.0
2019-01-15,604.6697387695312,607.4992074501533,588.5252697596031,588.5252697596031,19671304.0
2019-01-16,613.1580810546875,613.9902717322299,606.2509085896629,607.4159958553774,9658944.0
2019-01-17,610.2869873046875,614.988884751539,606.7501770743843,612.3258645372041,6903771.0
2019-01-18,608.2898559570312,612.65885751725,604.4201485436799,607.4992645637462,5902151.0
2019-01-21,619.98193359375,624.9750766830957,610.8278379299497,614.3230482510672,8129422.0
2019-01-22,620.2733764648438,623.3108931236587,610.8280314456149,616.8614145900027,6723375.0
2019-01-23,608.8724365234375,617.984885409326,606.8335588466385,617.7768377033852,7212099.0
2019-01-24,612.5122680664062,615.9429857510504,603.3078487375395,609.2488626027837,7429783.0
2019-01-25,611.131591796875,617.4492114487061,606.0273432662095,609.1652135282023,5543112.0
2019-01-28,609.1234130859375,613.0143417439323,601.6343521733907,611.675537466966,7944693.0
2019-01-29,609.08154296875,613.223490758644,599.5423971697263,607.0732856198695,6760819.0
2019-01-30,607.4080810546875,614.8552631674062,603.3915659016351,609.0816120110889,5763026.0
2019-01-31,627.1975708007812,628.6619104269257,607.4917534748023,607.4917534748023,13825233.0
2019-02-01,633.4732055664062,638.0335869927756,622.971810512946,628.7036328000394,6276585.0
2019-02-04,632.510986328125,638.0336175396252,626.9046479333555,633.4314078393394,3945391.0
2019-02-05,631.6323852539062,635.899919731023,625.0637968404512,625.0637968404512,4694366.0
2019-02-06,638.7030639648438,641.7572783158081,631.2140029002915,632.2181316644517,5880482.0
2019-02-07,639.2886962890625,643.8490774390526,636.7784003612259,638.4937590308273,3961797.0
2019-02-08,636.6949462890625,646.1922151341192,631.6743528403027,635.9418368429015,5915169.0
2019-02-11,638.28466796875,643.2634325554711,635.1049695084262,641.7154369189782,5500216.0
2019-02-12,627.9505615234375,636.2345077713197,620.0431188220153,636.2345077713197,7310690.0
2019-02-14,619.2481079101562,630.0842280221681,616.9051754440152,628.4106975360535,4610535.0
2019-02-15,620.8380126953125,624.6452845231973,613.0142266464371,621.1308601158806,5586389.0
2019-02-18,620.0850830078125,625.6077661242838,615.8594273147093,621.1728679775052,5346825.0
2019-02-19,606.0692749023438,619.6667150281859,603.5589782637268,618.4533947717646,9401334.0
2019-02-20,619.792236328125,621.7167868266243,607.5336009234917,608.3285383889042,5210675.0
2019-02-21,613.7257080078125,617.532981077812,608.4122160774909,617.532981077812,7202786.0
2019-02-22,614.9808349609375,617.700322926685,609.1653043274544,612.9307492031048,3750833.0
2019-02-25,631.6742553710938,634.2682078238514,615.4828133539605,615.4828133539605,6547552.0
2019-02-26,621.2984619140625,629.7497740984564,619.3320831705223,626.4027116773706,8319610.0
2019-02-27,615.2317504882812,624.5617049775716,613.1398370218132,623.390213007507,5936354.0
2019-02-28,614.4368896484375,621.2147207668366,612.7633586669235,618.1186782366133,8559921.0
2019-03-01,620.79638671875,622.0515350533434,615.4410667289715,615.4410667289715,3998826.0
2019-03-05,612.9306640625,621.2983181793942,611.0479418861988,619.6247873560153,4826505.0
2019-03-06,612.9306640625,615.9429991157389,608.3284542982082,615.9429991157389,6076668.0
2019-03-07,604.9395141601562,614.6041436449862,602.9312569106913,614.185760974023,5951551.0
2019-03-08,596.0698852539062,604.93963022333,594.647424757402,604.93963022333,7193994.0
2019-03-11,595.1492919921875,601.2158401355174,593.6012966879014,596.8646505631232,9932198.0
2019-03-12,591.5514526367188,598.2455774537191,590.4217884305784,593.2668119066512,11997387.0
2019-03-13,592.8065185546875,601.2996575912193,591.0074523315996,594.1034948430915,11348867.0
2019-03-14,592.7228393554688,598.2036944033026,590.9238241195305,597.4505850017655,6415187.0
2019-03-15,601.2577514648438,605.6089416399248,593.7686911258253,595.7769484595875,14638664.0
2019-03-18,594.2708129882812,605.5671461866016,590.212470047842,603.7680801002481,8065544.0
2019-03-19,604.3538208007812,607.9100738134546,591.9278748206364,596.4463774170036,8917337.0
2019-03-20,618.327880859375,621.1310248755673,608.4540581032172,608.5377142249699,13471173.0
2019-03-22,621.8004150390625,624.5199028809017,612.7633579636808,623.3902898985211,8883260.0
2019-03-25,615.2317504882812,621.2146434312226,611.2989429569,621.2146434312226,7644966.0
2019-03-26,608.9559936523438,615.2317338823576,601.7179528248859,615.2317338823576,9406261.0
2019-03-27,610.5877075195312,612.7632770769756,608.4539660166329,610.8387269189125,7387487.0
2019-03-28,617.3655395507812,623.3902610125731,610.8387792472192,610.8387792472192,9277241.0
2019-04-01,631.8416137695312,635.9417851817856,620.880006059059,620.880006059059,6584982.0
2019-04-02,635.4397583007812,640.7950270022326,631.4232429345496,635.1050316628905,7283600.0
2019-04-03,630.3353881835938,634.6865786338706,624.8964128887748,632.5946650589402,6897127.0
2019-04-04,625.81689453125,630.7537799960257,623.4739104358479,628.7455735783932,7688525.0
2019-04-05,635.3558959960938,636.7365792001846,625.9004581133473,628.3270979653548,6276040.0
2019-04-08,642.0082397460938,644.3093445480511,632.0925903919564,638.4938149250469,4919911.0
2019-04-09,636.44384765625,646.8197607543772,634.4356410086906,644.3094641408414,6730692.0
2019-04-10,629.8333740234375,641.5480905018834,628.6618819467486,639.2888135380467,7031088.0
2019-04-11,621.4656982421875,629.0384152078535,619.2482494125446,629.0384152078535,8200995.0
2019-04-12,625.6912841796875,628.8709822633381,619.7083915584225,621.8003049124168,7043212.0
2019-04-15,608.7468872070312,611.9684138788698,596.2790611158019,606.4039540755022,31574803.0
2019-04-16,605.9019165039062,609.0816664630279,597.534260973831,609.0816664630279,12524411.0
2019-04-18,600.002685546875,604.5630676905898,596.4046041473605,604.5630676905898,13801105.0
2019-04-22,603.349609375,607.2824164995793,598.2871895242153,600.0025481748645,6455426.0
2019-04-23,609.3326416015625,610.8388092730187,601.1323499928678,605.7345601997193,5516668.0
2019-04-24,616.2359619140625,617.4492821019585,605.8182212377477,609.3326465477484,8285120.0
2019-04-25,609.62548828125,617.2400848929625,608.3703400446931,616.2359560892945,8005235.0
2019-04-26,617.5328369140625,619.0390043506515,610.001948659013,611.6754793823573,6895168.0
2019-04-30,628.70361328125,630.7536985640005,617.5328165010278,617.5328165010278,9920046.0
2019-05-02,611.5081176757812,626.23521872253,610.4203329172174,625.06372678432,6351352.0
2019-05-03,605.4833984375,611.6754825750359,600.9648961041484,604.8977035389561,6348116.0
2019-05-06,601.1322631835938,603.9772348028114,594.6473315558803,598.2872404922709,8858265.0
2019-05-07,606.2783203125,609.0815148606206,601.3832634746483,602.8057747751166,5747536.0
2019-05-08,601.92724609375,607.4917571354754,599.542484831361,603.3079296069941,6247642.0
2019-05-09,603.349609375,611.0896884003133,598.9565915498222,601.7597859481962,7396525.0
2019-05-10,599.835205078125,607.4916282598275,598.2872096498301,603.1404383388627,8352335.0
2019-05-13,602.2200927734375,607.8682594502103,595.8606448348428,599.5842612287666,6808993.0
2019-05-14,597.324951171875,600.5883566105133,588.7481059538217,599.5423998766043,10513001.0
2019-05-15,599.207763671875,606.8223604865112,596.279084375195,598.2036859135616,6668929.0
2019-05-16,613.4327392578125,616.6961449857673,601.7180227994668,602.4711321434904,6468556.0
2019-05-17,605.7344970703125,615.691974745923,602.5547476738263,613.4745770660766,8155948.0
2019-05-20,604.4793701171875,607.8264318541109,590.7563965669585,602.2200932303425,11213708.0
2019-05-21,593.5177612304688,604.6886113419297,592.1789568541374,604.6886113419297,8645535.0
2019-05-22,593.8942260742188,601.0067317757064,591.5931212884433,594.1034174183801,5795713.0
2019-05-23,586.6143798828125,599.7097789651348,583.6020448386506,598.2872675551278,7233736.0
2019-05-24,593.4340209960938,595.5677625124865,586.1123238805557,588.9154674902336,7016424.0
2019-05-27,592.5136108398438,597.2831842490571,590.3380410394853,591.9279158665936,10247544.0
2019-05-28,609.2489013671875,613.7256271506934,593.9361039056482,595.7769981029726,23860490.0
2019-05-29,608.997802734375,613.8929106045542,605.5252572252083,607.073252671546,10293077.0
2019-05-30,613.8093872070312,616.9054300987904,604.604965733872,608.3285828169828,15089296.0
2019-05-31,617.3236083984375,621.6747982315252,613.5163364465238,616.2776517593347,8290306.0
2019-06-03,623.097412109375,628.327196166319,610.0020124019434,610.6714145468102,7744761.0
2019-06-04,615.2736206054688,618.7462176260473,613.4746055445828,616.9053234352841,11733702.0
2019-06-06,615.524658203125,623.0974265507804,613.89300639723,616.2777675536236,7563925.0
2019-06-07,618.4533081054688,622.5116510791242,615.7338204613928,615.7338204613928,3218358.0
2019-06-10,630.5027465820312,631.0047854072678,619.2900694787363,619.2900694787363,4435148.0
2019-06-11,631.6742553710938,635.1049732695293,627.9924669812672,631.7579114868176,5733127.0
2019-06-12,630.7538452148438,633.3896770586567,623.39031877793,633.3896770586567,8738342.0
2019-06-13,630.2022705078125,634.0633255723081,627.953497401044,627.953497401044,4808577.0
2019-06-14,628.3353271484375,632.6206748149635,626.4684281450662,631.2204876140443,5556353.0
2019-06-17,628.420166015625,631.7720900826338,626.0865552060518,630.4992114592302,3085588.0
2019-06-18,636.566650390625,638.51838734678,628.1232114306342,628.1232114306342,6202838.0
2019-06-19,638.0516967773438,641.021747138043,635.2513221452588,638.5608275503222,4596253.0
2019-06-20,640.5972900390625,642.2944612387489,624.4741636420414,626.0864452056107,7148684.0
2019-06-21,636.6090698242188,640.6822712562738,634.0208935242146,640.6822712562738,13200318.0
2019-06-24,632.62060546875,638.051574375308,630.2021570706991,638.051574375308,4758178.0
2019-06-25,634.8270263671875,637.2031080798614,625.6623099400251,631.3478452492358,3677911.0
2019-06-26,627.2745971679688,637.6697726122509,626.2562839085916,630.4992126613598,5447130.0
2019-06-27,619.9342651367188,631.9417733611723,617.8976905579524,629.6505816406949,11122346.0
2019-06-28,621.164794921875,627.5291883124679,618.1947446729316,624.1348451708184,5919494.0
2019-07-01,620.5707397460938,625.8319816796044,619.3402800674687,623.7105173349278,3224968.0
2019-07-02,627.9534301757812,629.3536173253547,619.5524108654644,622.8619158770587,4837606.0
2019-07-03,620.5707397460938,630.6689307441798,619.4675886455746,628.8020317621517,5958379.0
2019-07-04,622.6922607421875,624.8986149375191,618.279604145092,618.6190591885485,3274064.0
2019-07-05,609.2846069335938,624.8986064359483,605.4659708177146,623.7105655935814,4926289.0
2019-07-08,608.9451904296875,615.1823275564586,604.447695745091,607.9693477700171,7177092.0
2019-07-09,607.1630859375,610.8544131220012,601.689697655242,609.2845502489517,5022638.0
2019-07-10,608.6480712890625,613.272873545335,599.5257753443327,601.6472395175257,7573816.0
2019-07-11,612.254638671875,613.951810227445,602.1564471988073,610.5150481861289,6252688.0
2019-07-12,616.7096557617188,619.9766899802183,610.6422473061504,613.103166546738,7874441.0
2019-07-15,661.3451538085938,663.2969420855613,640.0032574588848,647.4708002352596,31064152.0
2019-07-16,666.0125732421875,668.5159118192627,658.5026093045313,659.3511951412639,9924322.0
2019-07-17,673.9044189453125,674.6256961420003,659.1390056330802,665.2064146868779,6754348.0
2019-07-18,672.6740112304688,677.5957987840245,667.158203225339,669.5766521716987,6534471.0
2019-07-19,666.479248046875,674.2013574143724,662.957596576436,669.2795705761014,6812754.0
2019-07-22,665.630615234375,672.0798455602061,663.6364078488125,666.9459126542217,7107151.0
2019-07-23,670.4251708984375,682.2629526368571,666.6065349694999,667.8369946830927,10782564.0
2019-07-24,667.2429809570312,673.5649553057001,664.9517890180658,668.6855871255328,5745146.0
2019-07-25,674.2013549804688,679.0383039463412,668.388563512096,668.8976942270037,9773568.0
2019-07-26,667.8369140625,674.6255993388659,663.7637132553921,672.3344076993807,4941763.0
2019-07-29,671.6132202148438,676.2804419650602,667.1581449078191,669.9584675992359,6244316.0
2019-07-30,672.6740112304688,677.0017783324504,669.1523592482272,671.9951529116282,8673253.0
2019-07-31,673.4801025390625,678.6988738357624,663.2546027964552,671.1040209995045,7350584.0
2019-08-01,652.4352416992188,669.025137306211,648.6590759184247,667.370384459739,10066407.0
2019-08-02,658.1630859375,661.812046091557,646.8344869104138,649.2105166479282,10838336.0
2019-08-05,659.0965576171875,666.9035568194407,652.2654527378022,655.6173249912107,9976238.0
2019-08-06,657.1873168945312,665.0367359473511,653.2413720046048,660.8786445965376,9331718.0
2019-08-07,658.58740234375,664.8245388953432,655.4052056726001,660.9634839597277,5130457.0
2019-08-08,669.3218994140625,672.7162418516615,662.9575073435642,664.187966835905,8009009.0
2019-08-09,670.2554321289062,676.1106945056844,665.970084461571,672.0799122039562,4362520.0
2019-08-13,648.9559326171875,666.9883792574167,645.0524590030805,665.4185163849863,7517099.0
2019-08-14,657.4843139648438,660.4119455405381,651.7139404755968,657.7388793641279,5940968.0
2019-08-16,657.272216796875,661.9394393768965,647.0467667757243,661.8970204394294,5128088.0
2019-08-19,659.9027099609375,664.4426228736196,656.2537499074969,658.1630677893176,3881451.0
2019-08-20,672.71630859375,677.1713834850993,665.1638752033717,666.3094969658549,8435344.0
2019-08-21,678.4019165039062,682.0508250224516,672.9285278293053,672.9285278293053,5926896.0
2019-08-22,675.2197265625,679.9717862908961,672.3769330768054,678.7837972555803,5222488.0
2019-08-23,680.7355346679688,687.3120745749704,675.3045648660504,675.8561663498708,6895015.0
2019-08-26,681.032470703125,684.6389600738967,667.75213503748,675.3894066461729,5412074.0
2019-08-27,665.8428344726562,674.5832574048105,662.830313602603,671.231333308338,16061642.0
2019-08-28,680.989990234375,683.1114543784073,667.2428922223339,668.1763675218431,5881134.0
2019-08-29,684.766357421875,687.0999684937179,675.0500391458512,675.0500391458512,7830413.0
2019-08-30,691.5125732421875,693.5915669695459,680.5657959563854,687.3544822003394,8174186.0
2019-09-03,690.9609375,697.8769319854633,689.0940385167863,691.5973768038073,5647088.0
2019-09-04,696.9435424804688,697.9194369173231,687.5666792742576,687.9909721957474,6199015.0
2019-09-05,707.762939453125,710.6905706701207,701.4834359346858,704.4110153581173,7926895.0
2019-09-06,712.939453125,718.7522457289922,708.6116340285287,715.612467590824,6106841.0
2019-09-09,703.5624389648438,713.0666099175037,702.2471413842159,710.0965597318952,4377870.0
2019-09-11,695.9251708984375,703.0957310305367,690.8761269898993,697.7920699555469,7981036.0
2019-09-12,692.785400390625,695.7129796807542,688.0757082242882,692.785400390625,4400017.0
2019-09-13,703.7321166992188,705.2171416869812,693.7188157118758,694.2279464188271,4832021.0
2019-09-16,702.3744506835938,711.0724548074671,696.307041723661,706.0657780577628,4846496.0
2019-09-17,705.3869018554688,708.5690984051927,696.3070240082104,705.599048292117,5540901.0
2019-09-18,704.1987915039062,706.8294381345224,699.2345860943251,704.2412622218899,3199389.0
2019-09-19,696.4343872070312,701.7804674711329,691.7671652347324,699.9559872554435,6601607.0
2019-09-20,683.1113891601562,708.5689564580503,680.5656324303668,698.3010916986543,22462366.0
2019-09-23,648.6165161132812,684.7238822582095,629.5658069079171,684.7238822582095,17279260.0
2019-09-24,673.819580078125,677.7231060425099,649.1681716317383,649.1681716317383,13717998.0
2019-09-25,672.6314697265625,679.7171395399229,663.2970271111578,668.4309601909183,9313576.0
2019-09-26,664.0606689453125,676.3227415568422,660.2844525641069,668.4733245437923,18442824.0
2019-09-27,663.7637329101562,673.9891800517574,661.9816718962064,667.8793527633977,5087642.0
2019-09-30,683.6632080078125,685.6573640298278,665.4186123065238,666.224727425911,8178091.0
2019-10-01,673.3952026367188,685.2754029794016,671.6980311591926,684.8086911817946,5881438.0
2019-10-03,666.6489868164062,677.0441629140253,665.4185788356234,672.5466685121362,5497672.0
2019-10-04,673.310302734375,676.8319021495865,667.8793337893327,670.3826718467125,8201713.0
2019-10-07,670.0007934570312,680.5656952190815,667.0731625889608,674.4982870692188,3679845.0
2019-10-09,664.9942626953125,675.3894384296698,660.878590614142,675.0075644725517,6335025.0
2019-10-10,664.4849853515625,674.3710289283493,659.0115975299415,666.4791927126332,10402917.0
2019-10-11,691.4277954101562,699.0650686697535,659.0118029940397,663.1698947083612,20636344.0
2019-10-14,667.0732421875,676.322847646897,661.8968897924462,667.6248436464193,15150858.0
2019-10-15,651.9683837890625,658.4600851198286,649.1680613341763,656.0415847955844,13762133.0
2019-10-16,654.6414184570312,658.4600539310638,646.2403996967362,649.3801770007635,10767032.0
2019-10-17,652.98681640625,653.8778211966282,649.2530179211967,650.8653517655539,9860495.0
2019-10-18,651.5866088867188,656.635704934232,644.9252308382512,648.1498466337287,10037200.0
2019-10-22,546.1072998046875,586.4575382196058,541.6946439439173,586.4575382196058,90152532.0
2019-10-23,559.0393676757812,564.2379775715725,528.5353739819345,541.3384796372789,60516887.0
2019-10-24,545.9354248046875,561.2733766422223,543.0569005033251,558.5237109606983,25666433.0
2019-10-25,547.7400512695312,560.672016015732,546.4941029670582,555.9460449995073,16549337.0
2019-10-27,557.5354614257812,560.6718074571917,554.6998903599261,559.4688124859784,2945281.0
2019-10-29,559.0822143554688,561.745921648179,555.945868155062,559.382936891724,16709764.0
2019-10-30,567.6319580078125,576.9120868141313,563.8512133510844,567.4601465040402,22879467.0
2019-10-31,589.1137084960938,597.5775238538986,572.3579941951182,574.3343511716492,27405901.0
2019-11-01,591.0899047851562,596.3314135223521,586.5357468465204,592.8943448565173,9713519.0
2019-11-04,609.2205810546875,629.4133647708866,582.7122029841829,585.8484974983234,29381982.0
2019-11-05,598.1358642578125,609.0056150855132,594.1832561998341,609.0056150855132,12897805.0
2019-11-06,612.05615234375,619.9614228329414,594.6130347891828,597.8782403870715,21372589.0
2019-11-07,618.7583618164062,622.4102478417876,611.8842234156884,616.0946541643336,13733737.0
2019-11-08,608.4901123046875,622.3242937840934,606.213033157995,620.3909425089616,8585630.0
2019-11-11,605.2679443359375,607.6738824348546,599.768612299398,600.5419738951829,6951494.0
2019-11-13,594.054443359375,601.487126688807,590.961101971753,598.4796910553631,9973690.0
2019-11-14,606.041259765625,609.9079628935795,598.3508063887009,598.3508063887009,10539902.0
2019-11-15,604.8383178710938,612.6146770181326,603.4634586228076,609.2635133237978,7362623.0
2019-11-18,605.9553833007812,610.079856347548,600.8856846430654,605.783519331016,7490916.0
2019-11-19,612.5286254882812,613.5168037835034,605.7833986937954,609.9938291097293,6495885.0
2019-11-20,612.6575927734375,614.3761273955229,605.783454285096,612.485728822126,6142171.0
2019-11-21,612.8724365234375,619.9184392726071,610.509451314269,614.8057880582118,9692973.0
2019-11-22,595.64404296875,611.7982560956572,588.683947071143,611.5834392922528,14415826.0
2019-11-25,599.8546142578125,605.9124920234493,595.6442350208497,595.7730936771347,7334511.0
2019-11-26,593.4100952148438,607.7169196025733,589.4574858216547,605.783567790476,27253106.0
2019-11-27,597.835205078125,599.4678338747251,592.9803240083766,596.5463041688656,3861635.0
2019-11-28,603.0767822265625,604.3656832806441,596.3745072344419,600.7137969607463,4837683.0
2019-11-29,598.3507690429688,603.4634200154866,594.2262964530142,602.2604772514035,4262379.0
2019-12-02,595.2144165039062,604.9241256451888,593.1521541882757,604.1507641654501,9383736.0
2019-12-03,600.0693359375,601.2293783331933,591.6485263538979,595.2145068526893,5239013.0
2019-12-04,609.0917358398438,610.5095481684803,595.7730898206862,598.9094371195366,7427886.0
2019-12-05,614.2471923828125,615.1494649806565,604.7522994549195,607.0293787186483,4814422.0
2019-12-06,614.4620361328125,618.6724669555772,609.736065899124,615.192444818055,5226096.0
2019-12-09,616.3094482421875,620.6916903326968,613.7316464370616,615.2353641567183,6435865.0
2019-12-10,613.989501953125,617.3836186267462,610.0798458246204,612.6576479900766,4457939.0
2019-12-11,619.5746459960938,620.9924579502369,612.6575550571316,615.7508962082478,6043554.0
2019-12-12,603.29150390625,619.2739059231227,601.1003829490404,617.3835075195558,11112042.0
2019-12-13,611.1968994140625,612.5717587400071,601.7879107674444,601.7879107674444,10302412.0
2019-12-16,613.5167846679688,618.8442518306578,610.2515797764845,612.0560199296576,5616324.0
2019-12-17,627.0072631835938,628.3391168053279,614.3760253207649,618.4145915007858,10525565.0
2019-12-18,629.3704223632812,633.5378483064871,621.0355180313489,628.1244741347854,12215295.0
2019-12-19,627.9954833984375,632.3777780829872,622.625062789073,630.2725627150136,7199210.0
2019-12-20,628.5970458984375,631.5615288699923,625.761474013023,628.1244593251216,7794167.0
2019-12-23,632.4207763671875,633.5378134450369,628.6829843328982,629.1126180124955,4975608.0
2019-12-24,630.186767578125,633.2371565305662,625.8044721243651,633.2371565305662,2890759.0
2019-12-26,626.3629150390625,631.1747909886018,624.3006525203946,628.9836698409637,3821806.0
2019-12-27,633.2369995117188,633.7095860020081,626.2769034388314,627.0502649287666,3399094.0
2019-12-30,629.7569580078125,634.0962469210843,624.9020773022012,632.5065711182564,5368416.0
2019-12-31,628.2532958984375,633.924438996651,623.3554618887915,627.0073478470914,6927885.0
2020-01-01,633.1510620117188,635.8577748694352,629.4562232684716,631.5614385527498,2112415.0
2020-01-02,631.3037109375,636.5452206149837,628.0385056083046,634.9126441731436,5658200.0
2020-01-03,641.013427734375,642.7319623931803,630.6163140268093,630.6163140268093,7882938.0
2020-01-06,634.8695678710938,647.7156233670265,632.8503108716351,641.0992552489884,6519403.0
2020-01-07,625.460693359375,638.091880808106,623.0547029448412,634.1392721765393,7899363.0
2020-01-08,617.1257934570312,626.4058699298521,608.6190260970619,622.9258478082336,8639443.0
2020-01-09,625.1599731445312,628.5540897917724,613.7746803355894,620.1332799391682,13521186.0
2020-01-10,634.2681274414062,638.3496467880162,627.694712147083,636.2444315832944,9341405.0
2020-01-13,664.6861572265625,668.0802732841175,648.7467605524229,653.0430967150216,36952038.0
2020-01-14,666.4907836914062,667.607820828844,659.2299636297804,661.5929489936188,11414418.0
2020-01-15,659.5305786132812,664.9439518924611,654.8905668506321,664.9439518924611,6047430.0
2020-01-16,659.05810546875,663.7840762380827,653.25805043366,662.2374053844961,5740586.0
2020-01-17,659.7883911132812,664.127733038518,654.976515096355,662.2373344441845,3762957.0
2020-01-20,660.3041381835938,665.4167904318016,655.5781668096336,663.0107994122726,3887680.0
2020-01-21,655.1913452148438,662.0654839187372,653.687627373367,660.3039963649677,4448374.0
2020-01-22,661.8077392578125,668.5100142587062,658.1988058125564,660.3040213594156,9733935.0
2020-01-23,673.96630859375,674.95448700041,667.3929449935188,667.7366204578454,12528017.0
2020-01-24,672.5914916992188,675.8137441346989,664.7291747784413,666.5766204863226,7540490.0
2020-01-27,668.595947265625,674.3530493717882,665.4166998215759,669.4122617899837,3741610.0
2020-01-28,668.5099487304688,671.7751539292527,663.354345012753,671.0877505893266,5121009.0
2020-01-29,678.5635375976562,681.2272458001942,673.8805193553012,675.8997769495936,6832757.0
2020-01-30,670.8298950195312,678.5632996061508,668.5098631544441,678.5632996061508,3859680.0
2020-01-31,666.7484130859375,674.4818181034922,663.0105691934805,670.7010213389284,6092028.0
2020-02-03,659.4016723632812,679.6374044987804,656.9097764971231,671.9469525451278,6416745.0
2020-02-04,676.9736938476562,678.7352336975645,661.7216998917521,661.7216998917521,5771311.0
2020-02-05,674.1381225585938,675.3840705824857,665.4165912823738,671.087734255625,6310409.0
2020-02-06,662.7958374023438,676.0715282077489,661.6358474791257,673.9663127493939,7341622.0
2020-02-07,667.908447265625,669.2403010625379,662.4950738825356,666.7484574140747,2853344.0
2020-02-10,664.3854370117188,668.5099092532279,661.4209545599899,665.0728403110519,3827682.0
2020-02-11,664.6861572265625,669.4550798779453,660.9483657433054,669.3691741328972,4312817.0
2020-02-12,671.1306762695312,673.0210747118617,666.0180256341979,666.6195231993272,2948825.0
2020-02-13,680.7545776367188,682.2582955425115,672.1189510096988,674.5248891698634,4387430.0
2020-02-14,675.770751953125,686.7264095965432,674.1810760434396,682.6878429565338,5321680.0
2020-02-17,678.3485717773438,681.7856409332788,673.0640569718882,679.0789279947746,2929629.0
2020-02-18,685.3946533203125,686.5975961967343,673.3649098829785,674.5248998790851,5083346.0
2020-02-19,687.8005981445312,691.5813432225175,684.105758828003,687.4139173269309,3985192.0
2020-02-20,684.8360595703125,692.6553712672503,682.1293465122486,690.2064803636806,4564569.0
2020-02-24,683.847900390625,697.3813611703688,680.6686531479877,687.4997866327781,6627536.0
2020-02-25,686.0390014648438,692.5694116636162,683.461199684458,686.5545408427163,6996695.0
2020-02-26,672.5914916992188,688.659800999916,670.6581402379306,682.2152961289557,8760569.0
2020-02-27,668.381103515625,670.8729998695887,663.5262743370657,668.5100145994749,5223386.0
2020-02-28,628.725830078125,650.2934161406274,620.4338804966222,644.4504095828447,14123957.0
2020-03-02,636.760009765625,658.1128332217729,630.4873690869798,633.2799877575525,9821523.0
2020-03-03,641.8727416992188,652.1839504012142,636.9319541961793,648.7468808338824,7826587.0
2020-03-04,651.9690551757812,654.3320402192519,640.6267164780191,647.8016298045927,11013444.0
2020-03-05,648.4031372070312,664.686264377304,645.9542461777803,656.2654546302358,7755293.0
2020-03-06,634.95556640625,639.2948556767816,626.4917522394582,636.7170538393751,9216022.0
2020-03-09,605.3108520507812,623.6991405627762,598.9093002604727,622.5391507011657,10308654.0
2020-03-11,589.4573364257812,598.0070560948201,574.8927459768876,593.4529501363179,16165009.0
2020-03-12,542.3695678710938,575.7091309346221,539.1902681514557,573.9905962154143,13965574.0
2020-03-13,551.9503173828125,573.1312768534269,489.7823505344128,508.6862307304778,16903113.0
2020-03-16,501.0818176269531,534.5932470521457,498.37510427209446,534.4643359607634,19140152.0
2020-03-17,476.850341796875,508.6861809788303,472.59695867965655,505.3350179299897,16059887.0
2020-03-18,459.1065368652344,496.65653073330947,453.69316302281555,488.0638571912107,15390183.0
2020-03-19,468.77325439453125,479.47114252601534,437.5818626010274,437.5818626010274,16583991.0
2020-03-20,502.8432312011719,530.5546014471804,470.87847735853364,472.1673783002085,21354894.0
2020-03-23,452.3612976074219,482.0060205736713,443.29603774017926,464.00435947172974,17146150.0
2020-03-24,506.7959289550781,516.5486459305157,448.5376066291342,448.5376066291342,20027097.0
2020-03-25,520.887939453125,545.6348315607934,486.087607676413,512.9826684122734,18339548.0
2020-03-26,552.5088500976562,559.2540771338631,525.9574706932967,528.4493667341502,14843813.0
2020-03-27,560.84375,579.9194936239911,551.8643966613668,571.4556796621503,13495283.0
2020-03-30,538.5028076171875,570.1238326064855,533.6908794466455,537.1279485203846,14624804.0
2020-03-31,551.2200317382812,568.8350132669402,544.5177565725783,558.5238045672374,15175521.0
2020-04-01,517.9663696289062,547.7829584028392,510.4048271235866,545.0762451595822,13083824.0
2020-04-03,503.2727966308594,520.715909854713,500.2224086381385,518.5677419097678,10221655.0
2020-04-07,549.07177734375,553.582930443992,526.6449229093224,528.4493631712148,15145605.0
2020-04-08,542.7132568359375,563.3786793044334,538.2021030858991,541.3384500046095,11806896.0
2020-04-09,546.7089233398438,560.9297893635475,543.1429423901444,555.77418458549,11931114.0
2020-04-13,547.6969604492188,559.9844715077093,537.9442457955366,540.4790946458554,8330276.0
2020-04-15,549.1148071289062,561.3593672588752,546.1503241872838,559.7267907088572,11963447.0
2020-04-16,536.053955078125,545.5489019562737,518.5678841868994,532.7028436318851,17783287.0
2020-04-17,540.2643432617188,555.0867049655194,537.9013580625622,553.3681702752236,8878320.0
2020-04-20,561.3593139648438,567.9756826328771,549.0718021216468,549.9310694176118,13322913.0
2020-04-21,544.0880126953125,555.5162562007505,539.4479487418822,539.4479487418822,11660575.0
2020-04-22,551.520751953125,554.2274652032556,539.6628724890429,544.0881205149975,8266728.0
2020-04-23,583.7001953125,587.4380390795792,548.2983763749575,555.9888282624461,14451289.0
2020-04-24,565.3978881835938,580.0054324071821,562.6482223112272,574.4631477861883,7319940.0
2020-04-27,571.0689697265625,585.1609730212845,568.0185816044666,568.0185816044666,7183306.0
2020-04-28,567.7179565429688,581.7240040539833,561.1445402456878,578.2869346061016,7296571.0
2020-04-29,581.3372802734375,586.0202975390621,565.3978823763971,572.2720207639521,8639056.0
2020-04-30,614.8057861328125,618.6724891902516,599.8545133325081,601.4871422683001,16253821.0
2020-05-04,578.888427734375,602.5182800042948,576.0098506269107,592.722611176012,9122740.0
2020-05-05,578.888427734375,589.1136777947754,575.7091280307733,585.8055194551935,6393053.0
2020-05-06,572.1861572265625,585.54775421405,570.5964811398504,581.6380982067876,7934250.0
2020-05-07,571.3697509765625,579.446831413283,569.2215829169811,571.8852903326583,4779548.0
2020-05-08,579.318115234375,585.0752175386579,574.4202803651933,577.6425332468231,8400321.0
2020-05-11,586.7935791015625,600.241079021915,582.5831489348924,586.4498512508319,7370186.0
2020-05-12,590.8751831054688,593.7537075982532,580.4350643742691,583.0128662885886,7356039.0
2020-05-13,596.4605102539062,601.401297999113,587.5241079626278,597.0190026186598,8287101.0
2020-05-14,565.5267333984375,577.2127464381863,560.7577584420578,566.2570895463563,16888262.0
2020-05-15,560.5000610351562,571.2409025100194,555.6881850326236,571.2409025100194,9255353.0
2020-05-18,570.4675903320312,576.1816864987078,561.1015556379695,566.9875157564253,10435442.0
2020-05-19,574.506103515625,579.8335713362592,562.8200890569237,570.5534948607593,5902208.0
2020-05-20,575.3225708007812,578.2870543022835,566.8158536238301,574.4203503730706,5794636.0
2020-05-21,577.5995483398438,583.8292368989302,571.7565405942183,572.7017137422168,7213225.0
2020-05-22,594.9136962890625,597.9211318497405,578.7165286047592,580.0054295593355,11867731.0
2020-05-26,584.7744140625,601.0145887752245,583.4425600918948,595.4723035989442,7099606.0
2020-05-27,606.1701049804688,609.3923572369612,580.0054061686474,589.5002989953427,8774636.0
2020-05-28,607.8457641601562,610.0798383646927,592.894490805124,607.5020362307574,9440091.0
2020-05-29,601.8361206054688,610.3715571254415,587.8571591161989,603.1425665981,28290128.0
2020-06-01,609.2828369140625,615.4667130203887,602.2715875606066,608.5860763672796,12276438.0
2020-06-02,616.7294311523438,619.8213950978599,607.5407739082339,610.1101276902748,7059304.0
2020-06-03,611.0247192382812,620.0392275848711,606.1908801790817,618.9940602630236,11378568.0
2020-06-04,616.4247436523438,617.9053930185396,607.4973630484067,611.4167008745254,10782424.0
2020-06-05,612.7666015625,619.8649781519487,610.1972475918731,615.7714374549481,7718679.0
2020-06-08,627.8342895507812,632.1455713743576,613.1585694852488,616.3376089004659,10719105.0
2020-06-09,625.0037231445312,635.4552907767771,622.7827756545635,627.0940579347492,10078029.0
2020-06-10,623.4795532226562,626.6150554935999,617.6876745639556,622.7392550922599,7263049.0
2020-06-11,613.1151123046875,621.3457326543191,609.8925349050078,620.1263618027355,8825715.0
2020-06-12,602.7505493164062,605.4505692704912,588.3361075718079,588.5973861068697,9795316.0
2020-06-15,598.8311767578125,613.5069493377986,596.8279705603792,603.5779403113357,7857344.0
2020-06-16,610.7199096679688,620.1263093463955,608.9344442687287,611.4166701701821,10131760.0
2020-06-17,612.8536987304688,618.6455761010103,607.9327319999423,609.587584482618,7291916.0
2020-06-18,621.7810668945312,624.1326265846845,614.9004317345867,616.8165626919874,6670195.0
2020-06-19,614.508544921875,620.0391973657015,610.5456699641194,617.5133808909567,22438862.0
2020-06-22,612.8973388671875,617.2521585931737,609.6747616380736,615.8585843852059,7804096.0
2020-06-23,627.6600952148438,631.0132846424152,602.7940357424677,605.9295373754688,12157390.0
2020-06-24,621.9989013671875,633.0165629999383,617.8618227695662,624.3940521342314,10220838.0
2020-06-25,610.1102905273438,614.5521857256574,604.0135424421312,613.8989627165274,14945284.0
2020-06-26,651.6553344726562,654.6165804452945,618.3844960263928,618.5586994740606,26030458.0
2020-06-29,637.3278198242188,648.606812713326,635.890708157022,640.5068592531488,8954428.0
2020-06-30,640.9859008789062,643.5987926116884,630.795612489172,638.2423432957175,10411290.0
2020-07-01,637.45849609375,646.516488707229,635.5859024554995,642.118131668814,5477468.0
2020-07-02,658.97119140625,666.6792529504955,640.506801329227,642.2051382157956,17263756.0
2020-07-03,664.2841186523438,665.4163609907333,655.4002770229408,657.5776865811566,7796572.0
2020-07-06,665.4164428710938,674.9970461061488,663.2390330449449,666.4616102195291,8810958.0
2020-07-07,691.676025390625,694.1147137596291,666.7664251287603,670.119668150633,19362533.0
2020-07-08,674.7357788085938,683.6196216792831,672.5583689461415,683.6196216792831,8476642.0
2020-07-09,680.83251953125,688.0615095695268,674.9970505270675,679.3518702078873,6854166.0
2020-07-10,680.9630126953125,687.9743136782615,673.6904863686716,673.6904863686716,5206452.0
2020-07-13,694.2017211914062,701.4307104643391,684.6211189079156,686.3195090355082,10804688.0
2020-07-14,682.1824340820312,702.3452684310176,680.5275815067354,690.6307940411988,8961822.0
2020-07-15,723.7274169921875,738.9692842661574,692.242052759621,695.9001115372566,30060599.0
2020-07-16,793.4481811523438,832.2060780362947,778.8595345724297,783.9546525619442,90432109.0
2020-07-17,786.6110229492188,801.1996674470666,777.0304205924231,793.4480679128025,31682878.0
2020-07-20,813.7415161132812,823.0608399595206,789.7464726278258,791.2706593684916,18421053.0
2020-07-21,815.8754272460938,827.1544202989401,809.2996604819718,823.0608793675566,12877784.0
2020-07-22,799.457763671875,817.8350802061377,792.577127782306,817.7915426441868,14354201.0
2020-07-23,790.7916870117188,797.6287323921299,784.4336611464684,797.4981197022231,13051307.0
2020-07-24,803.7689819335938,806.2947984070607,786.6981114352445,786.6981114352445,18209580.0
2020-07-27,826.065673828125,829.854345310317,800.110961740573,802.6367250088961,16827870.0
2020-07-28,838.6075439453125,842.7010847807401,819.7512079884654,823.9318239474359,15818463.0
2020-07-29,831.0302734375,836.1253912768248,821.8415612454107,830.2463846194097,11152710.0
2020-07-30,837.3883056640625,847.1431125977414,835.0366923522814,837.8673252077128,12492320.0
2020-07-31,841.3511352539062,859.1623578070553,830.2898829887673,844.1817679553299,12704346.0
2020-08-03,833.4254150390625,840.8286085254143,825.1947951782345,836.1253819879639,8479792.0
2020-08-04,827.2849731445312,845.4446009062772,819.1850201526869,836.5172216435673,11133170.0
2020-08-05,822.7994384765625,836.9525989534081,817.2252493942267,829.157463012741,9614176.0
2020-08-06,845.5753173828125,848.6672818881982,820.8835110206543,830.4641143323012,10976491.0
2020-08-07,828.1996459960938,844.356016727954,826.5447932179795,844.356016727954,8010948.0
2020-08-10,828.5914306640625,833.3381942396638,823.3221100464963,826.4576117765276,5716319.0
2020-08-11,826.065673828125,837.8672233589381,824.0188768858094,827.3285820419939,6802442.0
2020-08-12,831.7271118164062,835.0803020711033,820.6223204240794,825.6739011706645,6908726.0
2020-08-13,828.4608764648438,843.5285413784923,825.8915223150804,831.5963252567942,5097703.0
2020-08-14,830.5512084960938,838.7382909592568,829.2012249940352,832.5108774002041,4663873.0
2020-08-17,833.9478759765625,846.9687960035885,830.9865776597209,830.9865776597209,9008210.0
2020-08-18,842.7011108398438,844.1382225386565,834.9931015883664,839.5221245003936,6141761.0
2020-08-19,835.5155639648438,846.1848705308918,833.9043021961849,845.6187759556873,6622744.0
2020-08-20,831.901123046875,840.9155774188267,828.5478804075061,835.1672374076421,5656501.0
2020-08-21,826.3705444335938,839.130186936515,824.4108756425974,838.7817801099039,6513773.0
2020-08-24,825.1512451171875,829.1576579147726,818.0093302889788,824.8028382828674,5798574.0
2020-08-25,817.0512084960938,826.2399201143072,813.1318709692636,825.2382903714615,6233918.0
2020-08-26,828.1124267578125,831.1172627041618,817.3125067985687,819.7947325337095,5153601.0
2020-08-27,824.8463745117188,836.9527943325807,823.2351125142904,836.1253679719745,6154280.0
2020-08-28,814.5689697265625,829.5930966742055,812.6528385564291,828.6785952310149,7593610.0
2020-08-31,808.7770385742188,827.851168830503,796.5835442411025,814.5689696462156,12808355.0
2020-09-01,796.191650390625,814.3512259843709,794.4061319130727,806.7302920513621,6907773.0
2020-09-02,804.7706298828125,806.8609644709502,795.6255090886897,796.9319549164215,5678118.0
2020-09-03,814.8302612304688,826.8931430703163,804.7706388763972,806.948048613617,8827948.0
2020-09-04,800.5465087890625,809.5609641024442,796.4529677308403,796.9319872552302,8650342.0
2020-09-07,805.6851196289062,807.8625293101688,795.2335531588458,800.3287237086498,6700385.0
2020-09-08,818.096435546875,829.1576884511645,806.1206811180898,809.9529437990697,12891964.0
2020-09-09,808.0367431640625,823.9318340427951,806.5125563674717,814.3512313213672,5528947.0
2020-09-10,818.74951171875,820.4479017651144,805.4673137336991,814.6124336578325,5171884.0
2020-09-11,823.6705932617188,831.0302490487492,810.867412951651,814.264193517794,6671903.0
2020-09-14,852.151123046875,863.1687847709663,825.9350770836934,833.5124738414082,21871587.0
2020-09-15,855.6785278320312,865.7381506406906,846.2721279740566,853.1091735941211,11608203.0
2020-09-16,872.4881591796875,875.8849399351467,855.2866207281788,858.770476617092,10059251.0
2020-09-17,880.5445556640625,889.2541951859622,866.6091324290229,866.6091324290229,15628241.0
2020-09-18,872.8364868164062,887.3380037422411,870.1800044146664,880.5444960073027,12897633.0
2020-09-21,879.58642578125,897.963742011611,871.3993442120434,871.8348261431838,14140637.0
2020-09-22,877.49609375,890.5605517214641,863.2993933862256,878.8025395471465,12625762.0
2020-09-23,888.1653442382812,903.1894699437095,878.0185945995461,888.5137510256503,13486204.0
2020-09-24,849.5381469726562,878.8025106010567,844.8349209940783,873.5767275845985,14427432.0
2020-09-25,880.9364013671875,883.941237297441,849.1897582351297,849.8865186869268,13311078.0
2020-09-28,880.0219116210938,885.0299538514527,869.65742035015,883.8541207365016,8554526.0
2020-09-29,878.8025512695312,895.350864920791,874.5348070114925,886.64122615697,8708463.0
2020-09-30,878.1492919921875,891.8234349169315,875.3186595111812,878.8025148724197,8048817.0
2020-10-01,886.33642578125,894.0444349601498,881.1977175557054,888.9057267346052,5563358.0
2020-10-05,913.3798828125,918.7799232769341,886.6848687353566,886.6848687353566,14212509.0
2020-10-06,919.5200805664062,923.2216769125178,898.2685414567296,918.8668576817984,9090819.0
2020-10-07,928.9266357421875,933.6733467030201,901.8831627900908,910.0702451163668,9284008.0
2020-10-08,952.5731811523438,978.9634300230256,947.957136243359,949.3506572287348,21482613.0
2020-10-09,963.9829711914062,969.6442370355652,948.0006971762817,953.7926288806133,10567867.0
2020-10-12,986.01806640625,992.8987014785054,968.5987909417148,978.0923173336505,14633537.0
2020-10-13,1008.4020385742188,1015.5874906966795,989.0230919409153,989.0230919409153,17523825.0
2020-10-14,990.285888671875,1014.5858011352408,985.1471807386598,1012.0599847288644,16649573.0
2020-10-15,965.2457275390625,1032.9631697372688,951.5280463220626,1027.737386416507,44288251.0
2020-10-16,982.011962890625,989.3715665594701,955.3604843189605,970.1232823865377,18365685.0
2020-10-19,980.6182250976562,992.0278303284492,971.3860295032295,988.5439749102633,12902123.0
2020-10-20,990.7215576171875,996.9924559378625,966.7700474330358,974.5216483564036,10448776.0
2020-10-21,1000.1714477539062,1005.3972315429131,988.5441000871346,993.9005497346353,19811433.0
2020-10-22,983.3619384765625,1008.5763035374603,978.7893775149289,994.6408796543866,11271335.0
2020-10-23,988.1596069335938,999.1636114651482,986.0908755738578,997.4029707400995,9069862.0
2020-10-26,979.3123168945312,994.4098321814356,971.1254022287984,987.9394991901848,6309368.0
2020-10-27,960.2974853515625,976.89150337351,948.2371388747482,973.3702217789966,10172479.0
2020-10-28,947.708984375,972.5339770575176,941.9869016858179,964.3910132306047,7608392.0
2020-10-29,946.2122802734375,952.5065920923057,933.227555473658,941.9427481874003,6935616.0
2020-10-30,933.6676635742188,953.9150299296095,926.4050212945677,943.7033362164763,8800386.0
2020-11-02,943.9674682617188,950.701832356704,925.304614065954,937.5410873079894,7183119.0
2020-11-03,935.3843994140625,950.2177753204271,930.9387388117058,943.7033834573509,7204782.0
2020-11-04,963.0261840820312,982.4372863532313,939.1255780037615,940.1819191982537,15702690.0
2020-11-05,971.8735961914062,988.5996816331061,967.47199475938,977.0675073733918,9568890.0
2020-11-06,979.5762939453125,986.9269460585514,961.0455109137039,975.3947730320434,8807127.0
2020-11-09,1000.528076171875,1008.8470599910769,986.9711221108648,994.1457540209716,10160320.0
2020-11-10,960.4735107421875,980.5447491984452,948.9852877896575,980.5447491984452,15622869.0
2020-11-11,988.1596069335938,991.5488188371161,956.908234063979,964.8311173266982,12514800.0
2020-11-12,983.97802734375,1005.3257948795012,980.4567461007396,993.0893210678446,9180976.0
2020-11-13,989.6560668945312,997.402928742945,983.3178035356307,985.9587645120022,6363212.0
2020-11-14,997.7990112304688,1003.257061622738,995.7302799965578,1000.9241913117424,1136144.0
2020-11-17,989.2158203125,1007.9666845910259,979.4883460425909,1007.7466045288882,12813968.0
2020-11-18,977.6397094726562,997.1387172976902,969.6287091235797,993.4414151834775,9839468.0
2020-11-19,965.4913330078125,981.2930401282673,962.8944309889007,968.3523741131469,10092343.0
2020-11-20,971.301513671875,976.2753455358287,960.5175885295721,973.6343842764893,8063554.0
2020-11-23,1003.43310546875,1007.7907555736708,970.0689435091072,972.7539634968152,10546363.0
2020-11-24,1003.6090087890625,1016.6817412481893,997.7107994320979,1007.9665504551202,8515426.0
2020-11-25,982.1294555664062,1006.646356710311,978.2560243938199,1000.9242742279174,8958701.0
2020-11-26,979.972412109375,985.9145735106353,966.8557269849931,985.9145735106353,10962256.0
2020-11-27,968.352294921875,986.8390205522016,960.4294125088778,984.1980597478693,25306145.0
2020-12-01,1001.67236328125,1003.7851533487884,972.7979238947823,972.7979238947823,8933802.0
2020-12-02,1004.3573608398438,1010.1233938062726,986.8389669635521,998.2831298275363,6741637.0
2020-12-03,991.6368408203125,1009.7274674632673,988.3356394227649,1009.7274674632673,16212632.0
2020-12-04,998.8555908203125,1000.9243223250045,981.5572729924187,990.3604772345032,10564055.0
2020-12-07,1006.646240234375,1015.0092828948267,1000.0438381340183,1009.9915002829443,7792141.0
2020-12-08,1015.3173828125,1027.3337762375502,1007.9667298988817,1007.9667298988817,12308330.0
2020-12-09,1034.552490234375,1038.3379109356183,1018.5307019521072,1028.258285348404,10039346.0
2020-12-10,1027.994140625,1031.427411655572,1012.368453623421,1018.8828460345864,9488782.0
2020-12-11,1023.9887084960938,1031.6915124639877,1016.9902038753758,1020.9075869089361,10574009.0
2020-12-14,1025.1773681640625,1032.26388431319,1010.784040800136,1029.4469014587928,6728187.0
2020-12-15,1016.4178466796875,1024.4287403099272,1014.1290352797589,1017.6503166522581,6905926.0
2020-12-16,1026.189453125,1029.0065428975945,1015.5375977166881,1021.1716698008904,7788404.0
2020-12-17,1020.46728515625,1029.0064568472642,1017.8263241620972,1026.3654958531113,6658153.0
2020-12-18,1047.4051513671875,1051.9827740102896,1034.9045384462956,1041.2868607153957,15995676.0
2020-12-21,1036.401123046875,1064.9674735459034,1014.1730356676362,1045.8205071895295,10858352.0
2020-12-22,1074.430908203125,1077.3799596666704,1035.3446660438115,1040.5385772192492,10901851.0
2020-12-23,1103.085205078125,1108.1909974629248,1083.278001736591,1089.8363438586277,15878346.0
2020-12-24,1088.119873046875,1100.312286849666,1079.272611671543,1100.312286849666,7313885.0
2020-12-28,1091.861328125,1098.639751556463,1088.075907791497,1090.2326495757873,4607051.0
2020-12-29,1100.66455078125,1104.3177941793053,1087.1956067576748,1087.1956067576748,6878105.0
2020-12-30,1097.5833740234375,1103.305455874379,1089.968582068067,1103.041316804562,5194690.0
2020-12-31,1105.50634765625,1107.7951590929808,1090.7169226695585,1094.2382040986772,7430470.0
2021-01-01,1109.5997314453125,1114.0453921542232,1105.5063278261723,1107.3549790511033,4253550.0
2021-01-04,1134.07275390625,1135.6133146043567,1110.2160925877665,1117.1265862270766,7208454.0
2021-01-05,1138.95849609375,1143.5361188661745,1122.4524897590766,1128.5706731227374,8145280.0
2021-01-06,1128.65869140625,1146.1770877418114,1116.2902550512151,1144.416447054036,7161715.0
2021-01-07,1111.096435546875,1142.3478103430095,1105.242283283007,1140.895260163104,10954918.0
2021-01-08,1155.068115234375,1159.2056846592145,1125.2692978970617,1125.2692978970617,13186251.0
2021-01-11,1211.4967041015625,1217.791015480157,1179.6291535352227,1181.4778045970766,20528626.0
2021-01-12,1207.579345703125,1213.0813474604747,1197.2355823993075,1213.0813474604747,8309868.0
2021-01-13,1221.136474609375,1226.110306403351,1197.235754056419,1209.4281702066341,14442997.0
2021-01-14,1206.4791259765625,1218.3634515516692,1160.6584054970342,1197.2357616403685,27521697.0
2021-01-15,1183.98681640625,1201.153063298787,1179.6292736409982,1197.235680710267,15018441.0
2021-01-18,1155.024169921875,1179.629076709147,1149.6981896881687,1177.8684362961483,8861765.0
2021-01-19,1159.0738525390625,1171.7064285295091,1154.98034127026,1162.022904326786,5585744.0
2021-01-20,1179.1448974609375,1187.0238280519566,1162.506930964582,1162.506930964582,8225838.0
2021-01-21,1179.364990234375,1198.1599134497121,1175.227528063781,1188.4323317498906,6142421.0
2021-01-22,1180.37744140625,1193.7143153151292,1167.78892571395,1168.1850268607495,9646591.0
2021-01-25,1166.5123291015625,1186.5836735677526,1155.8604756845532,1184.0307233783124,6542611.0
2021-01-27,1145.296630859375,1168.6691761875868,1131.2995175680549,1161.6705658114433,8133665.0
2021-01-28,1123.4647216796875,1141.291207719844,1120.251638559747,1137.1978043016243,4660690.0
2021-01-29,1090.7608642578125,1136.6255284428273,1083.6742431601515,1132.311937664293,12183519.0
2021-02-01,1109.9959716796875,1125.0053694528378,1092.4775748930736,1100.8846773780538,8880279.0
2021-02-02,1119.107177734375,1139.4866141052723,1112.3727059690884,1126.8099803343166,6892490.0
2021-02-03,1130.9034423828125,1147.937617904773,1120.6476898717608,1124.7412005689066,8182968.0
2021-02-04,1126.237548828125,1138.6060897708453,1119.8112762871979,1131.2113791078327,5032240.0
2021-02-05,1119.8555908203125,1134.5129473844413,1110.9643760226304,1132.4442158784987,5477481.0
2021-02-08,1147.54150390625,1153.2195265295848,1122.8484779301416,1131.6516804227338,6921922.0
2021-02-09,1149.3021240234375,1172.5865512190387,1142.523593747769,1150.490534846669,7965949.0
2021-02-10,1141.335205078125,1148.2456975542023,1129.9790523514478,1140.7190238869975,5951207.0
2021-02-11,1137.946044921875,1140.8950964026346,1129.494991625902,1134.7328543695958,4673317.0
2021-02-12,1153.0435791015625,1165.324004378613,1145.780936581356,1148.8179986508705,5797875.0
2021-02-15,1152.91162109375,1169.4176284182483,1150.6667611132243,1162.022915644676,4363513.0
2021-02-16,1135.96533203125,1161.8027112398622,1132.0919012346753,1156.7408695352747,6896421.0
2021-02-17,1127.9544677734375,1139.574653000407,1122.4084067790798,1135.9653611845283,4575741.0
2021-02-18,1137.77001953125,1149.6984035323842,1122.4084720549693,1123.2887924252084,6437551.0
2021-02-19,1136.7576904296875,1143.9762741850557,1123.9930455849908,1140.983163556862,5389696.0
2021-02-22,1113.78125,1151.9432226672286,1109.2036272212563,1140.0148390885133,7371303.0
2021-02-23,1114.79345703125,1136.4933713221178,1107.0467037947092,1119.0190369500622,6612942.0
2021-02-24,1121.792236328125,1123.8169086048074,1102.1610500403006,1109.2476716611327,4537258.0
2021-02-25,1122.0123291015625,1144.196358621312,1119.767469256633,1134.2486958235556,8788221.0
2021-02-26,1103.305419921875,1121.792145299428,1095.7786387480553,1117.1264049578488,15132388.0
2021-03-01,1115.3658447265625,1130.7714503167083,1108.3232821710671,1112.1087025290365,5756286.0
2021-03-02,1148.3778076171875,1153.2195691671259,1126.1056615030825,1128.7906813469826,10461434.0
2021-03-03,1182.7545166015625,1185.7915789976744,1151.459083391951,1161.3186288892,9056399.0
2021-03-04,1171.1337890625,1200.6245115442393,1167.2164077172147,1175.2272988991695,12041941.0
2021-03-05,1159.11767578125,1179.6291813973996,1148.8620304341473,1169.5054981242129,6486176.0
2021-03-08,1175.887939453125,1184.999233830919,1159.5579535326617,1166.2484743431805,5119392.0
2021-03-09,1184.5150146484375,1188.8284981205222,1160.9223877834072,1170.3858309444852,6518173.0
2021-03-10,1204.41015625,1209.560008154973,1192.8339236171678,1194.5065535631416,7925984.0
2021-03-12,1210.308349609375,1225.1417252536396,1206.0828766227546,1208.6797785376261,9462061.0
2021-03-15,1209.207763671875,1214.7538237256626,1195.9149506008914,1206.0386325529785,6658635.0
2021-03-16,1218.3634033203125,1237.7304516389881,1215.282281996887,1220.1681030798554,9352771.0
2021-03-17,1221.004150390625,1232.4483132998378,1216.602549271697,1225.6258315654993,7626744.0
2021-03-18,1177.076171875,1226.946334982818,1156.300635695018,1226.946334982818,10961755.0
2021-03-19,1183.546630859375,1193.0100744562515,1160.2622009937772,1170.826045008895,12767112.0
2021-03-22,1206.7430419921875,1211.320664308968,1176.1958648328152,1188.5203483359587,4862758.0
2021-03-23,1207.4034423828125,1217.7031476926572,1196.8835495202284,1208.1956447443526,7165335.0
2021-03-24,1191.7335205078125,1206.4348254772435,1185.131118732146,1195.342811986317,6134303.0
2021-03-25,1174.1712646484375,1190.6332113514952,1168.713214286175,1185.5713696026812,8749994.0
2021-03-26,1176.283935546875,1194.3305015997794,1172.586633291157,1183.7666580566158,4922071.0
2021-03-30,1219.5078125,1232.4484785402813,1176.240046207622,1185.7034898821278,10546381.0
2021-03-31,1204.3221435546875,1221.8844893034448,1200.1406224277484,1216.6025678799429,8220987.0
2021-04-01,1219.419677734375,1225.0537493367353,1206.9191720368383,1214.8420550042574,5675155.0
2021-04-05,1241.16357421875,1254.4563888469693,1221.004218477717,1224.5254995692171,9479572.0
2021-04-06,1242.176025390625,1255.336771135885,1238.1264659665671,1252.6958101867913,5793571.0
2021-04-07,1259.0340576171875,1263.2155790672348,1238.2585199049374,1241.4717105113793,5879234.0
2021-04-08,1267.5291748046875,1277.9609489690665,1250.935158480307,1258.858041257452,5654434.0
2021-04-09,1268.5858154296875,1280.8662426063622,1258.902290571495,1280.8662426063622,6052712.0
2021-04-12,1255.1165771484375,1300.7172083820185,1245.653134606375,1297.59202855816,20384532.0
2021-04-13,1229.9395751953125,1263.4797584027474,1210.4404583199982,1261.4990376527692,14855206.0
2021-04-15,1197.8958740234375,1202.869705317751,1162.0228210258588,1172.850803933445,25342491.0
2021-04-16,1191.7335205078125,1206.786975064139,1185.439209322817,1201.6371231713124,10879878.0
2021-04-19,1199.48046875,1214.577875938815,1172.8947311912377,1179.6292029840504,12508028.0
2021-04-20,1189.6209716796875,1213.9618526540346,1181.7421469474377,1213.9618526540346,8560766.0
2021-04-22,1189.400634765625,1201.4610863273435,1184.1627724101147,1193.3181242443113,6622446.0
2021-04-23,1174.1712646484375,1187.0239195967097,1171.7063248124512,1182.2701684621502,7316262.0
2021-04-26,1182.7545166015625,1189.5769997026998,1162.9032485938587,1172.8068530955097,7088606.0
2021-04-27,1187.1119384765625,1191.073379873036,1179.7612853775233,1184.911137700744,3636115.0
2021-04-28,1193.71435546875,1196.7954765927475,1183.6786823155342,1195.4749961110342,4879234.0
2021-04-29,1194.0224609375,1205.1585346306288,1189.6649182780477,1204.278214298539,5412357.0
2021-04-30,1192.2618408203125,1209.472146593651,1184.8231768703517,1185.175326501452,8354677.0
2021-05-03,1190.237060546875,1198.1158839558777,1177.8685178052642,1180.3334575384226,4560337.0
2021-05-04,1170.2978515625,1192.7899711977664,1165.632110895416,1191.953709880542,4887060.0
2021-05-05,1180.9495849609375,1183.0623749987185,1168.8892408309257,1180.597435377813,3939788.0
2021-05-06,1198.64404296875,1201.3730142790157,1177.340335688776,1184.0307481639024,4810090.0
2021-05-07,1190.6771240234375,1208.723688040517,1187.1117842454348,1201.9012065218649,4991435.0
2021-05-10,1179.2332763671875,1190.9855326292056,1175.271834427564,1188.300512330176,7195348.0
2021-05-11,1171.3983154296875,1180.5096097171875,1166.5124944185009,1176.9003177121128,6420988.0
2021-05-12,1168.18505859375,1170.826019540081,1157.1810546507043,1170.826019540081,5241898.0
2021-05-14,1158.8536376953125,1168.0529416338368,1154.3640257610134,1168.0529416338368,4824609.0
2021-05-17,1170.2978515625,1175.18356484798,1162.2869581655425,1162.2869581655425,5017129.0
2021-05-18,1179.6292724609375,1183.6787245906223,1170.3859087588182,1177.868631755772,5620150.0
2021-05-19,1176.988037109375,1194.9905411398668,1173.6868365565251,1181.3896378465079,4435878.0
2021-05-20,1179.012939453125,1187.6400133214966,1175.227519439831,1187.0238321383868,4490092.0
2021-05-21,1192.3939208984375,1195.0348819635503,1185.2192885126847,1186.2316784131742,4969733.0
2021-05-24,1186.7156982421875,1199.8764423547975,1184.1186891544971,1194.286430531544,4225371.0
2021-05-25,1198.64404296875,1204.2781141176345,1192.3497316257221,1195.4749115290554,4099340.0
2021-05-26,1230.027587890625,1232.4484688115047,1199.0403550877556,1204.1902075545224,6850024.0
2021-05-27,1234.42919921875,1246.753684003248,1225.1417766288973,1236.1457809007707,15365391.0
2021-05-28,1236.8941650390625,1244.7729892781776,1229.015233338966,1241.0316277474617,4261312.0
2021-05-31,1240.186279296875,1247.0823823745798,1230.6207169632848,1247.0823823745798,4429904.0
2021-06-01,1234.3580322265625,1246.6375894033954,1226.750137806195,1245.7477695679897,4791325.0
2021-06-02,1226.750244140625,1238.584783804985,1214.604180610402,1228.6188442328298,9272276.0
2021-06-03,1236.5382080078125,1244.858002094692,1225.3264993342227,1235.1589437566838,5115645.0
2021-06-04,1232.97900390625,1242.9894780877164,1225.8604444883183,1240.3644441299962,4194328.0
2021-06-07,1236.5382080078125,1238.6292629848542,1225.5489543024312,1237.7394431120204,5154576.0
2021-06-08,1257.27099609375,1265.1014547357097,1241.788216584457,1242.1885920949892,7360630.0
2021-06-09,1259.362060546875,1267.9932695298262,1249.8409231050714,1257.6713811300513,5394317.0
2021-06-10,1267.370361328125,1271.552470863138,1262.6542730264473,1267.1033719447926,3496575.0
2021-06-11,1287.480224609375,1291.6623340076171,1271.9528047198082,1272.5312092843928,6140828.0
2021-06-14,1300.738525390625,1314.26374184493,1293.3084437450773,1308.9248234623508,7132294.0
2021-06-15,1311.5054931640625,1313.3740931171444,1301.806435115435,1302.6962549617203,5403104.0
2021-06-16,1317.4671630859375,1325.3420465256531,1305.8105455279979,1310.4375650008872,7661710.0
2021-06-17,1330.547607421875,1337.0877613114858,1312.5731820594183,1312.5731820594183,7677951.0
2021-06-18,1337.6661376953125,1348.7888851030746,1323.5179812685233,1342.73806706502,13533974.0
2021-06-21,1334.996826171875,1339.8908355733147,1320.6706390275504,1328.5010975180908,5454052.0
2021-06-22,1345.2740478515625,1353.8162962388503,1336.5983047696675,1343.360913550413,6427862.0
2021-06-23,1337.5325927734375,1356.9751327879565,1333.5284038570142,1356.9751327879565,5529809.0
2021-06-24,1387.4068603515625,1395.904682103593,1344.6955139031338,1349.8565117138808,10785137.0
2021-06-25,1400.7542724609375,1404.135631117183,1372.9919384117954,1398.7967123676879,9780240.0
2021-06-28,1398.618896484375,1406.0488705757884,1388.6528489007708,1399.5976766042195,5019178.0
2021-06-29,1390.8328857421875,1400.2649539245465,1387.4069926061065,1389.0087116988348,5913567.0
2021-06-30,1406.627197265625,1415.7033158675802,1398.8412739382577,1398.8412739382577,6058722.0
2021-07-01,1388.474853515625,1403.1123459447122,1387.27361849601,1403.1123459447122,4814317.0
2021-07-02,1395.0596923828125,1396.5278083315611,1372.636165574309,1387.1846993165,5166064.0
2021-07-05,1404.9810791015625,1410.3645329120188,1389.0533898850238,1396.2609093070173,4058338.0
2021-07-06,1390.076416015625,1411.921535049465,1385.5383568645227,1400.309343479352,4089574.0
2021-07-07,1392.212158203125,1397.506651645048,1374.4602951004547,1393.502462197475,4797120.0
2021-07-08,1388.7861328125,1402.3558835896204,1378.3307510661941,1395.2373258049015,3326813.0
2021-07-09,1390.699462890625,1396.9282018298825,1380.11058496977,1384.5596842120967,3436594.0
2021-07-12,1377.3077392578125,1404.135831527272,1364.7613001298819,1397.5067165820512,4588982.0
2021-07-13,1374.72705078125,1384.9155526207576,1367.030196440079,1384.9155526207576,4456160.0
2021-07-14,1403.1568603515625,1408.4068188807405,1368.631808761568,1382.7799652654269,5657716.0
2021-07-15,1406.627197265625,1420.9087400251894,1384.5596225581112,1386.2503019190274,10021355.0
2021-07-16,1384.0703125,1401.1549196596945,1378.8648878373513,1400.3540600299193,6265593.0
2021-07-19,1371.8353271484375,1381.8013754243057,1368.1426613770952,1374.5047869083064,5669162.0
2021-07-20,1379.2655029296875,1386.072538877651,1368.5431287264698,1368.8101181686106,5069939.0
2021-07-22,1414.9913330078125,1417.349377086102,1389.364589198939,1389.364589198939,7854575.0
2021-07-23,1415.214111328125,1422.3772054512997,1410.4091704426617,1413.523540301329,4179719.0
2021-07-26,1427.18212890625,1434.0782329842234,1418.461850623931,1418.461850623931,4586710.0
2021-07-27,1425.9805908203125,1431.9868737411334,1421.8429075285223,1428.1606056174205,5892859.0
2021-07-28,1428.69482421875,1430.4744640368153,1410.809465771312,1428.2499142642337,4686788.0
2021-07-29,1438.8387451171875,1441.5082047556239,1423.800767429878,1423.800767429878,4660873.0
2021-07-30,1433.054931640625,1444.5336299360965,1429.1842368464966,1432.610021695999,6234257.0
2021-08-02,1451.785400390625,1454.6327800322288,1440.7960400068473,1448.137052660321,5553389.0
2021-08-03,1472.829833984375,1475.89977776786,1455.3893859177253,1465.5333543568822,5513668.0
2021-08-04,1467.535400390625,1494.8084007547138,1458.4592812898322,1485.198302842802,6740391.0
2021-08-05,1471.361572265625,1482.439785316305,1465.5777435714137,1467.7577586309994,5420536.0
2021-08-06,1468.380615234375,1477.6792974732823,1462.8637758297223,1474.431433424483,3754855.0
2021-08-09,1480.0372314453125,1483.7298965059185,1464.9992559683262,1477.990602575094,5018477.0
2021-08-10,1492.4503173828125,1494.8973219276345,1478.0352795124588,1484.2194839138658,6846517.0
2021-08-11,1492.71728515625,1498.456579557271,1484.2194624118335,1490.2702806468778,4899639.0
2021-08-12,1503.4395751953125,1509.5793537960537,1489.5584074592362,1494.1410013448915,5659579.0
2021-08-13,1523.549560546875,1532.7147487919517,1504.9524118847114,1510.0243417706486,5612790.0
2021-08-16,1516.6090087890625,1530.44564260102,1503.8845411944826,1519.5453491889418,4564109.0
2021-08-17,1549.7547607421875,1556.205954643305,1500.7257088178133,1516.164061463956,9510390.0
2021-08-18,1542.4581298828125,1562.078700442846,1536.7188354684106,1538.4984751157394,6686090.0
2021-08-20,1542.01318359375,1552.7355556641908,1527.0197416428282,1527.0197416428282,6206972.0
2021-08-23,1547.1741943359375,1559.9876213215564,1541.1679106196082,1544.5047349064578,6189051.0
2021-08-24,1531.2464599609375,1563.4134691115678,1523.9944064933602,1557.1847301908044,7602939.0
2021-08-25,1544.326904296875,1554.4263380022362,1528.7105222770665,1528.7105222770665,6153253.0
2021-08-26,1537.341552734375,1553.6252977570348,1530.4899840447308,1542.9474606590484,5302248.0
2021-08-27,1520.5242919921875,1537.341801243583,1517.3208534484993,1534.9393309564102,6698514.0
2021-08-30,1510.95849609375,1529.2887615369723,1504.1513531642884,1515.4075949207736,6559667.0
2021-08-31,1518.4329833984375,1526.0409862826573,1500.1027168908208,1512.8271837232185,12255438.0
2021-09-01,1492.8951416015625,1521.1469197245544,1488.8019923220322,1521.1469197245544,7801974.0
2021-09-02,1502.9947509765625,1507.6218795661478,1479.4590583890802,1492.539367293398,6830050.0
2021-09-03,1513.272216796875,1517.9881970388528,1498.8126435925517,1509.179067029308,5339139.0
2021-09-06,1539.744140625,1541.1678305226144,1512.1151935175735,1517.276191594575,4876026.0
2021-09-07,1518.611083984375,1543.748494999435,1516.2530396340658,1539.3883559665105,3520341.0
2021-09-08,1506.6873779296875,1513.4499866926615,1497.5221905318458,1513.4499866926615,4584896.0
2021-09-09,1505.21923828125,1508.1556872378899,1496.8104841372344,1500.1473085786038,3331674.0
2021-09-13,1505.4862060546875,1514.0284547777442,1490.6261495836065,1497.5667877701696,4662374.0
2021-09-14,1500.3697509765625,1509.089920271295,1493.651567709299,1509.089920271295,4945167.0
2021-09-15,1522.882080078125,1526.1299441294327,1503.9734089951633,1506.6874028811862,4062344.0
2021-09-16,1514.6956787109375,1529.8226145535493,1505.0855819038713,1526.2188010957557,3246568.0
2021-09-17,1504.952392578125,1528.7105397062314,1498.8570395600073,1510.0243223989958,7454864.0
2021-09-20,1501.8824462890625,1519.545348989545,1493.073207849401,1499.3464813829482,5660743.0
2021-09-21,1529.1109619140625,1536.4965105236413,1499.035114501679,1512.693828226547,4672222.0
2021-09-22,1527.7318115234375,1547.307849368149,1524.3060266247317,1527.820771789522,4553892.0
2021-09-23,1550.5555419921875,1552.7355570624668,1531.4688420353173,1541.1678996173023,3826090.0
2021-09-24,1569.5086669921875,1590.9978373584784,1559.3646993251812,1564.3032427719265,8280446.0
2021-09-27,1531.513427734375,1574.0912850316047,1528.7994337947073,1573.8688300732904,5045337.0
2021-09-28,1501.215087890625,1521.591984731913,1490.448289137985,1521.591984731913,6557197.0
2021-09-29,1505.79736328125,1513.9392351303588,1472.6515799855038,1476.433313650119,7792548.0
2021-09-30,1490.6260986328125,1515.3631327387895,1486.088039336983,1515.3631327387895,6914031.0
2021-10-01,1481.68359375,1493.963042912064,1478.2132744965895,1481.6390593077983,5733906.0
2021-10-04,1493.7850341796875,1502.0158675772525,1481.9059612165079,1488.223660262414,2947154.0
2021-10-05,1506.2869873046875,1515.3185712967768,1479.7703140555798,1486.8888723913853,4373310.0
2021-10-06,1489.157958984375,1520.702027218349,1485.9990552689544,1514.562248918571,4271698.0
2021-10-07,1504.685302734375,1516.4308808095564,1491.9164101508402,1501.1260234848555,5476108.0
2021-10-08,1533.9161376953125,1540.7232822082826,1511.2702628460072,1517.3655079328178,4738376.0
2021-10-11,1504.6405029296875,1539.3880039231137,1480.3929173187598,1496.6766604616632,8840633.0
2021-10-12,1499.4798583984375,1502.9056429059303,1478.8805082946456,1492.227805300915,7439300.0
2021-10-13,1520.880126953125,1524.8398906735067,1494.941963810283,1509.0900132988902,7104171.0
2021-10-14,1526.7083740234375,1587.0826277925394,1511.0919925515338,1560.7439825365639,19655776.0
2021-10-18,1594.690673828125,1600.7859181068043,1548.286546695853,1548.286546695853,13438109.0
2021-10-19,1621.38525390625,1632.3745072788313,1585.9259547717893,1614.1332004381575,10324260.0
2021-10-20,1603.7666015625,1644.3868947949425,1596.38116282424,1627.836269201316,5876115.0
2021-10-21,1560.4326171875,1614.1332239446729,1554.3817986991194,1614.1332239446729,8779629.0
2021-10-22,1530.3121337890625,1568.9302261697185,1518.9223969134766,1557.0956880152075,7369809.0
2021-10-25,1519.412109375,1539.1660689507266,1501.3041863732174,1532.3144987375008,5905209.0
2021-10-26,1529.421142578125,1549.9786248274681,1522.419103935256,1535.1216613849867,5871709.0
2021-10-27,1552.08837890625,1556.7565147555208,1527.1322237405088,1534.2689409244713,5090259.0
2021-10-28,1529.6007080078125,1548.3178492492198,1518.9629177698796,1543.470216730493,5329972.0
2021-10-29,1497.148681640625,1537.4107603815037,1491.1340972820406,1525.2019847743497,5875091.0
2021-11-01,1526.144775390625,1532.5632841362876,1504.5549072616056,1505.9014659494887,3636806.0
2021-11-02,1524.214599609375,1531.8899179452385,1513.8460544672046,1521.6112310437475,3471772.0
2021-11-03,1528.343994140625,1541.7646508726255,1525.2020241086177,1534.179081342924,3530713.0
2021-11-04,1533.90966796875,1541.3606690256308,1530.5882007505536,1539.5652576464513,483407.0
2021-11-08,1559.763671875,1562.9056418615107,1528.792824865108,1553.0308790467627,5245903.0
2021-11-09,1564.2523193359375,1570.9851126759775,1549.4401739878497,1557.2950995512297,4016134.0
2021-11-10,1562.1427001953125,1571.83785665347,1545.8043896132256,1549.4401417745487,4780368.0
2021-11-11,1555.993408203125,1561.7835664122908,1534.179114814545,1555.679123526493,4731349.0
2021-11-12,1598.0955810546875,1600.4745229836617,1560.257374940205,1564.7009741488232,5069009.0
2021-11-15,1604.3348388671875,1615.8703357362158,1593.8765450553617,1599.801381036417,4354074.0
2021-11-16,1608.9580078125,1623.9047204027208,1595.2230664459416,1606.8932408206165,6034233.0
2021-11-17,1604.60400390625,1617.6656656279301,1598.5444904528713,1609.182390626486,4732492.0
2021-11-18,1597.377685546875,1606.3995628785876,1579.0644657331543,1599.3525944279756,4326924.0
2021-11-22,1579.4234619140625,1602.7638105783417,1572.017389741743,1601.5070006566984,6621839.0
2021-11-23,1559.22509765625,1568.5163300051972,1535.0767917063313,1557.6091835159034,8436160.0
2021-11-24,1522.5089111328125,1562.4568159355308,1515.3272653255822,1562.0079630725788,7333061.0
2021-11-25,1546.2086181640625,1549.6198347328273,1523.3619379375202,1526.0999846845134,4476260.0
2021-11-26,1518.60400390625,1542.5727043871634,1511.7365327759849,1528.3890188200792,4494181.0
2021-11-29,1522.822998046875,1536.8721137604516,1498.4054475493863,1518.020294608016,3942776.0
2021-11-30,1537.455810546875,1552.9412350958905,1526.1447397494564,1530.1844157187647,14808963.0
2021-12-01,1539.4755859375,1563.7136407678477,1537.769923125387,1539.5653345943017,5193264.0
2021-12-02,1569.4141845703125,1571.4340226456925,1536.2888182174336,1539.5654663452515,5559574.0
2021-12-03,1558.0133056640625,1603.8860489685592,1555.3201883320971,1589.926680297916,6754012.0
2021-12-06,1521.88037109375,1556.5766054047815,1518.4690459276128,1553.0307120631214,3991449.0
2021-12-07,1536.5579833984375,1548.4525839240318,1520.7134558760026,1527.087144429678,4202122.0
2021-12-08,1573.992431640625,1579.782699760564,1555.3650364192983,1555.724140653463,3029169.0
2021-12-09,1583.0592041015625,1588.4006192094105,1563.8034590731309,1579.0644572385977,2082171.0
2021-12-10,1579.288818359375,1583.3284941772615,1567.394217340042,1579.962097662356,1823469.0
2021-12-13,1566.182373046875,1590.1510729588513,1560.930816277759,1586.2910039483113,4040584.0
2021-12-14,1572.9150390625,1582.6551238353716,1535.3908975682284,1553.8387932420226,4768144.0
2021-12-15,1556.8011474609375,1569.1446005691694,1545.1309736131548,1566.4964126446885,3053149.0
2021-12-16,1590.3753662109375,1595.7616003093601,1578.1665908378222,1582.3409441807426,4481031.0
2021-12-17,1634.587646484375,1653.5741467966507,1621.9300161372685,1633.824618441859,18887243.0
2021-12-20,1614.8829345703125,1642.4873870491053,1604.469569535608,1617.3964449810487,5773891.0
2021-12-21,1626.2838134765625,1649.98326863144,1616.7681538657364,1616.7681538657364,5353584.0
2021-12-22,1638.0435791015625,1642.0384352948865,1626.956935405642,1638.3129346501346,4156428.0
2021-12-23,1667.578125,1671.1689478831108,1640.1083518608461,1643.9236011741514,4112933.0
2021-12-24,1672.8746337890625,1683.871529020571,1664.346429323811,1681.357909134367,3780347.0
2021-12-27,1675.2535400390625,1682.7493608340567,1656.3119713909696,1669.7326279815125,2647733.0
2021-12-28,1694.8685302734375,1701.9604279258667,1686.2505766124211,1688.3152341779669,3340933.0
2021-12-29,1692.669189453125,1700.0752621912457,1684.4551595905639,1690.828848757635,3236635.0
2021-12-30,1699.2222900390625,1714.4384680998746,1682.6147338295473,1691.7264690178984,4584738.0
2021-12-31,1694.6441650390625,1704.1598248331377,1680.1911232252733,1696.6640031380364,4619420.0
2022-01-03,1704.2493896484375,1718.2536866238245,1694.6439822250395,1694.6439822250395,3329616.0
2022-01-04,1704.8779296875,1711.6107229414722,1685.8914307946536,1704.2494699005285,3921999.0
2022-01-05,1655.9530029296875,1708.2443650547573,1651.7786491009124,1705.640996354203,6995719.0
2022-01-06,1631.8494873046875,1641.0060417349105,1615.8702817958638,1641.0060417349105,6449205.0
2022-01-07,1628.7076416015625,1648.1878132075997,1621.9748482469563,1629.7399155826886,4834389.0
2022-01-10,1661.428955078125,1678.6200425032102,1627.5405622351159,1629.3359737764672,7857560.0
2022-01-11,1665.782958984375,1678.7099451847978,1660.8905059186006,1665.2443573891978,5142287.0
2022-01-12,1685.3975830078125,1695.7661280475315,1669.7326618149332,1677.7222647477881,5362535.0
2022-01-13,1702.7684326171875,1716.862370070224,1675.4332248182886,1710.1295764621054,14277630.0
2022-01-14,1731.9884033203125,1735.2650509150924,1688.5843563224464,1689.4820619876896,7688506.0
2022-01-17,1741.100341796875,1754.0273268080673,1733.0209898627827,1740.2475651482325,5262464.0
2022-01-18,1724.2685546875,1746.0379220966745,1715.919846239553,1725.480435698786,3690315.0
2022-01-19,1676.0615234375,1720.0041749935306,1672.2910936296498,1720.0041749935306,5747770.0
2022-01-20,1637.14599609375,1658.9602905001757,1629.7848524908381,1655.3694673605648,5533463.0
2022-01-21,1603.0330810546875,1623.0519627022786,1594.325379291619,1611.3817881916982,8252758.0
2022-01-24,1559.1353759765625,1587.7272819323061,1551.2355216165236,1584.450634058544,7116712.0
2022-01-25,1545.98388671875,1562.0079114802231,1526.5485364782296,1549.9786332337899,9137653.0
2022-01-27,1506.888916015625,1534.807544146456,1494.6801391976826,1527.8952534020755,11231734.0
2022-01-28,1513.7113037109375,1550.8315219794274,1507.6967193693058,1509.0432779159291,10998502.0
2022-01-31,1558.5966796875,1570.536209998629,1539.8795367121913,1542.2584788669017,8788872.0
2022-02-01,1590.779541015625,1597.9162579975496,1557.2501431039855,1585.4381259763172,5119935.0
2022-02-02,1604.2900390625,1609.4070279547248,1590.7347031811576,1605.995702026575,4253717.0
2022-02-03,1560.7064208984375,1597.0185757090092,1556.6218157838234,1597.0185757090092,3832922.0
2022-02-04,1562.995361328125,1574.5308575751117,1535.2114139423968,1554.8262614323921,4700077.0
2022-02-07,1539.5653076171875,1554.8263048355502,1521.9702974467775,1546.0287449587365,4310209.0
2022-02-08,1541.6300048828125,1548.5422947711145,1522.508830105397,1535.0767095991916,6053401.0
2022-02-09,1559.5841064453125,1564.7009849379867,1548.542282856011,1557.5193395682197,3867244.0
2022-02-10,1588.580078125,1592.4402566950537,1569.8629350970984,1576.0571267076214,4334630.0
2022-02-11,1545.2657470703125,1567.3492862638898,1537.769926089788,1562.00798096686,7551371.0
2022-02-14,1510.1204833984375,1542.7521732317396,1506.5745897197955,1517.1226316856573,7459637.0
2022-02-15,1560.4368896484375,1568.0673878863272,1517.5265145479614,1525.2019419028882,4669915.0
2022-02-16,1555.993408203125,1575.8775027443555,1550.2031404107388,1560.4370077977667,5350642.0
2022-02-17,1548.36279296875,1570.0872264830289,1544.3231174289137,1565.5986981054332,3937950.0
2022-02-18,1532.3388671875,1546.298236171717,1529.24182601946,1535.0769137031268,5602215.0
2022-02-21,1553.6593017578125,1559.5842473898958,1518.469280099005,1526.997484746324,5120890.0
2022-02-22,1556.93603515625,1571.8828586701877,1518.0654396952104,1526.0101141230716,8878515.0
2022-02-23,1564.5665283203125,1578.3912195278601,1556.0832523614588,1570.9851466934483,5478811.0
2022-02-24,1506.48486328125,1539.5203677498448,1499.6173926642882,1517.212402711859,13592379.0
2022-02-25,1521.252197265625,1551.3702701049137,1505.4525974086314,1539.5654171471692,9737281.0
2022-02-28,1540.10400390625,1551.2805065421107,1494.6801136600138,1510.1206091390077,15076542.0
2022-03-02,1528.6134033203125,1539.0267681608032,1518.0204315789038,1535.0768409224868,6771489.0
2022-03-03,1544.81689453125,1556.5319982242845,1531.0820625145825,1544.2333638859598,7344147.0
2022-03-04,1547.016357421875,1558.4171765738909,1509.043360495801,1521.8356673887606,9074499.0
2022-03-07,1561.873291015625,1571.8827318127442,1522.508916707261,1523.4066224364515,9742588.0
2022-03-08,1596.30029296875,1615.8703218106334,1542.6623753419804,1542.6623753419804,10984500.0
2022-03-09,1627.854736328125,1644.2378666327916,1607.7910342826165,1607.7910342826165,10193515.0
2022-03-10,1639.12109375,1656.0428266961933,1625.027046496264,1656.0428266961933,6547182.0
2022-03-11,1635.619873046875,1644.058328995704,1625.7451098177226,1628.438227062037,4758657.0
2022-03-14,1697.2923583984375,1701.1525372767376,1644.1931465505527,1644.1931465505527,10289724.0
2022-03-15,1651.1502685546875,1695.1826708755325,1642.8015610504856,1695.1826708755325,7140443.0
2022-03-16,1696.125244140625,1700.2097395006322,1659.8579103906748,1674.2212022058457,5233979.0
2022-03-17,1664.885009765625,1726.5574586044008,1645.5395172103943,1726.5574586044008,17731459.0
2022-03-21,1663.4937744140625,1693.8810937888873,1652.766124367728,1670.6304916817223,8362085.0
2022-03-22,1694.3299560546875,1696.663969227985,1650.8809732329441,1660.755737075012,5709382.0
2022-03-23,1680.8643798828125,1705.6410383121752,1667.0396884977417,1702.9479208832613,6192824.0
2022-03-24,1693.7015380859375,1700.7934360280046,1666.2766908514945,1666.2766908514945,3784303.0
2022-03-25,1684.58984375,1700.2547659493473,1667.937357515252,1698.4593543696753,3438588.0
2022-03-28,1682.2108154296875,1688.4947556370578,1663.1345683715988,1675.118918136154,4008555.0
2022-03-29,1693.072998046875,1696.125219429775,1670.2264311695085,1682.2107806865477,3917785.0
2022-03-30,1709.1868896484375,1722.6974055786316,1701.1524666865591,1714.6180534941045,7795839.0
2022-03-31,1711.790283203125,1717.3111957910278,1700.4342829138939,1705.6410203883704,5399145.0
2022-04-01,1708.8280029296875,1714.8875173758017,1686.160930372001,1693.8362495871393,6171518.0
2022-04-04,1690.3350830078125,1699.3570700816317,1681.4029541800826,1696.43952624763,7364074.0
2022-04-05,1670.7200927734375,1696.3047057811573,1667.1741990144267,1691.0980783575872,5472024.0
2022-04-06,1641.7691650390625,1667.4884571015807,1635.7545802518507,1665.244192690946,5407453.0
2022-04-07,1625.7449951171875,1641.1406695276235,1622.6479543380187,1634.7669810824043,5797544.0
2022-04-08,1628.976806640625,1649.9831427798194,1623.0519706996265,1636.517556739723,5131446.0
2022-04-11,1585.842041015625,1628.4381324552166,1582.2512182318208,1628.4381324552166,8248407.0
2022-04-12,1564.207275390625,1577.7177902011679,1551.0110452461267,1577.7177902011679,6456184.0
2022-04-13,1569.683349609375,1577.7177718117732,1554.8262764028398,1575.4285784375936,6257693.0
2022-04-18,1455.540283203125,1481.2146485276237,1427.3522976720737,1441.2667383097576,30523965.0
2022-04-19,1402.216552734375,1469.230317072034,1391.444082418874,1469.230317072034,17044923.0
2022-04-20,1425.287353515625,1433.007710513435,1403.114065665019,1413.8865344992996,10678747.0
2022-04-21,1453.2061767578125,1460.7468177276078,1426.678926828698,1431.8407351214557,7766514.0
2022-04-22,1423.267333984375,1445.9344009306021,1420.5293975883185,1440.2339921498753,8134245.0
2022-04-25,1401.4085693359375,1411.9117934470682,1395.1246284360798,1411.9117934470682,7000570.0
2022-04-26,1419.272705078125,1429.1474677320525,1406.3009016069334,1415.861379600755,5345435.0
2022-04-27,1393.95751953125,1411.8667052446997,1391.7580747141747,1411.8667052446997,8819356.0
2022-04-28,1420.7091064453125,1437.9451226972992,1398.131784782489,1409.3980358449844,9245177.0
2022-04-29,1407.198486328125,1433.9052284825837,1401.1389734023235,1427.3519336332495,9831395.0
2022-05-02,1383.364501953125,1393.9125440673035,1374.387444834675,1392.2518104170338,7072627.0
2022-05-04,1378.47216796875,1409.3980885628416,1373.6245347920797,1388.9752818655138,6220959.0
2022-05-05,1422.9984130859375,1426.8136628493476,1398.131895936832,1400.466018752797,6144870.0
2022-05-06,1385.0252685546875,1402.0816774855332,1378.0232295856404,1391.4438864637286,6171472.0
2022-05-09,1409.7122802734375,1424.4796064245756,1366.4429045725087,1382.466931176316,6832202.0
2022-05-10,1394.136962890625,1408.6349319744825,1387.8979520606213,1398.6254914253664,6212545.0
2022-05-11,1370.572265625,1391.39899537121,1356.9720014786396,1391.39899537121,7846080.0
2022-05-12,1354.4586181640625,1371.2456735751925,1350.4189418752976,1359.1266447088979,7034979.0
2022-05-13,1350.5084228515625,1372.8163866855402,1344.8528333350223,1363.8842591619366,6723761.0
2022-05-16,1336.7734375,1357.1962406708608,1327.3924574591954,1355.5355071648169,6145331.0
2022-05-17,1363.1212158203125,1369.0012321589384,1329.4124315587235,1341.9803117228055,6516378.0
2022-05-18,1354.8175048828125,1391.1745885847754,1351.3165400447583,1366.3081825774632,6594126.0
2022-05-19,1281.160888671875,1332.8237930944929,1272.6326833436513,1329.502325378898,16561140.0
2022-05-20,1306.296630859375,1316.7099963349126,1298.7109510177181,1304.3665414519367,10488908.0
2022-05-23,1318.191162109375,1335.7861731182122,1301.718283302418,1306.2516316480803,5887569.0
2022-05-24,1293.593994140625,1319.2235373026542,1288.4321860446441,1318.3706510846894,5693167.0
2022-05-25,1266.1690673828125,1294.9405813245614,1256.114806529215,1288.2077880074494,9630092.0
2022-05-26,1278.2879638671875,1283.719127084291,1263.1168254863983,1272.9466588849823,13040065.0
2022-05-27,1311.8623046875,1316.934364203155,1290.362295335605,1296.2422023774436,8284860.0
2022-05-30,1370.6171875,1373.4898020762826,1333.093043191686,1334.888454697668,10904213.0
2022-05-31,1364.085205078125,1377.1490921324805,1350.0688109873222,1370.5263940981097,16033857.0
2022-06-01,1341.3594970703125,1374.2005553330084,1335.5079082065708,1372.612932971673,8738508.0
2022-06-02,1368.0770263671875,1373.3841995793427,1338.6833068349495,1346.3039171942348,7205840.0
2022-06-03,1380.505615234375,1410.7158444976426,1377.1489723134544,1383.4087625181735,9395707.0
2022-06-06,1388.0809326171875,1394.0231097698384,1354.4686554434797,1375.3345489968622,6624883.0
2022-06-07,1366.8975830078125,1378.8274543628195,1363.1780324002411,1378.8274543628195,4904592.0
2022-06-08,1360.8192138671875,1379.1448683164317,1353.5615113932292,1379.1448683164317,4697608.0
2022-06-09,1374.4273681640625,1376.1963887958834,1344.0357398911278,1347.2109846360613,4361061.0
2022-06-10,1339.77197265625,1355.3305843397889,1336.868825108461,1348.208985661335,6516436.0
2022-06-13,1292.3245849609375,1309.6523266400254,1280.7122172604907,1309.6523266400254,6987685.0
2022-06-14,1306.885498046875,1314.4607030952413,1272.9557157577426,1279.1701015491417,6090247.0
2022-06-15,1290.2381591796875,1312.1927780968697,1287.1990180731677,1306.5679915960773,4651958.0
2022-06-16,1267.5576171875,1309.7884152368779,1262.8401551582572,1304.5719418948088,6641772.0
2022-06-17,1258.5765380859375,1267.3310542375973,1240.2961754557912,1261.9785865626236,9692047.0
2022-06-20,1282.9349365234375,1290.3740367989146,1253.7680243721102,1261.0711313296624,4595194.0
2022-06-21,1315.367919921875,1320.9018961015715,1290.737069147329,1291.8710851982403,6270787.0
2022-06-22,1303.8914794921875,1324.1676615992408,1301.8502508758318,1302.8028685276272,6253366.0
2022-06-23,1317.6812744140625,1322.7163500853471,1300.036028581826,1306.2051203282867,6254281.0
2022-06-24,1307.3843994140625,1331.334840499222,1296.3164470818606,1322.716318533469,6114340.0
2022-06-27,1337.776123046875,1346.303946473831,1329.2030054210798,1331.8339449854482,4511097.0
2022-06-28,1342.8111572265625,1350.1595593551679,1318.1803055555579,1332.6957115355226,4412178.0
2022-06-29,1327.4791259765625,1339.9533019425135,1321.8090459920393,1328.794540235472,5060038.0
2022-06-30,1326.2545166015625,1344.4894731370582,1319.9947256507555,1329.1122592903828,9165177.0
2022-07-01,1342.1307373046875,1347.2111072100613,1308.5184562919433,1319.0875083390094,4651635.0
2022-07-04,1349.9327392578125,1353.7883939230314,1326.345204835297,1342.901839574178,4800224.0
2022-07-05,1339.000732421875,1369.8459686483452,1335.4172860401247,1359.7306341867263,7379669.0
2022-07-06,1353.2440185546875,1360.8192234162877,1333.602838947962,1344.6707910009138,5209162.0
2022-07-07,1359.6397705078125,1373.4747656207644,1356.9181321249366,1363.5862347579819,3323472.0
2022-07-08,1373.928466796875,1376.1964989390626,1360.7738803721873,1374.427478165659,3652582.0
2022-07-11,1336.4605712890625,1360.7285139218584,1330.3368848303196,1356.2831490104652,4702638.0
2022-07-12,1305.116455078125,1332.3328420632538,1302.7577236881664,1326.163860792882,4710356.0
2022-07-13,1310.4234619140625,1324.530665006667,1305.116289274943,1315.4585371641556,5264025.0
2022-07-14,1296.27099609375,1318.1348025761679,1282.798908069353,1316.3657819014365,6157606.0
2022-07-15,1297.6318359375,1311.8297387301836,1279.7597876672385,1311.8297387301836,5620018.0
2022-07-18,1351.6563720703125,1355.0130151308297,1313.6895385614898,1315.4585592229448,5835171.0
2022-07-19,1346.4400634765625,1348.8894940377877,1333.6936777845513,1335.0092029512389,3418540.0
2022-07-20,1374.6998291015625,1384.225565088128,1360.8194266522028,1361.9534428410795,5079392.0
2022-07-21,1390.66650390625,1392.9798300677912,1363.631518545163,1376.2417984383378,5008061.0
2022-07-22,1366.53466796875,1397.1076946516139,1353.6975848594027,1391.6644179192049,7020642.0
2022-07-25,1364.085205078125,1376.3779833666647,1342.765703322451,1342.765703322451,7859626.0
2022-07-26,1316.501953125,1357.780137915972,1310.9225719330734,1357.780137915972,7268273.0
2022-07-27,1334.555419921875,1336.3244405660616,1310.9224824290286,1316.3657591726785,4517285.0
2022-07-28,1376.6048583984375,1383.000642812574,1351.6110990365607,1357.5533877504583,6636841.0
2022-07-29,1405.9075927734375,1411.3508694220957,1386.221119858289,1390.5757854747144,7009465.0
2022-08-01,1407.1324462890625,1418.8808076559778,1395.2025759173741,1418.8808076559778,2983249.0
2022-08-02,1400.37353515625,1403.458080558974,1386.538541149447,1403.0498791316793,4374635.0
2022-08-03,1420.785888671875,1424.3240406030138,1397.0169585338326,1405.2725725439927,6011955.0
2022-08-04,1451.4498291015625,1455.0332754831431,1428.8148025431328,1440.200367858984,7402209.0
2022-08-05,1466.6458740234375,1474.8560849776425,1453.6273900178592,1459.1613670009117,5361971.0
2022-08-08,1469.140625,1471.4993564435733,1447.9118205203101,1466.9632918429459,3763409.0
2022-08-10,1453.76318359375,1470.7734244892295,1440.744701377161,1470.7734244892295,4423829.0
2022-08-11,1469.6395263671875,1479.981775810349,1466.0560796284728,1478.7570605163432,3462090.0
2022-08-12,1446.18798828125,1464.241546222961,1442.6045418057784,1463.6065415227213,3562286.0
2022-08-16,1448.3199462890625,1459.7055121386732,1443.4663795689878,1459.7055121386732,3004430.0
2022-08-17,1457.2105712890625,1462.4270449294747,1437.9322991397132,1448.319841482686,4067324.0
2022-08-18,1436.072509765625,1449.9075054695088,1427.9529992074047,1446.187955002789,4635706.0
2022-08-19,1448.90966796875,1455.985972727663,1438.023113412736,1438.2046224349253,4739884.0
2022-08-22,1429.4500732421875,1450.6334729783907,1427.9531497610926,1438.8397049053958,3950555.0
2022-08-23,1399.2850341796875,1410.262286827083,1390.757211776081,1404.3654036721289,5551574.0
2022-08-24,1394.839599609375,1402.5509079649391,1388.942716749238,1392.5715677400915,2888426.0
2022-08-25,1377.2850341796875,1405.0003167553077,1373.2932760016033,1404.3653121390466,4331088.0
2022-08-26,1380.3697509765625,1401.5984429909956,1376.6500897106735,1392.7078235409888,3079136.0
2022-08-29,1326.118408203125,1332.2874999956043,1315.458657016953,1332.2874999956043,8079050.0
2022-08-30,1354.4234619140625,1357.2812047129148,1329.9741184273807,1336.4153079026626,6725875.0
2022-09-01,1328.3411865234375,1331.879339255583,1316.4114245616342,1324.5763412925376,8140604.0
2022-09-02,1318.1802978515625,1340.8606195627042,1313.644233509334,1340.8606195627042,5175653.0
2022-09-05,1325.710205078125,1330.8812741156314,1312.1473062882924,1316.3658682629728,3669352.0
2022-09-06,1320.08544921875,1333.6029433786189,1311.330822713805,1325.7102355622496,3428442.0
2022-09-07,1322.39892578125,1329.7473282333433,1304.6175748217827,1306.3865957059622,3600574.0
2022-09-08,1338.95556640625,1343.6730292773457,1327.7968032291676,1338.1390526321622,4061475.0
2022-09-09,1371.3883056640625,1378.9635106957787,1342.674997256416,1349.9326999442885,4816910.0
2022-09-12,1393.6602783203125,1402.4603090481628,1380.0067919378967,1384.2253536649393,5494819.0
2022-09-13,1401.5985107421875,1408.9016188074963,1398.287272287198,1407.903706776797,4947158.0
2022-09-14,1338.5018310546875,1359.8666267473366,1335.4172852850338,1358.097606026967,14332197.0
2022-09-15,1299.8546142578125,1338.3203504578364,1296.45256607429,1338.138952185551,12784100.0
2022-09-16,1249.27734375,1292.778150190492,1241.3845264920653,1292.778150190492,20464045.0
2022-09-19,1261.2979736328125,1275.5411699960084,1252.4979432114847,1262.8401910629045,6595241.0
2022-09-20,1259.7103271484375,1282.3906462376121,1256.5803766678841,1277.3101661666406,7219797.0
2022-09-21,1249.4588623046875,1259.9372147231684,1241.4300509581421,1251.8629984379054,7917054.0
2022-09-22,1241.0218505859375,1255.5372570833497,1233.809552280041,1239.5703320849489,9168498.0
2022-09-23,1238.7537841796875,1265.3805708345333,1235.623944037449,1240.6136148834153,10426200.0
2022-09-26,1252.1805419921875,1269.5989844950832,1229.2734174239552,1233.8094816948922,9414587.0
2022-09-27,1264.246337890625,1275.994698388099,1250.1391357119094,1264.1555280230843,8561254.0
2022-09-28,1265.2896728515625,1275.4051179200892,1249.2320502719297,1251.046475907764,7022098.0
2022-09-29,1268.873291015625,1279.0340307679621,1263.7475161988737,1274.5433714005803,6119965.0
2022-09-30,1282.2999267578125,1287.6072103937954,1248.3248506647649,1260.0732124836215,8120130.0
2022-10-03,1264.4278564453125,1280.98449026065,1257.3969571538678,1280.98449026065,4943169.0
2022-10-04,1296.77001953125,1299.3555539044949,1282.7989200355776,1287.9699887820675,6631341.0
2022-10-06,1320.130859375,1324.3494214633474,1310.106112640393,1310.922626390357,6180672.0
2022-10-07,1316.5472412109375,1322.580228801138,1306.5226056830536,1312.1472810452483,3994466.0
2022-10-10,1326.93505859375,1329.066986901801,1294.0031838358084,1294.0031838358084,5274677.0
2022-10-11,1291.6895751953125,1342.3573858184716,1288.332821528724,1326.9347688601467,12824774.0
2022-10-12,1296.135009765625,1307.3844717340612,1282.3908230970678,1303.6649210392081,5481467.0
2022-10-13,1288.151611328125,1304.5267376311374,1283.7062459953604,1298.2216523105023,4821514.0
2022-10-14,1337.4583740234375,1355.375825532315,1331.1078848810505,1347.2109109206747,14990688.0
2022-10-17,1351.7017822265625,1356.2832515544005,1338.5926004471692,1339.8627206241326,4286396.0
2022-10-18,1364.1759033203125,1370.753196410842,1358.3244247993434,1369.8913885102745,4692004.0
2022-10-19,1347.619384765625,1365.310036666888,1343.8545397508806,1364.448228692281,3553171.0
2022-10-20,1361.6357421875,1364.448079777653,1337.4130934739194,1338.138908026621,4583939.0
2022-10-21,1361.2728271484375,1366.26249762449,1352.9718077531638,1361.0914288831727,3594485.0
2022-10-24,1377.0130615234375,1380.5966188815135,1370.7986753820724,1377.602772050084,982837.0
2022-10-25,1384.6790771484375,1390.6666600686863,1379.916209479914,1386.3119939028177,3914341.0
2022-10-27,1397.65625,1407.6988621560834,1387.1551861000603,1403.9386622242373,6760137.0
2022-10-28,1387.8428955078125,1401.3246221215236,1382.1108498465378,1399.5362686568128,3053981.0
2022-10-31,1410.220947265625,1418.245811891941,1403.4341822194212,1403.4341822194212,4542336.0
2022-11-01,1442.641357421875,1444.4756121674845,1418.887736075427,1424.3447111160303,4542692.0
2022-11-02,1424.5740966796875,1442.412180597886,1416.9618941495685,1441.7243350182016,2938906.0
2022-11-03,1403.8927001953125,1415.9529473175025,1395.546863646527,1411.2297190433037,3174027.0
2022-11-04,1388.531005859375,1394.4464333286137,1376.7459401225124,1394.4464333286137,4509682.0
2022-11-07,1382.5238037109375,1401.2791282396074,1367.5287914917396,1395.3177994955686,4898592.0
2022-11-09,1385.9627685546875,1402.2876797188958,1376.6998049643528,1402.2876797188958,3334755.0
2022-11-10,1377.4794921875,1386.6966675969895,1361.934227104186,1361.934227104186,3435763.0
2022-11-11,1439.981689453125,1443.0999449630117,1418.4750969869554,1418.4750969869554,7214098.0
2022-11-14,1453.922119140625,1459.516573917289,1438.468432811522,1444.613253594111,4908813.0
2022-11-15,1461.9010009765625,1465.4319188955194,1442.4120447213857,1447.0893718318237,3497614.0
2022-11-16,1469.971923828125,1475.658069244969,1461.4425937488243,1464.7901313371106,4497697.0
2022-11-17,1455.8480224609375,1469.9718064752024,1451.7667384557692,1464.8358035943602,3469515.0
2022-11-18,1461.3507080078125,1465.5694713292203,1444.9341064325322,1459.7915243765399,3126064.0
2022-11-21,1438.2391357421875,1456.2607114407933,1434.4331466169938,1450.9872289206992,3071764.0
2022-11-22,1453.69287109375,1456.3983522183364,1432.5530391467516,1438.972931127563,3399329.0
2022-11-23,1451.9501953125,1460.0667500182162,1448.419277384479,1457.2236776068496,3245067.0
2022-11-24,1494.7342529296875,1500.4203979201461,1453.4176195623174,1457.3154109383324,5282215.0
2022-11-25,1500.0994873046875,1507.7574788728768,1480.0602755632722,1496.201695768672,4563255.0
2022-11-28,1488.864501953125,1516.4700116769118,1485.7462466988793,1493.083265201096,3825766.0
2022-11-29,1494.04638671875,1502.9424774251793,1481.2066035401367,1486.8468473018079,3131710.0
2022-11-30,1499.45751953125,1509.3625410366662,1479.4642077611848,1485.7006074148594,11868134.0
2022-12-01,1519.771728515625,1533.9872026204164,1515.369584352362,1518.9462914993808,5407928.0
2022-12-02,1502.162841796875,1524.082206872705,1498.5401217539268,1518.762823698916,4283343.0
2022-12-05,1503.859619140625,1508.5369463809327,1488.77291854345,1502.2546462279884,3824966.0
2022-12-06,1479.234619140625,1491.2489641733591,1474.3280105607466,1490.3318368891196,4822398.0
2022-12-07,1472.447998046875,1489.2314737623112,1464.3772323790536,1474.7408164804579,4898087.0
2022-12-08,1485.8839111328125,1489.3231387245678,1466.0280814456066,1472.4479729502166,4206837.0
2022-12-09,1439.2481689453125,1493.0835061100495,1431.7276565946954,1493.0835061100495,8880658.0
2022-12-12,1418.979248046875,1436.1753841252967,1403.2506051436874,1421.5472491495236,8037679.0
2022-12-13,1441.8619384765625,1446.7685479281745,1413.4309876139487,1418.9795414969738,6135067.0
2022-12-14,1448.5111083984375,1456.8569457535275,1442.6414703621647,1450.895617363601,4976020.0
2022-12-15,1412.834716796875,1439.8899742752963,1408.0197980930882,1439.2480298964012,6443866.0
2022-12-16,1396.05126953125,1421.0888920823663,1386.7425160776045,1398.6192710071691,9630453.0
2022-12-19,1382.4320068359375,1391.1906185589476,1371.151406638808,1382.9822609021824,6222740.0
2022-12-20,1382.3863525390625,1390.36531716333,1359.5956441555718,1376.6084043945634,7396259.0
2022-12-21,1384.4495849609375,1394.9506479498932,1377.8462011118406,1389.447884052655,6236361.0
2022-12-22,1395.9136962890625,1403.1589126270385,1386.4672400160273,1395.4092314763589,6302640.0
2022-12-23,1373.0313720703125,1384.7706472634532,1369.2711722199242,1383.6700272399569,6283822.0
2022-12-26,1377.892333984375,1384.7707900126975,1372.34366800658,1376.149769399726,4115459.0
2022-12-27,1389.310302734375,1395.3633206748425,1373.398166072519,1384.816356461264,4860076.0
2022-12-28,1385.0,1398.5734186856855,1374.3154431330508,1380.368461733021,5029860.0
2022-12-29,1391.78662109375,1395.2258485730229,1376.6081190369514,1379.3595010203696,4624745.0
2022-12-30,1383.21142578125,1403.5717201426937,1379.4054368384104,1401.370592109832,5060544.0
2023-01-02,1397.7021484375,1399.9949669224698,1379.4055017090532,1388.5308744976214,3801140.0
2023-01-03,1396.372314453125,1405.6352784494222,1389.5396484110163,1393.8960033950495,4551130.0
2023-01-04,1370.922119140625,1394.9508128847058,1367.5286804970206,1394.9508128847058,7059590.0
2023-01-05,1352.9462890625,1381.1021672768188,1347.489425840876,1381.1021672768188,9868404.0
2023-01-06,1328.4591064453125,1352.7629837810398,1326.6248515520501,1348.1773465478836,6443714.0
2023-01-09,1361.4296875,1365.9236340298328,1328.183820144947,1328.183820144947,11498717.0
2023-01-10,1347.947998046875,1360.9253731659428,1333.5491426282238,1359.182808712685,7158624.0
2023-01-11,1349.3236083984375,1370.1882555291525,1342.674435137001,1348.177199215431,6173092.0
2023-01-12,1357.8988037109375,1361.9341866547945,1334.4203647021723,1359.136903308,6591385.0
2023-01-13,1379.0386962890625,1393.4834534558884,1346.3430806920758,1360.5585559991107,11610426.0
2023-01-16,1399.077880859375,1401.370699412078,1377.8005694719036,1384.8624058326163,6073063.0
2023-01-17,1411.917724609375,1414.3939239696545,1397.7022489799854,1400.4536313598671,5922644.0
2023-01-18,1417.3284912109375,1423.2439172614088,1412.0091083167688,1416.7323361006238,5843098.0
2023-01-19,1411.3673095703125,1421.1347382958118,1399.6739357893398,1412.284436925683,6165284.0
2023-01-20,1399.1236572265625,1416.9617391940312,1397.7020650690638,1410.541847819042,6496429.0
2023-01-23,1419.7132568359375,1424.574076980102,1401.4623986498889,1407.7906002862817,4855020.0
2023-01-24,1423.289794921875,1438.7892677642365,1421.3179489529161,1430.7185032208738,5200802.0
2023-01-25,1415.127685546875,1427.050342651288,1411.2298938012013,1418.796195425156,4158617.0
2023-01-27,1393.254150390625,1422.4187353397176,1382.477903144469,1417.8789993665666,6209955.0
2023-01-30,1411.275634765625,1416.0446522844554,1394.0335955131943,1402.104361110933,6964719.0
2023-01-31,1406.64404296875,1420.5385444147953,1387.6136508633863,1420.5385444147953,9448126.0
2023-02-01,1422.5562744140625,1426.1789947825198,1401.4165552146444,1414.3938182397721,6194199.0
2023-02-02,1452.50048828125,1455.4352511160564,1423.3816939621152,1423.3816939621152,6916834.0
2023-02-03,1466.853515625,1471.668434244157,1442.6413310350065,1465.1109512577386,7040194.0
2023-02-06,1439.75244140625,1465.569600374364,1432.186140277909,1465.569600374364,4570612.0
2023-02-07,1432.9197998046875,1445.4386105734359,1426.224725341101,1438.9728179482734,4336238.0
2023-02-08,1458.691162109375,1470.1552548640857,1435.7629765999538,1435.7629765999538,7983338.0
2023-02-09,1482.9949951171875,1485.5170954490195,1454.6099470732718,1463.9187005529932,6904911.0
2023-02-10,1475.2452392578125,1482.3529761992756,1464.1479087924397,1479.2805100226515,4786762.0
2023-02-13,1437.5513916015625,1464.6525528112115,1436.2216015669112,1464.6525528112115,4001199.0
2023-02-14,1461.213134765625,1463.7352349511611,1447.3645343194853,1453.3716512253498,5043736.0
2023-02-15,1464.6982421875,1466.4865956933231,1445.3926671749077,1452.7296857900087,3465747.0
2023-02-16,1469.0546875,1480.6562593366962,1465.4319671631831,1467.4038134282825,4290289.0
2023-02-17,1452.54638671875,1462.8181685754123,1444.934184696277,1461.901041196995,2857734.0
2023-02-20,1460.4794921875,1470.1552310976708,1451.3541192838827,1453.6010366458702,2417716.0
2023-02-21,1448.6026611328125,1468.917054491703,1445.3927153816476,1466.211461614736,2723288.0
2023-02-22,1432.36962890625,1444.4756658959568,1426.4083007612826,1433.47013701294,3656244.0
2023-02-23,1422.189453125,1439.7524657040512,1419.850845363736,1439.7524657040512,4766854.0
2023-02-24,1422.1435546875,1438.972819252259,1416.96176274362,1430.7186730615194,2790986.0
2023-02-27,1384.220458984375,1412.3762259804244,1377.5253840406476,1412.3762259804244,4920268.0
2023-02-28,1364.2728271484375,1397.702074099726,1358.5407812408764,1389.9981820091593,9679811.0
2023-03-01,1372.068359375,1376.4705032985075,1358.7241122088913,1368.7208222966754,5125043.0
2023-03-02,1350.149169921875,1365.235871380038,1345.7011242723827,1361.9342350192826,4644499.0
2023-03-03,1356.7066650390625,1366.3365031467508,1350.9287173928365,1363.5392196767139,4615015.0
2023-03-06,1382.5238037109375,1394.4006719964855,1369.408947646476,1370.6929485360001,6561742.0
2023-03-08,1368.99609375,1372.0226591031646,1358.3574377680816,1367.0243593044893,4137080.0
2023-03-09,1357.71533203125,1374.1777229481327,1352.3959486952547,1371.10536876011,5104656.0
2023-03-10,1349.598876953125,1352.1209773156488,1336.850783639018,1339.0060106489143,3699580.0
2023-03-13,1316.1695556640625,1355.7895279106722,1309.6579732857313,1342.8579415523982,8798403.0
2023-03-14,1302.3209228515625,1328.321462547265,1294.066776157433,1321.5805984711983,7402784.0
2023-03-15,1301.9998779296875,1323.277187882345,1299.4318765422183,1318.829142580857,7556182.0
2023-03-16,1287.7386474609375,1300.3033608672233,1282.7861367735707,1300.3033608672233,7323117.0
2023-03-17,1302.9627685546875,1323.32306269695,1294.4335514559468,1311.4920976074493,9090018.0
2023-03-20,1287.3258056640625,1302.0456322126888,1270.0837669911443,1302.0456322126888,8221829.0
2023-03-21,1275.448974609375,1288.5639406373286,1274.8070302390654,1283.0611764780233,8536755.0
2023-03-22,1274.119140625,1290.6274325316042,1267.6075589859765,1286.7296413869892,8356487.0
2023-03-23,1260.637451171875,1269.258358749589,1256.4644769231124,1269.258358749589,7607718.0
2023-03-24,1266.2320556640625,1283.0154210841881,1263.3430817614233,1272.9729201341963,7559127.0
2023-03-27,1273.84423828125,1280.0807502681864,1260.224916848679,1271.368038731344,4170193.0
2023-03-28,1263.4346923828125,1282.1441138599873,1261.8297194219722,1276.7330397726337,6633366.0
2023-03-29,1268.8916015625,1274.715337897841,1251.466181751986,1264.7186272999518,8813966.0
2023-03-31,1309.612060546875,1311.4463153951938,1278.3839389266645,1287.6469035198686,8711975.0
2023-04-03,1293.92919921875,1316.077848821429,1288.7016177019077,1316.077848821429,5242764.0
2023-04-05,1305.5767822265625,1309.199390750354,1283.978386725391,1283.978386725391,7506334.0
2023-04-06,1304.0633544921875,1310.0246820529576,1293.4704891987503,1298.6522809308385,6948465.0
2023-04-10,1309.2911376953125,1315.160775822006,1297.7353541060936,1305.943600080133,4993788.0
2023-04-11,1289.618896484375,1314.5647204758934,1273.8901369810926,1310.4835477560237,6942255.0
2023-04-12,1309.9332275390625,1312.867990700333,1283.9784750125505,1295.9470334362472,5831169.0
2023-04-13,1274.0732421875,1294.1125639133095,1268.3870975225138,1292.920253602577,11267238.0
2023-04-17,1154.0213623046875,1156.6351528002706,1087.0710673200379,1146.6843436762329,53171705.0
2023-04-18,1154.984375,1164.7059031013866,1149.2523287192262,1164.7059031013866,12430884.0
2023-04-19,1130.0843505859375,1150.3987451220048,1127.5164610086156,1150.3987451220048,11307230.0
2023-04-20,1122.013671875,1135.2661178854821,1120.1794170940875,1128.7086346529145,8621249.0
2023-04-21,1125.63623046875,1131.047304223771,1118.8953668380302,1126.3240759811504,8691352.0
2023-04-24,1124.67333984375,1128.0666663348547,1117.0611378828073,1126.2324115928468,8313774.0
2023-04-25,1123.389404296875,1133.110932602619,1114.3098204064606,1124.3523209198693,6808576.0
2023-04-26,1125.8197021484375,1130.818001330537,1119.3998108189048,1126.232364666585,5680192.0
2023-04-27,1142.969970703125,1144.3915628906238,1123.8478876663187,1128.0666511252507,8020704.0
2023-04-28,1148.931396484375,1154.6634429645405,1141.7777576955154,1151.6368776414001,10118277.0
2023-05-02,1171.5843505859375,1173.6937883843755,1150.5822227207543,1150.5822227207543,8886401.0
2023-05-03,1163.9722900390625,1167.044644512001,1157.506496932256,1161.0833162689144,5549783.0
2023-05-04,1168.007568359375,1170.0711048738817,1157.8732664731895,1163.788693033167,4505401.0
2023-05-05,1154.755126953125,1173.0059852361912,1150.307081299838,1173.0059852361912,5373791.0
2023-05-08,1160.7164306640625,1165.0269966744686,1151.1782831849423,1157.8274569243922,5260842.0
2023-05-09,1165.3936767578125,1166.5859870922673,1156.2224032743827,1161.0832230022093,4969897.0
2023-05-10,1158.561279296875,1170.6215279475311,1154.8010790515318,1170.6215279475311,6515734.0
2023-05-11,1152.0037841796875,1170.162952733371,1149.20661258924,1164.9811601752815,6888461.0
2023-05-12,1142.0069580078125,1151.9119783998672,1136.3667142373067,1149.4815684750179,8292212.0
2023-05-15,1154.067138671875,1163.742876662217,1142.4196665102663,1146.317457613311,5534710.0
2023-05-16,1159.5242919921875,1168.3744824143912,1158.1026996481462,1160.1662364323145,5236469.0
2023-05-17,1143.5660400390625,1156.4516112883057,1139.4847564270556,1156.1306391276796,10465667.0
2023-05-18,1142.74072265625,1155.2595338626716,1139.4848756551935,1154.2965053260136,6948732.0
2023-05-19,1163.742919921875,1167.7783026634847,1148.9771919381424,1151.9578558336234,11094136.0
2023-05-22,1185.6622314453125,1188.2301207415426,1164.9809658180477,1167.4571647740581,7625947.0
2023-05-23,1192.3114013671875,1205.2428740172338,1189.5600194436024,1191.5317535922914,7436031.0
2023-05-24,1191.027587890625,1196.8513248198226,1184.2867235094584,1188.8723607693044,4824077.0
2023-05-25,1196.2550048828125,1198.685414686715,1182.4064046555832,1187.2213231154954,4334121.0
2023-05-26,1208.26953125,1213.7722960275548,1197.768466581114,1197.768466581114,5521606.0
2023-05-29,1205.47216796875,1222.2555306990143,1201.299193894401,1222.2555306990143,4419365.0
2023-05-30,1214.1390380859375,1216.4777576450638,1200.6573106206852,1206.0224833077132,6274719.0
2023-05-31,1209.049072265625,1220.7882355808035,1205.24297124017,1210.4705525350664,17800782.0
2023-06-01,1210.1495361328125,1219.3208096161989,1208.8655354543341,1212.9468193268542,4277841.0
2023-06-02,1207.3612060546875,1220.2806442692772,1204.619361093427,1216.655749596294,10909311.0
2023-06-05,1212.4732666015625,1217.0740205048828,1205.7812402951347,1212.008539400872,5002553.0
2023-06-06,1188.772216796875,1197.6949566393228,1183.195490212996,1197.6949566393228,10008100.0
2023-06-07,1198.0201416015625,1202.7139314625765,1192.0252064148026,1199.4608412306454,5397578.0
2023-06-08,1192.30419921875,1200.8551346703464,1190.7240585978548,1195.4642535429527,5034942.0
2023-06-09,1176.6427001953125,1192.0252152176977,1174.83030957908,1192.0252152176977,5339073.0
2023-06-12,1200.80859375,1204.2940478285252,1183.1954778567024,1183.6602050671725,4785588.0
2023-06-13,1212.7984619140625,1214.3320842529808,1205.548786202746,1208.1977083560882,4846587.0
2023-06-14,1208.66259765625,1214.5180926556236,1201.970457495657,1214.19280628768,3457981.0
2023-06-15,1196.0218505859375,1202.6673581303833,1192.1645925106025,1202.6673581303833,6161155.0
2023-06-16,1200.5296630859375,1209.6847652018955,1190.6774702485802,1196.2076779215056,8536287.0
2023-06-19,1202.714111328125,1207.826111028515,1196.2544479993342,1202.714111328125,4451787.0
2023-06-20,1211.4510498046875,1212.938154351979,1200.0187137709518,1202.7141545834947,4009180.0
2023-06-21,1207.6866455078125,1211.822785983513,1203.6435412463507,1208.244295499256,4041529.0
2023-06-22,1191.1424560546875,1198.4386511646273,1183.6603019700608,1198.4386511646273,6676607.0
2023-06-23,1175.759765625,1189.0974130017955,1174.2261432389498,1186.4019726655229,7239467.0
2023-06-26,1180.732421875,1184.1249532633137,1173.2038636237187,1180.6394991230175,3403244.0
2023-06-27,1188.91162109375,1191.5605434478787,1184.3107537282526,1189.7016346437479,3240024.0
2023-06-28,1202.10986328125,1205.2235129272265,1191.0029282361302,1198.9962136352735,5662358.0
2023-06-30,1241.286376953125,1244.446544670447,1212.4267718508554,1215.9122259231685,12821692.0
2023-07-03,1239.6134033203125,1251.0457388883244,1234.733767265956,1236.1744671036192,7732412.0
2023-07-04,1250.255615234375,1251.0456287866502,1237.4756171691324,1249.4656016820998,5797775.0
2023-07-05,1252.2540283203125,1262.152627465157,1246.3984198903297,1262.059704711734,5414936.0
2023-07-06,1249.0938720703125,1252.3933673295787,1242.8200544623764,1247.8391312404847,5963897.0
2023-07-07,1236.3602294921875,1250.8598092744526,1231.8523982272873,1239.8922016871068,6295647.0
2023-07-10,1235.3843994140625,1247.2349435988492,1226.229295814045,1242.262385005227,3940315.0
2023-07-11,1253.462158203125,1255.5999486675075,1233.3859662223854,1239.38090160913,6126128.0
2023-07-12,1239.24169921875,1256.5295297943235,1233.386090631779,1255.6929980734994,8102770.0
2023-07-13,1268.79833984375,1279.6730257797497,1236.964522601906,1240.7288587833682,9977644.0
2023-07-14,1325.35546875,1329.1198044888868,1283.251252109647,1283.251252109647,12833381.0
2023-07-17,1322.5670166015625,1356.027373066275,1314.5273272735951,1325.3553796402884,11569884.0
2023-07-18,1371.131103515625,1373.6871031492155,1328.1903550548216,1332.8376271158952,16743977.0
2023-07-19,1370.8988037109375,1393.0663832409173,1357.6540777205,1381.1693208273919,13687062.0
2023-07-20,1347.244140625,1367.2274100444117,1339.0648965954,1367.2274100444117,8347221.0
2023-07-21,1237.661376953125,1254.7633595078025,1212.9379141908757,1227.0655747810806,45548305.0
2023-07-24,1242.3087158203125,1254.670504599167,1240.1245206940966,1246.398337830829,8859789.0
2023-07-25,1240.4498291015625,1248.1178279606174,1230.829998679233,1242.6805423705,6801982.0
2023-07-26,1253.694580078125,1254.7634753600048,1244.9112811341217,1248.2572943766568,5528885.0
2023-07-27,1257.6912841796875,1267.5899965472738,1252.0216348505492,1262.7567654377913,9191861.0
2023-07-28,1245.93359375,1267.6363307852569,1241.7510490488623,1258.3417870049511,6122735.0
2023-07-31,1260.0614013671875,1261.7344648256142,1239.1951935386742,1253.6017380725946,7902180.0
2023-08-01,1268.89111328125,1272.4230854175687,1261.2696325139816,1265.9169045571427,6064652.0
2023-08-02,1261.1302490234375,1275.1649885403967,1253.322808944047,1272.7020250125254,7419145.0
2023-08-03,1268.0546875,1270.145959906921,1253.8339897494227,1254.7634441524986,6503741.0
2023-08-04,1281.1134033203125,1288.13082917061,1265.9168471204257,1272.3301049407662,5712345.0
2023-08-07,1294.72998046875,1296.5888892705716,1279.8587100541772,1289.9897857158628,3729093.0
2023-08-08,1292.1275634765625,1295.241326729345,1286.7367956063742,1294.5906405227167,4161877.0
2023-08-09,1296.0311279296875,1297.5182321515724,1284.9705988177284,1286.3647802992666,4090828.0
2023-08-10,1291.1051025390625,1297.3325151820761,1287.8520120932285,1293.428738571801,3873025.0
2023-08-11,1275.0718994140625,1298.3082576548654,1270.6105867070967,1293.8004268479058,5783517.0
2023-08-14,1295.2412109375,1296.5888744198694,1269.2628926543166,1275.0719825934739,4304135.0
2023-08-16,1318.4310302734375,1319.7786937329943,1306.2552006588273,1311.2742769730567,7735313.0
2023-08-17,1311.971435546875,1319.825280033983,1306.812918118155,1319.825280033983,5618346.0
2023-08-18,1290.826416015625,1309.322469240219,1288.3633389732208,1304.6751968805124,5134103.0
2023-08-21,1306.2552490234375,1307.742353385992,1289.2927060601864,1291.709264831686,3032722.0
2023-08-22,1304.7215576171875,1306.8593480283198,1298.1224543541218,1305.6044938755163,2890714.0
2023-08-23,1308.625244140625,1316.665047189912,1306.4875671497327,1316.1073972557133,2559125.0
2023-08-24,1323.1712646484375,1324.5190416072762,1314.6667341741827,1321.2194330950322,5171963.0
2023-08-25,1319.9180908203125,1322.148803936989,1311.8318834134902,1313.3189876716804,4307172.0
2023-08-28,1315.7821044921875,1324.286634688253,1311.8319234109513,1319.9181310643203,3133464.0
2023-08-29,1317.64111328125,1323.914930768979,1315.4569180328365,1323.5431263001694,3074444.0
2023-08-30,1333.906494140625,1335.30067572943,1323.5430549720845,1326.3314181496944,3070887.0
2023-08-31,1334.185302734375,1342.968715084765,1327.8650807492497,1333.906534483456,9792735.0
2023-09-01,1341.99267578125,1343.9910253779606,1327.446692130181,1330.0026916597724,3582133.0
2023-09-04,1361.7435302734375,1366.2978792292915,1333.4880956574837,1341.2026120597739,4609014.0
2023-09-05,1374.5701904296875,1375.639085724664,1353.7503883361237,1361.6507510555587,5496840.0
2023-09-06,1373.22216796875,1378.2877618234108,1360.070480794766,1377.3583075519618,5075786.0
2023-09-07,1362.7659912109375,1369.4581309432015,1358.9088462312307,1366.855613248634,4411743.0
2023-09-08,1365.92626953125,1370.7129827544118,1357.1893748015916,1360.2566199430964,3125838.0
2023-09-11,1372.2928466796875,1373.7800644251438,1361.1859124430616,1365.9261069950462,4182226.0
2023-09-12,1395.203857421875,1397.8992976423294,1372.896953736093,1377.91602975715,6793161.0
2023-09-13,1392.64794921875,1398.8288435447748,1383.6322871056639,1398.8288435447748,4804686.0
2023-09-14,1400.6412353515625,1405.846270656975,1393.3915592483722,1398.8288446904617,6444213.0
2023-09-15,1404.9632568359375,1411.2835921776357,1402.5466980730964,1410.9117877236317,8657816.0
2023-09-18,1386.56005859375,1398.7358880088802,1383.0280866448797,1398.7358880088802,3991916.0
2023-09-20,1385.1195068359375,1389.6273382680865,1372.060626309963,1372.060626309963,4169337.0
2023-09-21,1395.80810546875,1398.4106230981856,1371.8746553500082,1381.6804443744052,6779195.0
2023-09-22,1390.6031494140625,1400.641188325793,1380.4255561991947,1386.6529684238076,5455613.0
2023-09-25,1370.1552734375,1384.7476626343905,1367.7387146063886,1384.7476626343905,4217863.0
2023-09-26,1357.6075439453125,1375.4995405113145,1356.0739215478982,1374.8024497360157,3996528.0
2023-09-27,1363.509521484375,1365.926080084956,1347.7553157505324,1353.2855237091,3863586.0
2023-09-28,1337.903076171875,1368.7145118891362,1333.7670495202924,1364.346121640076,5814602.0
2023-09-29,1334.185302734375,1344.7347011757531,1316.1074596363055,1331.0716531169655,6068968.0
2023-10-03,1332.8375244140625,1335.625887435849,1320.1040453314158,1334.7429511957962,4181867.0
2023-10-04,1342.45751953125,1347.6624417880482,1318.152262838638,1324.4725985168332,4510406.0
2023-10-05,1360.2099609375,1371.5493723980028,1347.8946904576385,1349.5677537176623,7384621.0
2023-10-06,1374.3841552734375,1379.7750360960613,1360.0706484952473,1365.8332203052626,3598672.0
2023-10-09,1371.363525390625,1385.8165874982192,1359.04825390548,1361.5578490003716,3567552.0
2023-10-10,1389.673828125,1391.393296146582,1365.4614945887647,1379.2174656790087,5688951.0
2023-10-11,1388.9766845703125,1411.144149422588,1376.940181958551,1391.3932433298958,7220129.0
2023-10-12,1362.115234375,1398.2710282146138,1349.567601714432,1386.652849825199,11081662.0
2023-10-13,1330.1885986328125,1336.5553381568939,1301.2360733099106,1305.8833450003033,17973439.0
2023-10-16,1332.9769287109375,1341.7602266052431,1329.119670611463,1331.0715019814445,4850745.0
2023-10-17,1340.6915283203125,1350.8226045344618,1336.6020195003289,1338.6467739103207,3923764.0
2023-10-18,1338.9254150390625,1351.4265297831892,1336.8805475377155,1340.2730783681973,4264837.0
2023-10-19,1332.5123291015625,1338.0890555260446,1325.49490296724,1325.49490296724,6795691.0
2023-10-20,1326.563720703125,1337.0200821379894,1324.7048120035936,1329.119720164981,3928622.0
2023-10-23,1309.27587890625,1331.3039013836562,1306.1157114580749,1325.0300845878248,2636516.0
2023-10-25,1289.88134765625,1320.4796048766234,1281.643355327688,1317.1372877323818,6940777.0
2023-10-26,1279.901611328125,1293.600262701033,1273.923205151914,1275.7591696776637,6357656.0
2023-10-27,1299.57861328125,1303.9565408986182,1283.8558619720413,1283.8558619720413,4634358.0
2023-10-30,1296.4716796875,1299.5785105468342,1283.3378978736482,1299.5785105468342,2667696.0
2023-10-31,1288.327880859375,1300.3318125956307,1283.2438397267852,1299.2019618287502,3451595.0
2023-11-01,1274.91162109375,1296.8481472235057,1272.5579091746342,1292.7057061877338,3090672.0
2023-11-02,1289.9755859375,1295.765741180137,1281.9729641186536,1289.8343402140486,3758060.0
2023-11-03,1307.76953125,1310.54686548969,1297.1307068451297,1299.2961678955407,3349045.0
2023-11-06,1321.185791015625,1324.9046103571086,1309.4172299003549,1312.3358100714709,2736381.0
2023-11-07,1322.127197265625,1323.6335500133118,1313.2300966352614,1318.078766511828,2272209.0
2023-11-08,1309.60546875,1322.7862570767434,1305.3216665728671,1322.7862570767434,3550635.0
2023-11-09,1294.3533935546875,1315.725053279232,1289.8813406007866,1314.2187005328615,5498051.0
2023-11-10,1288.75146484375,1292.7998955154703,1281.3608320382564,1289.7870751538298,2943649.0
2023-11-13,1293.176513671875,1301.5556365838725,1290.6344357148544,1299.1077990502322,3462092.0
2023-11-15,1327.96435546875,1331.2595523805833,1311.4883709095843,1317.1372799012984,8551860.0
2023-11-16,1360.3515625,1368.3541841941474,1328.0585842809098,1333.2367512594758,6673907.0
2023-11-17,1353.431640625,1366.094566340676,1351.0779284155915,1356.726837718172,4901251.0
2023-11-20,1352.5372314453125,1367.036122395586,1349.7598968645575,1357.6212730677928,3584210.0
2023-11-21,1354.796630859375,1365.152963687348,1352.6782900536532,1357.621085267004,3793135.0
2023-11-22,1372.49658203125,1373.5791976051314,1352.1604184890853,1352.1604184890853,3108786.0
2023-11-23,1364.447021484375,1382.0057382429595,1362.9876738861756,1382.0057382429595,3186928.0
2023-11-24,1353.2904052734375,1367.6480498608116,1349.948087939533,1360.9635301203575,2973195.0
2023-11-28,1358.2801513671875,1360.4456124998921,1343.5460053605395,1359.504127646951,3755373.0
2023-11-29,1374.191162109375,1375.2267723820626,1364.964680220391,1366.1885414781705,3875778.0
2023-11-30,1370.001708984375,1375.179875684024,1364.729416784748,1368.21286477539,10120867.0
2023-12-01,1367.3184814453125,1374.4737432561005,1361.5283266839235,1374.4737432561005,3489187.0
2023-12-04,1378.663330078125,1385.7715867334168,1364.4940519087752,1374.9915161431222,5511948.0
2023-12-05,1368.871826171875,1381.0641237085301,1357.621128395019,1380.0285133783032,5123039.0
2023-12-06,1388.03125,1390.5732132882843,1366.1417258233225,1371.5081438440814,5269178.0
2023-12-07,1380.1226806640625,1386.6659544767813,1376.2626157196041,1386.6659544767813,4424453.0
2023-12-08,1403.89501953125,1407.2372214649233,1380.4520260773586,1384.3592108075636,6323433.0
2023-12-11,1401.400146484375,1410.3442522227704,1395.2804951896835,1402.812373706227,3862018.0
2023-12-12,1389.6787109375,1402.812378171591,1381.7702154844862,1391.0438179520306,6103494.0
2023-12-13,1364.2115478515625,1389.6787590187653,1349.2890359623277,1389.6316388053183,8549258.0
2023-12-14,1413.592529296875,1422.5837565218126,1375.8390058650577,1377.7690959795298,12489858.0
2023-12-15,1486.0396728515625,1495.5957668241965,1431.9984208352303,1433.9285107001285,18395389.0
2023-12-18,1472.811767578125,1499.7853308836295,1468.9988229814394,1476.2010899731836,6467243.0
2023-12-19,1467.1158447265625,1481.8499902553428,1452.9464521784103,1478.225296674548,4221721.0
2023-12-20,1446.497314453125,1490.8412269194432,1440.4717885612556,1473.470877793026,6592367.0
2023-12-21,1446.1207275390625,1456.1475641627426,1432.2338260213533,1432.2338260213533,5319038.0
2023-12-22,1471.44677734375,1474.3653575565068,1433.8815067423754,1445.1322053581507,6741060.0
2023-12-26,1453.6055908203125,1457.4186507029785,1433.8815277911087,1445.1793467888062,6878067.0
2023-12-27,1475.4010009765625,1478.131330240823,1453.6527222240961,1453.6527222240961,4225849.0
2023-12-28,1471.211181640625,1477.1424666659373,1464.0088002487887,1477.1424666659373,5702253.0
2023-12-29,1452.6170654296875,1468.1985714635211,1449.8867362525718,1450.875341361868,4388990.0
2024-01-01,1460.572509765625,1465.8919221925776,1445.4146265550125,1448.9451947683858,2808451.0
2024-01-02,1444.6142578125,1458.5011582059428,1433.8813084212525,1455.535458187299,5396313.0
2024-01-03,1402.8123779296875,1431.0098022399532,1400.9294082948825,1431.0098022399532,7550363.0
2024-01-04,1424.18408203125,1430.821596173285,1405.5427510177758,1416.8875744672803,7056038.0
2024-01-05,1442.8726806640625,1449.6042055294993,1418.1115826606078,1418.5823250946862,8895403.0
2024-01-08,1433.6932373046875,1446.120791889042,1424.7020106289667,1439.4832774397032,4440136.0
2024-01-09,1439.812744140625,1462.1258878294154,1436.5645526388157,1451.675429581847,4412074.0
2024-01-10,1430.9627685546875,1445.602788218323,1416.9346220683428,1435.7171978317997,4096845.0
2024-01-11,1406.7667236328125,1435.7645051838629,1399.6114612154008,1435.6703796771912,11296088.0
2024-01-12,1518.3797607421875,1523.3225564289937,1464.3856251298819,1470.5994024363956,26754401.0
2024-01-15,1555.4271240234375,1567.5251815652139,1540.2692406673768,1548.6954842465418,13228305.0
2024-01-16,1536.0797119140625,1552.0378347627927,1529.9129399390588,1548.554386655104,6500917.0
2024-01-17,1544.223388671875,1551.0962739751476,1525.4408120839046,1525.4408120839046,9209876.0
2024-01-18,1546.4830322265625,1552.5085584102292,1532.9727472598277,1546.5301524412396,6375464.0
2024-01-19,1562.1116943359375,1568.043095154959,1547.9424155997167,1554.9564321078524,4522736.0
2024-01-23,1546.0594482421875,1576.7047127157934,1541.8697714896578,1553.5442072103745,9401255.0
2024-01-24,1577.36376953125,1581.6945769350064,1548.7426065821937,1562.7707540892902,8999681.0
2024-01-25,1571.4322509765625,1582.2123208537434,1560.9817927200572,1575.0569444579046,8865304.0
2024-01-29,1559.6636962890625,1581.0824754834941,1551.1903330912653,1567.7134372979071,4253785.0
2024-01-30,1554.8150634765625,1591.1093493392334,1551.8023580167996,1565.171396519599,4995943.0
2024-01-31,1563.712158203125,1569.6905638157846,1542.2462583680392,1551.8023522623284,6763779.0
2024-02-01,1560.087646484375,1578.8702248339061,1553.7796285080506,1562.4413588052366,5760011.0
2024-02-02,1594.263427734375,1617.9417958851127,1567.5723538834523,1568.5609589964831,7858483.0
2024-02-05,1588.4732666015625,1601.2304328815121,1583.4363454059862,1595.5815235195898,3634135.0
2024-02-06,1628.2509765625,1631.5932938509086,1575.998565824632,1588.0496182360184,7694265.0
2024-02-07,1594.639892578125,1627.8272320398985,1588.1436244214153,1627.8272320398985,4613877.0
2024-02-08,1593.0865478515625,1606.5027074369461,1584.330807394356,1598.6413316478238,5919715.0
2024-02-09,1571.6676025390625,1593.8396151923025,1562.676491800521,1586.1193710004457,4600004.0
2024-02-12,1581.7886962890625,1593.8867538003944,1572.6092188693096,1572.6092188693096,3555808.0
2024-02-13,1585.9783935546875,1590.2620807833139,1566.1600909474707,1584.5190460262058,2696481.0
2024-02-14,1568.7020263671875,1571.7618521594686,1539.7984871618103,1563.0531172122069,3768579.0
2024-02-15,1578.2581787109375,1588.9911294855572,1564.3712765276096,1578.8701668773688,4834391.0
2024-02-16,1602.07763671875,1608.997527029752,1589.1792259716428,1590.1678309849335,4880654.0
2024-02-19,1600.2889404296875,1611.3513878778704,1588.9440015438006,1605.2317360980246,3690993.0
2024-02-20,1586.6373291015625,1595.1106926748687,1571.1028292171682,1586.401957891193,3706389.0
2024-02-21,1558.6751708984375,1576.045519089509,1549.0249519195443,1576.045519089509,4300508.0
2024-02-22,1582.9656982421875,1586.0255243307413,1548.1778752986518,1567.5724422898586,5841277.0
2024-02-23,1578.7288818359375,1599.064932049705,1574.0685776987198,1597.6998249586602,5373072.0
2024-02-26,1563.0059814453125,1576.939887241313,1548.7424640342401,1576.939887241313,2782438.0
2024-02-27,1566.254150390625,1573.315286661556,1556.0861831168934,1563.8063128021718,5159088.0
2024-02-28,1573.4566650390625,1589.0382863616267,1564.7950497873524,1572.2798088946804,3188916.0
2024-02-29,1575.951416015625,1583.8127910418666,1556.5568522895687,1567.5721783829442,7814722.0
2024-03-01,1557.875,1574.115614336737,1554.391551881323,1571.3382798848747,6387291.0
2024-03-04,1541.39892578125,1567.0543875331723,1538.0567235736469,1560.8406106080845,4445156.0
2024-03-05,1512.4954833984375,1541.5402694156692,1508.2588013721113,1538.386318003764,4596579.0
2024-03-06,1522.8988037109375,1525.3466412368123,1483.7800637991031,1509.0119027331223,6420684.0
2024-03-07,1521.8631591796875,1533.1609775234701,1510.3299696204092,1522.004404894455,6348359.0
2024-03-11,1506.940673828125,1519.3683431830998,1495.0779873422402,1514.0489306330928,6752895.0
2024-03-12,1518.56787109375,1529.9128089712128,1504.1632225256892,1506.375688833194,4614222.0
2024-03-13,1517.108642578125,1529.4420705773052,1505.0105857809417,1518.5208697901078,5688997.0
2024-03-14,1556.556884765625,1560.746446205705,1513.9075768353332,1519.9331026141767,8803799.0
2024-03-15,1538.3863525390625,1549.4959205173257,1523.6520906201538,1545.0708724563005,11809997.0
2024-03-18,1508.8707275390625,1537.1152732206572,1505.2930391151203,1534.6203153666463,4958904.0
2024-03-19,1470.0814208984375,1505.4342217324486,1466.8333442521293,1499.173324716635,6870411.0
2024-03-20,1463.9619140625,1482.7916122525826,1461.5140762832607,1471.540913554951,4759059.0
2024-03-21,1463.7264404296875,1484.6744782005846,1453.087730653012,1472.4822954464403,11062497.0
2024-03-22,1420.559326171875,1439.4361424981196,1410.5324900051585,1431.9983895472183,14673890.0
2024-03-26,1405.307373046875,1419.2412797585116,1400.8353200453062,1404.6953849138222,8351081.0
2024-03-27,1397.022216796875,1411.2857346994197,1394.8568706833632,1408.4612802603947,6857402.0
2024-03-28,1410.391357421875,1423.3367734843898,1400.129150066849,1400.129150066849,12499530.0
2024-04-01,1407.9434814453125,1440.4247089660325,1405.4486385196594,1435.7644049013911,6580002.0
2024-04-02,1396.080810546875,1405.7781506375063,1394.1978408148962,1397.9637802788536,7279400.0
2024-04-03,1394.009521484375,1407.613931160152,1388.690109266799,1392.4560485461666,8736248.0
2024-04-04,1399.7054443359375,1408.1318024819914,1382.0997240670574,1403.3302528566012,11186915.0
2024-04-05,1392.55029296875,1399.7055552251502,1389.6788329794124,1393.4447725803975,5072482.0
2024-04-08,1390.29052734375,1403.706685446096,1387.8426899035271,1396.221927423092,6610887.0
2024-04-09,1407.378662109375,1425.2198696967855,1400.2705201600338,1402.8124833871761,9423230.0
2024-04-10,1418.62939453125,1421.5008543199363,1397.6813569645744,1412.5567483925915,6744595.0
2024-04-12,1397.86962890625,1418.6294157880386,1392.926833451286,1415.993212241118,12275616.0
2024-04-15,1382.2410888671875,1404.6483606920185,1375.5565690145563,1393.397662027,8531224.0
2024-04-16,1331.6832275390625,1370.0017306796847,1330.3652406637968,1366.094545486242,16173541.0
2024-04-18,1336.202392578125,1360.1631363842591,1325.1399454315383,1337.9441165902024,22107945.0
2024-04-19,1328.67041015625,1343.3575498977523,1298.0721544750609,1303.9564344137511,20603621.0
2024-04-22,1348.9124755859375,1352.7725406478596,1330.3652692316007,1336.814417739945,5859087.0
2024-04-23,1357.997802734375,1362.1873644449943,1349.1478219496535,1358.562670672261,4856174.0
2024-04-24,1347.029541015625,1359.7867075742051,1343.546092803966,1359.7867075742051,4268213.0
2024-04-25,1354.2786865234375,1360.3513320897941,1336.908338935666,1336.908338935666,9089398.0
2024-04-26,1346.55859375,1360.8221110164066,1343.498768244188,1355.455578865194,8062444.0
2024-04-29,1350.79541015625,1355.549954695784,1344.6757585333085,1346.2762368329832,5055957.0
2024-04-30,1337.4263916015625,1352.4901496742034,1334.6019369629423,1350.7483107051714,6936588.0
2024-05-02,1331.6832275390625,1340.6744540126867,1329.2353898641165,1330.3181204493865,10076354.0
2024-05-03,1333.425048828125,1341.4276701119534,1321.0915052605797,1338.8855920418562,8842345.0
2024-05-06,1342.4632568359375,1361.1045877183944,1334.1781442699464,1336.9084732924218,6445422.0
2024-05-07,1356.632568359375,1358.892155017695,1332.7659500503705,1341.568810540377,6080661.0
2024-05-08,1343.7813720703125,1355.5028124792066,1342.1807788692665,1351.2661306551702,6234983.0
2024-05-09,1355.3145751953125,1365.1059257902893,1341.4746788069972,1344.0167568835536,6088406.0
2024-05-10,1341.521728515625,1351.9250667078657,1330.3180362931507,1351.0778223208927,8777481.0
2024-05-13,1340.156494140625,1341.615841553252,1328.6233053272724,1341.615841553252,3735954.0
2024-05-14,1341.3333740234375,1349.8538575959403,1335.0725919265954,1342.9339671701941,3463230.0
2024-05-15,1336.861328125,1348.0180152167325,1335.5433413149956,1342.5573572737128,4327544.0
2024-05-16,1368.3070068359375,1370.566593499511,1343.4989036055658,1350.0421774524657,9249145.0
2024-05-17,1359.78662109375,1371.7434327729238,1355.0320766083944,1371.7434327729238,7542860.0
2024-05-21,1350.23046875,1360.1630645795747,1344.8169310704366,1346.323283787107,6752663.0
2024-05-22,1369.6722412109375,1374.5207963720839,1344.4404006067602,1345.1465142625411,7173285.0
2024-05-23,1386.2423095703125,1391.6558474322132,1365.153026044568,1369.5779588477037,8641428.0
2024-05-24,1379.369384765625,1389.1608498646779,1374.5678351761637,1382.3350849297278,5277938.0
2024-05-27,1385.253662109375,1393.0209118473929,1374.8032036291474,1385.7244045177397,5821844.0
2024-05-28,1381.20556640625,1389.6318108875016,1374.8505428808498,1389.1610684041386,6186922.0
2024-05-29,1366.0474853515625,1379.7461367746178,1365.1531206572472,1379.6520112690093,7401634.0
2024-05-30,1343.9224853515625,1365.011768697552,1338.3678167520543,1358.3743695494225,9663150.0
2024-05-31,1351.076904296875,1379.7424895610318,1344.4506597427837,1353.8618612517012,37113815.0
2024-06-03,1350.11669921875,1382.8636553906256,1348.2920640058599,1382.8636553906256,10589244.0
2024-06-04,1338.3526611328125,1358.8555105856897,1304.4532506211224,1353.09357909204,13736134.0
2024-06-05,1373.3563232421875,1380.9428896837226,1344.594729280313,1344.594729280313,9233424.0
2024-06-06,1413.833984375,1415.8026912541518,1380.4627967662166,1387.6171483700416,12660930.0
2024-06-07,1472.749755859375,1478.607696455328,1418.6356360706318,1422.2368434730788,24075302.0
2024-06-10,1440.242919921875,1469.1006429210506,1437.8901779119085,1464.7791939197848,6810606.0
2024-06-11,1436.4014892578125,1446.6768867495505,1434.67286293827,1440.530920339611,4853054.0
2024-06-12,1426.2701416015625,1448.8857708643502,1423.9173996680136,1447.205207418443,9564320.0
2024-06-13,1434.6729736328125,1445.2845783914581,1430.2555159747842,1435.6813586014816,7307565.0
2024-06-14,1429.8233642578125,1444.0360586769375,1427.0864701658527,1444.0360586769375,4237727.0
2024-06-18,1438.7542724609375,1447.2051523581276,1436.0654413858667,1437.6019330325926,5420939.0
2024-06-19,1451.382568359375,1455.5119996711499,1437.3138282236787,1445.2845473689924,5493456.0
2024-06-20,1455.2718505859375,1457.2885031581282,1439.618556511379,1456.1361637531038,7927010.0
2024-06-21,1471.885498046875,1495.94161129154,1463.2425999556383,1483.6975056622882,17301941.0
2024-06-24,1466.5556640625,1468.428244941943,1455.271881344855,1464.0588504809766,5564989.0
2024-06-25,1480.768310546875,1482.6410085926723,1460.0253808999469,1465.451223093983,4551525.0
2024-06-26,1479.5679931640625,1487.3946405637594,1474.0942048965353,1479.8561366420593,4851004.0
2024-06-27,1510.9224853515625,1515.7721579895247,1471.2612599725667,1477.4072265440695,14757754.0
2024-06-28,1504.58447265625,1525.4714758668922,1502.1836676895095,1510.15438706981,8197544.0
2024-07-01,1527.68017578125,1536.4190819140294,1497.6220524294586,1497.6220524294586,6801771.0
2024-07-02,1556.72998046875,1568.9740856185726,1523.550809426941,1532.86588566981,10493173.0
2024-07-03,1562.8280029296875,1571.086748455425,1542.2770892539197,1560.5232067482063,7269965.0
2024-07-04,1585.1553955078125,1594.13438198508,1563.4040806456085,1563.5960981382616,8008311.0
2024-07-05,1582.0823974609375,1599.7523453204356,1568.5418810019864,1585.9236853770542,7065022.0
2024-07-08,1595.718994140625,1599.8963711842514,1574.9280004454815,1577.904975049744,5880533.0
2024-07-09,1591.3974609375,1600.6165277373964,1585.4914578037747,1594.0383461640054,5191182.0
2024-07-10,1582.8507080078125,1607.5789990626897,1572.575309683498,1591.2535253565572,9852770.0
2024-07-11,1587.1241455078125,1598.9361531696993,1576.8968098410567,1590.2932550444577,8857679.0
2024-07-12,1643.8310546875,1651.5136300854847,1600.520559326722,1613.340833576749,17078316.0
2024-07-15,1639.3175048828125,1659.436201288973,1635.092065184172,1657.707575021914,6942230.0
2024-07-16,1657.563720703125,1668.943512173137,1632.547287437264,1650.4092519603355,6886281.0
2024-07-18,1688.2940673828125,1695.3524103380762,1650.7934479826547,1650.7934479826547,11248896.0
2024-07-19,1721.8092041015625,1770.8336868455729,1715.5671113876276,1770.8336868455729,29819116.0
2024-07-22,1738.9990234375,1750.6669588687384,1721.8092366549201,1728.7236252048558,8462126.0
2024-07-23,1764.015380859375,1766.9442924167647,1712.494085746934,1738.1826974355533,7113056.0
2024-07-24,1761.182373046875,1769.249100779416,1747.4017766683005,1764.5915628208677,6002845.0
2024-07-25,1752.443603515625,1758.253598590097,1740.103489083107,1747.7860651938493,5815599.0
2024-07-26,1804.348876953125,1808.2861733754446,1752.9235913028444,1752.9235913028444,11369047.0
2024-07-29,1796.8583984375,1827.4926924499405,1790.040135957272,1818.4656425678857,4635931.0
2024-07-30,1802.6683349609375,1805.3571660297775,1786.1987904104494,1796.8583403917328,2721265.0
2024-07-31,1794.1214599609375,1810.350924152097,1791.048476651269,1802.5242769151237,5004209.0
2024-08-01,1779.092529296875,1793.7855029159562,1771.8901142339544,1782.453656326238,7475014.0
2024-08-02,1748.938232421875,1785.7186088193323,1744.0886770658112,1769.8732971519382,7400938.0
2024-08-05,1682.3880615234375,1726.1787193591779,1650.3613476722035,1714.1266318965754,10736703.0
2024-08-06,1681.619873046875,1725.6506144088735,1675.617860395926,1690.3587800212945,7690163.0
2024-08-07,1720.5609130859375,1726.5629255103806,1692.183351452448,1724.7382902879888,5094329.0
2024-08-08,1673.9852294921875,1709.3250068929763,1658.5720153140558,1709.3250068929763,6227910.0
2024-08-09,1700.489990234375,1710.0932091542359,1686.32524232758,1700.970151180368,4258524.0
2024-08-12,1726.0826416015625,1731.9405818653124,1697.9451624687292,1702.6988263064616,4315329.0
2024-08-13,1726.130615234375,1738.1827024097588,1718.0640047615366,1738.1827024097588,4176918.0
2024-08-14,1750.9071044921875,1752.5876680094568,1726.130749746865,1730.5002617824882,7450718.0
2024-08-16,1785.1904296875,1787.9753867685558,1756.9089953467567,1776.5955951852964,7335657.0
2024-08-19,1790.8084716796875,1793.449357119504,1775.8273550396493,1786.1988792940135,2585989.0
2024-08-20,1797.9146728515625,1810.8790189238414,1794.0733851264426,1805.405230806265,3870333.0
2024-08-21,1798.394775390625,1804.444850251852,1793.0169961955314,1800.6995713961778,1966902.0
2024-08-22,1805.6453857421875,1818.513723597305,1795.51394205871,1809.2465931329778,4300287.0
2024-08-23,1788.2154541015625,1807.9020537953018,1783.3178356718943,1803.67661383031,5015935.0
2024-08-26,1801.7080078125,1813.8080406542315,1790.0400729474454,1795.8020045127269,3728589.0
2024-08-27,1824.707763671875,1827.2526403543604,1799.5473747842314,1801.7080992308468,3830679.0
2024-08-28,1862.1602783203125,1873.588133022963,1822.1148997127973,1831.2379582795415,6514531.0
2024-08-29,1856.638427734375,1873.1079727033768,1844.6824662886909,1856.3023384955793,7228284.0
2024-08-30,1866.5777587890625,1872.6278340667684,1851.5007508106305,1861.1039704725115,13466759.0
2024-09-02,1886.552490234375,1897.3561122833119,1865.713550595146,1866.241657337013,5573739.0
2024-09-03,1864.22509765625,1888.9533893572925,1859.6155051280512,1888.9533893572925,4694322.0
2024-09-04,1846.1708984375,1850.7324277310104,1824.6597803927025,1844.8744872415468,4778310.0
2024-09-05,1856.4464111328125,1863.0245930805459,1833.8307821972226,1849.8201661965988,4081810.0
2024-09-06,1826.3883056640625,1859.6634851962026,1821.5866958391305,1845.7388167038994,5848106.0
2024-09-09,1819.4739990234375,1844.634387126065,1814.0481565814205,1815.0084785277315,4772612.0
2024-09-10,1836.4237060546875,1858.2229673598686,1820.7704114285846,1829.317300201853,6909600.0
2024-09-11,1834.3590087890625,1849.5800883553493,1829.4133272673625,1838.7284033553788,5312946.0
2024-09-12,1873.0599365234375,1878.773922571952,1834.9832642548035,1848.6197893164426,8555092.0
2024-09-13,1866.9619140625,1880.886582594913,1858.8472403257115,1873.0599351123685,3843127.0
2024-09-16,1872.867919921875,1874.548483367517,1856.3504289468578,1868.5464710616527,1570181.0
2024-09-17,1875.07666015625,1880.7424658489679,1865.0892884852562,1870.467067930622,2793127.0
2024-09-18,1817.0731201171875,1861.824097546446,1806.6536508696367,1861.824097546446,6385468.0
2024-09-19,1819.0418701171875,1848.5238256038056,1804.253005223771,1834.7911742292838,7976570.0
2024-09-20,1830.1336669921875,1839.0166455673825,1793.305341425795,1829.4134254860905,15242974.0
2024-09-23,1821.2025146484375,1842.761812755645,1803.9167195535472,1833.2546020080952,3636672.0
2024-09-24,1823.2672119140625,1835.0792186672709,1797.1465020357018,1813.0878227950013,7277616.0
2024-09-25,1820.0982666015625,1826.1482246431408,1802.3323102544668,1811.5033146813457,4268341.0
2024-09-26,1824.8519287109375,1841.8495816692773,1817.8895940269988,1822.4991866395028,8952803.0
2024-09-27,1831.0938720703125,1896.2516927156676,1827.7808082445556,1855.4380099764576,14908931.0
2024-09-30,1801.179931640625,1825.8122145485347,1796.282312853667,1805.40537191387,6986955.0
2024-10-01,1828.7890625,1833.2065199774477,1800.6036370139677,1800.6036370139677,4029072.0
2024-10-03,1818.2735595703125,1835.9914522282918,1806.3655442331449,1814.528280610594,7503887.0
2024-10-04,1842.04150390625,1876.565029844856,1811.1671309069884,1814.5763205944831,10001483.0
2024-10-07,1857.55078125,1864.9452133204372,1840.0249057901142,1846.8911139011777,6112575.0
2024-10-08,1871.2353515625,1880.2622839615105,1830.7096956078074,1861.007899519078,5637391.0
2024-10-09,1875.2686767578125,1898.5564839074102,1867.9221904384558,1875.07665925967,4857163.0
2024-10-10,1842.85791015625,1886.0723999723164,1838.1523089309171,1880.214459242611,4782119.0
2024-10-11,1858.319091796875,1869.7469471224404,1834.3110416283794,1841.8976089269854,4709431.0
2024-10-14,1881.1746826171875,1891.354071794841,1854.477685639696,1855.4860705732615,3751378.0
2024-10-15,1881.558837890625,1912.433094709219,1874.3083602991192,1882.2310163628915,5353705.0
2024-10-16,1843.914306640625,1881.7990810660253,1840.3130990275722,1877.4295689381306,3111512.0
2024-10-17,1890.0096435546875,1899.516854492198,1853.5654717255002,1858.415027332384,8162822.0
2024-10-18,1805.0211181640625,1859.9995499352583,1795.0818094027522,1818.6577602233042,10526196.0
2024-10-21,1779.2364501953125,1823.4593218230411,1765.071701772492,1816.0647726492866,4654601.0
2024-10-22,1778.1319580078125,1803.2924614363872,1773.6664378494722,1784.4700589292672,4125240.0
2024-10-23,1799.0672607421875,1811.167294513619,1770.8337704576425,1772.0341729593083,4311910.0
2024-10-24,1789.4158935546875,1809.2465653946333,1786.198838446931,1787.5433126309072,2906475.0
2024-10-25,1788.1676025390625,1801.9001366151979,1773.1385399992107,1789.5119595392343,4689120.0
2024-10-28,1791.336669921875,1807.2300463621355,1783.3180044404317,1785.9108270230458,7018940.0
2024-10-29,1786.4317626953125,1798.378144066303,1776.4277753656768,1792.9391324904534,4621252.0
2024-10-30,1750.301025390625,1786.1404080241402,1744.7163014394891,1779.3416136488445,5919715.0
2024-10-31,1706.740234375,1736.5092654474463,1696.2992285309076,1736.5092654474463,7395236.0
2024-11-01,1710.236572265625,1715.2385657478123,1701.6895882617994,1713.7816813488193,371966.0
2024-11-04,1712.9561767578125,1716.2098616116575,1668.6183034798119,1674.9314693544445,7336722.0
2024-11-05,1703.7777099609375,1717.6181118779048,1694.842199656711,1709.4110437798347,3160880.0
2024-11-06,1771.2801513671875,1774.679548579323,1711.985022561022,1713.296194916247,10421494.0
2024-11-07,1751.2237548828125,1773.22261567757,1735.6350435250165,1760.8390975998175,4550965.0
2024-11-08,1777.3504638671875,1787.694367437014,1761.0334287500186,1765.7439982122546,4210960.0
2024-11-11,1806.6337890625,1814.306737413767,1770.163186757311,1776.427742360696,3804234.0
2024-11-12,1815.083740234375,1826.9330191433785,1807.5078940062876,1817.3175584882076,5012450.0
2024-11-13,1814.6953125,1819.3572716489662,1802.943134866599,1807.605094015565,4257495.0
2024-11-14,1810.9559326171875,1822.0767695268303,1802.6516440521305,1811.975680567675,4311431.0
2024-11-18,1759.3822021484375,1796.047127993138,1743.4050832115965,1796.047127993138,4839244.0
2024-11-19,1772.2999267578125,1806.24528689049,1768.2206977377823,1773.0283689800722,4669769.0
2024-11-21,1781.3326416015625,1813.3354888516371,1768.26917339711,1789.0540816629436,5436504.0
2024-11-22,1847.572265625,1859.0331371970146,1781.2840242640295,1800.80625185363,6301486.0
2024-11-25,1835.383056640625,1864.1323391283017,1827.904430253904,1860.927145784527,12764638.0
2024-11-26,1868.8427734375,1882.8773790978912,1842.7645663309452,1850.194581938472,6850495.0
2024-11-27,1869.1827392578125,1885.5969943515,1856.7992214996743,1874.621750796134,4447143.0
2024-11-28,1803.282958984375,1859.8586361338635,1798.4266776839897,1859.8586361338635,8468790.0
2024-11-29,1804.448486328125,1823.0480681141644,1791.9678666332622,1797.8925063282472,5244346.0
2024-12-02,1825.7677001953125,1828.6814691911163,1782.4495729417774,1805.5655210664468,2868263.0
2024-12-03,1837.7139892578125,1845.1441235346933,1817.3662175546285,1832.760605927078,4715792.0
2024-12-04,1834.9459228515625,1858.935905488834,1821.1055208927776,1829.8468273930628,4705573.0
2024-12-05,1879.2352294921875,1893.8526842407528,1834.654541582606,1845.386971128795,9050038.0
2024-12-06,1867.1431884765625,1882.2461532385446,1857.4306251975142,1877.2442779990854,3573331.0
2024-12-09,1868.357177734375,1874.7188352688952,1842.6673778401903,1868.8912975545852,4274645.0
2024-12-10,1892.54150390625,1909.101352624084,1876.4671647750902,1883.2659588503623,6174921.0
2024-12-11,1917.4056396484375,1921.1449526741415,1895.8922889888395,1898.806057875605,5025612.0
2024-12-12,1929.88623046875,1941.3471020098962,1913.9091120699152,1918.4253589276038,6462130.0
2024-12-13,1942.22119140625,1948.7771714843159,1897.6406217246506,1913.132112410419,5362693.0
2024-12-16,1923.1361083984375,1942.1240981650324,1920.7564592966078,1938.0933607570853,3119221.0
2024-12-17,1919.7852783203125,1925.0300863243267,1901.7199339167669,1911.4324974199167,5811050.0
2024-12-18,1922.261962890625,1927.8951783904936,1905.216367108079,1910.2669710918078,3064095.0
2024-12-19,1890.259033203125,1903.4196039771014,1864.8121646312206,1878.4097533316565,5323592.0
2024-12-20,1866.9002685546875,1923.038809987995,1856.3135514684034,1918.3768510152895,11056720.0
2024-12-23,1868.988525390625,1884.2372017118134,1854.1282567360063,1874.5732490554924,2781793.0
2024-12-24,1854.1768798828125,1886.1797274213886,1787.111585198432,1871.6594932162752,2360544.0
2024-12-26,1852.5743408203125,1864.5693327398988,1847.6209572676305,1854.1769374712999,3623321.0
2024-12-27,1861.655517578125,1868.8428379280153,1849.1748978049127,1854.5168074679777,3937500.0
2024-12-30,1851.2144775390625,1860.9270403802957,1832.2749799986577,1860.6356160704356,7789055.0
