Date,Close,High,Low,Open,Volume
2014-01-01,188.3341064453125,190.3365330874365,188.07982308611025,190.16700613299255,5849398.0
2014-01-02,185.409912109375,189.85975033947824,184.37161793684353,188.1009984891129,6023632.0
2014-01-03,183.1320037841797,185.0602683328614,181.17195558765766,184.68944496313208,12833897.0
2014-01-06,181.16136169433594,182.92011346090413,180.1124730219564,182.67642468165374,13315857.0
2014-01-07,178.43850708007812,182.2208605252506,178.004116375885,181.08721536121413,17311470.0
2014-01-08,179.91119384765625,181.66993163805233,178.9258723766444,178.9258723766444,12726430.0
2014-01-09,180.26083374023438,180.91772422276415,179.0636211314739,180.2078609827608,8309185.0
2014-01-10,181.83941650390625,185.68533639992185,179.68865255902713,179.76281439420853,14839980.0
2014-01-13,186.55413818359375,187.105068879176,183.92661929429568,183.97959203955116,12058586.0
2014-01-14,186.78724670410156,187.43352839060924,184.86957659937613,186.1515454225295,12075547.0
2014-01-15,187.6242218017578,189.64783731357366,186.68127861683803,187.46530356101596,12660424.0
2014-01-16,187.77256774902344,189.28763081098396,186.9037863722555,188.3129039358117,18038361.0
2014-01-17,187.4758758544922,190.05042177350566,186.52233823338733,188.40822437934688,15463211.0
2014-01-20,184.29747009277344,188.37648524409926,183.52403960705064,187.93149997278204,16576057.0
2014-01-21,182.87774658203125,185.11325320628717,182.65524688764717,184.91195675677793,9806364.0
2014-01-22,184.86956787109375,185.48406587900305,181.8394418840687,182.97308695563123,8517726.0
2014-01-23,183.46046447753906,184.62589328679715,182.35860296933936,182.35860296933936,13767334.0
2014-01-24,183.85244750976562,185.33572673149175,182.4645192243436,182.65522109695178,11879019.0
2014-01-27,178.66098022460938,182.40096935401618,178.06767130823877,181.38386431311633,12345838.0
2014-01-28,179.02120971679688,181.38386498648623,178.56562994210609,179.4767894914877,11573795.0
2014-01-29,177.27305603027344,180.64222186287392,176.93403043851325,180.07010203185237,12374165.0
2014-01-30,174.81504821777344,176.69034008530025,174.22173929251932,176.17119300758716,14102043.0
2014-01-31,176.11822509765625,176.60558853981203,175.05874181382654,175.23884916280258,11038353.0
2014-02-03,173.94625854492188,175.83213057370233,173.63900249985028,175.06930895255024,8227762.0
2014-02-04,174.08399963378906,175.16467192254606,172.304058820595,172.59012578876022,12362252.0
2014-02-05,173.17283630371094,174.073401239423,170.97970812761744,173.77673972880228,11298451.0
2014-02-06,172.87619018554688,174.62433318078698,171.2445730827461,173.75555188513007,10826505.0
2014-02-07,172.5795440673828,174.56078145900872,171.7637354432099,174.20055262100593,8459052.0
2014-02-10,174.16876220703125,174.94219260197923,171.88026881526775,172.74905015467968,10345205.0
2014-02-11,170.63011169433594,174.8150725474231,170.10036999324805,174.39129050249525,12609169.0
2014-02-12,173.31057739257812,174.158169642882,171.08566541668782,171.21280001075561,9828890.0
2014-02-13,171.08566284179688,173.52247991605128,170.5877048775998,173.52247991605128,8657303.0
2014-02-14,174.18994140625,174.60314295370316,171.21278832874071,172.03919142364703,9218744.0
2014-02-17,172.12396240234375,174.17936162010795,171.0115063960159,173.25760750803303,9058505.0
2014-02-18,172.3040771484375,173.29999315105817,171.02210829214968,171.02210829214968,5741275.0
2014-02-19,172.11337280273438,173.75557048525482,171.6366039084637,172.27229105251575,6130140.0
2014-02-20,170.6724395751953,172.42059657478205,170.1744816743024,171.91204412588982,8041497.0
2014-02-21,171.95443725585938,172.90797494848323,170.7042380485586,171.02208866107492,6256274.0
2014-02-24,172.13455200195312,172.6854827144336,170.64067810515255,171.22339246576115,6800627.0
2014-02-25,171.7531280517578,172.90797632799496,171.11744096657858,172.54774751692577,7039336.0
2014-02-26,171.784912109375,173.08808407478628,171.26576506200144,171.84847940355232,13608048.0
2014-02-28,169.5070343017578,172.77024040357944,168.05553859158897,171.78491901437454,18949872.0
2014-03-03,170.2380828857422,170.95854058311116,168.9137216871467,169.53882843352096,11635479.0
2014-03-04,172.26168823242188,172.62191705955865,170.06855991102267,170.15331630683698,8997053.0
2014-03-05,171.0009002685547,173.33175762020466,170.6088878119835,172.81261057607261,11827655.0
2014-03-06,174.27471923828125,174.68792083657237,171.48828184095947,171.49887639104574,10172590.0
2014-03-07,184.22328186035156,185.1980087432872,174.81505277351556,174.81505277351556,33597187.0
2014-03-10,187.6242218017578,191.48075093649928,182.95189821961577,183.31212704355636,32869474.0
2014-03-11,185.35693359375,188.122181736223,184.79540832566047,187.52887281965252,12780183.0
2014-03-12,184.63650512695312,187.08391717152045,183.85249419555498,185.1980304838125,9431389.0
2014-03-13,186.37405395507812,189.5948821354586,185.3463542798643,185.40992158205148,17221827.0
2014-03-14,187.77256774902344,188.57776768182245,184.14911854418565,185.1980072682409,16540547.0
2014-03-18,189.95506286621094,192.57198686786822,188.48237830387555,188.48237830387555,19034847.0
2014-03-19,191.34303283691406,192.8051231708934,189.70082100810674,190.70733154740893,16376397.0
2014-03-20,191.9786834716797,192.29653405598458,190.31529700414737,191.0463349596476,29711945.0
2014-03-21,187.69837951660156,193.5361458371511,186.92496328375336,192.1905956603722,22050970.0
2014-03-24,191.85157775878906,192.56142672512289,188.82145171128332,188.85323536000305,28815466.0
2014-03-25,186.32106018066406,186.9991254724152,184.88015905888312,186.25749288564916,31299573.0
2014-03-26,188.84266662597656,191.33245684068478,186.71309114600166,186.7342802480448,13811011.0
2014-03-27,190.86627197265625,191.74564794902642,189.03335816683625,189.61607258596067,55407935.0
2014-03-28,194.12945556640625,194.93466959507953,190.70731716193302,190.70731716193302,18667646.0
2014-03-31,197.22317504882812,199.14083100558588,193.50437489375696,194.15065657923967,18751896.0
2014-04-01,199.7341766357422,200.24272923065047,196.9159411892001,198.3356534635124,15640608.0
2014-04-02,203.0397491455078,203.84496326578076,198.78062672519192,200.24271711520726,26780181.0
2014-04-03,201.86370849609375,204.04624227158374,199.26797314540764,202.74308439395656,26550895.0
2014-04-04,200.08377075195312,201.9908462706256,199.5116509253366,201.72598252910228,12513877.0
2014-04-07,200.0625762939453,202.3510696840401,197.9859880363194,200.03079264581385,12905249.0
2014-04-09,203.876708984375,204.84084118126847,200.69825958610994,201.30216299149086,13438946.0
2014-04-10,205.3388214111328,206.36652101025376,203.88732568388218,204.41706730781277,10649501.0
2014-04-11,202.09678649902344,205.76261374555543,201.429315742858,203.9085110235199,11691621.0
2014-04-15,201.1114501953125,202.14975839276067,198.46274232101024,201.30216621501407,9264526.0
2014-04-16,199.4586639404297,203.20924741210666,198.78059866560156,200.56052531637232,12381278.0
2014-04-17,203.23045349121094,203.80257332479624,199.98842224099246,200.24270558087832,7845800.0
2014-04-21,203.33639526367188,205.52952360972174,202.59474850210867,205.52952360972174,11817203.0
2014-04-22,205.0633544921875,209.51319273983614,202.59475364900436,203.4211568283292,19331824.0
2014-04-23,204.9362030029297,208.08286892305213,204.32170501647877,205.32821546055231,15288495.0
2014-04-24,204.9362030029297,204.9362030029297,204.9362030029297,204.9362030029297,15288495.0
2014-04-25,200.93136596679688,205.3282314450188,200.454597080124,205.11634044868697,13252156.0
2014-04-28,200.24270629882812,202.57356384068635,199.46927587153382,201.2598113721657,16610579.0
2014-04-29,199.2467498779297,201.6729720206413,198.7593865398519,200.4651511506624,8396497.0
2014-04-30,198.29322814941406,203.4211310843896,196.87351621239284,200.00958744511385,14391181.0
2014-05-02,196.66163635253906,200.75125991241003,196.21666525737743,199.1832240946802,9070553.0
2014-05-05,200.63470458984375,203.10330542374447,196.00475901189913,196.00475901189913,15199246.0
2014-05-06,204.13101196289062,204.90442821766757,200.7830353222049,200.85719716835501,12392211.0
2014-05-07,203.60128784179688,205.83680884779702,202.79608781353537,203.4423695753495,10571569.0
2014-05-08,203.48472595214844,205.56131432401978,201.46111033007722,204.07803489483646,11949181.0
2014-05-09,211.3884735107422,211.68513503626264,202.53117568146405,202.53117568146405,18452114.0
2014-05-12,217.9784698486328,222.27998422654525,210.64684360558905,210.8163563966661,30847764.0
2014-05-13,225.33131408691406,226.47556793637074,219.20749436924697,220.3729231740487,26863271.0
2014-05-14,221.53836059570312,226.3060353422273,220.60601191715608,225.45845720757885,19375695.0
2014-05-15,223.21229553222656,224.61081825946894,220.21395367200716,221.53831456555787,20864719.0
2014-05-16,230.9463653564453,245.06955938622062,227.2764787256446,233.2681385303365,52633579.0
2014-05-19,239.67709350585938,240.68283626688898,232.58338445841002,233.46073817364746,23797958.0
2014-05-20,231.07479858398438,241.592302512792,230.18675995746034,241.35692256671263,22509088.0
2014-05-21,230.7645263671875,236.0179216758122,229.76948256577006,231.07479993428706,21991587.0
2014-05-22,235.55783081054688,238.25408664418333,232.1126245461201,232.39081511352563,18745180.0
2014-05-23,241.26058959960938,242.2342493942869,235.81461133634542,237.85819414210155,16566818.0
2014-05-26,235.7504119873047,243.9461269326116,230.0369280903498,242.34123530659548,16073584.0
2014-05-27,232.80809020996094,237.09853862884202,230.05833897997067,236.0286012960313,11273379.0
2014-05-28,233.01138305664062,236.79897452202786,232.1233301748751,233.16117029012022,11351815.0
2014-05-29,229.72665405273438,233.9743058768011,228.6139061488634,233.78172231038835,27659174.0
2014-05-30,227.83287048339844,233.1825571209224,226.8271276814044,232.1768286034245,17293884.0
2014-06-02,231.57763671875,232.87226908947449,227.96124534855022,229.9834299142843,8806299.0
2014-06-03,234.4022979736328,235.8146204004956,230.53981304623827,231.81304733329907,10874352.0
2014-06-04,230.5718994140625,235.77181290886898,230.30442223477468,233.81382281849986,8826406.0
2014-06-05,233.2253875732422,234.29532499166106,227.73659804622542,230.78592397406837,19974435.0
2014-06-06,240.1799774169922,242.44824114897506,236.26399704006363,236.97015111325732,29319340.0
2014-06-09,240.2334442138672,242.38403213703697,237.9758797045116,241.80625286636752,13497804.0
2014-06-10,239.3026123046875,241.90256191677193,235.4829238983133,241.90256191677193,15760599.0
2014-06-11,235.83602905273438,239.66640260276367,233.7817469894904,239.66640260276367,15164409.0
2014-06-12,234.13478088378906,238.27545592231033,231.98420735797598,235.07632906536261,11767348.0
2014-06-13,231.5134735107422,236.88457300016444,229.54478411332838,235.45085230556984,14646904.0
2014-06-16,227.9933624267578,231.96283829482215,226.2172709902836,231.96283829482215,14371376.0
2014-06-17,233.25746154785156,233.9529165150331,226.4205446997379,226.4205446997379,15824961.0
2014-06-18,228.27154541015625,235.73972274826073,226.96621388242605,232.81878615548044,19212704.0
2014-06-19,222.99676513671875,230.02626645389893,220.7498993530893,229.82298376691256,23126286.0
2014-06-20,221.7984161376953,224.55885218783266,221.31694290651487,223.80990176404987,12855084.0
2014-06-23,222.10867309570312,223.5958890290067,219.12354214219076,221.90539044450497,14768300.0
2014-06-24,226.79502868652344,227.4262891337208,223.61729970653792,223.61729970653792,11890148.0
2014-06-25,224.90126037597656,226.6880653440481,224.2913980297148,226.32428204025254,10564797.0
2014-06-26,216.53431701660156,219.74414345506977,215.42158327931793,219.33756382062083,24480677.0
2014-06-27,216.57713317871094,219.0165969240362,215.52859387446122,216.12775715053274,9225499.0
2014-06-30,217.2832794189453,218.2676240877594,213.98786031067738,216.67341711608145,20656550.0
2014-07-01,215.69976806640625,218.38531054412448,215.475072936651,217.66845737237384,9653273.0
2014-07-02,217.89309692382812,219.8403876850178,216.55566834011702,217.6256054932884,12293489.0
2014-07-03,215.37876892089844,219.33754548387182,214.73680940067175,218.2676081886621,11575392.0
2014-07-04,220.82476806640625,221.86260813084647,214.69401946800238,215.05778844578828,12957117.0
2014-07-07,219.8083038330078,221.90538192387837,218.48157425422488,221.04942643534133,14019093.0
2014-07-08,212.9286346435547,221.37045844502103,211.84799811832917,219.55155623218752,17484768.0
2014-07-09,214.191162109375,216.10634176558807,212.38295905149852,214.41584296332562,14903156.0
2014-07-10,213.388671875,218.58857089356326,209.9327668545698,214.0413304528909,18600100.0
2014-07-11,206.81924438476562,214.41581017162753,206.20938216138623,212.96069153413774,17783841.0
2014-07-14,205.80284118652344,208.6167729249905,205.10737185502396,207.26865918560225,13764770.0
2014-07-15,208.03897094726562,209.708085619167,206.0809809329548,206.15588882474114,15345123.0
2014-07-16,211.78378295898438,212.48993702729024,208.42416945059844,208.42416945059844,13957671.0
2014-07-17,210.24305725097656,213.60265624739202,209.77228314248282,211.41998537996338,9426887.0
2014-07-18,209.0126495361328,210.46776841903363,207.41844250336203,209.70811885447725,9332698.0
2014-07-21,213.48500061035156,215.69978337904186,212.9286337171461,213.98787206041203,16987269.0
2014-07-22,220.61077880859375,221.2420535643164,214.22325191196495,214.84381329528037,28489939.0
2014-07-23,221.10293579101562,222.5045590635214,218.4922870995251,221.48811721356222,13721398.0
2014-07-24,222.7720489501953,223.2321239796616,219.12354597574196,220.40747928030976,9673900.0
2014-07-25,218.66346740722656,223.25350395616186,215.49643789457295,222.9539152575006,13532588.0
2014-07-28,215.18618774414062,219.02726010546652,214.33023218465203,218.48159236452886,9372911.0
2014-07-30,215.3039093017578,216.34174949903286,212.48996320057,214.84383419235263,18616706.0
2014-07-31,215.3680877685547,218.2462281887352,214.41584035392995,215.68907469764628,17722817.0
2014-08-01,208.91635131835938,213.77388017101813,208.63817502717004,212.9179245522112,15826199.0
2014-08-04,210.77804565429688,211.78378848708883,208.86285177992775,209.92209005228347,14672155.0
2014-08-05,210.53195190429688,211.38790750450713,207.78221489402907,210.79944338604878,12233949.0
2014-08-06,211.45208740234375,213.68826803916906,209.60108818741355,210.75663245309894,16358373.0
2014-08-07,211.69818115234375,213.2816889074774,210.42494692523553,211.63397234480846,10844144.0
2014-08-08,209.81509399414062,210.45705353755648,208.23158616865027,209.61179704431987,9118453.0
2014-08-11,209.81509399414062,211.2595136801984,209.1517219909313,210.81013771445845,6696796.0
2014-08-12,210.649658203125,211.19532597532643,208.92704789807036,210.99202901893975,9556263.0
2014-08-13,211.8800811767578,213.2603063768454,209.7081091832726,210.41426327300528,14113750.0
2014-08-14,214.61912536621094,215.05780226976478,212.22247245581482,212.91792747784095,12062077.0
2014-08-18,216.78042602539062,217.29399657859267,213.4529093762598,214.2232723483118,7643510.0
2014-08-19,215.97793579101562,218.90957145803657,215.29317991001275,217.1976746132814,14559347.0
2014-08-20,213.634765625,217.93592736685034,212.99280608955084,216.3417204734953,13022078.0
2014-08-21,212.93930053710938,214.84379516245548,211.869363267352,213.98783963285143,16449220.0
2014-08-22,213.62408447265625,215.48578299470654,212.98212488331026,214.00926594006273,8571614.0
2014-08-25,213.08912658691406,215.8067808890776,212.586255121419,213.98787862833032,7455233.0
2014-08-26,212.5648193359375,213.3351821735704,210.35005117560996,213.13188523485,9548209.0
2014-08-27,212.6397247314453,214.3730340699443,211.17392115337609,213.38868943646236,8391614.0
2014-08-28,213.7096405029297,214.8437721733768,212.8322868931904,212.8322868931904,15914040.0
2014-09-01,217.0050811767578,218.48159812780122,213.04630446531516,214.9187019444021,16197464.0
2014-09-02,219.08074951171875,220.73916514813857,216.25611909835348,217.94661771153795,16556769.0
2014-09-03,220.67498779296875,221.68073062635065,218.50300152292294,219.36965621335747,21922291.0
2014-09-04,219.53013610839844,221.24204726333662,217.86103558838025,220.19350810896023,9346763.0
2014-09-05,219.47662353515625,221.14572392486266,218.3959872023306,219.9153003772479,9078852.0
2014-09-08,222.05519104003906,222.4082752136781,219.9795109173961,221.24204610175917,13886787.0
2014-09-09,221.04945373535156,222.82555945074398,220.0223127360512,220.85687015466888,9166689.0
2014-09-10,217.37953186035156,220.21487538507108,216.68407697904965,220.011578464587,9459033.0
2014-09-11,218.1392364501953,220.40751470077208,215.6997870631285,218.3318343333043,10619105.0
2014-09-12,217.32606506347656,219.12355461938142,216.4380122307905,217.94662642380695,8749882.0
2014-09-15,214.5763397216797,216.5557282883408,214.2018716135529,215.93516685323294,8738403.0
2014-09-16,209.57968139648438,214.8758864474323,208.95912008280317,214.2874223938814,13242995.0
2014-09-17,211.55906677246094,211.9656463465524,209.48338684022508,210.7566209953411,10887270.0
2014-09-18,215.036376953125,216.12771238788702,210.4998355388725,210.77802608327028,9089107.0
2014-09-19,213.0142059326172,217.36886314614665,212.0619585672546,215.27178483862747,17169819.0
2014-09-22,212.17965698242188,213.13189003711096,211.35579869090355,212.48993051428263,7900222.0
2014-09-23,206.68019104003906,213.01422281499708,206.08101351797785,212.21177689692834,17694403.0
2014-09-24,206.5089874267578,208.44557953706502,204.4440062575123,207.24725308464696,15393998.0
2014-09-25,198.97659301757812,207.0974286487826,197.4358816273119,206.73365968870954,33092058.0
2014-09-26,199.70416259765625,201.50165210520663,196.2910537809115,198.79471161440668,15904980.0
2014-09-29,199.68276977539062,201.7263526284228,198.92310599295138,200.49591471090054,12481132.0
2014-09-30,202.36830139160156,202.95676545800723,197.94944992334428,198.58071033752523,17642155.0
2014-10-01,198.40953063964844,202.34690902391867,198.15275254562854,201.91893124938986,8656245.0
2014-10-07,198.18482971191406,200.0572126444409,197.60705048996343,198.42020960756534,12404189.0
2014-10-08,200.4424285888672,201.46956960687618,197.1149265105969,197.1149265105969,9827783.0
2014-10-09,204.2835235595703,204.8398904426746,200.76342347305663,200.76342347305663,11164671.0
2014-10-10,205.56741333007812,207.3542179810312,200.3140188152495,202.64649118280312,15465656.0
2014-10-13,204.97894287109375,206.44476058470147,202.87116567877663,205.81350019256232,13881865.0
2014-10-14,205.69583129882812,209.4941074115845,205.12876536805587,209.4941074115845,19077913.0
2014-10-15,205.69583129882812,205.69583129882812,205.69583129882812,205.69583129882812,19077913.0
2014-10-16,199.22268676757812,204.76497100749455,198.58071297343668,203.64153829449018,19017182.0
2014-10-17,200.69923400878906,201.28769817205244,197.98157977077594,200.2926543535078,15313270.0
2014-10-20,200.08932495117188,201.2769664583965,195.06061123002792,200.8275905211352,21187302.0
2014-10-21,198.86959838867188,200.50660153155027,198.38812519553173,199.91813746982237,17621790.0
2014-10-22,202.35760498046875,203.4596395192457,199.68276178666613,200.1000261829929,13384016.0
2014-10-27,201.43746948242188,206.2736000394973,200.4638239182916,206.2736000394973,10072622.0
2014-10-28,199.8753662109375,201.57656408850457,198.1741683333704,201.3839805008733,22023470.0
2014-10-29,203.63084411621094,204.01602557210214,199.89676237982644,200.4210319809434,17516848.0
2014-10-30,209.547607421875,210.03977974972648,202.66790820434963,202.860491786532,32745121.0
2014-10-31,214.1055450439453,214.77961614307307,210.10397193828396,210.10397193828396,14086084.0
2014-11-03,214.49072265625,215.9137441590437,211.8800738621115,214.84380683117527,12376151.0
2014-11-05,212.1261444091797,215.80674466876363,211.50558306930643,214.41582048425798,15730002.0
2014-11-07,209.81509399414062,212.99280873277002,209.29082441486005,211.94426957420887,11633677.0
2014-11-10,207.4291229248047,211.8051782681477,206.97974696578322,210.30726316624146,10482542.0
2014-11-11,209.2159423828125,211.37721534546756,206.76577975315544,208.08179617578335,10100100.0
2014-11-12,208.43487548828125,210.35006937651906,207.2900445043333,210.12537424422757,9286081.0
2014-11-13,207.40771484375,209.665293618521,206.1558930983686,208.42415667562202,7041533.0
2014-11-14,207.38632202148438,209.2266221671195,206.50896829768197,207.354224759723,8424014.0
2014-11-17,210.8208465576172,211.32371798487029,206.71228243444253,206.71228243444253,10224348.0
2014-11-18,211.55906677246094,213.49565857930847,210.82081551475113,210.8743109475928,13410579.0
2014-11-19,209.31219482421875,212.27592741672623,208.9591106941545,211.55906007036833,8099318.0
2014-11-20,209.86859130859375,210.49985177000434,207.63241054755142,209.2801271981604,11342020.0
2014-11-21,213.4956817626953,214.20185012187733,209.7509010656712,209.7509010656712,11739875.0
2014-11-24,210.85292053222656,214.87589150589278,210.07185861501156,214.03063506690592,12426216.0
2014-11-25,212.4899444580078,212.89652408679422,208.27438950703046,210.79944569931314,14606201.0
2014-11-26,211.2167205810547,212.48994059983752,210.2644731966727,212.26525975575694,13155281.0
2014-11-27,211.55906677246094,212.48991587289555,210.36074050781798,211.84795639430072,12279963.0
2014-11-28,212.1903533935547,217.7005404158674,210.39284961091082,211.78377379657616,20881173.0
2014-12-01,205.77073669433594,212.2652689776557,205.11806374037258,211.6339942002487,17382184.0
2014-12-02,205.9954071044922,207.83570733302744,205.00036337607426,205.85631896392735,9453044.0
2014-12-03,207.2151336669922,208.42415907840078,205.11804117271072,205.11804117271072,9789854.0
2014-12-04,205.1180419921875,208.6274425668179,204.5081797404962,207.1616390591282,10775294.0
2014-12-05,204.86126708984375,206.9262480787224,204.3797938763827,205.64231474799433,10048267.0
2014-12-08,202.13291931152344,206.03820055609017,201.63006219501906,205.4283382792377,10238784.0
2014-12-09,201.11648559570312,203.43825911853338,199.2227041626675,201.36257890466055,10598750.0
2014-12-10,199.55438232421875,201.351886307516,199.00871453311007,199.31900238019023,13242754.0
2014-12-11,193.9051055908203,198.7947317946796,193.30594236081393,198.7947317946796,22620658.0
2014-12-12,188.81219482421875,194.94294378014177,188.17023524737,194.08698815467883,17874849.0
2014-12-15,188.05252075195312,188.69449457833926,186.59740198170533,187.8706362623582,12647964.0
2014-12-16,185.01388549804688,189.00475927063732,183.96534639106824,187.62454846286664,20886278.0
2014-12-17,186.0624237060547,187.21796796316897,184.98178734293023,185.1529870205557,20779949.0
2014-12-18,188.3306884765625,189.33643116017615,185.0245708104306,188.640976264505,14970699.0
2014-12-19,192.7067413330078,194.3865407221092,188.84425693375235,189.40062370138145,20073537.0
2014-12-22,193.63763427734375,194.04419964560094,190.66320192889816,193.0170585673246,8305143.0
2014-12-23,191.2516632080078,193.47713074925565,190.8343844728995,193.09194927957896,10583206.0
2014-12-24,189.19737243652344,191.97920673596,188.30931956450274,191.25165446826017,22479751.0
2014-12-26,190.20310974121094,191.01625468915324,188.33071225976465,189.72163651125322,4890141.0
2014-12-29,191.9470977783203,192.38577464361174,189.79652408570487,190.1282100776315,6931660.0
2014-12-30,188.3414306640625,192.2467123426413,187.68877196433624,191.9685217500134,11627412.0
2014-12-31,190.69528198242188,191.28374608891298,188.10603134316327,188.30931400894332,8464992.0
2015-01-01,189.99978637695312,190.8771400134829,189.09033548185477,189.65741561888825,2963643.0
2015-01-02,189.4969482421875,191.74382815812206,189.22947104058622,190.04261601795088,7331366.0
2015-01-05,187.4212646484375,190.6417900892634,187.04678228843514,189.37925486692558,10103941.0
2015-01-06,178.91522216796875,186.8113764752529,178.0378685150495,186.1694170073948,18627980.0
2015-01-07,182.80984497070312,183.77279153113093,179.10786025660138,179.12925843418876,20720312.0
2015-01-08,180.18849182128906,184.65014028561507,179.78191217385094,184.05096276070768,19872227.0
2015-01-09,184.09376525878906,184.45754856437458,180.8197583620128,181.54731068868603,13392787.0
2015-01-12,181.953857421875,184.2435334450875,180.09217344442607,184.13654257589423,10100113.0
2015-01-13,180.423828125,182.9488838223256,179.85676228725453,182.53160518732582,9948711.0
2015-01-14,178.66915893554688,181.2477104052324,177.86669881659475,180.39175484961623,11380041.0
2015-01-15,184.93898010253906,186.40479779837128,179.74978033395087,179.74978033395087,16927085.0
2015-01-16,186.10525512695312,187.23938705211427,182.32836269317522,184.02956058091692,19136963.0
2015-01-19,188.2344207763672,189.59323348253545,183.76207355968455,186.21223606415992,13339962.0
2015-01-20,193.24172973632812,193.77669838636558,188.06321434843136,188.63029454489703,13361320.0
2015-01-21,194.03347778320312,195.0285214787759,190.8878603857459,193.6590097248124,17084297.0
2015-01-22,189.1117706298828,194.12978549981565,188.20231962566118,193.69110862891478,23721627.0
2015-01-23,189.78582763671875,192.11828584647952,187.66735117666227,190.44918534529805,18080494.0
2015-01-27,190.2458953857422,191.88289856167683,188.41629435796523,191.06973937499922,17939876.0
2015-01-28,194.0548858642578,194.68616062104832,189.6146358133495,189.6146358133495,19298126.0
2015-01-29,198.88034057617188,199.97167624126786,194.06560760133866,194.10840395804846,36117653.0
2015-01-30,195.85238647460938,199.2761945456081,194.51495765255618,199.00870306739893,21746801.0
2015-02-02,194.31167602539062,196.84743125784271,193.80880461402253,196.0235729278048,19302710.0
2015-02-03,200.63504028320312,201.3304953363109,195.41372784477915,195.41372784477915,17092333.0
2015-02-04,198.7519073486328,201.96171909572098,198.131346029715,200.95597636749395,14072894.0
2015-02-05,197.66058349609375,201.1271735293087,196.3552519765529,200.2926304255329,12365643.0
2015-02-06,194.70755004882812,199.00869747891824,193.23103312750717,197.74617659105456,9045844.0
2015-02-09,191.88290405273438,196.4408438375023,190.87716126992885,192.84585048601593,8839692.0
2015-02-10,188.7372589111328,193.55197608527527,184.30770882608624,192.16106636121924,13651008.0
2015-02-11,192.73886108398438,193.60551573745482,188.95126984622166,189.5932293784795,9781008.0
2015-02-12,194.54705810546875,195.57419911515908,189.86072903431875,194.30097908321838,8709626.0
2015-02-13,196.33387756347656,197.04003170359636,194.52567443154445,195.58491278397295,7393680.0
2015-02-16,193.18821716308594,197.76755468637614,192.58903975783755,196.5906123330974,12266698.0
2015-02-18,192.942138671875,194.30096559739172,191.3907281770942,192.58905451039527,9835036.0
2015-02-19,193.0277557373047,194.21539741784883,189.92493435604038,194.07629498243546,9550637.0
2015-02-20,186.83279418945312,191.73311911328037,186.44761275465314,191.57261851615772,18717199.0
2015-02-23,182.19993591308594,187.61383058417115,181.26908685768754,186.15871202779476,14104463.0
2015-02-24,180.0601043701172,183.3448248205878,179.10787112519753,182.79915697449962,19946218.0
2015-02-25,180.423828125,183.2805697700421,179.97445223226902,181.63286768635768,15274116.0
2015-02-26,180.17776489257812,181.88966164130656,179.02222065980368,181.05510429838532,21459750.0
2015-02-27,183.0773162841797,184.2435597785605,180.73415877596406,181.36541927892418,18659378.0
2015-03-02,184.93898010253906,187.3463459741244,183.07728192391377,185.9554218833757,14579511.0
2015-03-03,192.76025390625,193.969279324954,185.613063696691,185.95543448599022,20636925.0
2015-03-04,189.9891357421875,194.6540813554282,188.3200350174809,193.8730192954161,14476047.0
2015-03-05,189.36854553222656,192.3215793319759,187.9134268069372,190.98415056690584,10716702.0
2015-03-09,186.09451293945312,190.8236520656184,184.91758484346377,189.40063069312518,14065391.0
2015-03-10,183.84765625,187.41055224966092,183.04519614763234,185.94473446187305,15234060.0
2015-03-11,183.1629180908203,186.08384057706047,182.40325426348716,184.2328554743766,11635873.0
2015-03-12,184.8427276611328,185.61309061777965,183.0880199734915,183.60160480092114,11782380.0
2015-03-13,181.91107177734375,186.08383019735746,181.24771406482,185.95544114677145,12936157.0
2015-03-16,180.1991729736328,182.73492811785326,179.8139915415307,182.21065854911555,13839990.0
2015-03-17,183.35549926757812,184.00815792038017,179.96378837851435,182.00737132545729,19070082.0
2015-03-18,185.88055419921875,186.65091709935052,182.89542295907717,183.38759528846785,9269885.0
2015-03-19,183.2056884765625,187.60312735711426,182.76701164027128,187.3570483646431,13934612.0
2015-03-20,182.7670135498047,184.27562763376545,181.59007115481376,183.58015842661288,10405717.0
2015-03-23,180.16708374023438,184.88551006914392,179.34322540214848,183.28060402910987,13251683.0
2015-03-24,181.45098876953125,182.8098156821211,180.19916701223235,180.19916701223235,9238431.0
2015-03-25,180.79833984375,181.78268447671076,179.9637824379149,181.67569360019246,10264941.0
2015-03-26,177.46011352539062,181.72917779480818,176.3473799094531,179.98516947747746,20621346.0
2015-03-27,173.69393920898438,178.6798567145218,171.50055489934067,178.4444625104279,23326922.0
2015-03-30,173.49066162109375,174.97787776886372,170.43063661796947,174.74249782300674,17330588.0
2015-03-31,176.7539825439453,178.23049959453544,175.042071264393,175.042071264393,20235395.0
2015-04-01,178.90452575683594,179.5357861477442,173.99350218572226,176.5185580338501,14588531.0
2015-04-06,176.465087890625,179.32183011568313,175.76963288075356,178.89385230787886,12334096.0
2015-04-07,178.2197723388672,178.91522725845928,176.76465369502523,176.76465369502523,21275454.0
2015-04-08,185.29209899902344,186.0624476517458,178.23050064066481,178.35888970203567,24821205.0
2015-04-09,191.54052734375,192.37508476493576,183.77277529820066,185.20649592340592,27276420.0
2015-04-10,193.51991271972656,194.4721600924163,190.25660526974175,191.50842709752723,25323219.0
2015-04-13,197.40379333496094,197.88526655907532,192.32158390514024,194.04417985370733,20177342.0
2015-04-15,197.64988708496094,201.06298172725784,194.1297872824526,197.0828068746773,22231264.0
2015-04-16,198.65562438964844,200.72060537180948,196.65483793114063,197.83176610044086,20177302.0
2015-04-17,198.3346405029297,202.06872201034483,197.42518950168795,200.08933369628787,23958678.0
2015-04-20,189.518310546875,200.60287794210817,187.98829838982138,200.57078068399127,37628162.0
2015-04-21,187.5496368408203,191.6261175138616,186.69369560355148,190.48127236104125,17707007.0
2015-04-22,188.25582885742188,189.75374406692976,185.5274756448377,188.7159039369812,14761313.0
2015-04-23,187.6780548095703,190.32080090490365,185.9661436324908,189.13317359628937,13337818.0
2015-04-24,188.0739288330078,189.26157047522764,185.88055861673672,187.66736348191137,12709854.0
2015-04-27,187.30352783203125,189.91417604218748,186.47966970299518,188.31996949458554,11042925.0
2015-04-28,185.1422576904297,188.7372503503859,183.71923648900068,187.1751410397588,14687371.0
2015-04-29,181.88966369628906,186.28711699983307,181.33329688955413,184.4575159906408,16387960.0
2015-04-30,184.5323944091797,185.29205809023318,181.45097190961226,181.88964872360884,34802149.0
2015-05-04,190.65248107910156,191.2837415212092,184.13655114361163,185.3562756781583,15078502.0
2015-05-05,190.90927124023438,192.97425238020904,189.40065696560288,191.24095725562034,17846755.0
2015-05-06,188.36279296875,191.89359158330777,186.59738651922365,190.44917202037573,22438208.0
2015-05-07,186.32994079589844,187.97764328489345,184.02956533683286,187.23939189098243,16735535.0
2015-05-08,192.78369140625,193.6612652260249,186.58653415905832,188.73170175009093,17104443.0
2015-05-11,194.13796997070312,194.89635656004143,191.41857742185712,193.4662400168806,14214007.0
2015-05-12,188.2333221435547,193.91043813383442,187.4641016894681,193.91043813383442,16650201.0
2015-05-13,191.78695678710938,192.55619177945695,185.74147358837973,189.24092073376286,16701434.0
2015-05-14,190.2918243408203,192.02530419974357,188.58002672137943,191.98195418524813,12329713.0
2015-05-15,189.3708953857422,192.1877926328846,188.53667166955964,191.09354117897246,8331715.0
2015-05-18,193.18455505371094,193.71542999490362,188.99172496056983,189.57676933816288,9847540.0
2015-05-19,194.05128479003906,196.04477780292075,192.1119612107174,193.11954160387026,14513036.0
2015-05-20,196.9331817626953,197.3990533812929,194.51715257126492,195.10221141468998,8708891.0
2015-05-21,194.31130981445312,198.3524655180063,193.7370993195459,197.45322393762726,10759523.0
2015-05-22,195.84976196289062,196.22896247890162,194.36547602487633,194.36547602487633,8349048.0
2015-05-25,193.82376098632812,196.74899721981475,193.35788938775943,195.0155174676145,6617337.0
2015-05-26,191.67860412597656,194.14880278423198,191.2669019388558,193.9321105709988,9510249.0
2015-05-27,191.8302764892578,193.04371526270762,190.72519105349517,191.98195091176316,8078236.0
2015-05-28,189.77178955078125,193.76960988863482,188.94838514412015,191.94945886947653,26538868.0
2015-05-29,190.03179931640625,192.07946178668595,189.1867272140955,190.66017921748605,29277517.0
2015-06-01,195.5030975341797,196.07732258513818,190.24851667856765,190.68188670682446,19594976.0
2015-06-02,194.72299194335938,199.0891638182213,193.162868929824,196.26144718439295,20178960.0
2015-06-03,194.2246551513672,197.27989843415074,192.5236912974386,194.79886569486575,15546279.0
2015-06-04,197.7674102783203,198.52579681682707,193.40122372899853,195.9255916692109,15931395.0
2015-06-05,196.69483947753906,198.68833263238542,195.97977397468765,197.16071110380008,13066337.0
2015-06-08,191.86277770996094,197.18237548189444,191.35357054253797,196.48897776595527,10846953.0
2015-06-09,191.48358154296875,192.9895207266513,190.10763453551544,191.45106541832612,9153355.0
2015-06-10,196.27227783203125,197.1606854188827,191.76525104580847,191.98192876725156,13509379.0
2015-06-11,190.0642852783203,197.07401198616915,189.30588433335566,196.3156110412045,14676438.0
2015-06-12,192.81619262695312,193.43373867985483,190.30265840081162,190.4651811780263,21543824.0
2015-06-15,195.3947296142578,196.09896122972717,192.84869373291542,193.91044363539274,12858570.0
2015-06-16,195.87144470214844,196.09897081492593,193.5421009211202,194.7988608597588,13929305.0
2015-06-17,201.77609252929688,204.19212194220015,193.71544820373387,196.10980984004027,26232634.0
2015-06-18,212.1227264404297,212.78360803283346,202.0577558092228,202.068589696566,49366799.0
2015-06-19,215.9580535888672,218.07071962847124,212.89197646651942,212.89197646651942,45710935.0
2015-06-22,214.88543701171875,218.569059659903,213.75866942631936,216.02302401911172,19394187.0
2015-06-23,215.60049438476562,217.26895634278375,214.73375451317278,215.09128724148678,16007498.0
2015-06-24,214.7120819091797,218.08152187423084,213.79117262438874,215.60048953435222,18603004.0
2015-06-25,217.66981506347656,218.6340598737921,213.433649801447,213.86701971822035,27175118.0
2015-06-26,216.8356170654297,219.7391712625162,215.68718158723644,216.66226039948327,20966796.0
2015-06-29,214.70126342773438,215.35132559568137,210.61677219354266,214.06204961157323,20168946.0
2015-06-30,216.70558166503906,217.30145990780647,214.08370871818144,214.4954108840201,23184864.0
2015-07-01,217.90817260742188,218.94825461034355,216.90059226306226,216.90059226306226,14824266.0
2015-07-02,219.03492736816406,220.96341698207308,218.22235696898787,218.6340591117109,15931202.0
2015-07-03,218.24404907226562,219.6741656127278,217.34480748267924,218.7965917980968,13831096.0
2015-07-06,220.0533447265625,220.7792295814042,215.6438227719912,215.8388471920819,12237733.0
2015-07-07,217.38815307617188,220.28087329623258,216.68392147550537,219.06744899447003,11294999.0
2015-07-08,215.94720458984375,218.56907765168825,214.8746208129287,215.78468181507515,15190654.0
2015-07-09,213.95370483398438,216.90060888964751,213.03279550853105,215.81717679445802,16245867.0
2015-07-10,217.073974609375,217.5506801542959,214.57127411465797,214.75545021392298,16110573.0
2015-07-13,218.20069885253906,219.3924697883684,215.6329953706103,217.07394570167386,9860248.0
2015-07-14,216.20721435546875,219.17578622860862,215.6438377578284,218.61240963096824,9942927.0
2015-07-15,219.09994506835938,219.8041621865967,216.58641096641105,216.6297465143353,13532911.0
2015-07-16,221.81932067871094,222.70772833070598,219.09994275286152,219.2841188295931,14854295.0
2015-07-17,221.3859405517578,223.4336029331818,220.5842184960577,222.1551754128217,10195142.0
2015-07-20,222.0468292236328,223.17358229766833,220.56254344678067,222.70771073474583,6348354.0
2015-07-21,218.37403869628906,222.84856405593627,217.27978721741857,222.75105907623913,7923338.0
2015-07-22,227.6048126220703,228.37403313106284,217.68068196953553,217.7673530731437,17309440.0
2015-07-23,226.4996795654297,231.38589218564306,225.6112720110393,228.2764802097436,18642915.0
2015-07-24,222.11187744140625,227.44229508087443,221.25597134460705,227.08477677024987,13099664.0
2015-07-27,217.84317016601562,223.1627677677505,217.06311584112788,222.07935014378677,20118553.0
2015-07-28,218.90493774414062,220.30253811049852,216.70558633810427,218.4824016823122,13382878.0
2015-07-29,215.81716918945312,219.43580304164527,214.9721115673716,218.7424053680006,14790821.0
2015-07-30,216.7164306640625,218.41740888042105,215.0154669121734,216.70559677642885,11701228.0
2015-07-31,217.08477783203125,218.39572151149645,214.51707437087728,216.6839095610817,16634259.0
2015-08-03,217.21478271484375,219.68498117606046,216.5539011693605,216.90060000419717,9887787.0
2015-08-04,214.08372497558594,217.90820304975384,212.35025955003613,217.42066363874457,12006872.0
2015-08-05,214.029541015625,216.85727230051697,213.2386383381826,214.13787988528327,14345010.0
2015-08-06,212.1227264404297,214.95045782381723,211.8085437074771,214.73376561248432,8708037.0
2015-08-07,213.29283142089844,215.38382955320594,211.7326937727728,212.1335620722365,8608888.0
2015-08-10,209.94505310058594,214.2570558941865,208.991642104184,213.3253271365139,9288894.0
2015-08-11,209.31668090820312,210.97430909372304,207.58320104550285,210.40009859015612,8762464.0
2015-08-12,204.311279296875,209.3166799577667,203.80207212080109,208.79663889421184,9650325.0
2015-08-13,202.24192810058594,206.70561946323085,201.38602214880487,205.199665865074,9340350.0
2015-08-14,209.52252197265625,210.61677352752332,202.4477910074001,203.73706699967414,12739366.0
2015-08-17,206.00140380859375,209.31667454329204,204.9938233699903,209.31667454329204,10857430.0
2015-08-18,204.57127380371094,207.14981110964905,204.15958611725407,207.14981110964905,6630334.0
2015-08-19,206.84649658203125,208.2332632110558,203.5637271813216,204.54963994391568,8877298.0
2015-08-20,198.54747009277344,208.00572833172717,197.9949273876215,208.00572833172717,19008087.0
2015-08-21,196.7381591796875,197.5940651508793,194.3654656895752,197.18236299519964,20050521.0
2015-08-24,179.7501220703125,190.68183120316894,177.24742209558053,190.68183120316894,35635706.0
2015-08-25,183.78045654296875,186.48901500939655,178.3742024257681,182.1986656886669,49504268.0
2015-08-26,184.9180450439453,189.5550784137296,182.01447682067646,183.70460642336403,18955515.0
2015-08-27,188.33079528808594,190.9526678641713,185.7089227120006,187.8215882123534,26997546.0
2015-08-28,189.03504943847656,191.3318912652094,187.66993632773065,189.5984260085142,10770215.0
2015-08-31,185.45977783203125,189.13256689851062,185.00474009842287,189.13256689851062,20708942.0
2015-09-01,181.98202514648438,185.02643472337957,180.95277676894247,185.02643472337957,21645696.0
2015-09-02,184.08383178710938,185.71979218121754,182.5778780420635,184.18133677390608,19652369.0
2015-09-03,185.0155792236328,186.5106991151108,182.96791659665965,185.05891477430148,11659978.0
2015-09-04,181.1260986328125,184.11633842893372,178.785906564053,184.11633842893372,16199949.0
2015-09-07,180.54104614257812,182.88123810648506,179.3492896184002,181.63529768169096,10234633.0
2015-09-08,183.8780059814453,184.82058328278524,178.78593334791944,181.14779354593824,12900468.0
2015-09-09,189.392578125,190.4001585674475,184.2896725893102,186.5648612324831,17340694.0
2015-09-10,187.8649444580078,188.62334544474885,185.37307823145125,186.56484914426318,11074406.0
2015-09-11,186.5540313720703,189.83678606408114,185.52478313292207,188.94837836211948,10634833.0
2015-09-14,187.18240356445312,187.58327184894227,184.59303224251795,186.72736584482607,7964072.0
2015-09-15,187.8649444580078,188.51500657934812,185.3947460045314,186.78152687506463,11509788.0
2015-09-16,189.0675506591797,190.10763270367417,187.47492593257678,188.9700456795961,13424811.0
2015-09-18,194.018798828125,194.90719207485822,190.064314142537,190.34599521984015,34261453.0
2015-09-21,190.2701416015625,192.45864456364038,189.8259377842606,190.68184375890095,12732187.0
2015-09-22,183.72628784179688,191.74359547691992,182.98956907753552,190.6818456453404,15745524.0
2015-09-23,184.25717163085938,185.65478648382367,182.01449910532168,182.66454680679405,15221260.0
2015-09-24,181.44029235839844,183.7479682552496,180.8769157435693,183.7479682552496,29076982.0
2015-09-28,180.76853942871094,182.2094896773973,179.56594913935103,181.9711441825383,11624639.0
2015-09-29,182.177001953125,184.23549833313385,179.00258628744294,179.8476583991511,15853471.0
2015-09-30,186.8465576171875,187.388266488164,181.68948222254548,184.39804104189815,17292020.0
2015-10-01,187.36659240722656,189.37091950173732,186.0448291708866,189.37091950173732,8663393.0
2015-10-05,192.41531372070312,192.84868366194448,186.74903175274474,186.95489006868033,16015412.0
2015-10-06,194.593017578125,195.12389255692386,191.92779433161317,194.07297648737367,12330294.0
2015-10-07,198.0057373046875,198.92664652328102,193.06535521760517,193.867077228364,11515191.0
2015-10-08,192.65367126464844,198.24411595357785,192.03612525357676,198.24411595357785,10753149.0
2015-10-09,192.27447509765625,196.1964579170952,191.0068813865872,193.726259352649,9327873.0
2015-10-12,193.22789001464844,195.3622236602024,192.41531954217825,192.41531954217825,6212395.0
2015-10-13,193.62875366210938,194.21379802388637,191.31022952450718,191.77610112942506,6162561.0
2015-10-14,195.65472412109375,196.09892789694618,193.70456684738716,194.1054350806654,8002587.0
2015-10-15,195.81724548339844,197.39903628639732,195.03719120049996,196.6839853217014,9048478.0
2015-10-16,198.22244262695312,198.22244262695312,195.81724750627296,195.99058968993714,15246935.0
2015-10-19,208.7749786376953,209.2083341525394,203.89958445100137,203.89958445100137,33505855.0
2015-10-20,207.301513671875,209.46834896995227,206.4997770900626,209.0999823406491,18091895.0
2015-10-21,206.9331512451172,211.22348637959888,206.49978128380675,207.0414901193275,14404450.0
2015-10-23,207.07395935058594,210.84426729836926,203.93204570374445,208.8724422386834,12153422.0
2015-10-26,204.30044555664062,208.66661793036457,203.96458058001983,208.42827240561186,10938775.0
2015-10-27,203.5853729248047,205.4705271397162,203.1195013146315,203.4228646181636,11601798.0
2015-10-28,203.02200317382812,204.74464914016312,201.4943816465048,203.01116928635355,11958727.0
2015-10-29,203.89959716796875,204.76633718065403,202.58865326039404,202.8161793843475,13280382.0
2015-10-30,205.3513641357422,207.1281650994893,203.7045698234833,204.13792532844397,13366359.0
2015-11-02,207.97323608398438,208.3416027255819,204.80965412889088,205.63304404811734,7222044.0
2015-11-03,209.57669067382812,210.28092228034726,208.28742915054943,208.7207991089145,11373522.0
2015-11-04,206.13140869140625,211.26683028976163,205.0263232774512,209.75004270123327,10033187.0
2015-11-05,202.9461669921875,206.06641338752812,202.16611262558703,205.6330434218748,10767454.0
2015-11-06,206.36978149414062,206.87898868432345,203.2278672507946,203.56371777200965,8367190.0
2015-11-09,208.2874298095703,209.0999858276653,200.0967650530466,202.27444873910952,17031699.0
2015-11-10,199.94508361816406,207.90822199595746,198.5474688015308,207.3665131814007,11486238.0
2015-11-13,202.1769561767578,203.3687127909159,198.15746799539858,198.27664076392037,13682323.0
2015-11-16,202.4477996826172,204.1162618048777,200.37846924544863,200.64933090616046,15346549.0
2015-11-17,201.02850341796875,203.444532567793,200.69265291728763,203.26035648677433,8588142.0
2015-11-18,197.61573791503906,201.79773396818385,197.17153408830822,200.99599740979772,11249222.0
2015-11-19,202.54527282714844,203.4011787616392,198.7533114246796,199.11084413197418,12183206.0
2015-11-20,205.1671600341797,206.45643596971328,200.55179403088277,202.38277877631685,11304265.0
2015-11-23,206.66229248046875,207.56153407790757,205.02633206364482,205.84973644807764,10499517.0
2015-11-24,209.6850128173828,210.53008489199325,206.07722736726578,206.499763404571,14806176.0
2015-11-26,214.2245330810547,214.93959848998765,209.8041918525996,210.4000700503988,23805828.0
2015-11-27,212.1444091796875,215.05881186740126,211.07182532811376,214.3004107709424,10891864.0
2015-11-30,209.55502319335938,213.3036639365756,208.51494107761053,212.02522183438018,29919205.0
2015-12-01,209.29498291015625,212.09019781164028,208.28740258641267,208.8832807789928,12981379.0
2015-12-02,211.90602111816406,212.2852215902994,208.99161901528308,209.3708194874184,7573628.0
2015-12-03,211.7435302734375,214.28956617379202,211.07181477987675,211.2451569809326,11361395.0
2015-12-04,209.19749450683594,211.52685265735997,208.3199351489603,210.68178049773368,13443688.0
2015-12-07,206.2939453125,210.83347449574848,205.79557200760317,209.19749957472837,14483909.0
2015-12-08,203.8778839111328,206.62976331050191,202.83780191371343,205.61134908534262,7532164.0
2015-12-09,198.46080017089844,204.43044555665102,197.7999185911125,202.85948852847437,9174419.0
2015-12-10,205.92556762695312,206.67312031200535,199.34921002517478,199.89091885238525,18592203.0
2015-12-11,206.48895263671875,207.79989644134054,204.31128335194933,206.22893933201533,18155513.0
2015-12-14,206.95480346679688,208.774954274618,204.98297824648003,205.32967708236694,10563900.0
2015-12-15,211.46185302734375,211.90605689006546,206.6406283284482,207.36652773745791,15718833.0
2015-12-16,212.0577392578125,213.98622920957007,210.94181984758387,211.46186094411073,12097338.0
2015-12-17,218.7857666015625,219.93420211322479,211.91689362975404,212.36109749845372,19369032.0
2015-12-18,214.9287872314453,218.63407790552466,214.5170850533323,217.50732470766613,16016139.0
2015-12-21,214.97210693359375,216.46722665054799,213.29281114779627,214.06203154684457,12331769.0
2015-12-22,213.9320526123047,217.24730906758558,213.21698708820668,215.1238091998418,11579277.0
2015-12-23,217.50732421875,218.17903968818098,214.51708457113767,214.90711897397162,12919467.0
2015-12-24,216.80311584472656,218.24406638698642,215.88222087159352,217.52901529226028,11901877.0
2015-12-28,218.9374542236328,219.66333917372066,216.68393322951437,216.81393988365494,12885935.0
2015-12-29,220.02085876464844,220.73590978408188,218.23320951936154,218.93744111606742,14913870.0
2015-12-30,217.65899658203125,220.15086293148974,217.1172877638419,219.9341851900015,8151610.0
2015-12-31,219.84747314453125,220.95257288639925,216.48888176925104,217.4206248743435,18483713.0
2016-01-01,220.01002502441406,220.7792454803435,218.46073576088267,218.8074201514001,5416562.0
2016-01-04,215.66549682617188,219.67415063535964,213.80201044918542,217.76732871141704,30170947.0
2016-01-05,217.79983520507812,218.85075117102275,216.03386823402062,216.74891923913347,14946239.0
2016-01-06,223.66114807128906,225.00459348881043,216.77059325149128,218.33071641483755,26759864.0
2016-01-07,219.55499267578125,222.75107626597082,218.42823945006,221.2451225143631,19739943.0
2016-01-08,222.2635040283203,223.8127931009133,220.30251282825822,221.01757822451168,21313199.0
2016-01-11,227.8647918701172,229.8582848129841,219.06743027298785,220.1400139487418,29016443.0
2016-01-12,226.53221130371094,230.85504797832004,225.58963419577407,228.60154160053855,23373377.0
2016-01-13,233.33609008789062,236.1313198658129,226.9114067252699,228.18984885104433,71802356.0
2016-01-14,230.04249572753906,234.23534055317276,228.17902360283847,230.51920126280433,27823189.0
2016-01-15,232.5668487548828,236.07712947998945,230.89838672268309,231.79762829460677,28767318.0
2016-01-18,220.3350372314453,234.87453303742072,218.43906361533644,232.93520940889573,27254669.0
2016-01-19,226.13131713867188,227.47474791612595,219.73913643425502,222.9677356763225,21489315.0
2016-01-20,217.66981506347656,224.2461720902953,214.51706736114656,224.2461720902953,45114225.0
2016-01-21,213.26031494140625,222.26353574318838,211.63518843584404,220.48673481382508,31768619.0
2016-01-22,217.58314514160156,219.06743096712333,215.39464223783318,215.39464223783318,23682648.0
2016-01-25,217.53982543945312,220.74674282410305,216.68391942528197,218.8507547141282,13099564.0
2016-01-27,216.5430908203125,218.8507667692877,216.02304974376474,218.43907903472584,17251028.0
2016-01-28,220.34588623046875,221.40765062140753,216.0555509736724,216.90062314554362,23074633.0
2016-01-29,224.35455322265625,225.3512998796857,220.5842588259846,220.7901027046116,19177163.0
2016-02-01,223.2494354248047,225.74130170732832,222.22018725144503,225.3404334318742,9918809.0
2016-02-02,216.93310546875,223.79114382847345,214.62541526566855,223.2494350258033,14771279.0
2016-02-03,212.6536102294922,215.38383674034773,211.26684366294648,214.08372681168277,15691478.0
2016-02-04,210.84429931640625,216.90061592956934,209.25167447968684,214.08371842669246,18203784.0
2016-02-05,210.37843322753906,212.7836141446888,208.3199367153294,212.15523419626544,20998404.0
2016-02-08,208.24407958984375,213.39032037829412,207.57234969056293,210.42174865802698,12078110.0
2016-02-09,207.474853515625,209.9233843176464,205.8497270604858,206.4781069754913,19603494.0
2016-02-10,208.59080505371094,210.8334923478791,205.55722941612316,206.2181255589811,16883350.0
2016-02-11,200.3351287841797,209.30584806431622,198.3741372735685,208.6341181051593,17114833.0
2016-02-12,196.434814453125,202.36112456290016,192.43699420019152,202.36112456290016,29319458.0
2016-02-15,205.1455078125,206.14225441259546,198.91584879413813,198.91584879413813,19283523.0
2016-02-16,201.63523864746094,207.58320203914346,200.8660037002,206.08808215941897,13024856.0
2016-02-17,206.41310119628906,207.46401715930583,198.5691356135171,202.62112504829437,15442221.0
2016-02-18,203.7045440673828,209.90170057839455,202.81613646560348,208.6557602657591,14433087.0
2016-02-19,204.62545776367188,206.44560868036544,203.10867015458356,203.68289510802944,10235503.0
2016-02-22,208.5149383544922,209.81504821443392,204.57128769025144,204.57128769025144,12770834.0
2016-02-23,205.77391052246094,209.5767065202165,204.27879056206444,208.6882987616178,18989787.0
2016-02-24,206.4239501953125,207.70237787785638,204.11625978383063,204.74465420182977,15186204.0
2016-02-25,204.57127380371094,207.2689983254598,203.867056717672,206.75979119616358,24826958.0
2016-02-26,205.92556762695312,207.74571854364044,204.6146238757118,206.49977811592808,8349402.0
2016-02-29,209.45751953125,215.5138361788657,202.59946628479443,206.13141483861767,31032353.0
2016-03-01,212.6319122314453,213.44448262942484,209.02412685761527,209.0349607438692,16453192.0
2016-03-02,217.0089569091797,217.92986627345962,213.9212121921017,215.14547040567058,20105967.0
2016-03-03,219.4683074951172,220.58422676177284,216.14220300422977,218.85074702006418,15880459.0
2016-03-04,218.07069396972656,219.93418036350587,217.44231406873183,219.71748816230425,8987660.0
2016-03-08,222.5343780517578,223.37943566110044,218.30903214717299,218.30903214717299,13222993.0
2016-03-09,225.71963500976562,226.196340494976,220.71423464729082,221.0175979431405,11854901.0
2016-03-10,219.22994995117188,226.62971166682465,218.6340717075315,225.79547344704704,20706353.0
2016-03-11,219.82582092285156,223.08692202135626,218.98076330860337,219.9125064796047,15319044.0
2016-03-14,220.96340942382812,222.40434517736887,219.48995754812236,220.82255444267014,11880095.0
2016-03-15,221.12594604492188,222.71857086958101,219.95585728894147,221.88433261951093,10487788.0
2016-03-16,221.39682006835938,222.27439397397268,217.86488559764595,221.23431173934608,11064129.0
2016-03-17,222.62957763671875,227.20926193421207,221.7530789750696,225.03994164259063,16832997.0
2016-03-18,225.08375549316406,225.73016628052346,222.56383291911578,223.1225967695215,14030979.0
2016-03-21,227.2969207763672,228.21724295655497,224.1086753775206,225.24811492093056,12708074.0
2016-03-22,229.60867309570312,230.5728040834198,226.93535360520687,227.23117666128962,15333442.0
2016-03-23,225.52198791503906,229.40046697604706,224.03194621644352,229.40046697604706,16806372.0
2016-03-28,223.5937042236328,226.06980322445057,222.55286763668943,225.69728913083102,18070240.0
2016-03-29,227.0668487548828,228.3268028547785,223.54991266513605,224.33874980426646,15871250.0
2016-03-30,229.43338012695312,230.46326101815302,228.48019031507036,228.48019031507036,14453294.0
2016-03-31,229.02798461914062,231.3945252040898,226.2889445284382,228.10767709524688,30833349.0
2016-04-01,226.67239379882812,229.26900737044363,224.6016764616243,227.6913186672086,12381116.0
2016-04-04,226.8038787841797,228.37061172134196,224.66742610871532,227.88853892319,8632568.0
2016-04-05,225.02899169921875,228.4144426368272,223.98815499635631,225.99313732695003,10259495.0
2016-04-06,226.51901245117188,227.16542322278877,224.07578100645992,226.15745421771726,6990781.0
2016-04-07,227.2859649658203,229.64154975769242,223.9662491481989,226.77102453479034,8789163.0
2016-04-08,227.08872985839844,231.05485601013723,225.96024632936232,226.99011243039857,13411752.0
2016-04-11,227.95428466796875,229.093738824583,226.35468405429123,227.23118275097076,10308361.0
2016-04-12,229.51004028320312,231.712242686377,227.46123464532332,227.95426328754723,11164859.0
2016-04-13,233.59669494628906,234.4403259570733,230.63853772971424,230.63853772971424,16038542.0
2016-04-18,233.3118438720703,233.76104904769346,231.26303822784993,233.54191707973482,19065716.0
2016-04-20,227.2969207763672,234.28696944573713,226.9682301042066,234.28696944573713,21687934.0
2016-04-21,228.14053344726562,230.51801515545162,226.7929178903452,228.1953127836454,11380697.0
2016-04-22,227.65846252441406,229.53195972592485,225.54392161353195,227.66941839177974,11705087.0
2016-04-25,222.82679748535156,228.86365643953263,221.81882834827354,228.86365643953263,61157544.0
2016-04-26,222.83773803710938,224.36064750633798,220.76702056384593,222.49810614355022,26429236.0
2016-04-27,223.3745880126953,224.80985052776592,222.62957440025272,223.0459119898499,14502641.0
2016-04-28,218.4004669189453,223.33073832885785,217.1404984306182,222.1912989954196,61949033.0
2016-04-29,215.332763671875,218.80587606630152,214.4891326183518,217.68833369750698,23479680.0
2016-05-02,216.26402282714844,217.45824153721475,214.30286420299032,214.5219815342593,10620873.0
2016-05-03,213.82083129882812,218.01704599332163,213.15250868657048,216.49413637518657,17571826.0
2016-05-04,214.32481384277344,215.55190036955932,213.2072860009992,213.43735923952363,13546285.0
2016-05-05,213.70028686523438,215.49709294728052,212.74709717518041,214.74112349187703,21665684.0
2016-05-06,212.31980895996094,214.03992401484658,211.89251550624383,213.20726346942527,14748329.0
2016-05-09,215.42042541503906,216.0558804020642,213.16345804197547,213.6455308732115,15347096.0
2016-05-10,215.29989624023438,215.77101317120005,214.30288304067054,215.4204107830258,7248302.0
2016-05-11,213.73316955566406,214.90547666995272,212.54989194620143,212.9443178160223,12339923.0
2016-05-12,217.54591369628906,217.8526926229648,213.65647822397045,213.86463971281432,12786216.0
2016-05-13,214.33575439453125,217.05288272528878,213.6455201009553,216.70228033097834,14648291.0
2016-05-16,213.8536834716797,215.28894603739437,212.79093503899387,214.08375669578973,9327335.0
2016-05-17,212.3636474609375,215.42042243005707,211.75010421895527,214.79592331995602,12157600.0
2016-05-18,212.67041015625,213.09768898025803,211.25705939486033,211.65148524434775,8228838.0
2016-05-19,208.43035888671875,212.9662196095892,207.20327249048017,212.9223961402468,9134784.0
2016-05-20,204.70529174804688,209.15350618731603,204.08079259062274,208.6056981125352,18544619.0
2016-05-23,203.78492736816406,206.1295559751392,202.8317377120166,205.39548365266916,18365734.0
2016-05-24,206.0747833251953,206.85266451230396,203.3576405355201,203.3576405355201,12283217.0
2016-05-25,208.43035888671875,208.78096126878384,206.22817104296016,208.1345504686578,9240115.0
2016-05-26,207.4771728515625,208.69331802934883,206.8745855100975,208.16742176059233,14190024.0
2016-05-27,213.57977294921875,214.06184576220144,207.89351663145564,207.95925183859052,13401594.0
2016-05-30,212.26502990722656,215.06980508750934,211.45426646808104,213.95227736233943,9633652.0
2016-05-31,209.88754272460938,213.20727307042165,209.59173429301813,212.33077438883083,23332727.0
2016-06-01,208.95628356933594,211.69533853976958,208.56187229160506,209.90947341184196,9042808.0
2016-06-02,209.53692626953125,209.73414650468828,207.09370939654212,209.15347092097073,10253825.0
2016-06-03,210.28195190429688,210.99409788448816,209.4492767601411,210.35864297306702,8643295.0
2016-06-06,209.21922302246094,211.0160292542523,208.72619433573473,210.57777990745933,8672842.0
2016-06-07,209.27398681640625,210.5668083974471,208.51800272683198,209.75605959933486,18954268.0
2016-06-08,209.06582641601562,209.92039868721676,207.9811516783498,209.92039868721676,12135516.0
2016-06-09,212.80186462402344,213.9632157236057,209.52595816072244,210.358633266456,15643495.0
2016-06-10,214.01800537109375,215.70526739680625,212.17737583485157,213.42637392632568,16316760.0
2016-06-13,214.98216247558594,215.49710287910304,211.02697726112706,212.52797500136424,10214469.0
2016-06-14,213.9193878173828,215.92436984754235,212.3964785288533,214.94926849804813,10923848.0
2016-06-15,215.7490997314453,216.16542269416254,213.3716033603493,214.7411306723193,11129082.0
2016-06-16,213.9303741455078,215.54093059324074,211.90348009426714,214.9602549728195,9372207.0
2016-06-17,213.6235809326172,214.44530021688112,212.5717884400618,214.08374197652589,10534878.0
2016-06-20,216.9761962890625,217.5020925781057,212.11165927224468,213.02101093962258,10758608.0
2016-06-21,216.29690551757812,217.84172669278004,214.67539327108142,217.83077082545222,13933068.0
2016-06-22,214.85069274902344,216.03395570592608,214.10566449665765,215.8367500888845,12788710.0
2016-06-23,214.8397216796875,215.17935355167174,212.54987237387576,214.73016301130548,9837526.0
2016-06-24,208.48513793945312,211.43235401267034,204.5299674454081,211.43235401267034,24985097.0
2016-06-27,209.40545654296875,210.00804386284267,206.0857410364307,206.0857410364307,9163399.0
2016-06-28,209.8765869140625,210.69830625669405,209.26304368771218,209.5698226145508,7604977.0
2016-06-29,211.87062072753906,212.31982595189274,210.3586670311757,210.79691638730924,7523987.0
2016-06-30,212.3636474609375,214.19333594609262,211.90348637261903,212.98814657103858,12758283.0
2016-07-01,213.30584716796875,214.0399048415443,212.54986313434435,213.15246503890143,6610193.0
2016-07-04,216.209228515625,217.7211819808993,213.7550559001002,213.7550559001002,7803505.0
2016-07-05,217.6116485595703,219.7590571609281,214.80687326189064,216.07778318326805,11359882.0
2016-07-07,216.47219848632812,219.23315017798382,216.0887285041374,217.48016753091017,12029091.0
2016-07-08,214.39051818847656,216.7132204856403,213.9413130172721,216.2749858086854,7140617.0
2016-07-11,217.4801788330078,218.0170309850437,215.94631345185854,217.15148817014477,8266601.0
2016-07-12,219.86862182617188,220.2192095825254,217.15147895047446,218.08275693294104,9767494.0
2016-07-13,221.04090881347656,222.78293545160463,220.03293985086378,220.2630130450727,14915296.0
2016-07-14,220.19729614257812,222.2132342353048,218.7401219095391,220.89850090450767,10758372.0
2016-07-15,221.79690551757812,223.7251967489848,219.89054064897658,221.09571535494237,13992989.0
2016-07-18,220.49310302734375,227.61462103376635,219.50704578784985,225.2590366000142,32106850.0
2016-07-19,223.02398681640625,224.15247034816332,218.0937004975423,220.43832912252606,16649300.0
2016-07-20,224.16343688964844,225.32478807701338,222.7500861272933,223.49511435764805,12265316.0
2016-07-21,220.51502990722656,224.60168541038658,220.21920686412867,224.38255343804434,6711097.0
2016-07-22,222.37757873535156,223.02398950979676,220.24111155315876,220.43833178469038,6899519.0
2016-07-25,224.108642578125,224.32775990927829,220.73413328708818,222.19130742123306,8241568.0
2016-07-26,224.39352416992188,226.74910892151834,222.45429165608897,224.16345094241404,10516399.0
2016-07-27,221.99412536621094,224.82081237449123,221.08475909083396,224.17440155171042,11030767.0
2016-07-28,224.8975067138672,225.80687300244747,221.98317272151652,222.39951032823146,15610838.0
2016-07-29,222.38853454589844,224.579766434712,221.753065011189,224.38254620323036,9629597.0
2016-08-01,221.20526123046875,223.57180166181095,220.23015980345846,223.06781714764807,7978251.0
2016-08-02,221.92837524414062,223.50606397170145,220.50406865434485,220.87658275910007,7710138.0
2016-08-03,217.7978973388672,222.2789639734849,217.26104522698256,222.2789639734849,11872282.0
2016-08-04,217.5897216796875,219.1235869492327,215.4861366960056,218.9044696081516,10187608.0
2016-08-05,222.68435668945312,223.2869440333177,218.47718652264803,218.685348006543,12109001.0
2016-08-08,225.53297424316406,226.57381093677031,223.21025713749887,223.4841684592869,13556347.0
2016-08-09,225.85069274902344,226.68336794872005,223.72519590631683,225.03994391204938,13290768.0
2016-08-10,219.92340087890625,226.69431706997543,219.56184262830763,225.97121519610445,13471958.0
2016-08-11,222.21324157714844,224.13057692751232,219.035952190865,219.55089259836134,14169454.0
2016-08-12,226.96823120117188,228.52402299687793,222.8487077340662,222.8487077340662,16365425.0
2016-08-16,224.57977294921875,228.94032511953964,222.52001140342725,227.06682794373526,13367575.0
2016-08-17,222.03793334960938,225.4343398697291,220.70127369907684,224.40445912127265,15486572.0
2016-08-18,223.0787811279297,224.30586754298648,222.6295759329554,222.6295759329554,7749690.0
2016-08-19,222.38853454589844,223.94431152732818,220.6793608005773,223.06781292087248,8177802.0
2016-08-22,221.72023010253906,223.44035996838622,220.70130507617748,221.75309770807797,6684236.0
2016-08-23,221.41342163085938,222.41043472137497,220.2191883191114,221.75305348703347,7320433.0
2016-08-24,223.6156463623047,223.93338116584857,221.5339729053696,221.6873550594052,8719596.0
2016-08-25,221.90646362304688,225.47817865267336,221.09570021122474,223.7690048931188,14960746.0
2016-08-26,225.23715209960938,225.87260706066425,222.3228034947576,223.04592002572252,9639663.0
2016-08-29,231.71224975585938,232.21623428045746,224.84271615613008,225.09471573209223,16193208.0
2016-08-30,233.6734161376953,234.1335625806446,230.73715583301112,232.70927052638626,18170724.0
2016-08-31,232.27101135253906,235.33874193954605,229.4223981100357,233.34471559525892,23295502.0
2016-09-01,225.52198791503906,235.06481075303986,224.7550480194815,230.73712654646098,42621045.0
2016-09-02,222.04891967773438,226.25609018435216,219.6275996118064,225.93835537173308,28124615.0
2016-09-06,223.48416137695312,224.60168910959345,222.4104571140378,223.48416137695312,11510431.0
2016-09-07,222.99111938476562,225.05088084801332,221.9831503866944,223.94430904895532,12927438.0
2016-09-08,226.44229125976562,227.00106968565007,223.54986947204242,224.17436846721822,12206479.0
2016-09-09,228.8855743408203,230.05788153378094,225.69732881940715,226.79294493229173,15269894.0
2016-09-12,229.31285095214844,231.394524338763,225.51106244283108,225.78495913721363,33684893.0
2016-09-14,228.9293670654297,232.0518769559346,228.08575067057987,229.641527682277,18604842.0
2016-09-15,233.3666229248047,234.50606234936814,229.42239377958026,229.42239377958026,31371009.0
2016-09-16,235.67835998535156,239.68832417292575,232.07377748863263,233.8048629178724,39324529.0
2016-09-19,237.1793670654297,238.40646805360544,234.68137087565125,235.02100275325975,16678060.0
2016-09-20,235.38259887695312,237.69434569947242,234.25411513765087,237.5300076677279,11531268.0
2016-09-21,234.9552764892578,237.727184087301,234.24313047856486,235.33874647685846,10943394.0
2016-09-22,238.61463928222656,240.1156370072581,236.43436314688145,237.31086179893705,18761415.0
2016-09-23,241.64950561523438,243.10667989017782,238.62559838918483,238.62559838918483,31085948.0
2016-09-26,242.61366271972656,247.51108204959635,241.09075316690135,241.78098748676916,38213411.0
2016-09-27,243.33676147460938,246.72222707569483,242.4821891438387,244.7610681956633,19374535.0
2016-09-28,238.98712158203125,242.7889094783382,238.0339319846212,242.76699774632073,24820234.0
2016-09-29,234.99911499023438,243.39154402054953,233.8925430537248,239.94035779337466,21260295.0
2016-09-30,237.46424865722656,239.8417450815078,233.65148968422855,234.02400381284568,11199883.0
2016-10-03,238.9981231689453,242.77800005633418,235.83178952274312,238.18735967454805,18125170.0
2016-10-04,240.23614501953125,242.85467040972992,239.2829553211116,239.5130431590022,13113580.0
2016-10-05,238.71324157714844,242.46026526161546,237.92440449385236,241.9124572620879,10789932.0
2016-10-06,243.40248107910156,246.7879316323841,239.28294357948988,239.28294357948988,21111045.0
2016-10-07,243.00807189941406,246.0867437705648,242.46026390295623,244.10368789232973,15280380.0
2016-10-10,240.23614501953125,245.85668040552162,239.7212046352273,244.10368314905867,11553662.0
2016-10-13,231.64651489257812,238.63654841591426,230.51801667374394,238.62559254856615,21938040.0
2016-10-14,236.13853454589844,237.09172424781565,232.63255464743412,232.92837768942866,15265659.0
2016-10-17,232.41343688964844,236.82878301333292,231.9970993090854,236.65347451095974,9826781.0
2016-10-18,236.89453125,237.2560895145031,232.7202286021685,233.58575678515973,11073137.0
2016-10-19,238.26402282714844,239.87459375908222,236.96024542084314,237.62856792422673,17073242.0
2016-10-20,238.307861328125,240.59769600684214,237.54092139472246,239.71024153820724,10125508.0
2016-10-21,233.19134521484375,240.3785992596081,231.92042067064696,240.3785992596081,43608816.0
2016-10-24,232.99412536621094,235.33875421129068,232.41344974567096,234.46225553291902,10513017.0
2016-10-25,232.457275390625,233.4214210203844,231.00010107808697,233.36664168088976,7658966.0
2016-10-26,230.9672088623047,232.1504863512784,230.5399154324524,231.40545815888842,10945927.0
2016-10-27,229.794921875,230.93436136893033,228.63357064569894,230.32081815122373,12842476.0
2016-10-28,231.1644287109375,231.83275120778364,228.7211972972101,230.07976865165466,8127969.0
2016-11-01,230.29891967773438,231.38357989569866,229.51006790430898,230.3646548876319,10223897.0
2016-11-02,224.3277587890625,228.51303143911701,223.7251715040749,228.1076497511826,7039997.0
2016-11-03,224.37158203125,226.73812233015292,223.63752434895923,224.34967029826595,7311872.0
2016-11-04,220.33973693847656,225.01802391976943,219.12359178665108,223.56084968743372,11535892.0
2016-11-07,219.37557983398438,222.75007454776068,218.91541880441028,222.19131071770468,9506040.0
2016-11-08,219.89053344726562,220.37260623932875,218.75107935772692,220.37260623932875,13432073.0
2016-11-09,220.13157653808594,221.0957221835673,203.78495329186768,208.16743216884407,21640144.0
2016-11-10,221.4025115966797,225.46725586447505,220.6574832774856,223.1993179284322,9764091.0
2016-11-11,219.50706481933594,222.95826545678722,218.04989056675313,218.65247790372766,14775330.0
2016-11-15,215.9243927001953,219.12359374312513,214.64251233314886,218.35666839823705,14487470.0
2016-11-16,216.17637634277344,218.42240228153716,214.89451061080626,218.0279764304218,16550762.0
2016-11-17,214.2480926513672,218.7182033902041,213.51402031030526,216.05585458196725,12628378.0
2016-11-18,216.38455200195312,217.52399145630736,215.1793627164438,215.83674400938568,18163751.0
2016-11-21,217.26107788085938,217.71026849667606,215.44234517092363,216.39553500060532,13232434.0
2016-11-22,219.4413299560547,220.83275437878703,217.65546504992258,218.6196106415124,17646355.0
2016-11-23,221.09568786621094,221.4243784848478,219.02497061164598,220.2191893013959,13107911.0
2016-11-24,216.3516845703125,220.33973729101714,215.22320098237498,220.33973729101714,18913793.0
2016-11-25,217.74313354492188,218.22520638843912,215.69434224413334,216.93238464491182,10454964.0
2016-11-28,216.1982879638672,219.25506271058478,215.63952410313317,217.58972699570444,8312777.0
2016-11-29,218.61959838867188,220.06581669500127,216.50505757709638,216.71321904726835,9885281.0
2016-11-30,216.9433135986328,219.11263381166225,216.1982853750246,219.11263381166225,27596098.0
2016-12-01,218.6305389404297,222.4104297579015,218.0279516785018,219.1235675415206,12627845.0
2016-12-02,217.9731903076172,220.21920154912956,217.3267795280946,218.2251752483041,12481430.0
2016-12-05,217.77601623535156,219.05788211302172,216.16544504584246,218.02800121252534,3987213.0
2016-12-06,220.26304626464844,220.55886932914308,217.9403437301729,218.24710803538363,6726369.0
2016-12-07,218.93734741210938,220.78893291250873,218.32380420116445,220.00009582053,4930865.0
2016-12-08,223.51702880859375,223.90049879572112,220.076784046523,220.23016619044338,8750556.0
2016-12-09,225.46722412109375,226.10267903753314,223.5718006115034,223.94431471865443,8239158.0
2016-12-12,225.08375549316406,228.26104472169098,223.61562541721193,223.61562541721193,9023848.0
2016-12-13,227.84471130371094,228.10766674669884,225.16045067386656,225.25905347973972,10365823.0
2016-12-14,232.16148376464844,233.24614401981984,227.49415205587258,227.84473985401897,24139260.0
2016-12-15,230.72621154785156,233.93636870591837,229.78397762462063,230.60569699721975,19331986.0
2016-12-16,231.64651489257812,232.7092632799974,230.51801667374394,230.51801667374394,14942206.0
2016-12-19,232.82977294921875,233.79391851033174,231.03295223241926,231.1753931322906,15009634.0
2016-12-20,231.81085205078125,232.49013045119372,230.77001540188377,231.1096619157531,11688169.0
2016-12-21,232.983154296875,233.87060878513904,231.65746512534565,232.29292004340624,20367894.0
2016-12-22,230.81385803222656,232.8517080299631,230.2879617304664,231.83278303109483,28892834.0
2016-12-23,231.6793975830078,234.23218797800232,230.518031686494,230.518031686494,10265033.0
2016-12-26,229.52101135253906,233.58575529653402,228.90746813270198,231.03296498034834,15321770.0
2016-12-27,233.3009033203125,233.82679959968016,229.4224091178969,229.60867349698816,17442849.0
2016-12-28,230.0140380859375,234.36364918135376,229.44431834180284,234.0020909222067,9637310.0
2016-12-29,233.46524047851562,234.19931286977828,229.97021628755195,230.0797895919845,8772325.0
2016-12-30,237.1793670654297,237.74910140510195,232.95028537724681,233.32279948323998,15711974.0
2017-01-02,237.77102661132812,238.84473089473974,234.9771925990686,237.5299828959129,7097888.0
2017-01-03,238.71324157714844,240.3785919379455,236.8945236994614,238.811859011471,6434204.0
2017-01-04,233.83775329589844,239.50209777108125,233.21325421257254,239.48018603578305,10392483.0
2017-01-05,236.08375549316406,236.6315634816447,234.18834658159105,234.68137523395623,8734164.0
2017-01-06,235.5469207763672,237.74912338755868,235.14153903183325,235.38258275587793,7845839.0
2017-01-09,236.1494598388672,237.968192069551,234.68134456815935,235.99607771778636,5228980.0
2017-01-10,238.8118438720703,239.80884237359842,236.65346498579555,236.65346498579555,11349916.0
2017-01-11,237.9792022705078,240.09374336035165,237.5299970431705,239.94036120425073,11475958.0
2017-01-12,237.3765869140625,238.92140804330162,236.609646969281,238.18733569952568,4371992.0
2017-01-13,238.93234252929688,240.4881193863182,237.65046232281213,237.65046232281213,7234429.0
2017-01-16,235.83177185058594,239.71025126028096,235.3277873282119,238.83376725026284,12013154.0
2017-01-17,228.16244506835938,234.02399495866607,227.55985774115555,233.36662829510973,39234251.0
2017-01-18,226.2560577392578,229.6415229986983,225.42338260117535,228.45824549289813,15867619.0
2017-01-19,226.50807189941406,229.04990631766094,225.9164257947301,226.82579205961582,15284274.0
2017-01-20,224.7770233154297,227.32981402153564,224.3606856510212,226.56288853642866,8784907.0
2017-01-23,222.607666015625,225.91642579269003,221.9283875975284,223.90050227358637,13708502.0
2017-01-24,225.1056671142578,225.43434312766897,222.84868535220502,222.84868535220502,9419288.0
2017-01-25,222.91445922851562,226.2889544275069,222.6624596303907,226.13557227136934,23856654.0
2017-01-27,224.62359619140625,225.4562713535853,223.2869365105033,223.5608478179369,21861796.0
2017-01-30,228.94032287597656,229.30188111786623,224.5578590141721,224.59072661549607,15678126.0
2017-01-31,229.02798461914062,230.91245239284694,227.9542803184922,229.38954288440448,15125194.0
2017-02-01,230.00308227539062,230.2769935935583,226.8367487653081,229.22520104607534,11312284.0
2017-02-02,228.65548706054688,230.25508765732494,227.50509167538812,230.07979377077183,9099129.0
2017-02-03,226.4971160888672,230.17838999238342,225.71922023490347,229.2032885216931,13219481.0
2017-02-06,228.2500762939453,228.96222224483054,226.1464914135135,227.23115145327833,9991907.0
2017-02-07,225.8944854736328,228.40345197160198,225.08373674700863,228.32676090815474,9905562.0
2017-02-08,224.6345672607422,227.5050924264882,223.94433295283355,225.89452132915633,16230826.0
2017-02-09,226.29989624023438,226.57380755793764,224.99611873938824,225.25905956214984,9861688.0
2017-02-10,225.7301788330078,226.91344180233384,224.722209747337,226.79292725732088,12518554.0
2017-02-13,225.66441345214844,226.57377960666824,223.9442985668051,226.35464765407352,8565757.0
2017-02-14,230.03594970703125,230.7152427544646,225.67539737347482,226.79292512592764,18244623.0
2017-02-15,230.3646240234375,231.7231953946146,229.03892025280555,230.71522638991155,15236663.0
2017-02-16,233.91444396972656,234.3417374346383,230.63855178428076,230.63855178428076,19655195.0
2017-02-17,235.66741943359375,236.2590655221144,231.93136629510505,233.69531943872084,14847356.0
2017-02-20,235.6455078125,236.40149191079263,233.69531955127553,234.58275942983158,11650581.0
2017-02-21,238.45030212402344,239.05288946422192,235.13057187818862,235.60168880830594,14186476.0
2017-02-22,264.59173583984375,265.50108742847794,239.28295169497082,239.5020836623709,127323130.0
2017-02-23,259.1684265136719,267.76903096665285,258.42339828626336,265.9283867599504,62249698.0
2017-02-27,271.4722595214844,275.3945481700876,260.8338041381545,260.8666571160054,83422197.0
2017-02-28,271.28594970703125,273.4662402887745,269.1933060577551,269.96024597149193,36111716.0
2017-03-01,270.50811767578125,272.67743815756904,269.5220602518181,271.7352042077973,24385665.0
2017-03-02,271.0010986328125,274.93435713968313,268.8756019997644,271.2530689376841,18063590.0
2017-03-03,275.7779846191406,282.18735700396303,272.052902055084,272.052902055084,84305639.0
2017-03-06,286.032958984375,287.4901331355521,277.24611986522,278.06782449397457,66724743.0
2017-03-07,285.9453430175781,290.77701239515955,284.0170517627637,288.9911620500106,42071555.0
2017-03-08,282.9324035644531,286.5479276923552,281.81487579730856,286.5479276923552,43336972.0
2017-03-09,281.9573059082031,284.42244945434976,280.8069250897717,282.669481241822,31094457.0
2017-03-10,280.83978271484375,283.98421941385106,276.3587007836864,282.724250635049,24785585.0
2017-03-14,282.5599060058594,289.02407348622324,281.62864251529345,288.9692795139985,27765035.0
2017-03-15,285.9453430175781,288.4323981612016,282.7571123301341,282.8995239851457,24107889.0
2017-03-16,284.34576416015625,287.13958367402637,283.4582949583472,287.05193672885827,15924023.0
2017-03-17,285.0140380859375,289.23214899331543,284.4333625460061,286.6136238168241,22727289.0
2017-03-20,280.65350341796875,286.23020059316633,280.11665131037563,286.1754066311194,12869337.0
2017-03-21,276.92840576171875,281.33278151653013,275.94234843179726,280.9602820214286,22596181.0
2017-03-22,276.0299987792969,277.3885556210907,273.1485324538092,274.34273665370296,20291685.0
2017-03-23,279.010009765625,279.94127289929634,275.65742737883346,276.7858960785551,11807911.0
2017-03-24,281.9573059082031,283.1077159812901,277.9473410234483,279.18539804442884,16282523.0
2017-03-27,274.1455383300781,280.2043234504644,273.2909513769059,278.5280025205822,32452615.0
2017-03-28,272.9732360839844,276.9722301267818,272.1734138717025,275.65749676752216,21707345.0
2017-03-29,275.3616943359375,276.09575214330283,270.2561134074738,274.2770194864363,18924345.0
2017-03-30,278.4294128417969,279.3278232618648,274.56188909207935,275.0001238069155,27862325.0
2017-03-31,289.44036865234375,293.11068679847307,277.4104746149594,277.4104746149594,45390562.0
2017-04-03,301.21826171875,302.5001421420652,292.9792150397799,294.06388984135134,44886623.0
2017-04-05,310.05987548828125,310.71725677243865,302.4124754291378,305.7212350749376,40323877.0
2017-04-06,315.20928955078125,317.4881685029597,307.2551249531842,308.7451521897154,50620850.0
2017-04-07,308.21923828125,314.22322914804084,307.3317983939805,311.4403803174322,31875272.0
2017-04-10,302.6864013671875,312.2292107880125,301.79893220247726,308.9642744530204,30768410.0
2017-04-11,300.7142639160156,306.8716366186177,300.2212352800401,304.1106704062244,32249647.0
2017-04-12,296.6933288574219,303.8039058521224,296.0688298197195,303.0040836901894,27448279.0
2017-04-13,299.0599060058594,300.944344498031,295.2361765465829,296.6933508273416,12713918.0
2017-04-17,304.9871520996094,305.79791545686555,299.1036910220129,299.1036910220129,11837502.0
2017-04-18,300.2431335449219,308.96423721057937,299.5419288427577,306.7620641887551,16016414.0
2017-04-19,299.9364013671875,302.94936762563344,297.47125779378837,299.9802248416188,11572557.0
2017-04-20,300.1007385253906,303.8806153911781,298.9065050268288,302.17147072196843,8393496.0
2017-04-21,307.3208312988281,311.3746189168726,302.0728103519453,302.50010377218473,30230907.0
2017-04-24,310.5858154296875,314.4423980489412,306.8168797559028,308.7561123063859,25512511.0
2017-04-25,313.96026611328125,321.6186362985289,312.4921507300193,319.92043308868165,36764315.0
2017-04-26,310.37762451171875,315.5489403211543,307.3427760328846,314.44238306002876,16763153.0
2017-04-27,308.85467529296875,312.06484649607376,307.25508956552943,310.4981137400656,12571594.0
2017-04-28,305.7212219238281,311.2212132740253,304.80089986745776,308.90948152106296,11848658.0
2017-05-02,300.3198547363281,307.21128586362573,299.3885913289949,307.21128586362573,18591411.0
2017-05-03,300.2212219238281,302.55486534292913,299.1036942992869,301.7112490049999,9500038.0
2017-05-04,297.55889892578125,302.3029211197685,296.7043120204406,301.29495207199665,14365934.0
2017-05-05,291.0509033203125,299.6186546877648,290.33875733120516,298.3586860887891,15598448.0
2017-05-08,289.5499572753906,293.51609889297754,288.88163463553036,291.434425262663,16066733.0
2017-05-09,291.5110778808594,292.23416510698564,289.29790497027534,290.11963888194185,21106150.0
2017-05-10,297.8108825683594,298.79693992560635,291.57683288581313,292.48618454108714,22906024.0
2017-05-11,297.90948486328125,300.14454029152614,296.1783993285229,298.9064834103308,13783848.0
2017-05-12,295.9154357910156,298.8845487243172,294.5130556360903,298.0190206507285,7523427.0
2017-05-15,294.5240478515625,297.2192792184712,292.2013452616669,297.2192792184712,6738085.0
2017-05-16,297.1973876953125,301.7113227624567,293.84477474744676,294.9513614034617,12655992.0
2017-05-17,296.4961242675781,299.31185519395035,295.3238026287817,296.47421253380577,9844573.0
2017-05-18,290.85369873046875,295.81683819203516,290.14155273886877,293.6804002172352,9790379.0
2017-05-19,288.9911804199219,292.6834105188399,287.0519478012936,292.0917936161347,12813204.0
2017-05-22,290.1524963378906,292.22322838132334,288.1913522214276,290.6674367251093,8801430.0
2017-05-23,286.0767822265625,291.40150895954815,285.2989010651615,290.49212814337096,9223001.0
2017-05-24,284.356689453125,287.86268408183787,283.78698434148356,286.5040979986178,14326531.0
2017-05-25,285.3974914550781,287.57775259925165,284.08272906907774,284.86063941143317,25922008.0
2017-05-26,293.03399658203125,294.58975900892256,284.860685456852,285.72621360957874,21430443.0
2017-05-29,297.3288269042969,299.2023241970798,292.6614809058712,292.9682744617091,24022633.0
2017-05-30,297.86566162109375,299.0379832996835,295.4881652894662,297.10969215296217,9658309.0
2017-05-31,293.7789611816406,299.7500983765346,292.70525704646286,299.541922292781,16423338.0
2017-06-01,291.0509033203125,293.6256052264595,289.90052264703195,292.0260193745756,9534069.0
2017-06-02,290.28399658203125,293.34078624517196,288.5857931045776,292.5300227320339,11495005.0
2017-06-05,291.29193115234375,293.8447213133778,288.33378853750685,290.6126673947768,10835031.0
2017-06-06,287.66546630859375,292.29993019582696,287.27105505401613,292.29993019582696,9591064.0
2017-06-07,293.4064636230469,294.0638448496006,286.83276837610674,287.3148264888366,11199223.0
2017-06-08,291.8069152832031,294.6774406466213,291.0071222407612,293.6256479967469,7903123.0
2017-06-09,292.68341064453125,296.4632876936214,291.6535297439835,294.7431724456267,13836547.0
2017-06-12,289.1225891113281,291.3795853185319,288.58573703876306,290.67838062520116,8432435.0
2017-06-13,288.005126953125,290.77703487572745,287.27106912160934,289.37465442501144,6025338.0
2017-06-14,297.46026611328125,298.008059450785,288.34472168536126,288.34472168536126,52939271.0
2017-06-15,303.2560729980469,305.6773926263451,297.81084645782664,298.0080520544335,28290813.0
2017-06-16,304.31884765625,305.8526982769538,300.0459132918473,304.3845828576522,32710880.0
2017-06-19,308.7999572753906,310.23521998933904,304.62566881555745,304.62566881555745,15236956.0
2017-06-20,309.4791564941406,311.6156234270032,308.40545240856045,308.74509887015887,10142474.0
2017-06-21,311.5937805175781,312.90851393722255,307.7043157168712,308.4822262298051,19992472.0
2017-06-22,313.9274597167969,316.7212792589446,312.842784877381,313.2262548937001,22118609.0
2017-06-23,314.6285705566406,315.976185956977,313.4781899990063,314.66145278197394,31143289.0
2017-06-27,314.9134521484375,316.19533247111116,312.2511033272854,313.7849832186184,32591540.0
2017-06-28,306.4443359375,315.52699801328106,305.7979251807853,315.52699801328106,15567803.0
2017-06-29,305.1734313964844,308.9642786871054,304.60372626889966,306.77304661016433,12898245.0
2017-06-30,302.3905334472656,305.1076467400709,301.30585882510167,305.01999981157064,7814271.0
2017-07-03,302.6206359863281,305.6116902473523,300.4184627057501,304.18736894293255,9195278.0
2017-07-04,311.5827941894531,312.71129242237436,304.36268736167807,304.5818047113755,18816782.0
2017-07-05,316.1186218261719,317.17041420041426,312.0319522259983,313.2261854833432,27209010.0
2017-07-06,316.09674072265625,317.72920877134305,315.0997129536283,317.4443269775344,13590313.0
2017-07-07,326.74615478515625,328.19235855302117,315.5379951339073,316.1953471853673,35845310.0
2017-07-10,327.11865234375,328.8826201413536,326.29694765696473,327.6116810067517,3504540.0
2017-07-11,327.4473571777344,329.6495304160742,325.8368007814019,328.90453142984273,20995547.0
2017-07-12,331.1176452636719,334.163463902192,328.13756182388346,328.55388474918436,17104482.0
2017-07-13,336.179443359375,336.8199646631872,332.6566351628398,333.23089869252135,23010262.0
2017-07-14,338.75244140625,339.24938932982315,334.73268617944535,335.715553810641,20530867.0
2017-07-17,342.7280578613281,344.461846909531,339.4702812731022,339.4702812731022,18749450.0
2017-07-18,335.6934509277344,342.73903569095023,333.7277452518857,341.63471030406083,19640167.0
2017-07-19,338.5758361816406,339.69121959805295,334.08121786011395,334.08121786011395,11790198.0
2017-07-20,337.6812744140625,342.3415214996898,336.5327475955056,340.07764097351,13626050.0
2017-07-21,350.0718688964844,351.55165519587376,341.22620626597035,342.3415600993515,97142371.0
2017-07-24,356.7530212402344,358.8843568144316,350.0718385746833,353.3848151348352,43429394.0
2017-07-25,353.8596496582031,358.8953866124529,352.85469611564304,358.8401570715001,20063064.0
2017-07-26,358.4095153808594,359.98870302942044,353.6277805913232,354.312473658256,21954323.0
2017-07-27,352.236328125,360.3420676547318,350.8117419699547,359.5690604090265,18409364.0
2017-07-28,352.15899658203125,354.6989658778993,348.525759487821,351.4522176452941,14331863.0
2017-07-31,356.7419738769531,357.5370965308563,352.501359039085,353.81551558707315,16567422.0
2017-08-01,354.179931640625,358.409488578495,351.50744682573736,358.409488578495,12311920.0
2017-08-02,359.8341064453125,361.2697208771726,355.17382941970163,355.59349142919575,20786240.0
2017-08-03,364.4501647949219,367.7189990775582,357.1505761799538,359.3150554294544,19707381.0
2017-08-04,358.2770080566406,367.2993580115906,356.7199062943362,367.2993580115906,18579866.0
2017-08-07,356.9960021972656,360.36417915350046,356.15670764086104,360.36417915350046,9537088.0
2017-08-08,353.94805908203125,358.03407279367644,350.4694229976509,357.36043739728524,10961296.0
2017-08-09,353.1197509765625,357.80211354381385,350.07183498277584,353.71610031538785,10436651.0
2017-08-10,349.9282531738281,354.8535607450106,348.51472481375475,351.8497871785464,10188164.0
2017-08-11,341.5133361816406,348.96752699788493,338.5868481251639,342.55140406891275,16996281.0
2017-08-14,347.4324645996094,349.9613762091734,344.7710374673446,344.7710374673446,13440617.0
2017-08-16,345.8974914550781,348.0840566366835,342.3857120219696,347.2005902980852,13576650.0
2017-08-17,346.11834716796875,352.8657877190801,344.8041906340024,346.5379796681342,15828719.0
2017-08-18,347.9515075683594,348.4815991602277,343.03725744731616,345.4336535968152,7935890.0
2017-08-21,345.5220031738281,349.88410534358263,344.6054226919537,348.30491773237475,7573558.0
2017-08-22,344.5612487792969,348.9454073569074,343.67778244122997,347.2005900892563,9533641.0
2017-08-23,349.4202575683594,350.41415347910686,343.03724961393664,345.6213907767642,8320052.0
2017-08-24,346.3280944824219,351.86077902221626,345.54402966382605,351.17611557644807,12654347.0
2017-08-28,345.9968566894531,349.39817696337917,344.8152156926778,348.7576852584667,12316426.0
2017-08-29,338.3991394042969,346.20673464108273,337.9242772978111,344.95883571246384,15164812.0
2017-08-30,345.45574951171875,346.4938173172478,340.40898371851057,341.8004262707008,10334911.0
2017-08-31,352.1700744628906,352.82162389260805,347.6423131063957,347.86317232202674,25104625.0
2017-09-01,355.6155700683594,357.0511844708178,353.1639737771299,353.35168936859463,15431918.0
2017-09-04,356.3333740234375,361.36911157787165,352.46821979952165,356.80823608083756,21560532.0
2017-09-05,360.5850830078125,361.0820310369351,358.03408509079736,360.0108195017802,25216776.0
2017-09-06,363.4121398925781,364.9802994554052,358.420603169383,359.215696425472,48745984.0
2017-09-07,361.3801574707031,367.7411096049939,360.01080077906107,363.54466635224634,16205339.0
2017-09-08,360.8500671386719,363.6550675580082,358.72975975527726,362.21942372334445,13248413.0
2017-09-11,361.2917785644531,365.2452762826746,360.6954587109712,362.79368013282823,12690592.0
2017-09-12,363.87591552734375,364.4280635334582,360.8942278326957,363.4341676352422,6500191.0
2017-09-13,375.0296630859375,379.844512077877,363.1029112427437,363.98637761859646,29377106.0
2017-09-14,372.7547302246094,380.5512967814506,371.93755109036556,378.03344263665167,11867640.0
2017-09-15,371.8492126464844,376.73031954711837,368.7350090617626,371.9375563379193,28595395.0
2017-09-18,373.5056457519531,375.93518546398866,372.42340616228984,375.4713516471557,5061995.0
2017-09-19,370.43560791015625,374.91919712132307,369.7288584677731,374.8971112012486,7718697.0
2017-09-20,374.2124328613281,385.4103191373645,373.3068806155662,378.1659306584799,24942703.0
2017-09-21,371.650390625,376.2223238562813,369.39756763553936,374.14618824054907,12950541.0
2017-09-22,361.0708923339844,371.0098506868741,359.2156161764839,371.0098506868741,12294087.0
2017-09-25,362.9040832519531,365.7311693311883,355.68178136525614,360.0107394160552,14229631.0
2017-09-26,362.2635803222656,365.33361166354615,358.7739165010327,362.9703592493951,10564143.0
2017-09-27,353.0093078613281,364.7372850073384,351.3970062444324,364.6931131681689,18448855.0
2017-09-28,347.3993225097656,354.6657961636441,344.6384942140146,353.2301819626899,29547622.0
2017-09-29,344.94775390625,350.46938144823713,344.152631283785,349.7405165870434,16666208.0
2017-10-03,352.65594482421875,355.085455033399,346.91342861879815,351.17615867583663,18345748.0
2017-10-04,361.71148681640625,364.40602843646917,351.4412375981986,353.03145356480366,18907611.0
2017-10-05,364.0525817871094,365.95202979246216,361.62307172661156,364.42804240950375,10631751.0
2017-10-06,369.7509460449219,370.7669278601106,363.3679087043247,363.98634395639124,12997688.0
2017-10-09,366.9239196777344,370.96576167788567,365.7533362303093,370.6123574102301,8850408.0
2017-10-10,372.46759033203125,374.2786948439745,367.0784781257912,367.0784781257912,14732024.0
2017-10-11,371.12030029296875,379.18189700421595,369.2871099554636,373.39520903121735,15420644.0
2017-10-12,385.5207824707031,387.3098011978053,371.98172841606475,371.98172841606475,18642942.0
2017-10-13,387.1551513671875,393.4498160021214,385.7857947286666,388.41410788394387,21509701.0
2017-10-16,387.309814453125,394.02411215944676,380.4629717178184,388.2816245799893,32009221.0
2017-10-17,386.2275695800781,390.49027073262107,383.0691645942934,387.8398714707592,13898844.0
2017-10-18,403.9629821777344,405.464854135265,386.51460513703927,387.5747587209455,36671941.0
2017-10-19,401.9310607910156,407.2318292658565,398.8831152320808,404.5372584428407,8014767.0
2017-10-23,415.1167297363281,417.3033244832035,401.57767617174875,403.2562652237301,27455320.0
2017-10-24,412.6872253417969,418.6285153892324,410.01476975761955,418.6285153892324,13857773.0
2017-10-25,415.1830139160156,417.83338351959236,410.58899472275726,415.271357603654,10011782.0
2017-10-26,418.4960021972656,423.08999202991583,411.2516132007852,415.22719720292406,16840049.0
2017-10-27,410.74359130859375,422.60408508004355,408.9104008373966,419.6444831175931,11498547.0
2017-10-30,416.33154296875,417.6788137947921,411.07494571889123,412.5768180100447,7823263.0
2017-10-31,415.6026611328125,417.76714053093895,411.78167855844833,417.4137657678859,9504986.0
2017-11-01,420.77093505859375,423.0900160289831,417.7671609640873,418.65062740214387,17571371.0
2017-11-02,418.1425476074219,422.5157071755952,417.104479886829,420.88129013159386,10277678.0
2017-11-03,417.568359375,422.2727787685376,415.2934504061956,422.2727787685376,4798537.0
2017-11-06,411.9142150878906,416.3315472872504,410.3681709335258,416.3315472872504,9757496.0
2017-11-07,400.5175476074219,413.0185341333475,398.9052457074993,412.2896986591095,20447574.0
2017-11-08,392.1688537597656,400.20836623049337,390.53446584836826,398.6623220177004,17752793.0
2017-11-09,397.77886962890625,401.9311415591995,394.04623028184227,395.23889974244736,15007224.0
2017-11-10,390.4239807128906,397.977572280075,388.36993103796044,397.977572280075,13923102.0
2017-11-13,386.6250915527344,393.97990996497236,385.8520547980707,390.9319642773842,9088619.0
2017-11-14,391.68292236328125,395.34927393272386,385.631202719894,386.5146691005536,12481463.0
2017-11-15,390.3576965332031,393.40561246987085,387.8177272697005,390.71107125346384,15272059.0
2017-11-16,399.25860595703125,400.20833011854813,391.15283644375705,391.15283644375705,15160866.0
2017-11-17,402.8144836425781,408.5569699175358,401.3125822025992,405.92868662838436,12219276.0
2017-11-20,406.7680358886719,408.3141094864885,399.76662131375605,400.2966834703465,9231195.0
2017-11-21,411.9363098144531,415.0725995250504,408.8221060281442,409.39636954685767,13082246.0
2017-11-22,411.1411437988281,414.63080768063,407.91648147438605,414.1007161042799,11058315.0
2017-11-23,418.3193359375,419.60034899544877,409.3300996337965,411.25163396432686,16031638.0
2017-11-24,420.13037109375,423.8409238591258,418.49598341354334,419.6444808201569,13987125.0
2017-11-27,420.24078369140625,422.9574403908958,416.99406489672486,418.42970871229033,10237135.0
2017-11-28,416.70697021484375,420.2408061667508,414.38788944992933,419.57822851232504,10153618.0
2017-11-29,417.8775634765625,419.64449623806036,415.66891226829654,416.04437294804944,8038351.0
2017-11-30,407.0772399902344,415.8676727067371,406.1716877151554,415.8676727067371,20637767.0
2017-12-01,402.0194091796875,411.36201925477985,400.95925547231275,408.3582455026828,11114967.0
2017-12-04,398.2646484375,403.65376016981486,396.3872863270865,403.5212446543328,10103208.0
2017-12-05,403.609619140625,406.7238224538009,395.548051589629,398.02173370853905,18306627.0
2017-12-06,409.330078125,410.94237995272846,401.44516790450166,401.97525953106214,24078081.0
2017-12-07,411.4945068359375,413.4602126684137,407.71769660925935,410.8318997561245,12095301.0
2017-12-08,406.83428955078125,413.87990538815984,405.97293855501806,412.51054867691244,12224184.0
2017-12-11,404.69189453125,409.04296877575837,403.5433970539912,407.4748092764618,10792248.0
2017-12-12,404.4489440917969,410.36814827100136,401.09179539545335,404.60354554997406,15782031.0
2017-12-13,404.02923583984375,408.5790529909037,402.28438930729203,405.0231316576355,9147866.0
2017-12-14,407.0552062988281,408.55707865130904,401.42311863078953,405.9508805871527,10983157.0
2017-12-15,406.2821350097656,412.1129955038648,405.376582695266,411.2516150345987,24408414.0
2017-12-18,406.83428955078125,411.98045703846,381.05930975366454,402.8366490318806,18581421.0
2017-12-19,409.0208740234375,409.4846783940207,406.3925607951609,407.98280618301465,8891691.0
2017-12-20,405.5753479003906,409.66136145175227,405.06737169034864,408.99878378648015,10443493.0
2017-12-21,403.2782897949219,408.1373393478596,401.9751911036367,405.7077998277868,9071450.0
2017-12-22,406.5692443847656,407.45271076009254,401.66602221966815,404.0293043570117,10658428.0
2017-12-26,410.72149658203125,414.7412521846172,405.5753295123395,408.534931411343,11596338.0
2017-12-27,408.049072265625,414.12284848786203,405.9508506196122,412.1350859433566,9520350.0
2017-12-28,408.2478332519531,412.7534793280383,405.9950102139105,408.71163761799204,15511891.0
2017-12-29,406.8563232421875,411.82580270814617,405.72991182819817,409.26377699830647,11089700.0
2018-01-01,401.8648376464844,407.5852391130104,400.87094162888235,407.5852391130104,9453202.0
2018-01-02,402.48321533203125,406.19376806809856,400.38499382911994,403.30042390928554,9499419.0
2018-01-03,404.0955505371094,409.04294440475746,403.3225137949618,408.60119648615387,13507800.0
2018-01-04,406.5250549316406,407.18766205623797,404.4930912025674,405.57533083084263,9008932.0
2018-01-05,407.8282165527344,409.4405480263292,406.50303158675433,407.18772473799834,7441284.0
2018-01-08,410.1694030761719,411.25164284479007,407.93866576660463,409.0871633075537,8827020.0
2018-01-09,415.64678955078125,416.9498883406029,408.15945613038986,409.99261700940946,14294571.0
2018-01-10,416.2652587890625,418.4959959042889,413.239398987922,416.55237577748244,11727682.0
2018-01-11,414.2333068847656,416.3977862956731,413.0185221551711,416.02229612049877,7849171.0
2018-01-12,419.2027282714844,420.8813172634133,414.45413724679906,416.55235874310455,15071161.0
2018-01-15,419.26898193359375,423.3991671219498,417.52416468209697,419.6444720789422,11120925.0
2018-01-16,407.6956481933594,418.6285038363339,406.39254932082434,418.6285038363339,10825151.0
2018-01-17,408.3803405761719,410.3681325079495,400.65003206654507,409.04294771583506,13204016.0
2018-01-18,406.2599792480469,410.63310912324124,404.2280157421897,410.3680780974011,9381821.0
2018-01-19,411.38409423828125,412.7534508067957,407.3201668868598,407.7177134588513,9973533.0
2018-01-22,429.1417236328125,430.3785648153731,415.2272087263813,418.76104488901365,45700733.0
2018-01-23,434.3320007324219,437.73332086860324,430.6877354766296,430.6877354766296,22526810.0
2018-01-24,426.8667907714844,433.6694316398229,425.23237357649236,433.6694316398229,14289485.0
2018-01-25,426.66802978515625,429.36257130907364,422.3611274544124,427.5514666866288,13669901.0
2018-01-29,426.049560546875,431.7037037022086,423.752565811496,426.8005113405526,9897064.0
2018-01-30,419.8211975097656,426.6238682256018,419.2027621766119,426.6238682256018,9182956.0
2018-01-31,424.635986328125,426.04951459269097,415.91178317674826,419.6444213345404,12551686.0
2018-02-01,416.9278259277344,429.6275847106691,413.7252788299651,425.4974289045024,16524809.0
2018-02-02,399.4794616699219,416.9720135440018,397.9996753776233,413.0185154741004,28965593.0
2018-02-05,398.50762939453125,403.0795625259468,389.51842355475804,394.9075357718175,19191099.0
2018-02-06,394.0682678222656,396.6744951650226,384.74774304894396,387.39814223714365,24062503.0
2018-02-07,395.084228515625,399.9432786891704,393.14060844620684,398.6843516745189,15532284.0
2018-02-08,399.5677490234375,402.2623196457638,394.1786372659936,396.63026277546993,13825894.0
2018-02-09,396.60821533203125,398.4413763031294,391.37367501501336,392.6988892789931,11580639.0
2018-02-12,404.4047546386719,405.5974238941796,398.4634647955566,398.88312679383546,11877059.0
2018-02-14,412.4221496582031,416.33147544800437,406.8342349735693,407.71770126099653,22247829.0
2018-02-15,413.3056640625,417.76713837184013,409.9926577271469,414.18913045278,13363743.0
2018-02-16,406.966796875,416.37566457278876,405.5532389615524,415.0504503430303,9628162.0
2018-02-19,409.48468017578125,411.6933314006896,403.54339009870563,406.8342810135634,8941900.0
2018-02-20,406.87847900390625,410.61111809592666,405.86252650340094,410.3681729327623,8458450.0
2018-02-21,410.522705078125,411.9141475375905,407.3422441084825,410.80982204065396,11917390.0
2018-02-22,408.3140869140625,411.2516029977512,406.39255272822055,407.27601909424544,11196908.0
2018-02-23,412.6872253417969,414.34372849582064,407.60731575496516,408.777899129094,10610664.0
2018-02-26,414.6529235839844,417.39166637087266,413.72528537370306,414.7854391158514,8435611.0
2018-02-27,419.8653259277344,422.2064925053509,414.49829974095985,414.78541671116307,14021366.0
2018-02-28,421.6543884277344,422.7807999923601,416.6407364510283,417.85549170800005,56650480.0
2018-03-01,418.93768310546875,424.017592265509,417.8554435118435,419.53403244723427,8956590.0
2018-03-05,408.2036437988281,419.71073312398624,407.0993182496366,416.5523579250889,12325694.0
2018-03-06,402.3506774902344,413.5485633542669,399.81073770113363,410.36810239425415,16019726.0
2018-03-07,393.0301513671875,401.6438960610846,392.27920060030743,401.6438960610846,15853546.0
2018-03-08,402.6157531738281,403.9630534254239,394.5983568680487,396.5198616194217,13283967.0
2018-03-09,403.3446350097656,406.10546390917676,402.43908265896334,404.13975774305715,10638527.0
2018-03-12,410.9423522949219,412.1792228445798,405.31029500734587,406.3925346228884,8315150.0
2018-03-13,411.6270446777344,413.46023509110705,406.9888833291356,411.6491305986856,11148731.0
2018-03-14,410.39019775390625,411.71538247925685,406.0391534398378,410.27976815072793,14724464.0
2018-03-15,402.77032470703125,410.56689069499276,401.97523155334886,408.6011847573007,12711836.0
2018-03-16,397.58001708984375,401.84271779804146,391.3957822773599,401.53348541636956,30814962.0
2018-03-19,395.57012939453125,400.6058372127639,394.0240559865256,397.9996396217284,12630833.0
2018-03-20,393.05224609375,399.3248244347961,391.8374909798561,394.5983195021315,15192983.0
2018-03-21,396.18853759765625,398.5959619191376,394.598321826149,395.28298536522124,14715126.0
2018-03-22,401.1580505371094,402.836639617899,395.68059433291023,395.79102394517105,22129723.0
2018-03-23,394.86334228515625,397.5578835023807,392.74303498852964,393.4056125892194,23469999.0
2018-03-26,398.0438232421875,399.4573516819354,394.2449268584004,394.88544805847977,13227705.0
2018-03-27,397.4696044921875,402.3065692002648,396.23276328245123,400.73843913628156,15179544.0
2018-03-28,389.9159851074219,395.7247595381538,388.72331582780373,395.7026736160722,19160609.0
2018-04-02,394.4436950683594,397.9775603530314,391.59455230442575,394.46578098920827,12494499.0
2018-04-03,397.3591613769531,398.30888554741597,391.0424105139204,393.5823801051813,13922126.0
2018-04-04,395.30511474609375,402.77036314525293,394.0461876454072,399.6340736114515,14214534.0
2018-04-05,401.18011474609375,401.97523739854904,399.103979173534,399.8107581409622,8527915.0
2018-04-06,402.4169921875,405.7299691370228,399.76662242276734,401.09180730513367,9664888.0
2018-04-09,404.6256103515625,405.95082461261825,403.10165228472334,403.10165228472334,7813897.0
2018-04-10,405.0894470214844,408.11530674208717,403.8084340815711,405.68576690463857,8455132.0
2018-04-11,411.1853332519531,412.0245982623731,404.6476941287281,407.1876635429491,13140816.0
2018-04-12,410.235595703125,413.7473455406373,408.2478038744319,410.7435718769946,10822592.0
2018-04-13,414.7191467285156,415.9780736633673,410.2355869924607,412.0024900903959,12616816.0
2018-04-16,413.92401123046875,415.2271394522302,410.1472305434901,412.7755139320417,8934275.0
2018-04-17,417.1045227050781,418.407651084965,413.4602570925726,415.2271898371154,9599816.0
2018-04-18,414.34368896484375,418.8493346523352,413.0405606934608,417.5462358681623,7360987.0
2018-04-19,416.24310302734375,417.435772112496,413.01844098036673,414.8295452701793,9802587.0
2018-04-20,409.8822326660156,416.0443820566165,406.92266003344923,414.34373651211394,7326696.0
2018-04-23,413.4602355957031,417.14867286069017,410.1472589873449,410.80983661669,7674482.0
2018-04-24,428.50115966796875,430.9969571946898,413.01848678788514,413.3718910099758,19921115.0
2018-04-25,428.70001220703125,433.6915488654691,425.6299803797613,430.0914548743499,14079382.0
2018-04-26,430.84234619140625,436.43023149879895,425.0556581128426,429.80427844351203,34096999.0
2018-04-27,440.0966491699219,446.59008724744325,435.32594251849457,437.22539081014816,25518647.0
2018-04-30,425.5195007324219,438.46220422459254,424.06177097879834,433.7798710455857,19406069.0
2018-05-02,429.6717529296875,432.5429814945542,426.29248923209184,427.15386959643564,13381914.0
2018-05-03,424.7685852050781,431.96880242584024,423.73051734951315,431.96880242584024,8634812.0
2018-05-04,421.3893127441406,426.1379036539284,419.6444660305814,425.3206950990202,8302649.0
2018-05-07,428.9208068847656,429.91470277960525,422.44945535182814,423.5537808475155,7683268.0
2018-05-08,427.1980895996094,433.779900890228,426.358795060568,431.79210889831376,10792648.0
2018-05-09,431.4386901855469,434.7958387419284,425.0556818979233,426.66801315469206,9831044.0
2018-05-10,433.4043884277344,434.9283759705078,430.3564428293989,432.89641223828414,8781584.0
2018-05-11,436.9824523925781,437.8879752205467,431.90254275083504,433.4485868223848,8774740.0
2018-05-14,435.8117980957031,438.17508005448985,431.43866788109705,438.17508005448985,5642499.0
2018-05-15,432.4325866699219,441.73102509162663,431.41660478439,434.24369122395944,10501479.0
2018-05-16,422.361083984375,430.2459934161951,420.7266963976513,430.2459934161951,18840763.0
2018-05-17,417.5904235839844,424.0617753975009,415.88974868277296,423.7746584228482,10353948.0
2018-05-18,412.51055908203125,421.19056292522004,411.69335042437785,417.7008985465671,11440117.0
2018-05-21,411.40618896484375,413.32772307835273,407.3201756052975,411.1411579111766,14491208.0
2018-05-22,409.37420654296875,412.57675342343515,408.6011698512121,412.20129278122664,11310073.0
2018-05-23,402.96917724609375,409.0429831767209,401.59979100455536,409.0429831767209,9991028.0
2018-05-24,404.55938720703125,406.8342962848471,402.041532972543,403.74217855646435,11632489.0
2018-05-25,406.74591064453125,407.8944080266636,403.94093969597446,404.625603248716,17782410.0
2018-05-28,406.5692443847656,409.4846745771807,405.55326247622156,408.55703635744806,11369679.0
2018-05-29,405.26611328125,409.92636044455554,403.91884264673007,407.05513181193413,17878384.0
2018-05-30,404.6697692871094,407.80605849373967,400.473326397776,404.11762126862374,13105124.0
2018-05-31,406.9888610839844,407.4084935591212,403.98508753716635,406.83423015856675,37080158.0
2018-06-01,411.0528259277344,413.34982076599186,405.707855936696,406.3925489987045,19174278.0
2018-06-04,415.6026611328125,416.99410374954715,411.05284310965135,412.31177019024113,12250151.0
2018-06-05,418.6064147949219,421.85313373477703,415.66889875775433,416.46402142330567,17436812.0
2018-06-06,421.5881042480469,422.29485374254074,416.397765211798,418.319299374377,9164022.0
2018-06-07,429.0754089355469,431.12945848865303,421.61016149716374,421.8089347789721,14999572.0
2018-06-08,434.8179626464844,435.7897432192137,424.3268252860924,426.8667947900904,14289325.0
2018-06-11,434.06695556640625,441.70889003593237,432.47671040628745,436.03266135370455,15018718.0
2018-06-12,440.47210693359375,441.7310339831951,433.028944759509,434.39830141984623,16285583.0
2018-06-13,442.8353576660156,444.3372593399646,437.0928704964789,441.73103207621193,12962502.0
2018-06-14,445.2427978515625,446.9434432841325,436.1652187842908,440.6046069281636,11997529.0
2018-06-15,448.00360107421875,452.1117004349542,441.39973360172974,444.3814214752195,24705890.0
2018-06-18,448.5999450683594,450.7644243306372,444.82313457641976,445.6182572305983,12363932.0
2018-06-19,439.9862060546875,448.26866255819596,438.9260228427197,447.87108648190514,13881382.0
2018-06-20,450.2343444824219,451.84667575416256,439.4561197323496,439.96409593561367,15735681.0
2018-06-21,455.84429931640625,457.6333177816928,451.13985099696606,452.08957502871027,22988909.0
2018-06-22,447.2526550292969,454.6295588363348,445.4636365066074,454.27615462354066,35370008.0
2018-06-25,443.69677734375,449.01963246493483,442.74705312433696,446.7668092420351,11369371.0
2018-06-26,432.4325866699219,444.38142415757517,430.798198976717,444.38142415757517,17649122.0
2018-06-27,429.4979248046875,438.19148396923833,428.0971511995494,435.12316373157483,19595831.0
2018-06-28,420.20404052734375,430.67634407128054,418.13626009040524,427.78589223467634,18770484.0
2018-06-29,432.43280029296875,433.78910673648994,422.0049644642282,422.04943158143715,17425606.0
2018-07-02,427.1632995605469,432.38833426741104,425.5624536526587,432.38833426741104,14570004.0
2018-07-03,431.92144775390625,435.1009358294562,427.0521497802258,429.1199301915295,11084063.0
2018-07-04,440.281494140625,441.12639907146564,431.7880370826304,432.1437740285319,10938521.0
2018-07-05,428.8975830078125,448.4192118099807,426.2739636774319,443.34981193687685,40946479.0
2018-07-06,434.70074462890625,437.1242620655491,428.8976072959262,429.00877509721016,20039239.0
2018-07-09,443.394287109375,444.68386323899347,437.34658084618684,438.9474564917528,11309207.0
2018-07-10,456.1122741699219,457.35738327592884,444.68389723619083,445.9067727810964,22846197.0
2018-07-11,461.9375915527344,462.871430694699,452.62146337592776,455.8009512965808,18953870.0
2018-07-12,481.3035583496094,488.7075411717945,463.62737458584877,464.405578823077,52736376.0
2018-07-13,489.0632629394531,493.1543560939393,480.2585073609332,480.4808726114067,39301408.0
2018-07-16,478.56878662109375,493.1099500281566,477.16801301227514,489.0633234859249,14427529.0
2018-07-17,485.75042724609375,487.35127318235175,475.63386103299104,479.5026190457951,14150770.0
2018-07-18,485.83935546875,491.1977915562139,479.05791225075416,488.44074121459187,10241565.0
2018-07-19,491.3089294433594,495.822460338135,483.0822757211457,486.17282925633236,11885426.0
2018-07-20,501.8924255371094,506.27252537011725,494.443946380736,495.11098278283094,17538801.0
2018-07-23,498.1793212890625,502.40381631461236,494.97762936510736,502.40381631461236,12779803.0
2018-07-24,494.0215148925781,501.04749717913546,492.4428729390465,498.93527952911955,9775749.0
2018-07-25,495.8891906738281,499.37997813581995,491.0199225689629,493.59907475330965,13014255.0
2018-07-26,493.88812255859375,498.71298302734516,492.62077999556044,493.6435534065623,14053674.0
2018-07-27,502.4260559082031,505.783412274329,494.55513877231033,497.8235609049751,14610585.0
2018-07-30,512.0089111328125,514.6325300012267,501.6033105108488,502.49265271416266,30344461.0
2018-07-31,527.3949584960938,529.351570755301,510.11904054980766,511.8310540133741,30350826.0
2018-08-01,530.2188110351562,534.910240584873,527.1282571632015,529.351672516729,21227054.0
2018-08-02,519.54638671875,529.840851084874,518.4791758845154,529.840851084874,13668930.0
2018-08-03,523.3707275390625,526.2834131049905,520.0800417489592,522.5035889692016,14536058.0
2018-08-06,530.3300170898438,531.8418991839944,522.6592310277675,523.2595074690602,8785462.0
2018-08-07,526.5946655273438,534.2432477903697,523.3929140879111,531.3527661969772,8879612.0
2018-08-08,541.4915771484375,543.6260583601007,526.9504127623593,526.9504127623593,17307566.0
2018-08-09,541.6028442382812,547.7172226834598,538.9569611023819,543.1814569468676,14976885.0
2018-08-10,535.48828125,540.2909079972662,534.6434060260635,538.512163946647,7833494.0
2018-08-13,528.1510620117188,533.5984326141039,525.9276466509217,532.5311623692227,10211072.0
2018-08-14,538.3342895507812,541.2691786123656,526.6390816837095,529.173766696257,11592139.0
2018-08-16,533.9763793945312,540.7356191605268,531.6195626479612,535.065912895792,13086024.0
2018-08-17,535.2882690429688,540.4688371828257,533.6429261586562,537.6228226346489,8379864.0
2018-08-20,549.14013671875,549.9850119964649,537.0224606552896,537.1336581393147,16639535.0
2018-08-21,554.6097412109375,556.5218868378826,545.6271450345823,550.1851734905159,15923396.0
2018-08-23,564.5039672851562,566.5272509074617,550.6965407791934,554.2095025896118,17429373.0
2018-08-24,568.0836181640625,569.173092197335,560.3238985823036,562.6362479976997,14550512.0
2018-08-27,574.3092651367188,576.2436146238632,568.639558672343,568.9285652803909,12188510.0
2018-08-28,586.5379638671875,588.316707760197,575.8655598777733,576.3102310088651,19018790.0
2018-08-29,575.509765625,590.9847959904687,573.7310810943876,585.3372944998465,24230135.0
2018-08-30,566.7273559570312,576.8216884553461,564.9486118914537,575.2430167338491,21545859.0
2018-08-31,552.1417236328125,564.748477898974,549.8960451590323,564.748477898974,33479841.0
2018-09-03,546.5831909179688,559.3678738414986,545.2046508263741,553.6314372432969,26686176.0
2018-09-04,552.2750854492188,557.9892580276016,546.5164457567754,549.2512029558178,19333815.0
2018-09-05,545.6270751953125,557.0332171292616,537.4004211508131,552.5196563733415,22584608.0
2018-09-06,560.9242553710938,562.8364010140253,544.8934123881183,547.027893644338,24487897.0
2018-09-07,568.57275390625,569.795629282917,557.855882086477,562.4805808966339,23389269.0
2018-09-10,558.4561767578125,567.86123827691,555.8992287180316,566.9718366519835,15440786.0
2018-09-11,550.3853149414062,564.0371387773278,548.8511693456504,559.8571100204695,23787332.0
2018-09-12,556.966552734375,559.7235733645063,546.4497530077666,556.6552235458823,17642490.0
2018-09-14,557.255615234375,567.2387511887387,554.8098641786469,560.0348993863038,17233514.0
2018-09-17,545.137939453125,556.1883445058162,543.2257940620204,556.1883445058162,14773803.0
2018-09-18,541.2469482421875,551.1412088051937,540.0018689028976,545.182436718355,16660044.0
2018-09-19,538.4009399414062,544.2929810817415,534.0653071897559,544.2929810817415,24642640.0
2018-09-21,541.4026489257812,550.2518437229493,526.2834117890841,542.0696557591392,41713856.0
2018-09-24,547.872802734375,551.3635607528108,535.6217251185999,540.0463520378486,22098277.0
2018-09-25,547.2279663085938,553.6314093860151,531.3971974021459,549.4069144522583,21250513.0
2018-09-26,556.4773559570312,557.6112971297255,545.6938128793007,550.9633146880527,13992341.0
2018-09-27,557.5223999023438,561.6357569371647,550.2962850888881,558.0782685884523,23642923.0
2018-09-28,559.3900756835938,565.5045124646996,554.6541789890709,560.2572142066184,24220992.0
2018-10-01,547.7171630859375,559.2789711752496,535.399413912335,559.2789711752496,16039441.0
2018-10-03,535.8885498046875,551.2301819824413,533.6429304390846,546.7388838825808,16135428.0
2018-10-04,499.04644775390625,529.3516493467371,491.82033332907014,528.9514452869764,50774608.0
2018-10-05,466.4066467285156,495.95587659737083,461.648516874642,488.9298941335185,47998260.0
2018-10-08,493.332275390625,496.7118653974098,456.0455284684863,466.9180653014089,53983473.0
2018-10-09,484.7276916503906,499.51342515544076,480.79223265348634,498.77968796508736,24042005.0
2018-10-10,490.08612060546875,496.2005278332912,482.170735613099,486.4396979554879,20784941.0
2018-10-11,483.72711181640625,495.71132662023854,463.8052789913624,473.14364091100714,28926389.0
2018-10-12,500.9586181640625,502.0480922876127,489.99717624860824,491.3534530919685,19814528.0
2018-10-15,506.8283996582031,510.0078874348039,497.22323565587715,502.4482404075295,19406012.0
2018-10-16,517.5231323242188,519.1239486657785,506.9396014097709,509.6077473830085,16358598.0
2018-10-17,511.96453857421875,524.4378918068329,506.93957609155115,524.2822865768344,27967162.0
2018-10-19,489.7303466796875,494.0438057632177,475.92291995334614,489.1522741167524,55606079.0
2018-10-22,472.5433349609375,495.73359146893216,470.18651819439566,493.59911030596476,28798142.0
2018-10-23,469.0080871582031,473.45491775221717,464.0943221349092,468.1409486618189,23128845.0
2018-10-24,465.0281677246094,478.45762361338166,458.64695801624043,477.99068917766,29869514.0
2018-10-25,458.3800964355469,462.76025581761445,451.9766535752421,460.6924755387042,30833933.0
2018-10-26,464.6501159667969,470.03081489652646,454.466879645505,459.3139138356355,20085933.0
2018-10-29,483.72711181640625,486.41743181850205,465.1393222129333,465.1393222129333,16781215.0
2018-10-30,470.0308532714844,482.70433807824037,467.8518754425523,482.70433807824037,19263668.0
2018-10-31,471.9207763671875,473.9663233354537,465.5840334146007,470.92023644391975,35999348.0
2018-11-01,469.69732666015625,474.87789438563414,466.9180723860056,474.87789438563414,20552752.0
2018-11-02,477.9906921386719,480.70327547846847,472.76565718095645,474.47770064866603,36739798.0
2018-11-05,484.8388366699219,485.9060772219518,473.58832891195686,477.3459192459683,16585905.0
2018-11-06,490.9754333496094,494.48842452789165,485.4168658048848,486.4841062614549,18886485.0
2018-11-07,493.91033935546875,495.82248475692427,492.1316249894632,495.82248475692427,2808599.0
2018-11-09,486.2396240234375,495.2889508059206,482.482063038324,491.9315939319214,23712291.0
2018-11-12,480.25860595703125,488.61866243522775,477.83508841978625,488.12952408927373,12690610.0
2018-11-13,488.9076843261719,490.4862967119038,475.8339656351982,477.59047617865275,14899604.0
2018-11-14,488.2406921386719,494.7775372347361,482.70438698052175,491.3979468807499,17034346.0
2018-11-15,487.75152587890625,490.48631311752206,483.149030554167,487.7959929987431,14943663.0
2018-11-16,501.3366394042969,502.4705806953958,487.86271559228567,488.2406861278763,24131016.0
2018-11-19,511.38653564453125,512.1424767598558,502.93754452803955,503.7824198922258,15987574.0
2018-11-20,505.783447265625,514.0101019045014,502.4927616626139,509.16306710824983,12511640.0
2018-11-21,494.888671875,509.38539806480344,492.28728602135544,505.82790977537366,16422494.0
2018-11-22,490.41961669921875,500.42501559270096,489.1967412087544,495.6001846268527,12670591.0
2018-11-26,493.4879150390625,496.93420575564187,487.99607751479056,493.15441165226196,13969873.0
2018-11-27,501.6923522949219,502.4927604495133,491.5757857200251,492.665259836989,14896607.0
2018-11-28,512.5648803710938,514.832762803635,500.8474680134141,503.58222551007844,17507771.0
2018-11-29,519.6131591796875,524.6825297903242,515.833335098231,516.2780063151897,27640198.0
2018-11-30,519.190673828125,527.3950652866846,516.8560609671007,521.3028917197313,23443212.0
2018-12-03,514.2546997070312,522.4590910850749,510.71941526791136,522.4590910850749,12182825.0
2018-12-04,512.4091796875,514.9438646549513,507.91788225758813,514.9438646549513,11358720.0
2018-12-05,513.6765747070312,515.299713651556,506.6283283466079,508.6072042536634,12729759.0
2018-12-06,499.6690368652344,510.9417181505975,497.2677235013036,510.9417181505975,12831451.0
2018-12-07,504.1824951171875,505.5832388629861,492.8652883151784,502.2481460146356,15779984.0
2018-12-10,484.8165588378906,495.51119694132535,481.6370710318878,493.5990516093164,20521072.0
2018-12-11,488.0627746582031,490.08608789212525,469.1414816662142,474.0329833745023,29518062.0
2018-12-12,493.8214416503906,495.1555146289837,483.7049046160699,488.70757439065306,27572962.0
2018-12-13,492.2872619628906,501.6033901811685,486.9510594738557,501.6033901811685,20337275.0
2018-12-14,494.5774230957031,495.7780650549889,485.50586319262817,490.53079632057154,15795834.0
2018-12-17,502.44830322265625,503.826843329135,494.2661452465646,496.24499148080645,11077711.0
2018-12-18,505.3387756347656,506.4949207487541,498.26826611692326,499.5134048391006,12841994.0
2018-12-19,505.5166015625,510.1857674825031,503.91572601692445,507.60661538435954,16118419.0
2018-12-20,501.8035583496094,503.60450641252686,496.33392442719014,498.49060945378,12609700.0
2018-12-21,489.24114990234375,503.0485749789647,487.3734717073606,500.26929124394644,18115814.0
2018-12-24,484.32745361328125,490.5752622459267,483.1712787781089,489.5524887743134,9065704.0
2018-12-26,488.4185485839844,489.152285769515,473.87738434318686,482.8377764410723,15771193.0
2018-12-27,498.1348876953125,501.15877071613386,490.9310358550981,492.35401343754904,27294221.0
2018-12-28,500.5139465332031,504.82737590371954,498.57953776326934,500.4916832889124,16768547.0
2018-12-31,498.601806640625,504.2048419210655,496.356157690136,502.9152360598734,15799099.0
2019-01-01,498.4906005859375,501.29214786232393,493.64356580482286,500.3805422248043,9746670.0
2019-01-02,491.99822998046875,501.15872336812794,489.5969165762727,495.60015556027656,15628818.0
2019-01-03,485.92828369140625,495.64461591671386,484.74987540635277,492.4873615561272,16288287.0
2019-01-04,488.5519104003906,491.13109227912537,480.74772345630646,487.9960714293212,18516544.0
2019-01-07,491.2644958496094,497.3566691059738,489.59691956022573,492.2650356863747,12060290.0
2019-01-08,491.22003173828125,493.57684836932714,487.3735072802789,491.4201337699942,12304389.0
2019-01-09,493.9325866699219,496.7118706154236,488.5741504955051,494.4884553327521,12614237.0
2019-01-10,492.4873962402344,494.04380481379746,490.48631646526803,492.5985640405852,8925160.0
2019-01-11,488.2851257324219,495.2889048168985,484.082864218601,492.531854365571,14139060.0
2019-01-14,487.72930908203125,489.374622256868,483.10458003842365,486.92887121313214,8994060.0
2019-01-15,502.3371276855469,503.38213462554216,491.37565675274993,491.37565675274993,22011407.0
2019-01-16,505.11639404296875,509.16302031076884,502.6483800675471,504.7161306328441,13961606.0
2019-01-17,504.4715881347656,510.4525635845906,502.4927124442108,508.9184184171951,16379077.0
2019-01-18,526.661376953125,529.1293914034493,504.8274252468556,510.85286900794665,56181172.0
2019-01-21,550.3853149414062,551.3858550027534,528.5735653515023,530.9526457454004,48206814.0
2019-01-22,549.2511596679688,554.4984568194857,542.3363161862849,548.2284161251823,36207430.0
2019-01-23,545.3158569335938,553.275709031057,543.4037113706246,548.4286147581106,19313542.0
2019-01-24,554.7208862304688,557.2778345730263,542.5588029080949,544.7377510626503,28775487.0
2019-01-25,554.0759887695312,562.3915759058096,549.3623563202608,556.0548642393167,18703992.0
2019-01-28,546.7611083984375,558.5007853675066,543.5816199737301,556.0772380521597,18744303.0
2019-01-29,538.3565063476562,547.6948978925816,534.2209456710425,547.4058319436815,20405845.0
2019-01-30,531.70849609375,544.7377779138919,529.6629491926045,540.2909471494282,17164298.0
2019-01-31,545.6937866210938,546.8277277392239,534.0653095076366,534.5099806581494,22279301.0
2019-02-01,555.8325805664062,558.0782591486003,545.6493727513893,548.7399266020019,20187323.0
2019-02-04,574.0424194335938,576.7327691603633,552.3196086388238,554.5207606926173,25528059.0
2019-02-05,574.3313598632812,580.0455917322412,568.572720249511,574.5314915581412,20479210.0
2019-02-06,582.6470336914062,585.9377193107048,575.5321163811374,576.4214587816766,20586783.0
2019-02-07,573.820068359375,587.5162967228948,571.9079229435836,582.6469989486654,20150710.0
2019-02-08,568.172607421875,578.311407759681,565.7490602967357,571.3298323524249,14230054.0
2019-02-11,557.2999877929688,567.4165827641457,556.2994480427927,567.3721156501077,16457901.0
2019-02-12,558.7008056640625,565.7935190840021,556.5218574185877,556.5218574185877,13998153.0
2019-02-14,544.3819580078125,551.8526713645188,541.6249373017182,551.8526713645188,14496604.0
2019-02-15,553.3868408203125,555.8103879290705,539.846216795909,546.8499960317938,20994460.0
2019-02-18,542.558837890625,556.9666006579668,540.290955353684,555.8548632656433,21106139.0
2019-02-19,540.780029296875,551.274565434073,538.6010812612611,541.6249044942708,13658461.0
2019-02-20,548.8954467773438,551.4079276865402,542.0695372183914,544.2262812275901,13776558.0
2019-02-21,554.4762573242188,559.3233510379694,546.6720707342224,549.6292229791139,23142949.0
2019-02-22,548.0062255859375,553.764866348381,545.1824742654557,553.4535964921212,19152470.0
2019-02-25,547.9838256835938,552.7419846915055,542.8032588032829,549.6291681678757,17176522.0
2019-02-26,542.6255493164062,549.0957236865192,536.2888356877302,537.8451850368259,22160532.0
2019-02-27,544.070556640625,553.5868145091662,537.6226479334206,546.0938990891577,24308835.0
2019-02-28,547.4280395507812,551.3412646659417,545.4269598752707,548.6287111035471,24688859.0
2019-03-01,545.2047119140625,552.4530907762913,543.514961161126,550.0740105316697,17329606.0
2019-03-05,550.3629760742188,551.3190487732026,541.8917231342477,544.0262041170199,15577500.0
2019-03-06,562.4362182617188,566.1271083197254,549.2291261191059,551.3191403320105,26332276.0
2019-03-07,564.8597412109375,569.1064404556395,559.4790412913804,562.0804570063062,17738092.0
2019-03-08,563.458984375,566.7274068521014,561.1911018140993,562.9920499157988,13211934.0
2019-03-11,579.912353515625,583.425315835217,563.8592460943664,564.7708518609002,21258869.0
2019-03-12,592.0298461914062,593.2082544635542,584.4257317916117,585.6041400637596,24561597.0
2019-03-13,599.1226806640625,604.7701243458075,590.584755084466,594.5424479954376,24577591.0
2019-03-14,596.5656127929688,605.6594053107309,594.1420658815271,600.2120350971369,22753310.0
2019-03-15,587.7164306640625,604.2364100965389,583.0694684590887,598.0997697695152,34764353.0
2019-03-18,600.3453979492188,603.8584186781022,590.9848033317016,591.8741456080553,22104063.0
2019-03-19,612.129638671875,613.6637840318997,597.2549414208606,604.770062981689,21448030.0
2019-03-20,611.6404418945312,617.2212140144412,606.5488081067413,612.6854489247503,21639437.0
2019-03-22,596.654541015625,614.0639216497333,594.4089219621295,610.3285651498567,25078643.0
2019-03-25,588.9615478515625,594.4756488877699,585.5152569671774,591.6963648094636,17394088.0
2019-03-26,607.9940795898438,609.9284290452625,591.4295723187786,591.5629736823022,20734876.0
2019-03-27,599.98974609375,612.7521657804966,597.7663307190293,612.7521657804966,22079870.0
2019-03-28,604.77001953125,609.1279751855097,597.1214971568348,600.4343864888832,22930248.0
2019-04-01,618.9332275390625,625.5812099242753,605.9040061008697,609.2168953564346,22088854.0
2019-04-02,617.9771118164062,623.9358831604546,613.7081501622587,621.6680009922289,17526740.0
2019-04-03,611.529296875,623.8915126137143,610.1062896471476,619.3334843305834,17169813.0
2019-04-04,601.6795043945312,615.3090614383648,599.10029291152,613.2190476033604,18320845.0
2019-04-05,602.0574951171875,606.504325853729,597.2104603007144,605.1925161296278,14717266.0
2019-04-08,591.0960083007812,603.6583552715974,588.6280535203862,602.9913484888758,19081843.0
2019-04-09,593.4083862304688,596.1876106976699,587.4273512674519,590.940372210303,20774977.0
2019-04-10,592.052001953125,599.4337801704421,589.8730540519848,594.9646869015703,16651949.0
2019-04-11,598.9002685546875,601.6572893551589,590.9848837435666,592.7413646626808,12558520.0
2019-04-12,597.2549438476562,603.3915846813426,594.3867254762824,600.3232345801729,12948769.0
2019-04-15,595.943115234375,599.8563405148398,593.652969511252,598.0998002294208,9285737.0
2019-04-16,597.5439453125,604.7700001515543,595.8763393939673,598.0997545833641,17360317.0
2019-04-18,616.3096313476562,617.9993818498127,606.9935028676342,611.4403334527134,39286534.0
2019-04-22,598.2554321289062,607.8828302001219,596.4544248221322,604.770013246378,23607922.0
2019-04-23,606.4821166992188,610.5509471960839,598.5445280593867,599.4338704514936,19807450.0
2019-04-24,617.8883056640625,620.2451225482408,607.5493730542112,609.3503805860372,16101112.0
2019-04-25,610.2841186523438,628.07150005961,605.9262223781365,617.7103647867747,30469914.0
2019-04-26,619.3556518554688,620.7564551251317,609.528181305051,611.4403267472761,15069884.0
2019-04-30,619.3556518554688,620.9565274717629,607.7939043347865,620.9565274717629,22348580.0
2019-05-02,624.8031005859375,628.7385297006279,614.5975701695064,618.9999337216068,18992003.0
2019-05-03,626.4928588867188,630.3394131790576,623.7358380847257,626.0926548076853,14240262.0
2019-05-06,615.8426513671875,623.8025024605442,612.818768797066,621.6680215628418,15832114.0
2019-05-07,597.4327392578125,620.3339569377828,595.9652650685441,620.2450227062299,19417647.0
2019-05-08,577.844482421875,595.8764047390747,574.6205270752714,595.8764047390747,31958919.0
2019-05-09,558.7230834960938,573.1085830669476,556.633069435921,573.1085830669476,42670173.0
2019-05-10,556.3662719726562,568.1726192629694,553.6314549463908,562.5251167243712,24557430.0
2019-05-13,547.872802734375,560.6574264284468,545.8494596950486,554.9210491364415,17603659.0
2019-05-14,560.5018310546875,564.4595235931789,547.6282135242501,549.8516289609847,28438234.0
2019-05-15,558.923095703125,568.3059540878594,556.1216080069211,566.0825389036912,24419559.0
2019-05-16,562.6807861328125,565.593471669986,559.4568307423665,560.2795021817708,14451308.0
2019-05-17,563.5923461914062,567.8390450416779,556.7441724991771,563.414477718221,17276949.0
2019-05-20,589.6063232421875,594.8536213108704,579.6453918934102,584.1367489505126,26979100.0
2019-05-21,595.7874145507812,607.8828266181661,591.4517815790188,592.4078542813324,30343560.0
2019-05-22,596.05419921875,604.6365900370148,593.6973827142746,598.3888118496633,24689918.0
2019-05-23,593.1638793945312,618.9999905266511,589.2061866726511,610.1063283676044,38766006.0
2019-05-24,594.4756469726562,602.0130316473468,585.4263208404058,599.4338793034989,22269265.0
2019-05-27,582.8247680664062,594.7645729425909,581.2016888745588,594.5867045034097,16076686.0
2019-05-28,588.6502685546875,593.5640337021803,584.0255693695124,586.893787642564,42594251.0
2019-05-29,583.8921508789062,592.8970095110765,579.934458605217,587.4273758435999,15558515.0
2019-05-30,591.318359375,596.7657294512053,585.3151206701258,585.3151206701258,23494381.0
2019-05-31,591.4962768554688,596.7213117869429,587.071650070184,594.9425676489825,25724066.0
2019-06-03,604.8590087890625,607.9940296272227,587.516298638274,593.6529389620333,18556942.0
2019-06-04,601.0569458007812,611.1068116046075,599.4783333814987,603.6360980885171,15442761.0
2019-06-06,590.2510986328125,605.6149325640446,587.4718148138544,605.6149325640446,16764835.0
2019-06-07,584.71484375,590.2066814942485,580.5792828507242,589.6286089339727,14722419.0
2019-06-10,586.6047973632812,590.0955557623815,582.5804334590428,587.3830017426037,11768468.0
2019-06-11,591.051513671875,593.4305934724914,586.0933410981103,587.8053547784031,11492074.0
2019-06-12,592.3855590820312,595.1648428048112,589.2060713267981,593.5195001916372,10297599.0
2019-06-13,590.2066040039062,593.5194930635028,581.9354832912998,591.4294793282596,15686169.0
2019-06-14,585.8932495117188,589.2061389915569,582.2690901931151,587.8275989083728,14942768.0
2019-06-17,570.2181396484375,586.9827186282585,568.5283297408919,586.9827186282585,14908257.0
2019-06-18,569.6400756835938,572.7306295845631,564.3483102839548,568.7062067925273,16797371.0
2019-06-19,568.0169067382812,578.97837779512,561.4578584462031,572.2636649065373,14492763.0
2019-06-20,576.6437377929688,578.0890081049911,568.3059458158605,569.1952881291243,10748848.0
2019-06-21,568.9730224609375,576.3103349214878,567.2165414920985,576.2880716765978,23236832.0
2019-06-24,561.368896484375,567.6166746435115,559.0120799905429,565.704529305375,11267228.0
2019-06-25,576.24365234375,577.1997252115926,557.7447941029602,559.8126044598255,14966899.0
2019-06-26,575.4876098632812,580.1345720095973,572.0190560013318,574.0868659940008,11593027.0
2019-06-27,566.593994140625,576.7105312192405,565.1931907910755,575.0429845151868,24905533.0
2019-06-28,557.2333374023438,570.462690213797,555.2544617015469,567.9057420091402,18942165.0
2019-07-01,564.2371826171875,565.9269332128499,554.2762506837031,559.4345554498728,13478857.0
2019-07-02,568.5283203125,569.6400576488289,561.7691401630615,566.5050367269992,10146746.0
2019-07-03,570.3292846679688,572.085824960274,566.9941913005933,570.484949272235,8806492.0
2019-07-04,570.97412109375,574.0869384125054,569.1953768214119,569.817975906356,9351405.0
2019-07-05,561.7913208007812,573.8645289266176,560.3016427013837,571.4631858784575,10926753.0
2019-07-08,556.7664184570312,563.9035985122777,555.0544047714505,559.4123009664904,14009219.0
2019-07-09,569.23974609375,570.7516873706384,553.8537087411103,555.3878538911504,17535754.0
2019-07-10,568.6840209960938,573.3531874939108,564.1704597393002,569.2176264544378,12018196.0
2019-07-11,569.8845825195312,573.5532681405218,568.8840426899244,572.3081294799662,8608376.0
2019-07-12,569.417724609375,578.089050270766,568.3281911431877,570.5294025820405,15692436.0
2019-07-15,567.4610595703125,573.4197716904608,564.9041114164919,571.4186921559307,10659498.0
2019-07-16,574.976318359375,575.8212531123789,567.88360405312,569.1732100610424,10070773.0
2019-07-17,570.0180053710938,576.7549817270252,569.1953339807314,575.5543101387531,9482233.0
2019-07-18,561.124267578125,572.041270392655,559.4122540361689,570.0846580438583,11942908.0
2019-07-19,555.4102172851562,566.0603603946317,552.6086698009428,563.9481423693856,16336536.0
2019-07-22,569.417724609375,571.1964093656397,545.7605049272529,556.299508951372,29092589.0
2019-07-23,566.3272094726562,575.3764765784953,560.4795751467659,571.4187839881948,20316348.0
2019-07-24,559.9014892578125,568.6617495471938,557.433474995596,566.3049327715216,15189179.0
2019-07-25,547.628173828125,564.3260813225814,545.6270941432515,562.0804028036227,21805071.0
2019-07-26,539.7572021484375,552.5196199822482,538.0673924605115,547.6281187417748,20387504.0
2019-07-29,538.4898681640625,543.4036327227004,535.8884529209053,541.135750521582,17626045.0
2019-07-30,525.127197265625,542.5143760427064,522.9260450730362,539.824026146295,20853117.0
2019-07-31,518.6126098632812,526.950402820518,516.9005366560214,522.8371050851758,21229950.0
2019-08-01,524.8381958007812,528.3734210380151,511.54211079766753,517.3452186160949,22628222.0
2019-08-02,529.8226318359375,536.0408419669061,519.8690401403267,525.9530481643328,23766807.0
2019-08-05,511.4811706542969,522.0610382541031,504.61428752999774,522.0610382541031,30399133.0
2019-08-06,504.74853515625,514.2771836992629,501.9302310893103,507.6339701414579,29067994.0
2019-08-07,496.29351806640625,509.3338769283476,493.4751843934342,503.9432766269725,25349369.0
2019-08-08,515.5073852539062,518.034888146451,489.98587119323537,495.82381219461934,31198568.0
2019-08-09,519.8690185546875,525.8635582584843,515.4849637925847,519.7572133327016,21970009.0
2019-08-13,570.263427734375,582.8116539527516,548.4549569719392,551.6535302947624,104827144.0
2019-08-14,576.3026733398438,583.5497663510162,572.7685650438011,583.3484930514089,31688983.0
2019-08-16,571.7172241210938,577.8906996066623,569.4804628342943,577.6222954192474,21977767.0
2019-08-19,578.2485961914062,580.1274853073897,572.6119288434555,573.0816660537041,16317602.0
2019-08-20,570.8001708984375,578.2485964535656,569.3015509257864,576.9960435256826,14969299.0
2019-08-21,568.5633544921875,572.0079941605229,566.5726603476659,570.6659135712353,10677848.0
2019-08-22,557.7374877929688,568.585759842969,554.2257765227104,568.5634226883876,14031953.0
2019-08-23,570.7554931640625,574.4014068120105,548.6786185198689,554.2705523888193,21307915.0
2019-08-26,566.7069702148438,578.874926990228,563.2175958540626,578.874926990228,19202504.0
2019-08-27,570.30810546875,574.8486994909782,564.2017008121152,574.8486994909782,28401906.0
2019-08-28,565.1412353515625,573.0593990833148,561.8979279657484,569.8160916975007,11605488.0
2019-08-29,555.500732421875,563.7767677346285,552.6152975985758,562.076814692412,18890222.0
2019-08-30,558.542724609375,561.1597553095268,546.2181691725724,557.1783066454112,24735240.0
2019-09-03,539.686767578125,556.0599009833398,536.8236700987924,555.724365883025,18730619.0
2019-09-04,537.3382568359375,539.172412255259,530.58323742089,537.0698525879911,32949395.0
2019-09-05,536.1973266601562,542.7286736485036,533.8263635508591,539.8656362518998,22995486.0
2019-09-06,546.88916015625,549.796991849655,534.6988072637425,538.1657845260604,23186819.0
2019-09-09,546.7548828125,551.5862773251275,542.7063636586323,546.0614755104552,11747929.0
2019-09-11,552.212646484375,554.7178119472804,546.8891176163188,546.8891176163188,12127900.0
2019-09-12,541.4537353515625,554.9190358445909,539.3735732310876,552.4810015076904,11880005.0
2019-09-13,548.2759399414062,549.5732268594613,539.9104371214981,542.1919324610177,12947715.0
2019-09-16,541.6326904296875,545.3680714069599,530.6054238873454,531.9027704423286,20547730.0
2019-09-17,535.6829833984375,541.7446544223395,533.915959082345,541.7446544223395,15640772.0
2019-09-18,539.3736572265625,544.1155842826566,535.5711448848785,539.03812210891,14933909.0
2019-09-19,527.45166015625,541.1630300871835,524.5886221931479,540.3354205777293,13766222.0
2019-09-20,561.1373291015625,568.0936803911683,525.3267496017127,531.4330945245753,48165560.0
2019-09-23,554.3599853515625,573.0593493887246,552.4810961684015,569.994978423035,21610844.0
2019-09-24,572.0304565429688,581.0222372021885,555.9481217276539,556.328390918286,34958974.0
2019-09-25,572.41064453125,579.32226155245,567.6239836297596,574.4013388291797,18192270.0
2019-09-26,580.1275024414062,581.0221831301985,574.1776966858998,577.9802090632921,18350457.0
2019-09-27,585.6075439453125,588.2693084591403,574.4013403478185,578.203852549714,19058663.0
2019-09-30,595.9861450195312,597.5518958958941,584.0417998862946,586.0325539376727,25263770.0
2019-10-01,583.7510986328125,600.3479037772651,578.5617712854157,598.1111422538224,17920384.0
2019-10-03,586.5023193359375,588.1351414776207,573.1935556971858,575.296115069358,13524851.0
2019-10-04,585.1826171875,594.3533936469322,583.2813907007979,590.4614128720777,14992253.0
2019-10-07,586.0773315429688,590.8639928687065,582.3195530503269,585.1825910935223,10061584.0
2019-10-09,592.6310424804688,594.9573319134045,578.2039269700573,585.4510800476256,17588647.0
2019-10-10,609.6304931640625,612.4264003120319,590.9534655095318,592.7428866972427,35006390.0
2019-10-11,605.0897827148438,610.9053861013408,597.9097614777667,610.0553797608088,16597126.0
2019-10-14,607.5055541992188,610.6146594170189,604.3069809057274,610.6146594170189,13394275.0
2019-10-15,610.2567138671875,612.8737443545717,605.8502623557373,609.518572468822,9672791.0
2019-10-16,613.9249877929688,617.1906316962651,610.0553448993284,612.8289741993957,19403660.0
2019-10-17,624.728515625,625.8469260796392,613.7683798495626,615.1104604501286,16038940.0
2019-10-18,633.6085815429688,638.7755119795819,625.7128152032572,628.0837788207052,28121951.0
2019-10-22,632.6244506835938,642.7793159767306,627.7929955153656,637.4781832827847,27786502.0
2019-10-23,622.8944091796875,637.9031250769546,618.756421570499,633.586201337099,18446160.0
2019-10-24,642.600341796875,644.814766083547,620.2774614179121,626.7416786905978,22642488.0
2019-10-25,640.251708984375,644.8370366166074,631.327001295776,644.6804973751445,13539957.0
2019-10-27,641.6162109375,646.4252690742446,639.7149248380822,644.635847926269,3014841.0
2019-10-29,656.2893676757812,662.0825743744294,645.1278977377407,646.6489146143203,25768505.0
2019-10-30,661.679931640625,664.1180259398081,653.2696948361131,662.0825379232862,16341366.0
2019-10-31,655.08154296875,666.39961281965,653.8960611110986,663.8720501104048,19463741.0
2019-11-01,651.7487182617188,653.9407456609271,644.6358276540866,650.8987716125406,13904301.0
2019-11-04,652.084228515625,658.0563711617599,646.4699581291821,655.7748757812135,14063434.0
2019-11-05,647.4541625976562,657.1393502221374,644.6358585848789,654.5223792352792,12685356.0
2019-11-06,641.9069213867188,647.0738515591739,639.0438835228734,645.3962954434453,14625505.0
2019-11-07,652.5091552734375,654.4774524712429,640.699013736587,641.9516262238297,14084039.0
2019-11-08,646.64892578125,652.9789409956463,644.7700366012668,648.2146767187381,12019353.0
2019-11-11,638.7307739257812,646.0897317907238,636.3821474784538,643.7858393788213,11357841.0
2019-11-13,658.6380004882812,660.2484855944018,639.7149647351628,639.7149647351628,25225749.0
2019-11-14,654.3658447265625,662.7984204401872,651.2567393088689,660.2932544347478,14258133.0
2019-11-15,657.9893188476562,665.1246062674503,654.5446787993037,655.6630893679287,15691605.0
2019-11-18,652.7777099609375,664.7667306462275,651.0777568094736,658.7945873223516,14076051.0
2019-11-19,675.3912963867188,677.6951885777207,655.372250065905,656.2669306886194,30176255.0
2019-11-20,692.3460083007812,703.4180100751444,690.3553139483255,695.6564462284737,43538120.0
2019-11-21,687.8501586914062,696.0814605906284,683.8016386613623,691.1605969563176,14897371.0
2019-11-22,691.8314819335938,702.12060743976,687.8500338208812,689.8631248921964,22352865.0
2019-11-25,698.5643310546875,700.0182172403837,693.8447404468707,693.9118713704513,15146156.0
2019-11-26,697.982666015625,705.1850244813896,696.0813800314871,701.4943771827839,35330983.0
2019-11-27,702.2772827148438,704.8048452673582,696.1261438952308,697.8484938217292,9642739.0
2019-11-28,706.9521484375,708.6744386628012,699.6379246125003,703.5298454170753,13747479.0
2019-11-29,693.9117431640625,707.6901835082276,692.4354603682556,707.6901835082276,18559594.0
2019-12-02,709.7257080078125,722.2291992065935,705.4758552570175,715.7649818734178,31225364.0
2019-12-03,706.3257446289062,713.0807625025484,703.5074409435476,712.521616976094,12990426.0
2019-12-04,694.6051635742188,705.6995024548221,686.1277955034981,703.6864112318285,20987607.0
2019-12-05,693.7776489257812,706.7061446633726,690.7132776391448,704.1338478101695,19942460.0
2019-12-06,695.5892944335938,701.4496318188408,689.4158188233732,694.7393478229513,13085234.0
2019-12-09,703.5074462890625,705.6547395239869,691.8315057288436,696.148489076925,12642677.0
2019-12-10,698.7431030273438,703.9547668583747,695.2537292215869,703.2613595277428,10173333.0
2019-12-11,698.9444580078125,704.357395282487,693.6656631029554,695.902424408401,12364641.0
2019-12-12,701.5391235351562,704.0666860237436,696.3721933363692,702.4562010874308,10326606.0
2019-12-13,708.1151733398438,711.2914090338671,703.417980571226,706.8178266982692,12668303.0
2019-12-16,700.8233642578125,713.0360538117269,699.8168186594121,712.1861071903043,11892718.0
2019-12-17,699.0786743164062,706.3705007919149,695.8801014038346,700.8904324959013,20324601.0
2019-12-18,704.9613037109375,706.8177958039336,698.7654912918371,699.2128315883414,14742077.0
2019-12-19,720.2161254882812,722.4305498496976,703.1496428791409,703.9995895600298,20507816.0
2019-12-20,715.3622436523438,723.6158805784103,714.020163132454,722.4751330402547,21271510.0
2019-12-23,702.9706420898438,705.7218149032799,696.8866346005615,697.9155173301782,25107772.0
2019-12-24,691.8092041015625,703.2614153675864,690.042120180771,701.8522634418367,18048449.0
2019-12-26,677.9189453125,694.7170240868594,675.570318790412,689.6619584729085,29761019.0
2019-12-27,689.9750366210938,691.6973267522384,680.5582539222193,683.1081535254751,17677571.0
2019-12-30,690.802734375,692.3460885715724,683.5779780924734,691.5856099142079,17123749.0
2019-12-31,677.31494140625,690.5789702805088,674.6308397260912,689.8184320015399,22203005.0
2020-01-01,675.3241577148438,683.1528519736394,673.4900624593615,679.0819357370663,14004468.0
2020-01-02,686.8212280273438,689.3487905881979,676.397899264457,676.397899264457,17710316.0
2020-01-03,687.6488037109375,689.6618949086101,681.3187290426969,685.7922517653002,20984698.0
2020-01-06,671.70068359375,683.5107670428088,670.13493269889,679.9767186772816,24519177.0
2020-01-07,682.0344848632812,686.4632732386915,677.0688284082713,679.5292597584985,16683622.0
2020-01-08,676.9124145507812,686.4410035098094,675.5032624964547,677.7400241132464,16047902.0
2020-01-09,692.5025634765625,693.3972440896104,685.0094043047601,688.2974451452224,14982742.0
2020-01-10,692.3460083007812,696.9537331994524,688.7671661721967,694.247234586273,12478359.0
2020-01-13,690.5789794921875,697.2892636445985,688.2080160085029,691.182918802657,18282382.0
2020-01-14,684.1818237304688,693.3972733335526,680.8043146862556,688.9237506296278,15816535.0
2020-01-15,681.6990356445312,688.8790573291237,679.1938699492092,687.0672990416617,15817859.0
2020-01-16,687.9843139648438,690.4224084594933,683.55552505049,684.0029251254354,12847975.0
2020-01-17,707.2651977539062,709.0322217924195,694.8287791271389,694.9629812164561,29463471.0
2020-01-20,685.5015258789062,719.7911481994419,682.839761284159,719.7911481994419,32545850.0
2020-01-21,686.1950073242188,691.5408742450458,680.8714775601642,683.8240435553602,18922720.0
2020-01-22,685.9489135742188,691.9434536836012,684.9423678831845,690.71323780845,10322817.0
2020-01-23,683.0411376953125,689.796156393504,680.2899048582964,687.3580618125278,11247739.0
2020-01-24,680.6701049804688,687.2909208972738,679.3280242942884,683.1081395891008,14628445.0
2020-01-27,673.9598388671875,681.9674704241261,673.2664314282462,677.6952802850295,13387750.0
2020-01-28,658.3919067382812,675.5031818296184,654.7459935025485,674.8768456496997,24532236.0
2020-01-29,662.0155029296875,668.5244541677285,654.9472866809749,659.4208095162297,24746565.0
2020-01-30,645.8660278320312,661.9483606637074,644.1884717288344,661.6352224321117,22402689.0
2020-01-31,631.5060424804688,650.115939458839,629.5153479649114,650.004074503463,34750310.0
2020-02-03,619.8076782226562,626.2719547408867,609.7646194987522,612.8289902103342,30712290.0
2020-02-04,638.1044921875,640.8333280510134,625.3101998110101,626.2943485822723,25383901.0
2020-02-05,647.990966796875,649.9145900708021,639.8491930659694,641.9069587229454,18472100.0
2020-02-06,652.1513061523438,656.26695662953,644.2332031533095,650.4961469348968,15538577.0
2020-02-07,641.347900390625,649.713405164779,638.9545395503509,649.1094657338193,12209212.0
2020-02-10,642.2201538085938,646.6489428047836,630.9692153123326,638.8202476362594,15142476.0
2020-02-11,649.8922119140625,655.9090886918525,646.4475719077193,647.4988515504008,13999816.0
2020-02-12,657.7432861328125,659.7787743619559,650.8987994375913,651.4132707150139,13533565.0
2020-02-13,659.4655151367188,661.0760000110254,654.2985851368666,661.0760000110254,13565659.0
2020-02-14,665.4824829101562,671.6782959370149,650.0487633667867,660.8523610746443,21227841.0
2020-02-17,661.2997436523438,673.7808982963232,659.5327193324579,666.108801931165,13149130.0
2020-02-18,656.4459838867188,660.2484966614289,651.9724605253016,660.2484966614289,11127161.0
2020-02-19,672.7295532226562,673.9150349477495,659.8905275306022,661.7917537765035,14084409.0
2020-02-20,664.744384765625,674.6085086758875,663.7825731086709,669.6876451612479,16892268.0
2020-02-24,646.40283203125,660.7404777544862,643.9871345353313,657.4971707893623,21370214.0
2020-02-25,633.6309814453125,649.2883120922913,630.7678836964259,649.2883120922913,27745062.0
2020-02-26,622.7155151367188,631.8191601622372,620.6353526146177,630.7678804610105,29362748.0
2020-02-27,620.1432495117188,623.5207586374837,612.4263599498594,620.9260652375485,25054993.0
2020-02-28,594.3756713867188,607.0581581658521,592.7428492925397,606.1186837322065,39315769.0
2020-03-02,588.7837524414062,612.4263145698782,582.0510718430629,606.2081051825395,29500495.0
2020-03-03,600.7281494140625,605.6714099989539,591.4008335900859,594.8454740172322,27398798.0
2020-03-04,599.3189086914062,605.6265863851147,585.0930684252744,604.8213738082619,22105261.0
2020-03-05,586.5470581054688,607.4831839260905,584.2431656944867,604.9108873026663,30510390.0
2020-03-06,568.5857543945312,576.2579099445863,555.2099199542964,568.1384140570675,33734039.0
2020-03-09,498.41845703125,555.1651920392663,489.85165057435484,554.7401888514859,88187018.0
2020-03-11,516.044189453125,527.183262933386,495.6672390040311,495.6672390040311,59578576.0
2020-03-12,475.53631591796875,492.5357258130127,469.1391701914128,485.37810154536595,55970485.0
2020-03-13,494.4593811035156,509.98250923399024,421.58557799627334,446.45838815033005,73297403.0
2020-03-16,454.3765563964844,483.00714524632815,449.58986531183916,474.4403385952524,38482258.0
2020-03-17,450.93194580078125,474.19430109253625,448.7846523850041,468.4905324264047,45445979.0
2020-03-18,433.261474609375,463.4130789981454,429.90633253193516,458.6711221665263,44730415.0
2020-03-19,410.5359191894531,432.59042415452996,399.12841250234374,411.6095658236809,61404010.0
2020-03-20,455.3830871582031,462.9657149231966,416.03836966442924,420.2882223245293,63360475.0
2020-03-23,395.4825134277344,424.98544483853334,391.72473514239124,409.86489349215907,40670949.0
2020-03-24,422.032958984375,433.93254185914833,400.7389591466198,416.03841857668414,45734887.0
2020-03-25,484.14788818359375,515.1494403179707,430.91289363718744,431.15893082862937,73130298.0
2020-03-26,476.9678649902344,499.6486775382283,466.2984990986507,490.20952746231364,45744488.0
2020-03-27,476.6994323730469,495.3540612398386,468.02079126607595,489.8516259919914,41657940.0
2020-03-30,460.9749755859375,480.81508630927294,456.30014975804846,465.51562917935905,30229866.0
2020-03-31,498.239501953125,505.4194933506304,468.8260394087323,480.43484934010263,44292810.0
2020-04-01,483.3426208496094,503.09323250680984,467.57342742716816,502.04195294531377,41597459.0
2020-04-03,482.0006103515625,507.49975757793965,472.53909292167856,507.49975757793965,41367807.0
2020-04-07,539.5526123046875,543.086660841312,492.08842686836795,493.0278714782651,54373624.0
2020-04-08,533.3119506835938,549.7969487728319,518.929571501776,527.8766166035285,49880330.0
2020-04-09,545.7483520507812,551.4968241624882,533.692202595293,543.0865877041133,33032857.0
2020-04-13,531.969970703125,543.534047096568,527.8766572382242,538.590786977077,23673784.0
2020-04-15,514.388916015625,552.9283884903713,511.32454531609477,535.50397581859,35321842.0
2020-04-16,522.5307006835938,531.2093407704812,512.2192387583235,514.3888689175442,37455706.0
2020-04-17,547.5601196289062,550.2442808995188,533.535612903734,543.9813374764348,33269335.0
2020-04-20,556.4178466796875,562.3228590945811,537.7184814324796,548.4549490845818,36030932.0
2020-04-21,553.5324096679688,560.0860954670951,520.719067459836,541.2972622124873,61371628.0
2020-04-22,610.0106201171875,619.5392672425052,581.5590002828025,590.506045286382,142683366.0
2020-04-23,613.2764282226562,619.964375961398,605.4029986108286,611.6883400063555,65464502.0
2020-04-24,633.8993530273438,668.7705176942633,602.6741016877038,603.9937855419026,134986308.0
2020-04-27,639.6030883789062,659.8458058753123,636.5834515375906,641.5043146604703,58482901.0
2020-04-28,638.887451171875,651.1001429639149,622.7827186460784,648.662107872108,78453401.0
2020-04-29,638.3504638671875,650.294808910519,635.2413590168171,646.3804914740855,37494672.0
2020-04-30,655.8197021484375,668.7705945819996,643.3162098274911,650.4291011653437,71345899.0
2020-05-04,642.0411376953125,655.372237059235,634.100578563775,644.1884308722197,53456868.0
2020-05-05,653.42626953125,661.6352335022636,647.409392668105,650.3172243173109,44903763.0
2020-05-06,653.4710693359375,664.2970042488814,646.6489200756587,654.9249553114857,40489094.0
2020-05-07,674.1387329101562,677.1360326646604,646.4252520396666,650.8987749292127,50026966.0
2020-05-08,698.6760864257812,706.7731256998821,687.6264217526766,691.1605298647231,84262770.0
2020-05-11,705.3863525390625,722.475230772329,703.3732613494101,706.817841580586,67085063.0
2020-05-12,661.7470703125,701.6062908611085,655.372320874391,700.0181429966896,100683202.0
2020-05-13,675.7871704101562,689.5833490177412,656.6169951579172,689.5833490177412,66430125.0
2020-05-14,648.4657592773438,675.9000855316069,645.8013667337839,663.3909205122524,49266771.0
2020-05-15,659.0556640625,662.3523056062347,639.0500542508714,652.101104371265,62152260.0
2020-05-18,650.6334228515625,669.2616544401022,644.875632962838,663.842565100716,62796089.0
2020-05-19,636.2500610351562,660.0942539879958,633.6986088181669,657.9717467574862,42315854.0
2020-05-20,647.4496459960938,653.3881033587526,629.0697531498768,636.7468651669092,55320985.0
2020-05-21,650.8591918945312,659.9813507786306,643.5207801115246,648.0367074472184,39167981.0
2020-05-22,646.4786987304688,658.4233416526746,644.1981590875719,655.6234930794669,37828973.0
2020-05-26,643.0918579101562,654.6752261523151,639.5919719683144,653.9752489639468,33216635.0
2020-05-27,652.8010864257812,656.61703698639,637.6501047337907,646.2303793438942,35667956.0
2020-05-28,664.8585815429688,668.2455271815335,654.359044090917,657.0685886567666,40126278.0
2020-05-29,661.3135986328125,664.7456963541632,656.007389810822,662.9393134152917,40022527.0
2020-06-01,686.580322265625,694.7090163146383,666.5295595380629,668.3585186853417,39943702.0
2020-06-02,693.51220703125,695.4541060723005,686.7834677262479,689.1317954741431,22153960.0
2020-06-03,696.19921875,704.4859445214847,692.4509368094127,697.712053268636,25381289.0
2020-06-04,713.4275512695312,717.8080227909754,695.9057249087699,697.2604674305974,34202350.0
2020-06-05,714.2855224609375,730.6783659768879,710.6727564801458,720.291708575871,33076685.0
2020-06-08,708.776123046875,730.859089589277,706.7439793566319,730.859089589277,31414953.0
2020-06-09,694.1670532226562,714.8726404733965,692.29294201313,704.6214390965813,25857161.0
2020-06-10,709.9728393554688,713.3146329578219,695.4766830422209,696.8540015463917,22132647.0
2020-06-11,694.4154052734375,708.0760679196416,691.3897362648564,707.1954823716251,20385805.0
2020-06-12,717.4918823242188,719.3885695925972,676.0355556331963,677.3903578499011,38548899.0
2020-06-15,729.120361328125,734.7201185977291,704.9826774658966,706.7439083037186,53107403.0
2020-06-16,730.5429077148438,744.474543171046,715.9112353938917,741.9682427707079,51187003.0
2020-06-17,729.481689453125,738.5586972066078,723.4980791176175,726.2753520321108,41782053.0
2020-06-18,747.793701171875,751.9031997400788,725.0785489207035,725.7107978465832,40471557.0
2020-06-19,794.53369140625,807.8105013724783,750.5484911968546,754.1611973181019,105804173.0
2020-06-22,788.550048828125,814.7650268662464,783.5147529061562,800.8559685231744,60198705.0
2020-06-23,777.1473388671875,796.4981230069162,774.9796793150689,790.2886927800162,37962078.0
2020-06-24,780.285888671875,800.5398941664224,772.9926883895107,783.9212306484618,51586221.0
2020-06-25,775.7925415039062,789.8371168459703,773.6023058840819,779.9020403666149,39679374.0
2020-06-26,786.5178833007812,791.1919028764127,775.3860969939733,780.7149415817722,30921913.0
2020-06-29,778.1634521484375,785.6598967514907,774.7313543352946,780.3762638421109,25621946.0
2020-06-30,769.5606079101562,786.2243641857787,765.6994455798191,784.418040909027,30276420.0
2020-07-01,784.6889038085938,789.8370801059237,771.3443062214384,776.7408788298266,28464103.0
2020-07-02,798.1976928710938,801.485081567038,786.725864305351,790.3306639056832,28789533.0
2020-07-03,810.6897583007812,813.0023064997346,801.6664846343106,807.0169546549783,29434266.0
2020-07-06,839.6640625,842.4753051236336,812.5941809641026,818.4434654093601,47016185.0
2020-07-07,826.8092651367188,845.3546275122593,819.032966945957,843.3822180562978,35189589.0
2020-07-08,815.2694091796875,832.0236438535034,811.6419416064408,827.0812567649883,26204095.0
2020-07-09,827.1719360351562,832.0463193953086,809.9415548565688,820.257139626406,36418942.0
2020-07-10,851.5665893554688,854.5365672443328,827.1719444149811,829.0990778284718,43759967.0
2020-07-13,877.3894653320312,883.1480175589572,861.5193398778321,863.0383306607164,69608392.0
2020-07-14,869.2276611328125,880.4274142346037,855.7607559028243,876.9360143495126,67331128.0
2020-07-15,836.1272583007812,897.2498214760561,815.2694681656544,878.7271275560773,139669773.0
2020-07-16,835.855224609375,847.463061457531,821.8214999600007,837.4875551151266,60961724.0
2020-07-17,866.8245239257812,870.5879989548259,833.4066071401047,836.5806561826539,49726765.0
2020-07-20,870.5426635742188,876.0292010321696,861.3607145700907,869.5904907729887,36592938.0
2020-07-21,893.96240234375,896.4336259674744,878.0696681167741,879.2032442811862,42173371.0
2020-07-22,908.6763305664062,911.3969015052352,889.0427280371777,899.1542423284164,59771457.0
2020-07-23,933.0708618164062,943.0009721388485,902.9403320698102,908.6535486923683,58333751.0
2020-07-24,973.1314697265625,980.771759562493,933.0708309814001,933.161502678431,120597372.0
2020-07-27,977.6884765625,997.004667049382,964.8563920667285,987.9360577935167,80304827.0
2020-07-28,987.437255859375,994.8281988813131,975.1719293046234,977.688488793748,55114422.0
2020-07-29,950.6866455078125,989.7497164572247,938.806733983119,987.5279599955765,72663399.0
2020-07-30,956.2185668945312,970.2068959629854,939.5096069794463,951.7522658851112,72857444.0
2020-07-31,937.2877807617188,965.3551702803413,930.803734578172,958.7804523943249,74958061.0
2020-08-03,910.9434204101562,932.7081063612384,908.2681255398212,930.1235431581412,46715383.0
2020-08-04,975.1492309570312,982.5855095976556,906.9758674005031,916.2032119273854,92041055.0
2020-08-05,964.1989135742188,995.7350350128565,960.5034420662862,983.4924363615606,74549993.0
2020-08-06,967.6676635742188,982.9029683593162,955.7424156591269,978.0512526670176,49322975.0
2020-08-07,973.2674560546875,978.4139143017511,961.3649370691895,965.7178380803712,32984416.0
2020-08-10,961.2062377929688,981.6786719644749,955.8784359553779,979.0034370833714,26958997.0
2020-08-11,967.5316162109375,979.4115277857607,952.3643158271037,967.9850346750636,46828306.0
2020-08-12,964.7202758789062,972.6100326976989,955.2889203298892,961.7276301780031,30264617.0
2020-08-13,962.2037963867188,969.8440862641454,956.7399270901238,964.901699164418,24830322.0
2020-08-14,958.4630737304688,978.0512804622297,947.3313228359067,962.4305605276342,33224635.0
2020-08-17,948.2835083007812,954.4728113825545,938.6480809006554,954.4728113825545,30979066.0
2020-08-18,960.6168823242188,967.7584184957974,944.2026651023108,945.4042450993711,30547672.0
2020-08-19,966.5113525390625,976.690929595431,961.8863763924035,970.7963098232202,34087543.0
2020-08-20,950.8680419921875,963.0426971858464,946.7644877423543,961.2742991196269,22537845.0
2020-08-21,943.9758911132812,962.1811736813316,941.7767425366628,960.3674398053548,25280895.0
2020-08-24,950.278564453125,954.2460509640609,938.8294034471639,948.3061551600297,32717218.0
2020-08-25,944.0891723632812,957.3293988551819,942.2301027513665,954.926179130093,19388008.0
2020-08-26,969.11865234375,973.9477001185352,928.1738418761494,945.404223995661,59870421.0
2020-08-27,957.0120849609375,974.8772893855145,953.6793600760861,973.9703924276448,28085062.0
2020-08-28,959.5286254882812,967.1235800231681,955.0396565450244,961.2742956541758,27166900.0
2020-08-31,943.4544067382812,985.7595292256586,934.2270624878475,985.7595292256586,62076132.0
2020-09-01,946.4244384765625,962.3625085827924,935.1566206196067,952.2056589351107,38616258.0
2020-09-02,964.9923706054688,969.4360033995823,945.4041656068121,948.5781547637196,26949439.0
2020-09-03,957.692138671875,969.7760610777761,953.5659168770757,964.9016778588206,18586429.0
2020-09-04,941.8900146484375,950.8226158672919,939.6001945341707,944.746652794342,28475945.0
2020-09-07,944.3386840820312,954.8129452561101,926.9268979889899,944.9508380351355,21926473.0
2020-09-08,955.425048828125,961.7276915670202,943.3637335909106,948.578195976428,27397082.0
2020-09-09,980.023681640625,982.9483238635318,943.7945186882138,945.4042412879571,55310877.0
2020-09-10,1049.239990234375,1063.2737150092375,986.3716977544623,989.8858259136236,140304404.0
2020-09-11,1051.84716796875,1060.0542764084548,1037.042733630043,1048.3331597240744,59470807.0
2020-09-14,1044.0482177734375,1070.0978626809967,1034.7301409572988,1054.2277957192978,44063445.0
2020-09-15,1051.4390869140625,1054.5677402462597,1037.5187024549093,1048.3104335818653,27178393.0
2020-09-16,1054.0235595703125,1074.3372576523657,1047.6755813917168,1051.9604186878269,33952295.0
2020-09-17,1042.3251953125,1058.17259404091,1039.1964218842008,1051.9605029718427,25828669.0
2020-09-18,1045.476318359375,1051.7109562350613,1032.258761329384,1049.3531326004477,33074915.0
2020-09-21,1022.8729858398438,1059.2154272970997,1019.0187188937507,1042.8918823662696,33627381.0
2020-09-22,1002.6044921875,1032.462885418295,998.2515311852266,1032.462885418295,34792254.0
2020-09-23,1011.5143432617188,1032.3495230627832,999.9519032941756,1024.7545693680095,42988708.0
2020-09-24,989.0243530273438,1009.3379933129081,986.689136840463,1001.1309446575593,29826318.0
2020-09-25,998.3196411132812,1003.3527603033637,982.7216491326262,992.5610883137335,28374935.0
2020-09-28,1004.9169921875,1014.7791583315967,1000.7454344947183,1009.7913754651387,19666849.0
2020-09-29,1017.9758911132812,1026.5683543037608,1004.9170669476492,1008.8846136182149,25842539.0
2020-09-30,1013.1242065429688,1027.928640481229,1008.8845849148897,1024.7546512095244,24465159.0
2020-10-01,1008.9979248046875,1026.4776536649397,1003.8968020817645,1026.4776536649397,20783227.0
2020-10-05,1003.0806274414062,1019.8348626021702,1000.2693849664739,1017.4997065200467,18922799.0
2020-10-06,1002.2417602539062,1012.9200316663944,998.2968817912705,1008.9978810960307,18412175.0
2020-10-07,1023.62109375,1046.9727737786616,1006.6173920088511,1013.4188487180892,53170865.0
2020-10-08,1015.3458862304688,1028.3821018510423,1007.5695886566497,1024.301155767066,21077808.0
2020-10-09,1012.7160034179688,1021.5806008725526,1005.3023929613358,1013.4188289931045,18545499.0
2020-10-12,1014.3483276367188,1022.8274503983472,1009.4513365004996,1013.4188228288398,14226473.0
2020-10-13,1034.140869140625,1036.4306896985922,1009.2700740618499,1011.4238870505349,23112012.0
2020-10-14,1037.2239990234375,1044.7056133384592,1028.608748631058,1033.3245163972065,26742011.0
2020-10-15,1000.4960327148438,1038.3575230267356,995.2815705789496,1038.3575230267356,20036197.0
2020-10-16,986.57568359375,1012.2851869024872,985.1473645281419,1004.3502142447803,21583600.0
2020-10-19,986.7570190429688,1010.5621766967382,977.2123240387696,993.0370533155368,31200385.0
2020-10-20,977.552490234375,994.3747895538761,975.8974318290545,988.0267509433463,18482288.0
2020-10-21,963.3600463867188,993.9213260213652,951.1853919731954,983.0389831777511,34082321.0
2020-10-22,955.35693359375,966.9421018379,948.1247264007278,964.6296137675083,30802210.0
2020-10-23,958.1229248046875,968.0757029274415,950.5733065108839,954.9262077062731,23422125.0
2020-10-26,920.057373046875,953.0898169372152,915.2509933655792,953.0898169372152,37324416.0
2020-10-27,922.5059814453125,934.0004191107241,909.129746090359,922.6873248555474,36478896.0
2020-10-28,912.0543823242188,933.0255722059666,910.2179804673768,925.8159723353803,29924017.0
2020-10-29,919.0597534179688,925.9066057760115,902.781605556934,905.5021761803395,30655304.0
2020-10-30,931.5745239257812,936.3809035347286,916.7473024873174,922.0524364064571,34021563.0
2020-11-02,851.2945556640625,919.1051761545775,842.9967754989971,919.1051761545775,99366895.0
2020-11-03,839.0292358398438,865.6003029117848,832.0917710410919,856.9851117444604,88691623.0
2020-11-04,867.5046997070312,874.6689636295238,832.9532636853438,832.9532636853438,80180117.0
2020-11-05,886.4581298828125,889.1560327894556,876.0292050636682,886.4354619573483,37205373.0
2020-11-06,920.080078125,924.9997976298749,896.9550756882459,902.3282736472202,66674086.0
2020-11-09,929.8514404296875,938.1492199552745,923.1859913130511,935.0205666821017,35838510.0
2020-11-10,945.2001342773438,947.6713579150476,925.5439246746041,941.7767378395364,36934242.0
2020-11-11,905.5928344726562,949.9384288213167,896.9323084725518,947.217858238175,56724780.0
2020-11-12,897.7938842773438,910.6940326424576,890.9924272689508,898.247362719015,40046527.0
2020-11-13,905.2301025390625,923.4807196009718,898.5873814202945,898.7007210390979,45388670.0
2020-11-14,907.9053344726562,913.7999541207884,904.7540133353837,913.6186107312715,5226220.0
2020-11-17,903.8018188476562,945.4041769988106,900.0610116001939,945.4041769988106,46542562.0
2020-11-18,901.05859375,909.8098520291383,888.7705994600573,903.8018324500739,30402290.0
2020-11-19,894.6878662109375,911.6008364153229,892.4433818817643,901.0585724391551,27796343.0
2020-11-20,861.2926635742188,899.5169003772073,859.2521905953536,895.5266860839987,57471248.0
2020-11-23,884.5083618164062,893.2595600473776,873.4219475565428,884.644369365096,45327567.0
2020-11-24,890.5616455078125,895.0732820966707,876.0291671598031,890.538977583329,30936268.0
2020-11-25,883.193359375,903.6657931642695,880.654192057057,897.7938413094128,32637879.0
2020-11-26,885.369873046875,890.9924179780169,875.1450197156285,885.5739443403047,25838637.0
2020-11-27,875.0316162109375,886.956863707273,871.2228051404243,879.8833317328676,47336811.0
2020-12-01,886.4127807617188,891.5592393178523,875.1450229329691,879.8153351253683,19750687.0
2020-12-02,887.8864135742188,889.6321436054803,877.3894853981996,888.0450890461269,22188887.0
2020-12-03,890.5616455078125,898.2926670858094,888.1130898872199,894.166445181224,27785372.0
2020-12-04,882.71728515625,892.8061306985533,879.6566356036066,892.8061306985533,18464552.0
2020-12-07,887.9090576171875,890.9923750186222,879.9286890581647,879.9286890581647,18242188.0
2020-12-08,904.0285034179688,913.323851163145,884.1908922431836,889.2466786868488,43403061.0
2020-12-09,919.0824584960938,922.1885038844979,906.5224492987908,911.3741647568241,29175254.0
2020-12-10,910.0365600585938,919.7853272816659,907.3159891974719,916.6566737897788,16065507.0
2020-12-11,909.492431640625,924.0929139357568,895.1866323672836,912.7570925495094,26944202.0
2020-12-14,902.9176635742188,913.6639990942831,900.6731791916262,910.4672819578382,17312747.0
2020-12-15,895.2320556640625,902.1921882018914,889.2240359631435,902.1921882018914,18551265.0
2020-12-16,896.2295532226562,904.5727289498443,891.3098338764274,901.4213476389596,18561011.0
2020-12-17,900.3331298828125,909.1297243018021,896.5016507528353,899.8343755485606,20252358.0
2020-12-18,903.031005859375,909.0843613071538,890.9924186751066,897.8392714360722,18466344.0
2020-12-21,879.5206298828125,916.8380330457733,841.228385961526,911.396891229463,44135540.0
2020-12-22,878.1603393554688,888.2265172786522,856.2822534289644,883.7375484737753,28140001.0
2020-12-23,881.40234375,884.8484079017386,870.8826879671385,875.1223093610237,19501410.0
2020-12-24,904.2100219726562,906.3184389463692,882.3319351071959,882.8306894509022,20776988.0
2020-12-28,908.35888671875,915.0243362502358,904.7314189530317,909.900545527166,17221499.0
2020-12-29,902.3508911132812,912.4397367118075,898.9501027379986,910.943413813905,18611939.0
2020-12-30,904.8220825195312,910.1272165991579,895.7761410801606,904.7087428928894,22043630.0
2020-12-31,900.1971435546875,912.2583993085362,897.1591616899547,903.9152831436563,18781189.0
2021-01-01,901.1946411132812,905.5022064134912,898.7007496438623,901.421320358103,10015175.0
2021-01-04,902.713623046875,906.3636985650919,892.3527025549105,904.6406964491767,24513534.0
2021-01-05,891.4911499023438,899.4261822629604,886.9114498823324,892.806069337439,24123091.0
2021-01-06,867.9808349609375,891.4458559107388,863.8546128646693,891.4005200596658,46401468.0
2021-01-07,866.5751953125,881.9238397966232,863.8546244352824,870.814757093236,32325918.0
2021-01-08,876.8001098632812,878.9312548485226,867.0060060510358,869.6812412622631,27540187.0
2021-01-11,860.2724609375,879.1125050229124,858.1186482532938,879.1125050229124,33307825.0
2021-01-12,887.3876953125,888.7252828199374,861.4740587259083,862.87970997784,41161546.0
2021-01-13,879.112548828125,895.5040980209848,869.8852636562669,890.3349713085404,26619458.0
2021-01-14,888.997314453125,891.8539526683576,879.225879879633,881.9237826562116,21553242.0
2021-01-15,878.5003662109375,894.9825854452455,870.6106693815333,888.9972940596249,20593268.0
2021-01-18,899.5849609375,905.5022489944743,872.1070575050039,883.7828981720585,35100458.0
2021-01-19,914.298828125,920.9188817318542,904.4366615381475,904.4366615381475,32006615.0
2021-01-20,931.6651611328125,933.1614839760485,907.4972564349495,916.5659251576317,30924537.0
2021-01-21,951.93359375,961.2742782497206,940.8699070414725,944.0438963533106,39087742.0
2021-01-22,929.3527221679688,959.165840987856,922.8006124178714,957.1933717044934,30532660.0
2021-01-25,880.110107421875,922.7099765082173,876.0292211149126,922.7099765082173,54207104.0
2021-01-27,859.252197265625,872.8551706594984,856.0782081201552,872.8551706594984,42370131.0
2021-01-28,850.8863525390625,872.0842784034367,847.9163749264234,852.5186828426614,34067814.0
2021-01-29,835.1976928710938,867.4593064405973,829.7791594362084,858.9347876285253,43712383.0
2021-02-01,859.3883056640625,863.7865428347654,837.9409701152957,843.110096652801,34180952.0
2021-02-02,873.2179565429688,879.6566667876373,841.0923491274965,867.9808262438378,41470034.0
2021-02-03,875.4171142578125,885.0978176672972,861.5193971120666,874.3515418529886,30301696.0
2021-02-04,872.5377197265625,879.6565870210757,863.7864621175551,872.4016522189917,25626981.0
2021-02-05,872.2883911132812,881.7651430554548,870.5880568440388,875.1450294447208,20248046.0
2021-02-08,884.8484497070312,892.8061507159327,874.691600163488,876.5052740367894,21183400.0
2021-02-09,886.9795532226562,902.1468540671391,885.2338830875444,889.6095123241837,19604141.0
2021-02-10,895.2093505859375,899.9477267102546,873.8980819416108,885.8913937556059,21234156.0
2021-02-11,932.11865234375,935.9728593397923,894.2798277886045,897.7938959649373,42539278.0
2021-02-12,925.7252807617188,942.2301692248576,913.8453687465834,932.027983547643,30497029.0
2021-02-15,921.6444091796875,934.6578975884943,918.1983447144302,928.6499377082844,15791099.0
2021-02-16,933.8416748046875,942.8649480322981,922.7325927047402,924.8864053509033,21421660.0
2021-02-17,944.6106567382812,950.3692089797069,929.8061035808391,934.0683329596526,23742994.0
2021-02-18,937.5599365234375,956.0145679990007,933.6603933330227,945.4042987913413,18646877.0
2021-02-19,943.2730712890625,954.4501576444582,931.030412526974,932.7081388605912,23403483.0
2021-02-22,910.5352783203125,947.6260001116775,904.5727145749872,943.1370313830363,23804335.0
2021-02-23,917.4954833984375,930.8490501461664,913.0291825324456,928.6272336757321,25644108.0
2021-02-24,934.5219116210938,936.4489852163127,918.7197882041789,920.46551838717,10807663.0
2021-02-25,972.3153076171875,975.7840397521635,939.9629623775807,941.3232777095965,34855693.0
2021-02-26,945.7669067382812,967.576928004242,938.9200542247918,959.9139702500598,37481215.0
2021-03-01,952.9764404296875,957.6468123803251,935.2019094636117,956.8305872083303,17680764.0
2021-03-02,954.9261474609375,965.8084897149365,947.263190026968,962.1810822756376,17150760.0
2021-03-03,998.5009765625,1006.572077071357,955.4703590572257,961.750393670414,31924461.0
2021-03-04,986.5984497070312,992.9918242849485,978.3686732860034,988.4801874020635,21435754.0
2021-03-05,987.8906860351562,1002.9673152550806,976.260181188279,977.5978286714029,25511666.0
2021-03-08,993.5132446289062,1012.0132094952947,983.0389843818929,983.2656636273797,19506841.0
2021-03-09,993.4905395507812,1003.8061245628406,973.3355758572837,997.5487577867862,15154484.0
2021-03-10,989.3643188476562,1004.3956118787131,984.0591848216625,1000.7228083320849,11519358.0
2021-03-12,969.2546997070312,1000.4507422731192,963.0426687169551,995.2816157511662,16864952.0
2021-03-15,956.2412109375,974.3784296324053,943.3637304935054,970.3656071763525,16698099.0
2021-03-16,952.4777221679688,963.9948870594851,950.165234013291,958.553685547253,13873801.0
2021-03-17,931.9598999023438,953.5659093364974,922.7778916021027,951.3214250817775,19210236.0
2021-03-18,910.98876953125,945.3135252330827,907.3159659802869,939.9176595322679,20647480.0
2021-03-19,944.0438842773438,950.3239190123003,899.0635245309819,902.7816639429236,41787429.0
2021-03-22,935.1566772460938,940.4164757744262,921.9165092187884,939.056220273136,18572478.0
2021-03-23,946.5377197265625,956.6038970524451,932.2546489163942,934.9525516306611,17421165.0
2021-03-24,928.309814453125,943.0236364808284,925.1811610696235,943.0236364808284,16822814.0
2021-03-25,902.9856567382812,931.3477881428614,900.0610147041692,931.3477881428614,22001648.0
2021-03-26,904.4365844726562,913.0744424920392,894.9372254340741,912.3036131657977,20180202.0
2021-03-30,920.1480102539062,929.0352757477536,903.0309690022071,910.4899154033928,20441701.0
2021-03-31,908.26806640625,929.4886608125947,906.4089968537622,915.0242469485529,16250796.0
2021-04-01,916.7699584960938,920.465429845356,908.2907755247039,915.0242884490825,11723312.0
2021-04-05,903.5071411132812,918.1982951252521,889.677488179083,918.1756272004715,14875099.0
2021-04-06,899.7435913085938,909.1069426679059,892.8060675079755,908.6761921647392,14009194.0
2021-04-07,908.15478515625,928.1284651595439,903.8245518752842,906.8625335398098,24266353.0
2021-04-08,909.2883911132812,916.8380096725809,903.6885139889864,911.8502864734401,15369188.0
2021-04-09,898.7234497070312,909.7418004729616,897.7938848658578,906.1597285641935,14037885.0
2021-04-12,866.5751953125,889.3601188333347,861.632807894605,888.271878488836,20901482.0
2021-04-13,875.9384765625,879.9286908340912,869.6131063111714,872.4016807388492,19411189.0
2021-04-15,881.6064453125,889.1787320455074,867.4140446856474,873.4446725605377,19723716.0
2021-04-16,876.0745849609375,884.1456861292494,873.5126894782757,878.1150581636493,15656948.0
2021-04-19,862.2901611328125,868.9556101628922,856.9850274045621,863.3330655330114,18478808.0
2021-04-20,862.0408325195312,870.1345408290238,857.1891171314771,866.2803940149797,17203668.0
2021-04-22,864.42138671875,868.0715224771913,850.9544798546892,858.0053442180699,14490954.0
2021-04-23,863.4918823242188,870.0892682363567,859.4109960022909,864.2400438171045,11828857.0
2021-04-26,878.6818237304688,889.6322314145979,866.7339073312086,870.5881145351398,20846778.0
2021-04-27,901.7160034179688,905.5928179273169,878.8630790073929,879.6565762476431,19992524.0
2021-04-28,905.6383056640625,910.4900215792311,897.8620074181745,905.8877128266753,17122437.0
2021-04-29,917.767578125,927.0402589004967,910.1726236848527,917.2460958998795,17412606.0
2021-04-30,904.36865234375,923.1860285256435,901.2173310194296,910.7166908105166,19828769.0
2021-05-03,888.2945556640625,897.340497401844,881.0623478526642,891.4458771331132,23640186.0
2021-05-04,869.04638671875,892.2621215061423,866.5072191354321,884.1910203527071,21849830.0
2021-05-05,870.6333618164062,878.9764773257763,865.1694924935965,872.1070167804479,12393609.0
2021-05-06,875.5757446289062,877.3894784194164,864.5119984908221,871.4268548191382,14624666.0
2021-05-07,875.9158325195312,886.7528395578353,873.3086014127246,878.6364032493998,12288548.0
2021-05-10,873.3992919921875,882.7399763357812,871.0188000480982,879.2032403073009,13941237.0
2021-05-11,876.5506591796875,878.9991548596583,866.0536709526697,868.320883202796,13478264.0
2021-05-12,867.4819946289062,876.4372641804301,864.6934200952072,875.1676804843173,13177961.0
2021-05-14,878.4324340820312,880.563518938135,864.2400338075389,874.2381482108096,13291616.0
2021-05-17,888.8839721679688,890.2895633789483,875.3036666921718,878.4323799585411,11873078.0
2021-05-18,901.3986206054688,908.0414016691675,894.3930927948095,898.2472994692848,12064918.0
2021-05-19,905.5248413085938,914.32143492012,894.1664125157001,897.7938200130252,16317002.0
2021-05-20,900.2423706054688,911.8048706158811,898.2472934944823,905.9102510089941,11422532.0
2021-05-21,908.018798828125,911.2154560407943,900.5145161905418,903.2350870037179,10785605.0
2021-05-24,900.3557739257812,911.3061808075764,898.7007755187158,910.4899555985552,8551760.0
2021-05-25,890.153564453125,905.5022080454436,888.7252453359569,905.2301329831129,14780102.0
2021-05-26,893.2822265625,897.5671839561246,891.1284738713696,895.5267109206686,7480204.0
2021-05-27,896.0255737304688,903.6885320706949,889.7455387788042,893.3956745411289,26819294.0
2021-05-28,949.8478393554688,954.472815743996,902.3282518740783,902.3282518740783,56469931.0
2021-05-31,979.5474853515625,993.7852201877816,945.4268031702701,953.1124286476038,59124142.0
2021-06-01,983.4470825195312,998.4556475299046,973.2901730558312,982.1321030027278,28013832.0
2021-06-02,998.1156005859375,1001.856407995626,978.0512481274061,978.0512481274061,24630162.0
2021-06-03,1001.9243774414062,1020.220331233519,995.7804103170117,1007.0707759680465,23974257.0
2021-06-04,993.2412109375,1005.007723278059,990.4072405064371,1004.2595618006808,14468646.0
2021-06-07,1009.9727172851562,1016.5928305525485,990.747259262441,998.4556127916534,16336573.0
2021-06-08,1004.1689453125,1009.8594944449541,996.7099980540836,1009.6101472508224,9674735.0
2021-06-09,986.2129516601562,1007.0707400246994,978.4819302316137,1006.1639031267835,11409161.0
2021-06-10,989.8405151367188,1011.1517839840507,987.3692913998711,994.556163411871,14155653.0
2021-06-11,1007.0098266601562,1013.7668141971928,991.9716855769274,993.2457554895082,13762778.0
2021-06-14,1021.4564208984375,1027.530819009634,998.7740423359074,1007.8515792569079,20332436.0
2021-06-15,1023.777099609375,1035.1068867541692,1019.3634688990921,1028.7822714120728,15174215.0
2021-06-16,1006.3045043945312,1022.4346788679379,1003.6881840170562,1021.4564397057088,10797349.0
2021-06-17,1008.1473999023438,1016.9519142263862,991.8807422543711,1001.0264608448158,15745975.0
2021-06-18,1012.6974487304688,1016.9518504435479,993.9054594499104,1012.6292078814683,29369026.0
2021-06-21,1017.9756469726562,1022.6394940703871,1001.0947614747922,1002.6190479059233,12186448.0
2021-06-22,1012.7430419921875,1028.782290874014,1009.8309507322007,1025.5971158370016,12871913.0
2021-06-23,1003.4607543945312,1024.0499936427696,1001.7999261642769,1023.7770302436452,16653951.0
2021-06-24,979.8683471679688,1007.669572262773,973.7257080355693,1004.1432535343797,91461975.0
2021-06-25,957.550048828125,979.8684182931346,946.9255377961272,979.8684182931346,55355022.0
2021-06-28,949.1550903320312,967.5830690553377,946.8800342020979,965.535542609245,20277042.0
2021-06-29,949.9740600585938,959.6203313338768,948.2905450727716,950.7475767024226,27144063.0
2021-06-30,960.37109375,965.8312041148121,951.4528452867432,953.8188890996875,19762858.0
2021-07-01,954.5924682617188,966.0587361622839,953.2501575281797,963.7154392931002,12534407.0
2021-07-02,968.7433471679688,970.4951632609226,952.317400936898,954.1602048328318,14086620.0
2021-07-05,978.3668823242188,979.8911687487861,969.8581385815543,972.1104477919255,11702287.0
2021-07-06,966.8095703125,977.775345876362,964.7165499262375,975.9780960314433,10070124.0
2021-07-07,960.09814453125,968.1518891821571,954.6152867923088,968.1518891821571,10454892.0
2021-07-08,952.1581420898438,963.2377120648708,946.880007204719,963.2377120648708,11185460.0
2021-07-09,942.4208984375,951.7486525291566,940.1003484340649,950.0650773140198,9037675.0
2021-07-12,948.2905883789062,956.2077909534229,943.9224517127791,946.3112426024383,8585292.0
2021-07-13,955.3887329101562,956.9130192420056,950.0877909959721,955.525214607773,6717133.0
2021-07-14,949.1550903320312,958.6420731903104,946.9937689554591,955.6844881859736,8532544.0
2021-07-15,947.4943237304688,953.2502049164673,945.7425076403309,953.2502049164673,9448356.0
2021-07-16,961.1674194335938,962.2367066615387,949.8831264283724,949.951367281346,8828185.0
2021-07-19,955.0474853515625,966.4455126172754,951.9989126340373,955.525231478772,8354449.0
2021-07-20,952.7041625976562,959.1653798198789,948.2450982877981,955.2977362314513,6741464.0
2021-07-22,964.9439697265625,966.4000152300578,954.683470529445,964.1704530749702,7972397.0
2021-07-23,958.1187744140625,971.200376447822,956.4579462312084,971.200376447822,9937030.0
2021-07-26,944.99169921875,965.0804452589716,942.3753787545852,959.1653356602167,12389668.0
2021-07-27,935.0496826171875,948.1085383406385,929.1345728588083,944.9689777697635,10824523.0
2021-07-28,927.0187377929688,936.414732655119,917.4179602018662,936.414732655119,12897848.0
2021-07-29,934.2533569335938,943.8768809146474,929.7714858789358,934.5946213439024,13765738.0
2021-07-30,926.0860595703125,940.9421660372899,924.1749545520307,936.4148004933196,11350608.0
2021-08-02,943.012451171875,946.1520117827725,928.7478263645152,934.7312372274596,10925104.0
2021-08-03,949.9513549804688,951.430147484226,939.2358562430207,950.9751482931742,11817299.0
2021-08-04,957.2316284179688,961.8954756587327,949.6101358514545,952.9772263092809,13169800.0
2021-08-05,971.1094360351562,980.4598768953389,957.4590392491626,962.0318984025091,21252078.0
2021-08-06,950.5429077148438,976.8880893431025,945.8562535112904,969.1528622918455,16620987.0
2021-08-09,945.128173828125,950.8841149123823,940.2822912594686,946.8799898333923,7494143.0
2021-08-10,950.0877685546875,961.4403616289129,943.5811181110125,947.3349664779623,11919198.0
2021-08-11,963.3969116210938,964.6254274166216,947.9720127090839,954.1373988131746,9184963.0
2021-08-12,960.3029174804688,967.4466034758628,957.8003316249841,966.8550623942889,8137612.0
2021-08-13,976.2965087890625,978.2303606065249,959.5975996548036,963.3969420853272,12780901.0
2021-08-16,988.9686889648438,1002.3915570002542,968.3338937913883,977.9801660294819,21935444.0
2021-08-17,984.759765625,994.2922421974579,977.2975624086582,986.8528461084586,12658169.0
2021-08-18,988.5818481445312,995.0202580244994,979.4588769168306,989.1961361505759,10075860.0
2021-08-20,977.4796752929688,988.2861624618475,972.3607686087786,975.0908240910231,9426282.0
2021-08-23,983.8953247070312,989.1962069315948,970.2221801850279,989.1962069315948,9854395.0
2021-08-24,993.6097412109375,997.3863365967811,980.823849400721,985.1237449789751,11864472.0
2021-08-25,1002.20947265625,1010.1267354530132,991.9717199859176,994.3833180171741,13380559.0
2021-08-26,1014.8815307617188,1021.4564824929126,1003.3014677332652,1004.666525440298,18589616.0
2021-08-27,1013.4937133789062,1020.4782304762028,1008.3293734966592,1017.8618498448702,10480636.0
2021-08-30,1032.990966796875,1035.5391065503322,1017.7708505413503,1023.7770080256,14027062.0
2021-08-31,1027.4854736328125,1039.1337183154053,1020.2507393885751,1036.016904489164,26485463.0
2021-09-01,1031.5577392578125,1043.2970916409213,1029.6922485674477,1034.2423608926047,11145486.0
2021-09-02,1043.9796142578125,1050.0767599227504,1026.052128476792,1026.052128476792,9956770.0
2021-09-03,1086.7962646484375,1089.753849755498,1047.6652497127798,1051.0777738490863,30664428.0
2021-09-06,1103.6773681640625,1128.4300252290316,1097.4891136321319,1097.9441730557705,33641710.0
2021-09-07,1110.638916015625,1118.4195769224002,1097.4890117544835,1105.6792381399396,17349882.0
2021-09-08,1106.29345703125,1116.5995103115172,1095.054658449374,1115.6895119598441,14301651.0
2021-09-09,1103.6773681640625,1109.2512142438177,1099.354724879374,1104.723848377905,8963249.0
2021-09-13,1079.083740234375,1107.0441939852174,1077.4912130774987,1107.0441939852174,16311160.0
2021-09-14,1077.6732177734375,1089.2987144742633,1076.5583765209813,1080.6535496243034,8908356.0
2021-09-15,1082.155029296875,1090.0949179081745,1077.695905241629,1077.695905241629,9071075.0
2021-09-16,1104.860107421875,1108.750437452325,1077.013388880378,1083.6338341939222,13448882.0
2021-09-17,1087.72900390625,1117.441336518829,1080.9265822690465,1112.9594649804742,34882133.0
2021-09-20,1089.4580078125,1100.3782281549334,1078.3784384748346,1079.3339306750968,11779819.0
2021-09-21,1094.16748046875,1099.5820973964808,1084.7486779581968,1094.3039621775245,9915736.0
2021-09-22,1105.9068603515625,1111.139381442334,1091.2326692117995,1095.6690469817631,10995912.0
2021-09-23,1132.9344482421875,1136.1649964932392,1112.731907489886,1113.596411926489,15748397.0
2021-09-24,1129.6583251953125,1140.009872555042,1124.7897556991463,1139.1453680882425,15192163.0
2021-09-27,1148.6551513671875,1151.1350506158344,1126.2914067039237,1131.6150360883155,15373834.0
2021-09-28,1159.3934326171875,1167.0603586138618,1143.354184437372,1153.0004562253168,18035258.0
2021-09-29,1150.2022705078125,1169.380959813766,1146.6531442405346,1169.380959813766,9719875.0
2021-09-30,1146.2890625,1153.2735802131847,1137.6893908621353,1148.9054433620427,13590654.0
2021-10-01,1148.3138427734375,1155.6395643825463,1135.2550471541776,1138.4173546931033,8958928.0
2021-10-04,1163.078857421875,1171.5875396173383,1154.3880792936034,1161.6455590320454,10918552.0
2021-10-05,1187.217529296875,1188.491599387505,1159.074974662254,1162.6013541876137,13533634.0
2021-10-06,1164.762451171875,1192.1086164601513,1160.7811333493105,1192.1086164601513,10258881.0
2021-10-07,1170.472900390625,1182.4624681330135,1168.334326130549,1180.7560859021983,6336665.0
2021-10-08,1215.450927734375,1221.4343385648037,1174.613532001241,1176.3197940015023,15772493.0
2021-10-11,1206.9876708984375,1237.632749168865,1203.666134554231,1229.1695592932124,14768666.0
2021-10-12,1213.8809814453125,1220.7972576970285,1201.800425485858,1203.5068077762007,6682011.0
2021-10-13,1226.2347412109375,1237.405299921744,1214.5636292034492,1218.977260003142,9959762.0
2021-10-14,1228.7144775390625,1236.47251177523,1222.7083196035724,1228.6917305879201,8623469.0
2021-10-18,1231.9906005859375,1249.0079672854492,1211.3784935963072,1214.2450907648501,13594479.0
2021-10-19,1243.0245361328125,1251.8972908980181,1232.1725560059263,1239.3616754056989,8833409.0
2021-10-20,1228.7144775390625,1247.9842743668398,1224.6649184645307,1247.9842743668398,12710570.0
2021-10-21,1193.26904296875,1241.2728114223185,1184.487275783306,1240.999848015025,20831669.0
2021-10-22,1195.49853515625,1212.5615152599457,1188.2638017444342,1192.1313848923699,11027475.0
2021-10-25,1183.8502197265625,1219.4322268467454,1169.3808726672285,1219.4322268467454,17198417.0
2021-10-26,1210.809814453125,1214.3816877777629,1184.464630979062,1190.81211393416,9750178.0
2021-10-27,1195.49853515625,1217.9761316670556,1192.1086379430944,1206.6918395131022,9896298.0
2021-10-28,1182.39404296875,1200.298779292571,1178.7085560280439,1192.1313011797695,9886181.0
2021-10-29,1154.0242919921875,1181.2794715076984,1138.303621720808,1181.2794715076984,14233025.0
2021-11-01,1154.729736328125,1163.0109514346836,1134.845649078283,1154.0244604038087,15481114.0
2021-11-02,1137.8939208984375,1159.3705299389737,1135.3686486246918,1158.0054723596763,10569130.0
2021-11-03,1130.06787109375,1146.6302984409235,1119.7845647630193,1140.2828162204378,11989430.0
2021-11-04,1137.0067138671875,1139.7595760808606,1132.9799021702054,1134.3220924997154,1705656.0
2021-11-08,1138.417236328125,1146.6302085077364,1117.6913966426866,1146.3571247756797,20337183.0
2021-11-09,1147.40380859375,1150.6798507830363,1131.637644937905,1139.805123815544,15682497.0
2021-11-10,1160.235107421875,1163.920714976533,1139.1908094185892,1145.1287260147478,10253470.0
2021-11-11,1162.35107421875,1169.6084350981216,1153.7057882040397,1155.7533749476675,10722478.0
2021-11-12,1179.8916015625,1182.462488249801,1163.4656563781518,1166.1502778119302,8712341.0
2021-11-15,1172.929931640625,1184.0322480185664,1169.3808058406628,1183.031141558392,4803269.0
2021-11-16,1145.6748046875,1171.6559135252794,1135.255016670807,1170.3136027722971,11337581.0
2021-11-17,1121.1497802734375,1137.0524279565616,1119.7847223766223,1137.0524279565616,10202029.0
2021-11-18,1125.3812255859375,1132.5249718442826,1114.8022082606076,1119.3295736996563,8505625.0
2021-11-22,1075.5347900390625,1114.3246032878988,1069.7333541956211,1108.4549265855226,24124307.0
2021-11-23,1085.5904541015625,1092.597718814344,1050.6228528101806,1061.5658216102945,25326999.0
2021-11-24,1069.915283203125,1096.5334264323562,1066.3434103717225,1082.9285842980569,16820296.0
2021-11-25,1134.3221435546875,1138.4400635861748,1072.5315589664726,1079.7435455818988,42401936.0
2021-11-26,1097.761962890625,1127.33768989774,1092.7112978197426,1122.8785658449294,15763138.0
2021-11-29,1110.9117431640625,1137.530005740277,1091.6192015688714,1109.8197692785918,24325354.0
2021-11-30,1094.4859619140625,1126.5643394154413,1086.9555172716214,1122.969719233949,32172299.0
2021-12-01,1122.5147705078125,1125.699825172228,1103.4496957163708,1107.044315866843,10104610.0
2021-12-02,1129.7266845703125,1135.8010837797613,1120.057665060323,1123.7432731717324,12720411.0
2021-12-03,1095.7825927734375,1136.8474535768446,1092.0287445657639,1136.801959680644,19222481.0
2021-12-06,1075.0113525390625,1103.404119692969,1072.5315739182363,1099.309066908383,10332254.0
2021-12-07,1083.7703857421875,1093.8488493527543,1073.8284038337267,1081.1768723394634,11235122.0
2021-12-08,1100.2645263671875,1106.4981533356588,1094.8954038300121,1102.994641711683,8744178.0
2021-12-09,1117.71435546875,1126.1093048249602,1103.404235637729,1107.9543482561612,13213547.0
2021-12-10,1118.851806640625,1122.0596079618992,1105.8383850496557,1110.343003210938,8364414.0
2021-12-13,1096.419677734375,1125.7451889893634,1093.8487910647625,1125.4722255996962,12901733.0
2021-12-14,1082.996826171875,1094.758924705155,1079.925506579218,1082.9285853235253,12991523.0
2021-12-15,1079.8345947265625,1094.3039423247055,1074.3288697386265,1084.7486582787296,9366969.0
2021-12-16,1093.8033447265625,1099.0814796358936,1077.764217447417,1094.6223552854042,9761279.0
2021-12-17,1064.932861328125,1095.6689246022736,1055.6277943848347,1091.1415595298965,21049821.0
2021-12-20,1036.2216796875,1054.6495980178693,1022.4574879615027,1054.6495980178693,14325846.0
2021-12-21,1051.646484375,1067.4581418231853,1042.9785726603923,1051.6919782743073,12836561.0
2021-12-22,1076.60400390625,1079.2431318361741,1056.5380624164334,1057.8575060271485,17658543.0
2021-12-23,1076.217041015625,1082.9284735990054,1072.9409992159044,1080.19835852976,9072401.0
2021-12-24,1079.652587890625,1088.3887407376528,1063.6133400712515,1078.3785179602155,7886494.0
2021-12-27,1078.4921875,1082.0185663686743,1068.413724480792,1074.5336166000147,4017223.0
2021-12-28,1091.3009033203125,1094.2357415301187,1079.7663934022717,1080.926608302519,6374613.0
2021-12-29,1093.16650390625,1100.674201497558,1083.8841830224792,1087.9338625439977,15425312.0
2021-12-30,1073.4189453125,1094.2812707813944,1067.276305271878,1092.02896140955,29333171.0
2021-12-31,1077.5367431640625,1084.703115610681,1073.828388538488,1079.7435583793856,9477290.0
2022-01-03,1093.7806396484375,1095.6462506930534,1075.4437086416906,1076.1034905748938,5421611.0
2022-01-04,1118.465087890625,1119.7846517979926,1093.848914455948,1099.2636517956478,10847728.0
2022-01-05,1123.6976318359375,1127.0647821675334,1107.021469888781,1120.2396140596422,11643813.0
2022-01-06,1099.53662109375,1116.5996031111947,1096.123976548564,1115.3255331004264,14447422.0
2022-01-07,1108.409423828125,1118.4423946166428,1097.2843585968753,1106.1116205329258,13112115.0
2022-01-10,1109.3192138671875,1117.9644985565258,1099.3317388607832,1115.6894426415774,9246731.0
2022-01-11,1117.304931640625,1126.1320732620725,1107.9543693940097,1108.4094288062329,16205164.0
2022-01-12,1147.130615234375,1148.8824912648997,1121.6044479448694,1124.4710447637096,14800442.0
2022-01-13,1153.592041015625,1156.1856749337926,1141.3522552982324,1147.19918473575,11856712.0
2022-01-14,1155.2755126953125,1168.1523329319614,1149.2921017722908,1153.455515914101,19930176.0
2022-01-17,1161.3043212890625,1167.1057561240766,1154.3654186486065,1154.82047798332,8036453.0
2022-01-18,1147.4493408203125,1165.9000062324892,1144.6964783846606,1162.4419883292344,6215029.0
2022-01-19,1147.3583984375,1156.6405988874542,1141.6252038335633,1151.1804880553777,9755485.0
2022-01-20,1127.26953125,1142.0574560089742,1117.054465620327,1137.5528377304774,16494486.0
2022-01-21,1127.4515380859375,1138.5538554378697,1115.6895591579548,1115.6895591579548,13338594.0
2022-01-24,1081.97314453125,1139.6914253053906,1071.5988501296624,1126.1547030087693,21868937.0
2022-01-25,1079.8572998046875,1086.8644436444313,1048.802657948011,1069.0734401117095,24510205.0
2022-01-27,1063.863525390625,1072.0537511885557,1051.5554999211186,1062.9080331478985,20020431.0
2022-01-28,1062.8397216796875,1081.0629157010064,1059.4499449788068,1076.103358864866,14667727.0
2022-01-31,1085.931640625,1094.9408766634326,1072.0992089277,1073.9193259070898,12143683.0
2022-02-01,1082.3370361328125,1101.4019884840088,1067.958677458383,1095.668914786197,13200509.0
2022-02-02,1084.5439453125,1095.2139504085303,1080.6991087798986,1095.2139504085303,10017691.0
2022-02-03,1070.5294189453125,1092.6885576552872,1068.0041465713055,1088.3886622160464,9572839.0
2022-02-04,1060.7696533203125,1068.573182403804,1056.1285525997844,1065.1832845018696,11061241.0
2022-02-07,1054.308349609375,1072.3723159767667,1048.8026250078512,1065.638135750538,10714467.0
2022-02-08,1072.031005859375,1073.8283759531457,1051.0776952115107,1060.4737500675897,12060849.0
2022-02-09,1084.521240234375,1086.2047554004216,1072.9184893348381,1078.9017802245178,11486225.0
2022-02-10,1083.4063720703125,1090.0721909727154,1076.1488917844267,1090.0721909727154,12464491.0
2022-02-11,1081.29052734375,1084.9761347999724,1066.593591416207,1079.857228868873,15943370.0
2022-02-14,1064.068359375,1071.5305623649283,1052.4427424947037,1064.8418760134352,10719633.0
2022-02-15,1100.1962890625,1102.903657466319,1062.77153947328,1069.824176996969,11212671.0
2022-02-16,1097.9212646484375,1107.0442358991004,1090.1860980638264,1105.6791781831728,10392840.0
2022-02-17,1111.82177734375,1117.0089242641513,1096.5789142269996,1101.1745201113265,12853252.0
2022-02-18,1103.1312255859375,1117.6915612787002,1101.1973736454247,1112.2314504381943,6775458.0
2022-02-21,1091.9832763671875,1109.0917498883975,1085.0216268966433,1097.488880416598,11107193.0
2022-02-22,1087.023681640625,1090.1633625619224,1067.9814753307442,1070.5977356852184,13494914.0
2022-02-23,1080.2213134765625,1095.0092390254035,1077.468571284383,1092.5294602510214,7310110.0
2022-02-24,1026.393310546875,1064.6826864402094,1020.7739713257805,1048.8026672886117,24846650.0
2022-02-25,1039.224853515625,1050.1450756675365,1035.7212210618118,1037.4729771115954,14570089.0
2022-02-28,1073.62353515625,1077.1726610969984,1020.5919703644313,1020.5919703644313,21297446.0
2022-03-02,1091.3692626953125,1092.4841041671061,1059.8141821293812,1062.2029733991815,21471786.0
2022-03-03,1082.155029296875,1098.7856965324477,1078.4011810031334,1092.0287696037128,10186748.0
2022-03-04,1058.1531982421875,1075.7848524224223,1055.787154408625,1070.643199306108,10805667.0
2022-03-07,1019.022216796875,1052.0333374144284,1011.0367133096933,1036.8358471079189,17983310.0
2022-03-08,1017.1793823242188,1021.9570845268837,991.9262347785383,1006.2591006780564,21289374.0
2022-03-09,1071.143798828125,1077.01347494328,1016.565078233395,1017.406956117863,20414228.0
2022-03-10,1088.50244140625,1094.3038764083778,1073.8283721325647,1092.028820377732,17980493.0
2022-03-11,1091.64208984375,1097.0340801861346,1081.1313132856126,1081.1313132856126,12257423.0
2022-03-14,1100.605712890625,1103.1311056498985,1080.1984500463022,1086.06812572994,8340678.0
2022-03-15,1075.3980712890625,1104.7463279779463,1065.114765849993,1104.7463279779463,15925769.0
2022-03-16,1093.5531005859375,1095.6234340578644,1081.609026403429,1083.8385885222203,11149828.0
2022-03-17,1129.2034912109375,1136.3471174672695,1098.8996160284657,1106.9306141386928,21422098.0
2022-03-21,1122.6966552734375,1130.249846191458,1109.7743416930666,1112.0493977484434,11999466.0
2022-03-22,1151.703857421875,1153.4328665457272,1116.417676927256,1119.3751418583722,22557065.0
2022-03-23,1155.366455078125,1167.0375661035232,1147.9953600851836,1147.9953600851836,15462187.0
2022-03-24,1173.316650390625,1175.8192962308133,1142.08015447494,1142.08015447494,13168266.0
2022-03-25,1181.1429443359375,1190.3114093068612,1172.5659000566366,1175.0685459381182,14222488.0
2022-03-28,1193.0189208984375,1196.5679268909805,1176.88868384816,1187.581436439095,9891424.0
2022-03-29,1193.2918701171875,1200.321761515582,1186.3984604316122,1200.321761515582,8684065.0
2022-03-30,1216.2244873046875,1223.0724028520565,1190.8120505919683,1201.1863453712592,15811550.0
2022-03-31,1198.8428955078125,1214.7456618708436,1196.0446595036312,1212.584340487485,13223718.0
2022-04-01,1208.443603515625,1212.6752582349072,1193.0415116671982,1199.4116203413212,7922880.0
2022-04-04,1212.0155029296875,1217.157156093152,1201.9825334062043,1208.2616544203254,7929162.0
2022-04-05,1194.88427734375,1214.8366019261355,1192.4499926471442,1206.2823045318924,13149870.0
2022-04-06,1191.69921875,1198.7291094168588,1177.1616311168914,1177.1616311168914,12257215.0
2022-04-07,1170.6778564453125,1185.7614936648845,1168.015981475152,1180.8018153339476,15496499.0
2022-04-08,1190.1522216796875,1194.4066235414564,1164.8307737717014,1164.8307737717014,15152495.0
2022-04-11,1187.6724853515625,1200.572052745213,1175.296097837182,1183.0312648122701,9254209.0
2022-04-12,1165.30859375,1184.2143186613282,1162.737706900729,1177.116066491659,13217742.0
2022-04-13,1161.0313720703125,1179.664132404293,1158.2330158892628,1171.4284128604863,10354235.0
2022-04-18,1157.4822998046875,1164.7397805103374,1147.4493300930017,1152.545489452205,9974224.0
2022-04-19,1201.5958251953125,1213.9722131143637,1160.7585471967582,1163.920854944009,26141820.0
2022-04-20,1236.927490234375,1244.0029958076177,1205.3724131158556,1209.012527185881,25072240.0
2022-04-21,1265.88916015625,1269.028721194779,1243.0929814877397,1251.692774267279,21708633.0
2022-04-22,1255.2872314453125,1274.9437261640837,1248.6440386176957,1255.3327253469529,15054154.0
2022-04-25,1226.2574462890625,1255.1051538112451,1211.9928211860372,1247.825046254362,17063215.0
2022-04-26,1262.9541015625,1271.7586153913803,1232.0360622414871,1233.0825422871724,12227666.0
2022-04-27,1264.1826171875,1286.7739479010713,1253.580733766915,1253.9448053007873,19338945.0
2022-04-28,1283.0657958984375,1297.2394339221792,1267.7090756457555,1278.56117721433,25614076.0
2022-04-29,1269.597412109375,1299.5827089210004,1263.7049887259216,1299.5827089210004,18214862.0
2022-05-02,1265.1383056640625,1276.5363340584336,1254.9459860935513,1256.7433563845793,9467006.0
2022-05-04,1225.6431884765625,1269.4836653281736,1217.7487926896627,1267.2086090941277,19247660.0
2022-05-05,1201.6412353515625,1242.18280014838,1197.591676403661,1239.2252151754037,17210669.0
2022-05-06,1192.42724609375,1209.8769247815503,1180.0963532492094,1188.582409796725,19649948.0
2022-05-09,1145.8568115234375,1181.711782557566,1140.715158224648,1171.6331985147315,18083752.0
2022-05-10,1125.9954833984375,1149.633416525882,1118.4195452683007,1135.2550569441219,19511677.0
2022-05-11,1114.4610595703125,1130.6822844670523,1102.0164305530109,1125.0855713281494,16643899.0
2022-05-12,1091.755859375,1107.8859741719987,1078.378486557952,1104.5416911448524,20490321.0
2022-05-13,1104.1322021484375,1127.5197990708434,1099.0132956252583,1103.8592387327842,19308778.0
2022-05-16,1104.4052734375,1128.8848441001169,1099.6048242868326,1107.7040627563247,13437911.0
2022-05-17,1150.79345703125,1155.6848931734114,1106.589037590526,1107.9995890295822,16551828.0
2022-05-18,1154.979736328125,1169.3808421611643,1141.2839062872033,1155.5712773721964,17276788.0
2022-05-19,1128.3614501953125,1143.2176150806665,1122.0823293936187,1130.2498080381895,14699118.0
2022-05-20,1194.1563720703125,1203.2338502041005,1138.440180194292,1143.2177622581032,21793091.0
2022-05-23,1186.1708984375,1207.3971730449673,1179.8461630484092,1197.364082975496,15252755.0
2022-05-24,1190.2432861328125,1200.3217504414995,1181.9848186867473,1186.2164738705715,13527818.0
2022-05-25,1188.4915771484375,1208.8306025401785,1183.7138745751004,1198.9568604081787,12714544.0
2022-05-26,1177.1617431640625,1198.911319486633,1159.3707382493358,1194.1336171006558,17882023.0
2022-05-27,1171.701416015625,1185.3744993862058,1155.7760235250337,1179.8688949887019,16521973.0
2022-05-30,1212.51611328125,1216.7021540363792,1180.392243237482,1189.8564191042008,13853398.0
2022-05-31,1197.8873291015625,1218.886133257268,1190.1749097343077,1201.8686470065388,70620653.0
2022-06-01,1198.2742919921875,1208.1480337988985,1190.402522676765,1198.638243225424,9776989.0
2022-06-02,1239.5892333984375,1243.2975879303071,1198.5016232049925,1198.5016232049925,22126569.0
2022-06-03,1264.705810546875,1281.9280190654463,1247.6428306711036,1248.552949338414,23939791.0
2022-06-06,1259.2685546875,1280.4038420032741,1252.102061607887,1264.9335082984549,11093152.0
2022-06-07,1261.6346435546875,1269.9840987331656,1252.2159612910536,1260.3378265980741,12358255.0
2022-06-08,1239.4755859375,1265.3884552322884,1235.949206752914,1261.6346065371608,12479250.0
2022-06-09,1273.4649658203125,1275.3986973973456,1233.082627965682,1233.082627965682,17278305.0
2022-06-10,1235.0164794921875,1269.4381532361936,1229.215044054509,1261.24792684013,18093057.0
2022-06-13,1211.6514892578125,1216.156107684235,1190.4479609930536,1205.7819334162448,17620803.0
2022-06-14,1195.8170166015625,1215.7238471836963,1189.151077141205,1205.804612494347,14714312.0
2022-06-15,1181.3477783203125,1200.0032876716657,1175.933161306616,1191.0167974504632,11195535.0
2022-06-16,1164.8306884765625,1209.8996152953227,1162.1005732041187,1193.4964174203167,17111475.0
2022-06-17,1178.48095703125,1194.3381068780648,1163.056119541174,1164.8306221546918,24457187.0
2022-06-20,1157.1182861328125,1190.81193373047,1147.1306905067754,1185.3062092078612,12066797.0
2022-06-21,1175.796630859375,1180.0281654943678,1150.4069416324683,1164.830795221328,11720049.0
2022-06-22,1140.0782470703125,1164.0573868656688,1137.9851663317936,1163.9663990536787,10617206.0
2022-06-23,1121.581787109375,1148.905326422505,1112.5043100555831,1144.3779613702993,19446323.0
2022-06-24,1137.552734375,1142.5350381564465,1122.9695334934358,1128.4297638955586,14240234.0
2022-06-27,1134.185791015625,1157.9829545073123,1129.135125114688,1157.9829545073123,15474529.0
2022-06-28,1150.1339111328125,1152.9777615415514,1129.3854414043199,1129.3854414043199,13572847.0
2022-06-29,1173.9991455078125,1181.6661910990751,1137.9849487932977,1140.806051842701,19205146.0
2022-06-30,1181.0518798828125,1190.2658381550734,1167.560773223342,1173.9308815535303,23112959.0
2022-07-01,1095.9874267578125,1179.3911062938287,1076.103462886294,1171.610445710058,81997149.0
2022-07-04,1098.2625732421875,1111.1393942579136,1076.6039843933402,1082.450913964659,41857728.0
2022-07-05,1107.157958984375,1121.5590649917854,1099.8094906293034,1102.4941121326237,17647327.0
2022-07-06,1097.420654296875,1111.11648393539,1086.568674692882,1101.1745026432604,23943726.0
2022-07-07,1086.6141357421875,1107.1578795789183,1080.6534724660446,1103.8135967687947,23301033.0
2022-07-08,1088.11572265625,1100.2190253242575,1084.0887905138445,1100.2190253242575,19010108.0
2022-07-11,1102.903564453125,1105.1330060215998,1078.378383303484,1081.3359679020425,13847467.0
2022-07-12,1101.333740234375,1110.0927598985188,1093.8487904297283,1093.8487904297283,10778989.0
2022-07-13,1081.813720703125,1107.4992384747932,1079.7435076394818,1104.4506658974965,14224132.0
2022-07-14,1090.73193359375,1107.4764556314449,1081.5407222618398,1086.5686402982146,16970315.0
2022-07-15,1092.8477783203125,1098.8539355804724,1084.3390956531612,1098.8539355804724,9603210.0
2022-07-18,1102.15283203125,1103.4040345430283,1088.525123257814,1101.584037969047,15160908.0
2022-07-19,1108.909912109375,1113.4145306244031,1092.1653876854057,1092.1653876854057,16439888.0
2022-07-20,1138.89501953125,1156.8679986086788,1131.2735877067614,1155.730530749646,23924246.0
2022-07-21,1131.2962646484375,1137.5300117770723,1122.651100250388,1134.7998965175696,16523230.0
2022-07-22,1138.940673828125,1144.9468316984942,1135.2550660118313,1137.5301221641155,10969995.0
2022-07-25,1101.31103515625,1122.7194053701078,1093.3938930172108,1122.7194053701078,23110452.0
2022-07-26,1101.8116455078125,1112.003964591019,1097.193292295004,1101.629669898458,11303288.0
2022-07-27,1100.76513671875,1104.3141424256505,1092.938861823789,1101.1063409773997,8655086.0
2022-07-28,1118.0101318359375,1122.9469424061926,1101.5841851617515,1108.4093537574902,12496073.0
2022-07-29,1141.8299560546875,1145.3108414909532,1121.1497270683567,1126.018296934473,15130683.0
2022-08-01,1171.587646484375,1177.4573222630406,1140.9880650198957,1146.2434528105707,15700044.0
2022-08-02,1176.0467529296875,1186.580275301345,1165.535977507085,1170.5184018297261,13917913.0
2022-08-03,1185.9205322265625,1187.5813002703721,1168.220637135406,1183.0311881851292,14250977.0
2022-08-04,1170.245361328125,1191.107684300821,1153.455464512121,1187.5813052958538,14467127.0
2022-08-05,1153.0003662109375,1173.384882192994,1149.7925649671015,1172.1109326876474,13942438.0
2022-08-08,1168.083984375,1175.546187127536,1151.6352925910844,1151.6352925910844,10165178.0
2022-08-10,1175.068603515625,1178.4356336498447,1163.4884798945134,1172.5204636099309,10724688.0
2022-08-11,1178.981689453125,1187.5358669102814,1174.0220116644236,1184.4418001629217,8198226.0
2022-08-12,1198.0465087890625,1201.8458509440902,1174.9319985812028,1178.6174856399732,12650587.0
2022-08-16,1206.373291015625,1209.1034064115306,1195.4530701404663,1204.052741070798,6607378.0
2022-08-17,1212.6754150390625,1218.0217913259337,1208.3072780583839,1212.6071741819499,6595965.0
2022-08-18,1214.8746337890625,1218.3895770524823,1205.242530076721,1214.281162605974,7410035.0
2022-08-19,1193.213623046875,1215.0569809988342,1189.1507309375147,1209.7159828214287,9460724.0
2022-08-22,1189.904052734375,1201.1795211355932,1180.500282384016,1194.6517009933089,9471680.0
2022-08-23,1208.2552490234375,1211.1768414672938,1182.9424687305054,1184.1522321085429,9678484.0
2022-08-24,1205.0369873046875,1218.846089361482,1203.0284828486285,1205.1968562417935,10369622.0
2022-08-25,1201.5220947265625,1215.6049306697223,1197.2081689286076,1209.2368579891631,7871946.0
2022-08-26,1195.1080322265625,1209.715993824914,1190.0866510806784,1201.9554689456972,10742038.0
2022-08-29,1185.818359375,1211.9984634718257,1176.8710131510943,1180.0436382797463,19838975.0
2022-08-30,1204.215087890625,1207.5475818496645,1176.2090496696883,1193.282058957648,23139054.0
2022-09-01,1168.81396484375,1189.150886984996,1164.385933490136,1178.9710757031155,19909939.0
2022-09-02,1155.1646728515625,1175.638520959865,1152.9734784565321,1168.8139049237643,12999345.0
2022-09-05,1173.10498046875,1178.445978943139,1155.3928563937116,1155.3928563937116,11327815.0
2022-09-06,1185.4532470703125,1189.6302455363334,1174.1093147173583,1174.5658588505653,10899618.0
2022-09-07,1178.5601806640625,1184.563114237557,1173.1963605855797,1175.478839783805,7488501.0
2022-09-08,1180.2261962890625,1185.978096162653,1173.6527344300007,1181.5272442598816,7057077.0
2022-09-09,1172.8768310546875,1191.4561604892992,1170.4573041604863,1191.4561604892992,8314850.0
2022-09-12,1186.0009765625,1192.3691689901582,1173.447281793324,1173.447281793324,7435419.0
2022-09-13,1195.906982421875,1200.4491194045427,1187.3477160754526,1195.1081207827935,8888657.0
2022-09-14,1181.5728759765625,1191.4560105895346,1174.4515854442564,1175.478658663779,8678219.0
2022-09-15,1169.8638916015625,1188.5116835520153,1167.1476896556205,1179.1307346574977,10365600.0
2022-09-16,1140.8763427734375,1165.4359048168926,1137.133067391258,1161.213264147553,20217708.0
2022-09-19,1142.3599853515625,1151.6040077939597,1132.7278822878002,1140.876367867208,7580254.0
2022-09-20,1142.54248046875,1158.4514907194557,1138.8220264150539,1151.4898271317024,8411448.0
2022-09-21,1145.6925048828125,1156.3060391967588,1138.9591731329301,1139.7580348153278,9207309.0
2022-09-22,1134.8961181640625,1142.6108798497348,1128.5052256188412,1134.8504758314202,10308170.0
2022-09-23,1113.6234130859375,1139.3926153234095,1112.071332278307,1134.3940554048254,9528051.0
2022-09-26,1085.2523193359375,1103.7176650883043,1084.2480670791438,1092.8757978119418,12479523.0
2022-09-27,1093.8800048828125,1107.4607728213189,1077.3776445528867,1092.8528108642224,16154822.0
2022-09-28,1064.7554931640625,1085.5489575446488,1062.3132660155625,1077.491757249726,16997059.0
2022-09-29,1061.4915771484375,1080.7556609643932,1055.8766040342564,1077.3320028920632,14671827.0
2022-09-30,1085.4349365234375,1096.5048940159172,1054.96372509037,1054.96372509037,18613024.0
2022-10-03,1081.6688232421875,1103.3294933419215,1078.7015883112226,1091.7117072217247,11852723.0
2022-10-04,1101.6175537109375,1103.808747936222,1091.0953054950355,1094.58754770497,8948850.0
2022-10-06,1105.6802978515625,1118.4165611455717,1103.8771842481965,1108.8302224863316,13352162.0
2022-10-07,1110.3594970703125,1115.6320317027526,1102.2794760013117,1102.2794760013117,7714340.0
2022-10-10,1098.2396240234375,1103.6262649687026,1090.1139598954956,1097.8743645838504,6329527.0
2022-10-11,1076.373291015625,1101.982746487589,1073.2691292307711,1101.982746487589,9215177.0
2022-10-12,1084.2935791015625,1087.2379927529598,1069.6171531804475,1073.6800455545388,7417103.0
2022-10-13,1087.7401123046875,1092.8527780894253,1077.3776122421918,1082.5360411069073,7328492.0
2022-10-14,1082.216552734375,1103.0556611703817,1081.48615457156,1102.4393688537991,9106089.0
2022-10-17,1099.586181640625,1101.9827665257233,1069.845490552908,1075.0495620947684,16729355.0
2022-10-18,1118.9874267578125,1124.3512470169624,1104.7903646127031,1105.6348686623294,12415820.0
2022-10-19,1138.4569091796875,1153.9550179585947,1114.6277458530562,1120.4709308445554,19247142.0
2022-10-20,1141.5155029296875,1149.9150215278255,1134.3942113183082,1134.3942113183082,8717053.0
2022-10-21,1128.2769775390625,1148.9106943491454,1126.177188586748,1144.7565172867282,8243452.0
2022-10-24,1132.0430908203125,1142.382770547029,1120.836206695688,1122.9816380159375,3370033.0
2022-10-25,1114.559326171875,1140.785075413764,1112.9387816840604,1140.785075413764,12233241.0
2022-10-27,1118.941650390625,1126.8391025996318,1110.5649536618178,1122.0686333408069,12513059.0
2022-10-28,1153.178955078125,1157.218905475806,1122.730566891981,1125.2640787350124,17609592.0
2022-10-31,1163.8837890625,1169.065039404331,1155.9406944170403,1159.957944449031,12419943.0
2022-11-01,1154.867919921875,1186.8910882247426,1144.8935003477782,1186.8910882247426,13963166.0
2022-11-02,1162.08056640625,1164.1576549471247,1148.0890168960855,1155.986348539346,8981896.0
2022-11-03,1166.4173583984375,1168.4259835133787,1152.676841200972,1154.8680356681098,6693449.0
2022-11-04,1183.5816650390625,1186.8912175642852,1164.568612402097,1165.8467186255812,12575815.0
2022-11-07,1189.904052734375,1191.5931814379082,1175.0223567357784,1182.7827614663586,11789748.0
2022-11-09,1188.7171630859375,1196.9112902936065,1182.3489707407007,1191.5931131291466,11254205.0
2022-11-10,1174.337646484375,1185.3163193750859,1170.0008998356418,1182.3262632089597,5966242.0
2022-11-11,1201.4078369140625,1203.325056528256,1181.413233492101,1186.8911590644095,12310132.0
2022-11-14,1195.5875244140625,1206.0641314784764,1189.242152687652,1200.9285232071268,9043112.0
2022-11-15,1190.2236328125,1198.9426470922247,1182.3261805701843,1197.0710698465111,7086433.0
2022-11-16,1183.3990478515625,1194.1723297469184,1178.3775455967132,1191.4561277313167,9716161.0
2022-11-17,1186.45751953125,1192.825591205946,1177.7612057960014,1180.020863607493,6661451.0
2022-11-18,1185.818359375,1190.9996093948082,1173.698388022442,1189.972415409292,5303197.0
2022-11-21,1164.477294921875,1181.413258441568,1160.9165888885639,1181.413258441568,6390268.0
2022-11-22,1170.9365234375,1172.511425391076,1157.903584906397,1161.7837868751285,6611488.0
2022-11-23,1167.28466796875,1176.80266503484,1165.0934735308952,1175.4787957552544,6413408.0
2022-11-24,1177.3504638671875,1184.1522586948402,1163.2446877659072,1171.3703518394527,9389439.0
2022-11-25,1194.9254150390625,1198.257788225093,1178.719730929941,1181.8696555369409,7349922.0
2022-11-28,1235.9874267578125,1242.1501079495758,1142.1545139312134,1190.9540185279361,31527484.0
2022-11-29,1238.110107421875,1246.9889910362924,1229.8018737736188,1234.3440108402901,11058913.0
2022-11-30,1246.85205078125,1253.288707028199,1231.7192011093234,1238.247142030381,26164986.0
2022-12-01,1243.1773681640625,1257.648284706288,1239.844994224955,1251.622529613266,9485801.0
2022-12-02,1242.6522216796875,1254.4526976676975,1232.8147284105949,1246.235748845341,11589592.0
2022-12-05,1224.529296875,1240.1871538032585,1222.4979714298172,1238.0187806031995,14828536.0
2022-12-06,1228.0672607421875,1231.1714227767877,1214.7375243314339,1216.609222468136,8594245.0
2022-12-07,1209.9443359375,1230.258436618436,1206.132596960368,1225.693478313524,8462111.0
2022-12-08,1209.373779296875,1216.5636555928043,1205.1969012915213,1214.2811762641966,7757008.0
2022-12-09,1191.0452880859375,1214.2809794282305,1187.7356151104486,1207.8899658959556,12655763.0
2022-12-12,1192.871337890625,1197.3906539089487,1180.0437880026634,1180.272120443367,9479842.0
2022-12-13,1198.3037109375,1201.9555809304147,1189.9497141999723,1192.8713067918438,8333348.0
2022-12-14,1193.9669189453125,1204.6717371538757,1191.9126515922892,1204.0782660411908,7268947.0
2022-12-15,1177.008056640625,1193.7386297598832,1173.6528618480468,1188.0324923462415,8688551.0
2022-12-16,1171.1876220703125,1195.4733287956508,1167.7867851451592,1173.6527911334736,15837349.0
2022-12-19,1186.5716552734375,1188.7172073020977,1171.6898388274747,1178.2177795852808,7729933.0
2022-12-20,1196.843017578125,1198.7602374146065,1171.3704856304953,1179.541792973625,7467588.0
2022-12-21,1179.8155517578125,1201.9555872542346,1175.9809916475376,1196.477661489117,8527550.0
2022-12-22,1176.7569580078125,1189.013856887232,1171.7126347696108,1185.9781586267084,7451122.0
2022-12-23,1142.245849609375,1182.554553491853,1137.703712598857,1170.137785137051,10257115.0
2022-12-26,1152.2203369140625,1160.4144650934027,1137.772242230335,1147.9749955940688,5990242.0
2022-12-27,1161.64697265625,1163.518549950611,1148.2031310835503,1154.9364624540497,5763271.0
2022-12-28,1161.532958984375,1163.9751864269276,1151.056351446895,1158.5885450524734,7459393.0
2022-12-29,1161.0078125,1163.5641454874342,1152.882148696241,1153.566904464591,6930648.0
2022-12-30,1162.7882080078125,1176.3917984159748,1160.0036631000119,1161.82959814601,7289476.0
2023-01-02,1175.8896484375,1177.3048023328713,1163.244668797144,1164.066351583663,5316175.0
2023-01-03,1167.28466796875,1174.565828259546,1163.0621480210023,1170.9366586985077,7658932.0
2023-01-04,1149.7095947265625,1169.1107276232437,1147.6325061253483,1167.2618507099899,9264891.0
2023-01-05,1147.6553955078125,1157.858149023016,1143.0676158255733,1151.969321148222,13637099.0
2023-01-06,1158.0863037109375,1163.1306272948216,1149.5955006159752,1153.4072395784428,6349597.0
2023-01-09,1185.4302978515625,1187.8041821914996,1161.0306065888913,1161.9207528429104,10722753.0
2023-01-10,1167.9010009765625,1189.6302560157692,1162.240505708343,1189.6302560157692,8047142.0
2023-01-11,1153.178955078125,1167.7183330231771,1150.873534164056,1165.207642347734,11509553.0
2023-01-12,1128.2769775390625,1156.077627831873,1125.2641003718309,1152.5855061360771,17688773.0
2023-01-13,1126.451171875,1128.8705782042637,1111.3867843100481,1122.2513519945564,20618583.0
2023-01-16,1115.723388671875,1131.951774613395,1107.917221092014,1128.7791493112115,13623855.0
2023-01-17,1131.563720703125,1133.4809401269406,1118.6905304756872,1122.0685460066525,10751000.0
2023-01-18,1129.6922607421875,1137.1788121810373,1123.1416187933949,1129.144552646858,13448286.0
2023-01-19,1128.4825439453125,1132.6366004638107,1121.4524163802744,1128.8705038207283,11940054.0
2023-01-20,1115.0615234375,1129.8291140692525,1112.596474928504,1129.8291140692525,14930286.0
2023-01-23,1109.4237060546875,1125.811961602633,1107.004299933337,1117.960272105855,10954118.0
2023-01-24,1102.873046875,1115.51790607312,1089.8171651533376,1113.851719292168,16488755.0
2023-01-25,1087.6259765625,1102.302402806859,1086.461976225218,1101.2753294802073,12385018.0
2023-01-27,1066.9923095703125,1089.817098907081,1055.260297818003,1088.470529311336,25830975.0
2023-01-30,1077.218017578125,1082.764407064242,1050.3987961919847,1064.4132886312711,21772103.0
2023-01-31,1074.5245361328125,1089.9541811505658,1068.6585300710096,1087.3749062182637,22691594.0
2023-02-01,1068.156494140625,1086.43914786492,1052.2246622437708,1086.43914786492,19347800.0
2023-02-02,1062.2447509765625,1071.85391093282,1054.9635914721293,1058.1590377354637,13662663.0
2023-02-03,1063.1806640625,1072.3105805967245,1046.7467660021255,1072.3105805967245,24699575.0
2023-02-06,1055.1690673828125,1059.528634971871,1052.5899131464937,1056.7896118119152,14837879.0
2023-02-07,1052.635498046875,1062.4501695052957,1046.7466710224398,1055.4201633910932,15135435.0
2023-02-08,1073.6572265625,1077.2863960062462,1053.137736379797,1055.8766387784026,21160332.0
2023-02-09,1075.52880859375,1082.284961068636,1065.463103759131,1074.341987106508,13172763.0
2023-02-10,1066.6729736328125,1075.00402903085,1059.6656668626474,1075.00402903085,10790445.0
2023-02-13,1060.6014404296875,1072.7670546240697,1056.127767130611,1068.293381324993,10352493.0
2023-02-14,1085.5946044921875,1087.329254712915,1060.738368480938,1063.6143185684562,14321920.0
2023-02-15,1110.1768798828125,1112.5735854842064,1083.2664969637603,1084.6358877756606,33503591.0
2023-02-16,1109.3096923828125,1124.716518210531,1107.027213083921,1118.165755531408,17264487.0
2023-02-17,1113.9429931640625,1117.2754874405753,1100.4306882070916,1104.7217922905263,11809520.0
2023-02-20,1102.1654052734375,1118.3025060122345,1100.202422672568,1116.1341329085612,8836937.0
2023-02-21,1111.158447265625,1116.9558691842672,1101.22954869757,1106.547846833629,13311592.0
2023-02-22,1085.9598388671875,1109.2868172204335,1084.2023673241313,1107.4380609994967,11024335.0
2023-02-23,1080.7557373046875,1093.1953270218976,1077.9483712962124,1085.5490279902117,9851910.0
2023-02-24,1088.1510009765625,1093.8344379808216,1080.9840672539892,1082.8100022510873,9434053.0
2023-02-27,1080.91552734375,1090.8672478016565,1073.543202799622,1087.3750050988056,11199715.0
2023-02-28,1060.2362060546875,1080.5274845520237,1056.1734344203933,1075.5516247048565,21994038.0
2023-03-01,1069.9822998046875,1070.712697848546,1060.5555887311154,1070.0279421357468,11551145.0
2023-03-02,1061.833984375,1073.5203549354069,1059.802538079039,1066.8326656493814,9333535.0
2023-03-03,1088.927001953125,1092.6018137297042,1068.909698230002,1072.3789987479975,14643807.0
2023-03-06,1099.5633544921875,1106.8216933590497,1095.5918675399987,1095.5918675399987,10171916.0
2023-03-08,1103.5120849609375,1104.265304210858,1088.7443751303776,1099.5632986303585,15782657.0
2023-03-09,1076.9896240234375,1103.3066574341256,1075.095225544964,1102.8958764013148,16235128.0
2023-03-10,1060.3048095703125,1070.0281981219273,1056.8125666742676,1068.887018825526,13334091.0
2023-03-13,1042.866455078125,1070.027990166369,1038.5297089513685,1063.1805534779228,12771592.0
2023-03-14,1038.9635009765625,1052.2018311560978,1035.8136967949142,1040.812257084253,16027522.0
2023-03-15,1021.205810546875,1049.1662111592916,1016.800600298463,1042.6840329673732,21728555.0
2023-03-16,1016.1157836914062,1028.9433330363881,1005.2968594074098,1023.921951504309,18363159.0
2023-03-17,1014.837646484375,1028.0075129528561,1010.0900587449327,1024.720781814394,34014213.0
2023-03-20,1004.8632202148438,1013.4225471579439,995.1626537042278,1011.1400680229121,19524589.0
2023-03-21,1036.1102294921875,1038.0732119172073,1012.0528577510236,1012.9430039303461,21400360.0
2023-03-22,1039.2601318359375,1046.0391051865406,1036.247254791225,1043.0946916431246,10920094.0
2023-03-23,1026.1131591796875,1036.2016854580306,1023.9447859117854,1035.3343603002547,16249370.0
2023-03-24,1005.7989501953125,1027.117362031003,1003.3795441878093,1024.9489888672188,12375945.0
2023-03-27,1021.4338989257812,1028.9432703448797,1004.3838307288752,1012.2812223607901,14054323.0
2023-03-28,1026.2044677734375,1030.0846702786253,1021.1829653124684,1024.8349561252708,12576424.0
2023-03-29,1020.133056640625,1024.7436572444662,1009.3597140789179,1022.0959186617868,18804065.0
2023-03-31,1064.116455078125,1069.7770709600845,1029.2629756900762,1029.3999027039445,28171201.0
2023-04-03,1064.299072265625,1072.3106311531849,1056.7896998650788,1070.4846960590223,10293043.0
2023-04-05,1061.74267578125,1071.8540232011114,1053.8453439607506,1071.8540232011114,16262928.0
2023-04-06,1068.864013671875,1074.5930932267388,1058.2276581630158,1058.2276581630158,18435046.0
2023-04-10,1061.2861328125,1072.9496819536614,1059.779694186431,1072.7671126043012,12961408.0
2023-04-11,1066.535888671875,1068.6586196822263,1060.9210357303307,1065.4631729553812,10542367.0
2023-04-12,1071.23779296875,1080.8925957399235,1063.6599579243734,1066.5357872569193,18179087.0
2023-04-13,1075.27783203125,1079.9797173840186,1069.1151503508545,1074.1365320735108,12378208.0
2023-04-17,1080.73291015625,1106.9814803229494,1072.333391852291,1106.9814803229494,17929479.0
2023-04-18,1068.36181640625,1085.0923881243807,1061.8110548039576,1085.0923881243807,10405576.0
2023-04-19,1073.6800537109375,1076.3733137885806,1064.64142217666,1067.768405195298,12273475.0
2023-04-20,1070.9638671875,1076.8755157885284,1064.595795217696,1074.638679040759,7007330.0
2023-04-21,1072.310546875,1077.7884724738815,1066.5586465106753,1073.0637661728558,7647317.0
2023-04-24,1076.4190673828125,1086.8727319946267,1071.8539885727766,1084.1794719407253,12936186.0
2023-04-25,1084.65869140625,1086.7357798786459,1072.9952636709509,1080.0709122812248,9236126.0
2023-04-26,1078.2906494140625,1089.2466212621475,1074.6158376300252,1086.0054116702795,8617834.0
2023-04-27,1085.115234375,1088.2878596252956,1079.1579437194785,1084.1794457664448,9167125.0
2023-04-28,1104.949951171875,1106.5021527689444,1087.2607695641375,1087.3748753991613,15565210.0
2023-05-02,1114.3310546875,1116.4994278601828,1108.4194062766874,1112.1170391794083,12981805.0
2023-05-03,1104.7674560546875,1116.1342091904096,1101.549188303151,1116.1342091904096,7061872.0
2023-05-04,1117.503662109375,1119.717677582049,1102.2567073883076,1105.2467632974385,8635233.0
2023-05-05,1114.650634765625,1123.5979821409157,1112.0258380416835,1114.3083172243437,8746585.0
2023-05-08,1128.4140625,1133.7778823916174,1115.746261129747,1118.4167001177036,9153782.0
2023-05-09,1131.9061279296875,1135.2158009724574,1124.4652198090143,1129.8290394334551,6464721.0
2023-05-10,1139.6895751953125,1141.173192717246,1132.659447469911,1136.6766978121202,10872255.0
2023-05-11,1132.24853515625,1145.5781493917782,1130.5365853892238,1140.762158669685,10557860.0
2023-05-12,1134.097412109375,1135.4897449397138,1121.3839680276494,1127.4553650769165,6955341.0
2023-05-15,1136.334228515625,1143.318592964205,1128.9846046154787,1136.6310244600713,6833343.0
2023-05-16,1120.1514892578125,1141.0589403639667,1118.485181669263,1138.5026071786638,8717229.0
2023-05-17,1113.5321044921875,1125.2639949628326,1108.8302198375738,1124.3510275803587,8798967.0
2023-05-18,1111.1357421875,1121.6123498838558,1107.9858169299096,1118.21139175125,10525531.0
2023-05-19,1114.741943359375,1116.5679991928369,1104.1968724046772,1111.1357155261294,8050447.0
2023-05-22,1120.69921875,1125.7207212869755,1110.3596592183865,1111.5693019532657,7434906.0
2023-05-23,1120.4937744140625,1126.6336347127256,1119.0786204739588,1123.2784399572938,6092034.0
2023-05-24,1113.9658203125,1124.8076864197674,1110.861658447196,1116.545095308795,8112254.0
2023-05-25,1113.8289794921875,1117.9603357408223,1102.9187697829475,1111.0672556833676,11487863.0
2023-05-26,1144.2088623046875,1145.3500415058625,1118.7591533794464,1122.0687058844728,12626260.0
2023-05-29,1150.6453857421875,1154.9364899661489,1144.5283465169668,1150.8279550929283,10010304.0
2023-05-30,1150.3486328125,1158.451475420254,1147.7921790871794,1150.645307987406,11342504.0
2023-05-31,1127.5008544921875,1145.7379850828543,1123.438083146388,1141.2414908293927,27107927.0
2023-06-01,1124.4652099609375,1134.3484659204855,1122.068625138698,1132.1800927726736,14592692.0
2023-06-02,1120.7904052734375,1133.412563645759,1118.8731857024297,1128.003101699598,15800644.0
2023-06-05,1130.8563232421875,1133.8235582589482,1122.274114564264,1126.268543700321,10908682.0
2023-06-06,1131.8148193359375,1135.6265579862757,1123.8946668621782,1133.6865172838243,7493309.0
2023-06-07,1140.3970947265625,1141.241598708449,1128.7335456658939,1135.3071289198083,10312545.0
2023-06-08,1141.081787109375,1148.9335976883083,1137.133121023714,1143.9805586437908,12071109.0
2023-06-09,1133.001708984375,1145.144501301207,1131.1984746215855,1144.4369244051343,5877018.0
2023-06-12,1134.006103515625,1136.311403822295,1125.2641468372988,1130.0574375493186,6391969.0
2023-06-13,1150.759521484375,1151.946463788879,1134.9647365494955,1138.9591656822827,11248016.0
2023-06-14,1164.9107666015625,1166.3487415549168,1149.0018781974788,1150.8278129732469,13277380.0
2023-06-15,1165.23046875,1169.7954267696327,1157.4471223513988,1164.888030487722,11813494.0
2023-06-16,1176.574462890625,1178.856942021871,1168.72265257123,1168.72265257123,24171579.0
2023-06-19,1164.8880615234375,1179.5873088461865,1160.7111839901809,1179.5873088461865,6798554.0
2023-06-20,1167.3074951171875,1170.457299404325,1157.2189687814275,1162.9480481347903,6921096.0
2023-06-21,1170.59423828125,1173.127750027222,1163.1533304634168,1167.2617442064677,6961603.0
2023-06-22,1157.4471435546875,1174.702723824018,1155.8494202932393,1166.8053921892115,7619166.0
2023-06-23,1147.9749755859375,1156.4885999942844,1146.7195697742059,1154.4343325060674,6628570.0
2023-06-26,1139.2100830078125,1148.2715353178476,1136.0831001245695,1144.436975506937,12641159.0
2023-06-27,1139.62109375,1145.578264166708,1135.1474200849475,1139.666736088607,9689466.0
2023-06-28,1154.708251953125,1158.519990797568,1140.2600374666351,1147.1760589375283,11354006.0
2023-06-30,1164.1805419921875,1167.1021346662303,1156.511421596289,1162.423070452648,11151555.0
2023-07-03,1194.058349609375,1196.934300105854,1166.5087289327182,1167.7413136446191,12154387.0
2023-07-04,1181.755615234375,1198.3036177471888,1174.6798459927943,1198.3036177471888,8061643.0
2023-07-05,1179.8155517578125,1190.9997357239995,1175.8440646341217,1190.9997357239995,10248062.0
2023-07-06,1204.5804443359375,1207.1824197013011,1175.958111582341,1175.958111582341,19117987.0
2023-07-07,1202.2294921875,1216.5406584496827,1199.6730384312104,1202.8686056265724,13375267.0
2023-07-10,1248.541015625,1258.1046546175523,1221.1284462814795,1227.4736968882496,33240016.0
2023-07-11,1262.0760498046875,1264.495455649915,1249.7050458386786,1256.6894093813987,20069348.0
2023-07-12,1263.468505859375,1279.103541836806,1260.683840337917,1262.806571231475,18733835.0
2023-07-13,1252.170166015625,1277.7339788902639,1249.545369524751,1270.8408996155135,14682934.0
2023-07-14,1251.120361328125,1260.341562579208,1243.9989491216202,1255.3657025022662,15124144.0
2023-07-17,1276.68408203125,1285.0607786645128,1245.3227267228626,1253.9962192785829,22220040.0
2023-07-18,1287.52587890625,1295.286283587151,1274.995004828538,1285.9509768018002,25867313.0
2023-07-19,1297.294921875,1303.7543992835303,1276.8210735612868,1291.8854597114334,39122156.0
2023-07-20,1295.723876953125,1301.213635792283,1276.014839753512,1276.014839753512,38717624.0
2023-07-21,1255.6134033203125,1293.2755748788927,1248.1205739980844,1290.3576048302098,30249238.0
2023-07-24,1230.216796875,1243.8424839995957,1221.2649818512405,1227.0515368964086,23727866.0
2023-07-25,1229.425537109375,1239.0203294862108,1226.5569523456327,1233.4810641733905,12026020.0
2023-07-26,1249.406494140625,1259.693770122974,1229.0298463901022,1229.0298463901022,12911012.0
2023-07-27,1237.7838134765625,1255.06933898356,1231.6758304667376,1253.2889256301971,17226898.0
2023-07-28,1250.2225341796875,1257.6412248805652,1236.7204929547063,1242.4081558253793,20827852.0
2023-07-31,1260.8065185546875,1263.1062644351005,1245.3261593927457,1250.222567835286,8551174.0
2023-08-01,1242.976806640625,1265.6285651725407,1239.0696780480796,1263.650247759219,9536632.0
2023-08-02,1229.697509765625,1242.383422770223,1218.4458286875906,1240.9985763343113,12748214.0
2023-08-03,1224.529052734375,1236.893537376658,1215.700883147937,1224.2323775511124,10168350.0
2023-08-04,1241.1717529296875,1244.3617658987635,1222.4024889169664,1235.8550243989196,22885610.0
2023-08-07,1248.2442626953125,1250.4945023600335,1238.92139273861,1246.8346631113916,5982870.0
2023-08-08,1240.7265625,1253.4867351589849,1236.2259624118224,1250.2967221809695,9844072.0
2023-08-09,1248.911865234375,1250.7912910864598,1227.1009863432985,1238.8472469851743,11486586.0
2023-08-10,1254.475830078125,1261.177404750792,1240.6276075945868,1248.788167272386,15470598.0
2023-08-11,1259.767822265625,1265.5544976220099,1242.5565564009414,1252.4975295128647,22179330.0
2023-08-14,1274.65478515625,1277.1524353275731,1248.8130109688743,1255.7371227128601,9575812.0
2023-08-16,1273.6160888671875,1277.3996937112483,1261.672044700447,1261.672044700447,10203112.0
2023-08-17,1255.2425537109375,1275.0752365265755,1252.695518025622,1269.6348629683328,13673744.0
2023-08-18,1264.5406494140625,1274.827925208279,1240.6771930744892,1251.9041214413387,18639978.0
2023-08-21,1250.74267578125,1268.3374245054665,1248.5836072167706,1260.6443643964944,9221746.0
2023-08-22,1250.44482421875,1259.6517042081298,1240.319812990251,1249.204008079304,7713044.0
2023-08-23,1251.8345947265625,1262.0838090060652,1249.2288807667073,1252.8272476636503,9517952.0
2023-08-24,1230.7904052734375,1260.6195534341234,1226.4227081001463,1260.6195534341234,14140020.0
2023-08-25,1225.1075439453125,1243.2978613921046,1212.3271367872899,1218.9778633049934,22222400.0
2023-08-28,1212.897705078125,1232.87484375,1206.6192242506277,1226.9189266304347,12580826.0
2023-08-29,1201.2838134765625,1217.7121468384466,1195.2285336373561,1217.0173382536789,16876644.0
2023-08-30,1200.142333984375,1212.525656094156,1198.628513903965,1207.066064519438,12168946.0
2023-08-31,1194.6578369140625,1203.5917135507277,1191.133870437995,1202.5990605910981,21638600.0
2023-09-01,1197.4619140625,1203.9141576589248,1192.0023233270636,1194.4343955405523,18112842.0
2023-09-04,1196.494140625,1202.921543874001,1193.8140262826475,1197.4619529612135,9347626.0
2023-09-05,1202.89697265625,1208.033879307401,1197.362859390741,1201.1101487589585,8675876.0
2023-09-06,1205.4281005859375,1209.125708635972,1199.745186611218,1201.6560920331103,8200370.0
2023-09-07,1207.06591796875,1210.1679582595825,1196.6430625915527,1201.9537313347682,13652572.0
2023-09-08,1215.1064453125,1218.9778160313297,1202.5742018862823,1211.0365924741222,23109288.0
2023-09-11,1228.20947265625,1229.326207160582,1216.9924464989115,1216.9924464989115,13271074.0
2023-09-12,1210.4658203125,1232.3785847782628,1209.026400892418,1232.3785847782628,16255666.0
2023-09-13,1216.52099609375,1222.2783103355039,1204.2120756300537,1211.0365644667,12803338.0
2023-09-14,1217.6376953125,1223.8417758931353,1213.5181615722684,1220.9630582690309,9209636.0
2023-09-15,1219.89599609375,1224.9336610195687,1215.7516218263509,1224.9336610195687,25468592.0
2023-09-18,1209.274658203125,1216.4962329024152,1207.0908701058952,1211.061482045193,7516300.0
2023-09-20,1182.3240966796875,1204.882232531632,1168.8488809798134,1202.623922773179,57081884.0
2023-09-21,1173.7127685546875,1186.269851496792,1171.3303774506073,1178.7504333612094,12226182.0
2023-09-22,1168.823974609375,1182.4729522811776,1166.367182863141,1179.2716708437545,19176786.0
2023-09-25,1161.6273193359375,1171.6779308453931,1158.9720452955405,1166.5657437194718,14254884.0
2023-09-26,1162.644775390625,1166.4664650387544,1159.2201711598175,1160.684310036077,10087782.0
2023-09-27,1175.747802734375,1177.1872222950064,1160.6595255350553,1163.1411580463555,11722778.0
2023-09-28,1158.4757080078125,1182.7460248832851,1153.959088482433,1182.7460248832851,14518346.0
2023-09-29,1163.8856201171875,1175.847137006539,1158.475709840611,1162.2973995824232,12342014.0
2023-10-03,1150.5592041015625,1159.2201982891547,1149.4921506176527,1156.4158809171215,8859056.0
2023-10-04,1148.5738525390625,1150.981084388904,1139.1189302205564,1146.0178196869251,10286386.0
2023-10-05,1148.5491943359375,1156.1428927957072,1146.017880733707,1151.1052273242312,10953682.0
2023-10-06,1150.4847412109375,1153.8597853939605,1147.5316229908371,1150.0132553057874,5431026.0
2023-10-09,1140.6822509765625,1147.4818990309532,1139.0691900320726,1145.5711149238573,7576878.0
2023-10-10,1145.719970703125,1150.435072150941,1143.4121010954177,1144.8018394410437,10236032.0
2023-10-11,1163.910400390625,1166.2182699823193,1148.0031129607796,1148.7227620999727,9814118.0
2023-10-12,1166.0693359375,1171.0078811502246,1160.485663265934,1163.3148210249558,12554450.0
2023-10-13,1166.019775390625,1170.0896281233202,1156.0187245288932,1161.4039150831682,10150316.0
2023-10-16,1163.4140625,1168.6254903286665,1159.4186102633319,1163.885548402189,5929036.0
2023-10-17,1168.972900390625,1171.18152891328,1162.0491704758838,1169.3451452373686,7928180.0
2023-10-18,1153.4627685546875,1174.8048077319042,1151.9737890772074,1168.9729714451066,8918320.0
2023-10-19,1144.603271484375,1152.37085365543,1142.0472385636656,1147.5068298823098,12032556.0
2023-10-20,1141.104248046875,1148.846868358942,1139.7145096810816,1141.5508934053469,8913312.0
2023-10-23,1123.2860107421875,1144.6528889030683,1119.340239652529,1136.5875839948083,7853962.0
2023-10-25,1120.680419921875,1132.2200112886635,1113.2603628260954,1116.7594889591046,11620688.0
2023-10-26,1105.07080078125,1120.7050833883056,1101.993601137725,1117.2307983645155,15222534.0
2023-10-27,1124.5765380859375,1128.3982276638756,1109.761144511754,1111.7712909465938,11771084.0
2023-10-30,1147.7550048828125,1153.9590859902871,1126.6362885582769,1128.6464350717906,16813304.0
2023-10-31,1135.5452880859375,1155.4480281047179,1133.0636557231696,1155.4480281047179,12808438.0
2023-11-01,1140.2603759765625,1150.236586425296,1129.2419526519689,1136.1656826268284,10309190.0
2023-11-02,1151.57666015625,1153.6116471680004,1145.4966608528325,1148.4746196953226,10562104.0
2023-11-03,1151.3284912109375,1158.897469898072,1149.3680258840427,1155.0509397455937,8850156.0
2023-11-06,1160.9075927734375,1161.4039192346488,1154.256866662586,1157.5822297180116,10647304.0
2023-11-07,1153.3634033203125,1160.9572220726066,1151.2540159543112,1158.4507493206686,6960204.0
2023-11-08,1159.3690185546875,1161.9003321646271,1152.3460470752768,1157.4333936812945,7884494.0
2023-11-09,1146.787109375,1159.3689122452765,1143.6353879313751,1159.344192861405,14513610.0
2023-11-10,1148.9461669921875,1149.6659373563402,1140.5831381668131,1144.3055869187945,7734954.0
2023-11-13,1148.79736328125,1153.7606282722284,1147.3579437297892,1152.9167762849927,3854810.0
2023-11-15,1169.5684814453125,1172.2982770196893,1154.9516911953863,1161.4039352802765,12220648.0
2023-11-16,1171.6778564453125,1178.3534231349859,1164.8533675821152,1166.9131951067154,13134910.0
2023-11-17,1169.121826171875,1177.9067803474445,1167.3846835483773,1167.8064883385834,7758634.0
2023-11-20,1166.0445556640625,1170.5362129509904,1159.61703140789,1165.6474702823514,4490186.0
2023-11-21,1180.7109375,1185.227556641674,1171.4296571663483,1174.3083747965666,8214450.0
2023-11-22,1185.3267822265625,1188.4288224829827,1177.3855591701267,1178.7752974396924,8534814.0
2023-11-23,1188.9500732421875,1191.1835423841578,1185.3268657327444,1185.3268657327444,8531542.0
2023-11-24,1188.1558837890625,1192.474021001291,1186.7414260587238,1187.0144298509326,6749486.0
2023-11-28,1188.404052734375,1191.034607263244,1178.899449291774,1188.1558894990753,13792174.0
2023-11-29,1191.5308837890625,1197.1145563492605,1190.2156671664848,1195.1540911072586,12531306.0
2023-11-30,1179.9913330078125,1191.530923348677,1176.2440439527552,1188.5529645510346,28439984.0
2023-12-01,1188.3544921875,1189.3967050711567,1180.0658643673892,1180.2643464861462,14342842.0
2023-12-04,1201.2093505859375,1215.9999042684663,1190.4887710727894,1215.9999042684663,15590990.0
2023-12-05,1209.919921875,1211.4585824899339,1201.929016778731,1210.5403299982054,12693624.0
2023-12-06,1221.5091552734375,1227.3905513904704,1208.5549856031337,1214.560584514323,16422442.0
2023-12-07,1219.4989013671875,1221.4345260102064,1212.0291642243994,1220.9630401277734,8142096.0
2023-12-08,1218.8536376953125,1229.2516522307412,1213.5181285411948,1222.8739302715144,10204894.0
2023-12-11,1220.6405029296875,1224.7351961410227,1217.1909371644088,1218.9777608532804,7066138.0
2023-12-12,1203.1201171875,1223.4198198791,1201.1843713898427,1220.9630282642331,9197124.0
2023-12-13,1208.03369140625,1210.2176004047437,1194.3103140708777,1202.102614795848,10031182.0
2023-12-14,1223.0228271484375,1228.3831772791464,1212.3518080035872,1217.9851619285064,16972354.0
2023-12-15,1238.63232421875,1240.8161121066785,1225.9511593183302,1229.8969303201395,15932152.0
2023-12-18,1251.239013671875,1258.1379030406688,1236.3243792186838,1238.6323699765335,14165188.0
2023-12-19,1269.6527099609375,1277.4945707453207,1253.3234974409622,1268.1140495332209,16820604.0
2023-12-20,1254.2913818359375,1289.8780864366483,1250.7426960684581,1276.080186427869,17736722.0
2023-12-21,1271.8614501953125,1277.2962009364337,1249.8741628164655,1254.2170195322976,13765454.0
2023-12-22,1273.102294921875,1280.9689971307214,1264.4661412408368,1270.3973397701047,16541784.0
2023-12-26,1279.554443359375,1286.453332624264,1271.935783794956,1274.5663382448713,7465664.0
2023-12-27,1283.9222412109375,1290.3992050276352,1277.0977519092014,1281.5150092423955,9204156.0
2023-12-28,1293.2034912109375,1296.4047727896045,1283.922210219302,1285.38634910855,12302636.0
2023-12-29,1282.97900390625,1297.3973111899322,1280.1748079960485,1295.958012986606,10864584.0
2024-01-01,1285.609619140625,1293.848686885263,1277.1223881648045,1280.7952766903763,4030540.0
2024-01-02,1296.255859375,1297.8937610136477,1277.0480485996618,1283.0039664322292,7448800.0
2024-01-03,1282.16015625,1307.3238832997818,1279.132516403198,1295.412048372221,9037536.0
2024-01-04,1288.7860107421875,1295.337616733607,1280.0755785995668,1284.4928354763001,9612778.0
2024-01-05,1294.2705078125,1300.3009471094986,1289.456165302221,1291.8881165287519,8086406.0
2024-01-08,1284.1702880859375,1306.3063750382337,1275.0378087074926,1295.4120337021336,7734652.0
2024-01-09,1280.7705078125,1293.8239187379374,1279.1326061603381,1290.448874370277,5403074.0
2024-01-10,1315.3148193359375,1319.7320764251056,1278.0654937339266,1279.0333061103788,11102740.0
2024-01-11,1349.9088134765625,1352.489686993197,1318.7394856296971,1319.7321386109766,23725852.0
2024-01-12,1360.6541748046875,1363.2350482099334,1335.8626919019084,1349.9087552154863,15012164.0
2024-01-15,1383.88232421875,1386.1901939086483,1355.9639593887296,1364.897836134336,8610594.0
2024-01-16,1364.5255126953125,1386.0413130880693,1360.4308194226976,1379.7627106993223,9069024.0
2024-01-17,1351.5712890625,1376.0898877655304,1345.0694854389078,1349.511582817391,12197382.0
2024-01-18,1357.8995361328125,1360.92717605878,1341.3222805612156,1341.4712027363942,10279438.0
2024-01-19,1357.4031982421875,1365.890429247957,1349.015329468004,1365.890429247957,10422704.0
2024-01-23,1318.8138427734375,1361.6716823004633,1312.8332056966303,1361.6716823004633,20055420.0
2024-01-24,1334.00146484375,1339.5851376107455,1314.1980872328543,1325.4149927095905,21919128.0
2024-01-25,1343.1337890625,1354.1274927557365,1325.390118278632,1333.0831783387705,11808872.0
2024-01-29,1437.4111328125,1441.8283899094502,1350.1817560391485,1354.474931519067,23893438.0
2024-01-30,1397.2830810546875,1449.2484377227322,1394.1066401470152,1449.2235971647833,14093978.0
2024-01-31,1416.1435546875,1423.7125336444733,1392.195801594125,1393.6847810610707,15130226.0
2024-02-01,1416.1683349609375,1432.745590517861,1407.631543948549,1424.4569627393994,13349362.0
2024-02-02,1446.9901123046875,1464.0638152243819,1422.6453963923934,1422.6453963923934,19652588.0
2024-02-05,1428.452392578125,1459.6961190035063,1421.007495677393,1450.0177530325548,8814432.0
2024-02-06,1417.309814453125,1431.2565145548228,1409.3933108861847,1431.2565145548228,9047984.0
2024-02-07,1431.554443359375,1438.8504181404362,1418.7491963623445,1425.3752031215413,9296568.0
2024-02-08,1439.4708251953125,1448.752105824393,1417.0368932886952,1439.3467435794867,14694634.0
2024-02-09,1450.0177001953125,1461.1602045826953,1440.2896534634558,1443.31729322881,12556798.0
2024-02-12,1441.679443359375,1450.2659153474917,1431.7529141646626,1450.017752117624,6674430.0
2024-02-13,1454.3358154296875,1468.1337156942297,1443.3173918995335,1444.8063713272154,7715594.0
2024-02-14,1470.4912109375,1472.749520552248,1446.7916226083244,1446.7916226083244,7117888.0
2024-02-15,1459.7952880859375,1473.8165098910026,1455.750276105359,1472.4516121931645,10006782.0
2024-02-16,1449.843994140625,1466.1483668657747,1447.8339689108675,1465.6271998466532,9767498.0
2024-02-19,1463.17041015625,1468.6300012389227,1442.8458657695369,1451.3082561823699,6729828.0
2024-02-20,1460.2174072265625,1464.659505178025,1451.0602075132595,1464.1880192365334,7117496.0
2024-02-21,1456.916748046875,1477.5888193115914,1446.8414171157522,1463.170510366537,12720292.0
2024-02-22,1470.8634033203125,1474.0398440634356,1447.2878974462733,1457.3633484018678,18493728.0
2024-02-23,1482.6512451171875,1486.5474563697878,1472.4517119404402,1478.556551746289,14438584.0
2024-02-26,1476.3974609375,1483.5446346905887,1471.607959051116,1482.5768223248915,7513106.0
2024-02-27,1474.73486328125,1488.9297276070065,1467.1907251784094,1472.1291493159843,10826044.0
2024-02-28,1444.930419921875,1480.3185210789975,1439.5205099276588,1472.1042938560004,8647950.0
2024-02-29,1450.0675048828125,1468.1088998815815,1443.8385832706604,1454.2365988812116,23628976.0
2024-03-01,1481.1622314453125,1488.979373154373,1451.7548888255137,1452.7475417409498,12132926.0
2024-03-04,1496.3250732421875,1501.337897909408,1476.2982516112518,1479.5243736818861,10024420.0
2024-03-05,1489.1778564453125,1496.3250301461744,1475.1319146195472,1494.7119691573153,7107668.0
2024-03-06,1491.9573974609375,1497.9133152152726,1467.6373999640691,1482.4775132325713,7805676.0
2024-03-07,1468.059326171875,1492.056638756749,1464.7091224345347,1491.9325571368477,8315726.0
2024-03-11,1455.82470703125,1478.060156044582,1452.7475073010382,1478.060156044582,11277130.0
2024-03-12,1464.5850830078125,1477.0676458601295,1454.2614676999044,1455.8248476863198,9432678.0
2024-03-13,1421.6527099609375,1472.2034859914554,1417.2850129833478,1468.9029635812572,13522134.0
2024-03-14,1420.9578857421875,1437.882667347047,1415.0268084821887,1429.1224321842872,18571102.0
2024-03-15,1407.80517578125,1422.694969713975,1402.5193474045138,1415.4733954219128,19223818.0
2024-03-18,1428.8990478515625,1431.1325169373013,1406.1177116464064,1409.5671563330236,9169392.0
2024-03-19,1414.778564453125,1427.0378036957165,1406.8373411480031,1418.252849649116,8275764.0
2024-03-20,1433.142578125,1434.3833942099568,1413.5625245390722,1417.458614341769,8488806.0
2024-03-21,1440.3145751953125,1447.1887452733042,1434.060934378195,1441.8532357214951,13006936.0
2024-03-22,1444.3348388671875,1449.2732629085037,1436.716179238339,1439.321893152815,19527608.0
2024-03-26,1430.983642578125,1441.7291835759677,1428.4276096750873,1434.3835274360674,11415906.0
2024-03-27,1481.8819580078125,1488.9794509587407,1436.368843691532,1437.3614966588377,16326644.0
2024-03-28,1474.933349609375,1494.8856495085238,1467.786296896486,1481.90676076149,21854364.0
2024-04-01,1473.8663330078125,1482.9986918329437,1471.6080232736622,1481.509712382751,5013880.0
2024-04-02,1476.025146484375,1483.0233977342266,1464.1629930776332,1473.0968689675985,8910166.0
2024-04-03,1460.7880859375,1473.5436523631188,1458.1079713887636,1471.186101560143,7008292.0
2024-04-04,1452.1768798828125,1468.878217464342,1439.3467919062653,1468.878217464342,14490272.0
2024-04-05,1449.3724365234375,1459.9938949751336,1445.3025839763254,1450.1417667351745,7442298.0
2024-04-08,1475.057373046875,1480.0206375610207,1450.2658910334067,1452.226356281804,8357118.0
2024-04-09,1452.896484375,1478.8543827139295,1451.7549092714805,1478.060211901015,7071414.0
2024-04-10,1468.7044677734375,1476.0749645358123,1455.5766564963697,1455.5766564963697,9138330.0
2024-04-12,1456.3707275390625,1475.5536963762681,1452.3255942645226,1465.031599863232,15551012.0
2024-04-15,1454.062744140625,1471.2356878788278,1435.6986653849476,1450.2658952456557,12902062.0
2024-04-16,1454.9810791015625,1460.3662698899807,1440.265047408789,1442.6721581376476,9366184.0
2024-04-18,1453.56640625,1475.0822062813913,1448.6279823176308,1452.7475160786112,19005692.0
2024-04-19,1459.323974609375,1463.1705049395248,1432.4231028577299,1446.0720814485837,15741778.0
2024-04-22,1468.9774169921875,1471.9305352298081,1457.0160218672338,1461.6317610616636,10350362.0
2024-04-23,1448.603271484375,1482.5272357774581,1444.8561033979943,1468.1337674689391,14605554.0
2024-04-24,1439.5205078125,1457.7605053579202,1438.8504186169605,1452.7475596039474,10462776.0
2024-04-25,1449.2484130859375,1457.189636393573,1430.9091747445573,1431.9018276580116,15943926.0
2024-04-26,1441.878173828125,1454.2366552962403,1439.346860190818,1453.1943211694756,9413848.0
2024-04-29,1454.2613525390625,1457.1152296530197,1439.3467183436048,1439.3467183436048,7247974.0
2024-04-30,1456.2218017578125,1472.178648628076,1452.1271085524606,1457.2144546560796,11474262.0
2024-05-02,1455.7752685546875,1466.4710074185996,1453.368036621592,1461.185178797564,14512646.0
2024-05-03,1423.46435546875,1464.1134460205978,1405.7455242326487,1460.1925152681529,17226958.0
2024-05-06,1409.095703125,1429.4202480421582,1407.5818831415143,1424.9533097670264,7394208.0
2024-05-07,1391.17822265625,1410.311631866643,1381.772860502106,1405.571689953147,14517472.0
2024-05-08,1408.1279296875,1422.4220356245855,1387.2325360419566,1387.2325360419566,9439002.0
2024-05-09,1383.88232421875,1413.2896685063718,1379.787630710347,1402.6186490602306,11009612.0
2024-05-10,1397.0845947265625,1399.6406275450738,1377.8766636438304,1386.4879762578594,10505096.0
2024-05-13,1392.394287109375,1396.6379028351905,1373.8317248456565,1389.6149314683873,8456620.0
2024-05-14,1409.6414794921875,1416.590049599915,1389.738862101979,1390.6818338615062,7188300.0
2024-05-15,1405.86962890625,1419.468926315315,1402.6435067088078,1410.063563528233,5046534.0
2024-05-16,1414.8778076171875,1417.0120356183081,1387.75361519461,1408.1278405018506,14711774.0
2024-05-17,1425.15185546875,1426.6408349602225,1402.8668442157614,1412.5948920294334,10916476.0
2024-05-21,1425.57373046875,1431.231803864575,1415.1260338425998,1415.1260338425998,11176128.0
2024-05-22,1449.9185791015625,1457.9838844507517,1425.7226630539947,1425.7226630539947,10281604.0
2024-05-23,1475.1319580078125,1481.2615172416956,1444.3100355832012,1447.8340020088174,14608260.0
2024-05-24,1469.37451171875,1477.5638984586112,1465.2549777906743,1472.724715385057,7094776.0
2024-05-27,1455.4774169921875,1473.990419113941,1450.8119965034373,1469.3497180106694,6629010.0
2024-05-28,1445.5010986328125,1467.6373066821805,1442.0764946111178,1457.2144512745626,7820162.0
2024-05-29,1430.1895751953125,1447.287997987601,1427.8815843874524,1435.8724890871501,7383556.0
2024-05-30,1414.3814697265625,1429.817270893488,1409.6663684202383,1424.9532474164846,13206858.0
2024-05-31,1419.8907470703125,1431.653659822201,1411.800601617005,1420.7841589242364,31069832.0
2024-06-03,1499.228515625,1503.3728901534053,1448.2806515244756,1472.1043222829317,21527942.0
2024-06-04,1387.0091552734375,1487.0437791255476,1349.3131842665355,1487.0437791255476,36709098.0
2024-06-05,1410.3116455078125,1420.6352601794422,1373.9308915121778,1411.5524616660985,17464890.0
2024-06-06,1421.0819091796875,1433.0929853880773,1410.9072166555904,1424.4569533735907,17855722.0
2024-06-07,1459.1500244140625,1461.1850112482903,1416.0193060772324,1418.004611799037,18558696.0
2024-06-10,1460.5894775390625,1482.3781598703026,1457.2888339961758,1459.150058153404,9251760.0
2024-06-11,1445.9727783203125,1462.847878399236,1443.9874724286744,1458.20717740815,11774902.0
2024-06-12,1452.5738525390625,1465.1557773484808,1444.4838278075101,1446.7916974833406,10081742.0
2024-06-13,1454.4847412109375,1461.433311890669,1449.3725542618724,1461.1851486521073,9181160.0
2024-06-14,1466.6944580078125,1468.8038455887872,1446.518713499826,1459.199879544848,8157998.0
2024-06-18,1470.1439208984375,1476.4720837189377,1460.5399547367645,1476.4224025999808,7196766.0
2024-06-19,1447.9332275390625,1476.571240472528,1445.3026730272272,1476.571240472528,8725874.0
2024-06-20,1462.8726806640625,1471.9554798675892,1439.446094050177,1448.280730003189,16113776.0
2024-06-21,1443.515869140625,1463.8652545834836,1429.9909727182371,1462.7982011333013,31170360.0
2024-06-24,1430.88427734375,1438.8503408924523,1426.9385064042085,1434.9045699529108,8878386.0
2024-06-25,1443.46630859375,1445.2282918111714,1430.4128980926341,1432.3982039886682,7045386.0
2024-06-26,1502.9013671875,1507.8149506909176,1434.5075565031482,1435.425808927042,22014882.0
2024-06-27,1519.304931640625,1526.2038207675607,1494.9352546835423,1502.6283145931025,28383030.0
2024-06-28,1553.89892578125,1569.3842873036351,1519.7764812043604,1519.7764812043604,28957336.0
2024-07-01,1548.6875,1567.7960689891884,1544.2454023527885,1551.0450507194453,7724306.0
2024-07-02,1553.6756591796875,1561.9394466769938,1545.5606726889605,1557.968834801107,7749246.0
2024-07-03,1541.019287109375,1563.4283787351976,1531.440162014497,1554.8170660210362,9049620.0
2024-07-04,1542.6075439453125,1555.983518377374,1539.4062623766438,1545.5606622734106,6837176.0
2024-07-05,1576.9532470703125,1586.755694667964,1536.6267221432645,1542.4088769403465,12269710.0
2024-07-08,1589.13818359375,1596.9801663885871,1570.898185044045,1577.3255888697254,9500806.0
2024-07-09,1578.5911865234375,1588.7410386525216,1568.887979750272,1585.8623208770043,6960002.0
2024-07-10,1572.5855712890625,1585.7630632323035,1551.6654591589945,1583.2814308954767,7134578.0
2024-07-11,1569.036865234375,1592.4634499565013,1558.9614138424095,1575.8365135146928,11940946.0
2024-07-12,1584.9937744140625,1593.3569240772113,1562.9320865975437,1572.8586162043875,12924784.0
2024-07-15,1585.4901123046875,1594.0517441522056,1573.8512804915936,1592.6620057625546,5329688.0
2024-07-16,1564.669189453125,1588.24469666931,1557.5965372882695,1581.792452589091,9386838.0
2024-07-18,1575.0177001953125,1582.1895936713806,1546.3795650620239,1564.4210812674708,12298374.0
2024-07-19,1543.7242431640625,1578.293333314245,1541.3915329908289,1574.3475621142547,13140390.0
2024-07-22,1489.6495361328125,1526.203933085127,1488.2597977476694,1525.9557698439748,19674376.0
2024-07-23,1476.96826171875,1494.6870915999891,1452.2511804820083,1489.9719903646578,18052044.0
2024-07-24,1484.7109375,1498.4095963901725,1465.552808673545,1474.0895996286229,11913362.0
2024-07-25,1481.4351806640625,1489.4508041915794,1466.2227025912728,1470.1189136102262,12519876.0
2024-07-26,1497.9381103515625,1501.3131545447015,1479.4002684339398,1481.4352554076795,9859940.0
2024-07-29,1508.9317626953125,1516.2774189432153,1500.6679751498336,1500.8416167163412,7538550.0
2024-07-30,1502.03271484375,1513.795627121447,1498.9058340677934,1505.8792447159437,8228208.0
2024-07-31,1494.364501953125,1499.3524857083617,1490.1208866802617,1492.9499231376883,10057346.0
2024-08-01,1504.1671142578125,1506.8472288436842,1493.2479314401046,1500.8913109431162,10764222.0
2024-08-02,1488.3092041015625,1498.2357327232485,1482.3037269895096,1493.9425575637474,10268248.0
2024-08-05,1436.6912841796875,1472.9976360481728,1422.7197433328897,1469.1262655731218,17046704.0
2024-08-06,1445.3524169921875,1466.6447748995176,1440.6620347326755,1444.4590050773538,10236186.0
2024-08-07,1454.062744140625,1461.6814036613468,1450.7622216985117,1458.2071184913539,8174568.0
2024-08-08,1438.478271484375,1454.2366377811502,1435.3018303695276,1446.816580877676,12387192.0
2024-08-09,1463.46826171875,1465.6520496932055,1445.3026646483625,1449.2732763644294,6249776.0
2024-08-12,1449.8936767578125,1462.1777566892652,1447.0397996020206,1459.199797918004,8184584.0
2024-08-13,1452.8717041015625,1459.2742672925806,1447.28803114191,1450.0178268110735,6265064.0
2024-08-14,1451.1097412109375,1461.1851932386814,1443.0195951522678,1452.7973239887267,6267466.0
2024-08-16,1467.339599609375,1469.5235088888628,1447.3377388233519,1457.8598362701878,9416902.0
2024-08-19,1482.4791259765625,1492.3397678065596,1474.6105280885965,1476.6025720306277,13797742.0
2024-08-20,1489.9990234375,1497.9423959482733,1484.0976661921165,1491.268975771349,8411808.0
2024-08-21,1492.7132568359375,1501.8766102174725,1484.072717714687,1487.30978907883,7769996.0
2024-08-22,1492.1654052734375,1500.5070892244864,1484.720165407205,1497.0210123494212,10445782.0
2024-08-23,1494.008056640625,1505.3128818837536,1492.4642955105633,1497.768063961028,9249654.0
2024-08-26,1506.5828857421875,1516.941539085057,1497.021098650585,1500.9802618699923,8816114.0
2024-08-27,1494.481201171875,1507.4544123852302,1493.485179145279,1504.4912711730515,6251156.0
2024-08-28,1492.33984375,1501.4782728482842,1487.0608784010915,1499.0131426615155,9610286.0
2024-08-29,1514.874755859375,1530.885760314005,1488.0568158159556,1497.1205913811584,38335358.0
2024-08-30,1503.6197509765625,1533.599989641746,1497.3447635789732,1527.89778785993,41620730.0
2024-09-02,1510.2183837890625,1520.7264647058682,1500.6316718721823,1504.8647654458696,11240852.0
2024-09-03,1503.1217041015625,1516.941509382377,1501.5031683479538,1515.1984708784905,10923800.0
2024-09-04,1508.525146484375,1511.4633627071519,1493.534966971581,1494.7301447200666,11983304.0
2024-09-05,1487.035888671875,1519.7054581926027,1481.1345314015284,1513.0072347057646,16264168.0
2024-09-06,1458.997802734375,1491.0448575756723,1455.8105811316245,1486.5627588054047,19394228.0
2024-09-09,1456.63232421875,1464.07768593117,1449.809597840599,1460.666261949736,9010298.0
2024-09-10,1455.7110595703125,1466.1942153054945,1451.7766997689328,1454.6901127162012,10768260.0
2024-09-11,1445.7259521484375,1462.9073318760024,1441.7917138302157,1457.2300550346945,9760202.0
2024-09-12,1473.913330078125,1480.088617533546,1440.1232367942907,1451.2039809867947,22349376.0
2024-09-13,1466.766845703125,1477.2500011980833,1463.6542770635715,1470.5268529366479,8711328.0
2024-09-16,1465.4969482421875,1475.0090069946318,1458.9232273463058,1471.6723576050656,5481774.0
2024-09-17,1466.4432373046875,1471.5975781970765,1460.790763828237,1468.1364260685732,5935328.0
2024-09-18,1457.6282958984375,1476.10455198121,1454.7399294679985,1464.1522884024148,8574714.0
2024-09-19,1463.82861328125,1470.6264144806405,1449.7598031867433,1460.4171894563083,16955902.0
2024-09-20,1480.0140380859375,1489.0528890965668,1465.5218693608433,1468.136427109257,30897320.0
2024-09-23,1487.434326171875,1495.5270047691104,1483.026880271187,1485.0687739665293,8832314.0
2024-09-24,1483.4501953125,1494.530939532627,1481.9561623839436,1482.5786761041754,17137444.0
2024-09-25,1488.0069580078125,1490.5468626388433,1474.3116560624171,1477.9970102640052,7069002.0
2024-09-26,1491.9910888671875,1498.017070530802,1482.1305684499498,1484.7202013028073,18818998.0
2024-09-27,1520.1038818359375,1527.3747692811157,1486.0647823070499,1493.0369361114394,20597478.0
2024-09-30,1470.701171875,1518.9086621673466,1468.5348969230117,1513.3558880158446,27008814.0
2024-10-01,1458.997802734375,1482.0308103038055,1457.0057588364782,1474.7599230273088,16431642.0
2024-10-03,1401.3780517578125,1443.634334423912,1396.4975195620746,1430.8602791168494,37757294.0
2024-10-04,1381.0093994140625,1411.711728297617,1376.2782950115372,1398.34020617394,37072876.0
2024-10-07,1365.272216796875,1390.9447078848398,1355.9594355150189,1387.9566419173104,22181340.0
2024-10-08,1391.791259765625,1395.4267642320656,1359.669551595401,1367.513224520688,17020808.0
2024-10-09,1369.1318359375,1395.4019165531051,1367.0402140253339,1391.9656892391695,14310610.0
2024-10-10,1365.595947265625,1380.4864268287754,1363.9774115920343,1374.5352199766685,22358646.0
2024-10-11,1366.6417236328125,1377.7723178051706,1363.3797273571677,1364.5501018082973,7980122.0
2024-10-14,1367.0650634765625,1374.5849563155427,1362.8070452852592,1373.962442591221,12221432.0
2024-10-15,1338.678466796875,1366.243302159234,1335.3666207605413,1353.1207855156183,33762794.0
2024-10-16,1348.6884765625,1358.5740438069333,1332.3039628645522,1334.6695151768993,20034438.0
2024-10-17,1351.0291748046875,1363.0062419523483,1346.6715786036464,1360.2671814831224,15543660.0
2024-10-18,1353.8927001953125,1362.9814005892638,1335.9891081789099,1346.796043723323,12082452.0
2024-10-21,1363.7532958984375,1368.5342502099143,1352.3239675798945,1361.686598848784,14067408.0
2024-10-22,1338.006103515625,1370.5262455038624,1334.8935348257999,1363.7532474009167,15831960.0
2024-10-23,1333.2003173828125,1352.0748848775756,1329.689315659354,1332.1793705575924,17214742.0
2024-10-24,1334.4703369140625,1338.3547254831988,1317.8616212723593,1329.9633130042932,22155934.0
2024-10-25,1322.5677490234375,1339.002111534351,1316.7410448137834,1338.1555171764887,18597496.0
2024-10-28,1329.0418701171875,1347.6177038778262,1316.8406011796387,1331.6813526124565,10824350.0
2024-10-29,1334.66943359375,1337.856655249044,1315.0478495098762,1322.8167478889227,12008361.0
2024-10-30,1338.553955078125,1344.62966480214,1320.0776988278842,1329.6893351932274,11984423.0
2024-10-31,1326.7510986328125,1337.6574904459744,1320.8745447599274,1334.6694245700712,9331650.0
2024-11-01,1333.3248291015625,1336.6116286385318,1327.6972806767253,1327.7471304089104,2127335.0
2024-11-04,1296.9700927734375,1334.6695017714562,1279.9878687625326,1332.5280301195805,19796890.0
2024-11-05,1300.1075439453125,1304.3406373759979,1281.0336986406933,1287.8564249120313,16267479.0
2024-11-06,1320.0777587890625,1323.0160966964434,1295.0277806900112,1304.7888451117578,21625209.0
2024-11-07,1300.4561767578125,1318.7331565363688,1297.4182609581876,1318.7331565363688,9611974.0
2024-11-08,1278.6431884765625,1296.4720058402277,1269.9279963447846,1292.4879180085577,19814406.0
2024-11-11,1267.6370849609375,1280.884225507143,1261.9598084895413,1273.8622221377802,9056552.0
2024-11-12,1269.1810302734375,1284.1712099692156,1262.4578817905294,1270.4759075040322,10671091.0
2024-11-13,1247.0693359375,1270.3761523895544,1244.5294313213271,1265.196886863478,14633633.0
2024-11-14,1262.5574951171875,1267.537605244334,1246.1231316976048,1248.613186761178,12612633.0
2024-11-18,1255.7347412109375,1267.8364328732807,1238.951794764919,1262.55746761959,13620611.0
2024-11-19,1236.710693359375,1276.4021442257297,1230.236550606767,1255.734688515481,14183746.0
2024-11-21,1218.1348876953125,1239.0014996478671,1212.407761281373,1236.7107220331202,19433843.0
2024-11-22,1260.3662109375,1263.8024380613526,1217.586994857739,1224.509420421979,20471957.0
2024-11-25,1281.8802490234375,1299.260783408558,1277.3483005192684,1284.868314871977,28923341.0
2024-11-26,1290.545654296875,1292.687125909721,1279.0914013187908,1289.7986377983043,9247557.0
2024-11-27,1288.0555419921875,1298.6632001168684,1280.8842325588682,1288.3543972122054,9572746.0
2024-11-28,1265.7447509765625,1291.442044503892,1264.0017125526565,1284.818474176107,15027412.0
2024-11-29,1287.0595703125,1294.3305794929802,1270.177046170391,1274.9081506356404,13202307.0
2024-12-02,1303.9422607421875,1306.133460567327,1271.9699779978703,1282.876370557777,11024152.0
2024-12-03,1318.035888671875,1321.5219654799555,1301.8006823317874,1311.7609017834461,16869482.0
2024-12-04,1303.742919921875,1323.1156203515295,1298.8625094957517,1320.7251432865569,19608540.0
2024-12-05,1316.7908935546875,1324.6593698468237,1300.9541199209712,1309.1214514378748,16858723.0
2024-12-06,1306.3326416015625,1318.6334884089777,1304.7887589399247,1318.6334884089777,9037514.0
2024-12-09,1289.9979248046875,1309.7689372979064,1287.9560310594236,1297.8166732313093,14650002.0
2024-12-10,1279.73876953125,1289.7488386952925,1275.107243177966,1284.121290398709,16043729.0
2024-12-11,1273.115234375,1284.8683422637005,1270.9738844056644,1279.8882324099652,11724373.0
2024-12-12,1257.876220703125,1273.1152845047754,1255.5853214463157,1264.9479526569407,20906813.0
2024-12-13,1267.78662109375,1270.1272485556606,1234.6688884780408,1254.9877622795104,28630222.0
2024-12-16,1263.2547607421875,1275.904191603511,1261.511722229068,1269.9280595585296,9486781.0
2024-12-17,1240.34619140625,1258.8721754853295,1237.8561365143116,1256.033537225462,17462791.0
2024-12-18,1248.2645263671875,1254.9378248920182,1235.714673937889,1235.714673937889,12670179.0
2024-12-19,1225.55517578125,1239.947766097918,1224.1109925687356,1234.0712121990753,14244653.0
2024-12-20,1200.50537109375,1234.5692750261348,1196.7204388413884,1219.1309339507777,20312896.0
2024-12-23,1217.437744140625,1222.3181546925216,1208.3738466363206,1210.1667348774333,10052824.0
2024-12-24,1217.8858642578125,1228.6429501715868,1216.1428258096823,1217.4377030050357,6734917.0
2024-12-26,1211.7105712890625,1222.8161189414398,1209.4196721335327,1219.3798917928577,10016178.0
2024-12-27,1216.1927490234375,1223.0154756156849,1212.1588111658666,1213.4536884394554,7000397.0
2024-12-30,1205.8837890625,1218.3340640862093,1203.294156174512,1211.5611874241417,8818766.0
