Date,Close,High,Low,Open,Volume
2014-01-01,155.0352020263672,155.90038864656154,154.7014203649522,155.64565630409234,5904780.0
2014-01-02,153.06321716308594,158.632037330821,152.14972741660685,155.10980035773375,19451900.0
2014-01-03,151.0474090576172,152.48353846849045,150.28763505392538,151.69300519760856,13759590.0
2014-01-06,148.2805633544922,151.42948107443553,147.7403663360185,151.245032709016,13907830.0
2014-01-07,145.9309539794922,149.49709891181791,145.36880325226937,148.69778686761234,17352910.0
2014-01-08,145.55763244628906,147.38462546866432,145.01744885113217,146.18127483578502,14248790.0
2014-01-09,144.03367614746094,146.04951363762726,143.17288586252405,145.19311944787853,14791100.0
2014-01-10,141.253662109375,145.4566237747581,140.53779556876006,144.01171581130276,20473070.0
2014-01-13,144.16104125976562,144.49920551862172,141.42933721524597,141.42933721524597,15564850.0
2014-01-14,142.9533233642578,144.84179508601088,142.5888092663989,143.61209443966914,10197000.0
2014-01-15,144.11273193359375,145.632293092852,143.34854855762308,143.34854855762308,13624980.0
2014-01-16,143.7174530029297,145.083311616944,143.38806755809148,144.41574853765928,7241970.0
2014-01-17,142.43067932128906,144.4465169501302,142.0310233108212,143.5725517222357,11207380.0
2014-01-20,144.21372985839844,144.56946506818613,142.0002559064864,142.4306577146362,9468650.0
2014-01-21,145.76400756835938,146.92345053995354,144.59578581160784,145.27212754503776,12351890.0
2014-01-22,144.6529083251953,145.62788976801292,143.63400614297134,145.28093335024923,9821920.0
2014-01-23,145.65866088867188,146.0714917857818,143.7130937603596,143.96341655320822,9241310.0
2014-01-24,142.39991760253906,146.23836527218947,142.1188489797716,144.84176073743973,16616560.0
2014-01-27,140.05470275878906,140.8891432903308,139.0489753451403,140.35334237593378,15688040.0
2014-01-28,140.21279907226562,142.99720239699192,138.627350177244,140.80568214497643,18296910.0
2014-01-29,138.22332763671875,142.45262594115283,137.902720944572,141.67967712869535,17594550.0
2014-01-30,133.21226501464844,136.8486799067583,132.63693949133932,136.5851688618489,20955320.0
2014-01-31,133.84909057617188,135.1798074960639,132.89607600925132,134.43320838417026,13174950.0
2014-02-03,130.73089599609375,134.30142304029798,130.43663909487452,133.9500839189789,14150230.0
2014-02-04,133.1068572998047,133.68657893872455,128.83802110883576,129.47044227807035,18002040.0
2014-02-05,133.6602325439453,134.38049521701922,131.85081047629234,133.41429246112233,13227190.0
2014-02-06,132.18020629882812,135.08318408351792,131.17887491102798,133.69538496583573,16116300.0
2014-02-07,134.178466796875,134.80210921444476,132.0616262588813,133.51531313202932,18203400.0
2014-02-10,132.99269104003906,134.6396185195242,132.39539837139276,134.42002818892618,10494640.0
2014-02-11,133.4845428466797,134.1696634602158,133.02779130341318,133.0673159461871,7118720.0
2014-02-12,134.60887145996094,135.26764244589876,133.339632927077,134.1345622472869,15539930.0
2014-02-13,131.802490234375,134.8987216657934,131.40723035452322,134.6527815893199,13251910.0
2014-02-14,129.5670623779297,133.05415759153206,127.81033988856744,131.95620603568065,45823350.0
2014-02-17,129.43531799316406,130.42787052258083,128.52621085707324,129.11910739812072,16601150.0
2014-02-18,131.83761596679688,132.61496074827562,129.21570743601563,129.7339372903348,13981720.0
2014-02-19,132.46127319335938,133.07174074759115,131.57852917552395,131.74541997172344,9753850.0
2014-02-20,130.0501708984375,131.8464181343128,129.67686466836287,131.49068288286264,10363320.0
2014-02-21,131.93865966796875,132.193378553362,130.43665591477915,130.43665591477915,9430050.0
2014-02-24,132.6764678955078,133.28253929514685,130.80555416666192,131.82006032597806,10295950.0
2014-02-25,132.2811737060547,133.59871522343482,131.67510246362377,133.24736277716488,9445490.0
2014-02-26,133.54605102539062,134.81089348795777,132.21973023900077,132.63256113727562,31769610.0
2014-02-28,134.6747283935547,135.2149253568742,133.3352329238095,134.3189931795508,13109410.0
2014-03-03,133.36598205566406,136.90138061354924,133.08050393629674,134.38926698221695,16179310.0
2014-03-04,136.17672729492188,136.57198714112977,133.07171734032624,133.33522837204077,17249460.0
2014-03-05,138.48243713378906,138.95674630899256,135.2676317597276,137.02435425011367,25001030.0
2014-03-06,138.55271911621094,139.0885200562611,137.20003518106063,139.0885200562611,22604310.0
2014-03-07,144.89883422851562,146.19881829377204,138.98307174173084,139.13239151894408,51525570.0
2014-03-10,148.63189697265625,150.28761652080655,144.0512462314041,144.40258537331584,44180640.0
2014-03-11,148.42364501953125,152.61546189009863,147.64820501054433,149.7706988786138,25625230.0
2014-03-12,145.79156494140625,148.35273172619418,145.11804483807975,147.04999155484745,17206710.0
2014-03-13,146.41189575195312,150.30238728919724,145.59656432771843,146.2257842584091,29306490.0
2014-03-14,146.59361267089844,147.89193115035178,144.80788554792076,144.98513980658564,17043720.0
2014-03-18,150.7720947265625,151.45447204494155,146.6689059018946,146.6689059018946,29193580.0
2014-03-19,151.44122314453125,152.3850466373074,150.35117976197074,151.54314299187283,17798490.0
2014-03-20,148.7028045654297,151.1886506946386,148.2198178430031,151.1886506946386,14052620.0
2014-03-21,150.84744262695312,151.70263889547823,149.68206495987283,150.47966847504338,16902930.0
2014-03-24,152.9256134033203,154.19291082833055,151.62730865844762,151.62730865844762,16494770.0
2014-03-25,154.50306701660156,154.8841473546086,153.1471561017311,153.56367916944666,16789650.0
2014-03-26,156.63885498046875,157.21489062227698,154.3391207802772,155.45574933378475,20279380.0
2014-03-27,162.79808044433594,164.2869322212707,157.7466456205572,157.7466456205572,48585150.0
2014-03-28,168.55406188964844,169.79476037691683,164.52619341210365,164.52619341210365,33298740.0
2014-03-31,169.9498748779297,171.81979369595362,167.0696690008493,169.71059244950544,25924470.0
2014-04-01,167.81849670410156,171.35449408256667,165.5010342479689,170.8626501101873,22272160.0
2014-04-02,171.4741668701172,171.92613276336905,167.30007800617548,170.1536984049838,19202730.0
2014-04-03,168.04449462890625,171.74888941319878,166.92786586828643,171.39439443336653,20425470.0
2014-04-04,168.62939453125,169.47129810081236,165.73589614070227,168.29262769438495,20800500.0
2014-04-07,170.36639404296875,170.65884733249158,168.23946471623927,169.24089444800526,22630300.0
2014-04-09,175.91409301757812,176.53444227835948,171.04433441719496,171.04433441719496,26631730.0
2014-04-10,179.72923278808594,180.78826859743282,176.37491170917593,176.80029208425415,28796540.0
2014-04-11,176.7249755859375,179.87548438215066,175.8609220341387,178.57274417410974,20895560.0
2014-04-15,174.0574493408203,177.66435903280848,172.60405399723498,176.80029204610025,16863520.0
2014-04-16,173.6453857421875,176.7692957006807,172.82119678368196,174.23029229046884,19376260.0
2014-04-17,178.77658081054688,179.19310395035586,173.94226466358978,174.33220237086633,21513800.0
2014-04-21,183.63307189941406,184.2268358004997,179.1931150744611,179.1931150744611,18872420.0
2014-04-22,181.54598999023438,184.0672785792758,180.80600632614465,183.80141075975772,18364100.0
2014-04-23,183.02159118652344,184.15594819048056,180.8636543354222,181.23142854609648,23265390.0
2014-04-24,183.02159118652344,183.02159118652344,183.02159118652344,183.02159118652344,23265390.0
2014-04-25,184.7984161376953,187.12917144762915,181.04528616266867,182.56072335992067,22655730.0
2014-04-28,186.65504455566406,187.78940138179502,183.5754481925929,184.33316004008347,16889200.0
2014-04-29,183.07473754882812,188.3122840671893,182.56072998731685,187.85588278312503,16514320.0
2014-04-30,184.2090606689453,186.796812609083,182.0201036623984,183.4424781186646,22114870.0
2014-05-02,181.51499938964844,186.53097807745226,180.79715215405045,185.66248907479087,15446470.0
2014-05-05,181.19151306152344,183.43364117166576,180.3451741351307,182.07329472084916,13172760.0
2014-05-06,181.8694610595703,182.8930406534973,180.85031687805127,182.54298113823867,9841880.0
2014-05-07,183.96092224121094,184.77624023970074,181.14274521443724,181.82513607503117,19519520.0
2014-05-08,185.37445068359375,186.46005843605272,183.55770306043124,184.90917862745525,19363440.0
2014-05-09,192.59715270996094,193.65618876814108,184.33317992045139,184.33317992045139,27635400.0
2014-05-12,198.75192260742188,200.71045492237707,193.9043137494896,193.9043137494896,26436870.0
2014-05-13,201.7118682861328,205.956842110802,200.32050099233265,202.05749240328709,32756640.0
2014-05-14,202.2834930419922,205.23459767414607,200.92758193027285,202.23474406864275,28870930.0
2014-05-15,201.99102783203125,204.09579336752688,201.37953589178716,202.94370847515677,21093980.0
2014-05-16,214.21640014648438,222.17462597955404,203.91856169226864,208.26102010673074,79653680.0
2014-05-19,227.58941650390625,229.95562811502944,217.03456735555713,217.03456735555713,36044700.0
2014-05-20,223.91604614257812,231.74578046897898,222.47594330027567,231.36471359232556,23419880.0
2014-05-21,217.94737243652344,224.21293404068234,217.30043771751676,224.03569331908326,23542300.0
2014-05-22,222.58670043945312,224.92189103143198,218.9842394735786,219.3387208861732,20116860.0
2014-05-23,244.01988220214844,246.1024977817487,221.31056917210157,223.32670765158292,89947940.0
2014-05-26,239.44699096679688,251.2336671137506,232.98646098999905,251.15391082332084,43472930.0
2014-05-27,233.01747131347656,239.27859675895158,231.89642084031223,239.0304570737502,21141040.0
2014-05-28,231.32034301757812,234.48414408099129,229.54350071649608,233.69542504376918,22103120.0
2014-05-29,231.87745666503906,235.5453364489414,229.9655436239674,232.006718274884,38177620.0
2014-05-30,226.6007537841797,233.5309118540486,225.59799700618044,232.01119021694902,23614930.0
2014-06-02,235.73252868652344,236.35647713781566,225.21472120340457,227.20240422751527,22338560.0
2014-06-03,235.77708435058594,239.59647687986475,233.6512584141873,237.64444145040335,31312470.0
2014-06-04,239.11514282226562,240.10005530870083,233.7359070524083,233.7359070524083,19581210.0
2014-06-05,240.4744873046875,242.71173091528243,238.07678191361546,239.2800956588206,21508380.0
2014-06-06,244.2091522216797,245.53723907971496,242.02982109575657,243.78129956335516,23003760.0
2014-06-09,241.36131286621094,246.14333945177088,240.40311224901563,245.56397435367165,16762200.0
2014-06-10,237.6132049560547,242.30165810882534,236.30293517237047,241.9094666632658,15604840.0
2014-06-11,240.42539978027344,243.6698879801115,237.45279074772284,239.1463300249766,20880260.0
2014-06-12,240.77749633789062,241.55295719879524,237.9965219947082,240.40312185253106,17608610.0
2014-06-13,232.45237731933594,241.55294370753867,230.50034212948952,241.37466497179756,18537170.0
2014-06-16,230.0235137939453,233.08080153194393,227.02861274408926,232.71981014832042,17379420.0
2014-06-17,236.4990234375,238.1970235647138,227.60347542471686,228.54829282244916,22808210.0
2014-06-18,235.45176696777344,239.26223760567598,232.3410010493498,235.31361044364198,25021300.0
2014-06-19,232.23402404785156,237.84052900162132,231.33822364448662,235.93753797711608,21446630.0
2014-06-20,230.24185180664062,233.8651482278161,228.86028677584906,232.37216578481497,15397210.0
2014-06-23,231.76602172851562,233.93643062367272,228.80679609503719,230.32205649740249,17948990.0
2014-06-24,237.38150024414062,238.32631777115347,231.76604606497887,231.76604606497887,17354830.0
2014-06-25,239.93966674804688,241.04491895246903,235.955378351258,237.45282208657596,23118070.0
2014-06-26,236.43218994140625,242.22589489071754,235.26453773543543,240.6615902021612,17973090.0
2014-06-27,235.21998596191406,237.97868231460677,234.2439682939593,236.695151485474,10927310.0
2014-06-30,239.43603515625,241.28111415654905,235.8082774391059,236.20492998196835,15140470.0
2014-07-01,238.89674377441406,241.46380525027743,238.5669525934137,240.57246597124245,9828620.0
2014-07-02,240.86215209960938,243.24647369125296,239.97970775303637,240.66605637831702,16497960.0
2014-07-03,240.32290649414062,242.4888545439112,238.63382825147485,240.66161979275844,14368590.0
2014-07-04,240.4922637939453,241.9718903541888,237.1007241527232,240.75075981751354,15306300.0
2014-07-07,239.29791259765625,241.88725271321354,238.4333122092478,240.40316485443813,13937420.0
2014-07-08,229.53770446777344,240.3942386532402,228.18287841970323,239.14634177566737,17690110.0
2014-07-09,230.16610717773438,233.07631598646506,226.8904323736052,230.8568897279294,18223190.0
2014-07-10,226.9082489013672,236.37872882914016,223.28049147361168,230.24631018013727,37386490.0
2014-07-11,216.17205810546875,226.72997319290957,214.9910362541406,225.64253815978822,22975720.0
2014-07-14,214.90635681152344,217.56700514987537,210.92653012540526,215.70410928838496,16142970.0
2014-07-15,224.40357971191406,225.04980615174452,216.3414172878363,216.3414172878363,20244400.0
2014-07-16,229.39064025878906,230.53601454801097,226.0391957144983,226.22192190700426,21653240.0
2014-07-17,231.9487762451172,233.78939408734263,225.78515733033416,227.91545772673422,16169410.0
2014-07-18,228.4057159423828,230.41122954577932,226.19073704082336,230.10817742100394,13962750.0
2014-07-21,224.9027557373047,230.14383557047893,223.95792458311115,228.272017458414,12814270.0
2014-07-22,224.99188232421875,227.20240015538354,223.1423558501335,225.3305956373341,10256470.0
2014-07-23,226.43138122558594,229.3371560337742,224.35009798599268,226.57844622502867,15629540.0
2014-07-24,227.92440795898438,229.1589081533794,225.5222417054555,227.2024116076732,12997790.0
2014-07-25,222.8838653564453,228.80683303105766,221.3284824681254,226.62304063791146,13895680.0
2014-07-28,221.91229248046875,225.6871150777138,220.60648362943022,223.29833220758562,12536680.0
2014-07-30,220.11622619628906,223.43200931135578,216.62217795045956,222.03261375407246,24264520.0
2014-07-31,217.41995239257812,221.23042265115583,216.95199107611975,219.00207428923693,18349440.0
2014-08-01,217.23721313476562,221.49781385855155,214.81276917469185,215.2584388202825,20333530.0
2014-08-04,219.3942413330078,220.0716542632832,217.56699315966736,218.64551963100487,13946260.0
2014-08-05,220.50843811035156,221.40868594475026,217.62495481015915,220.74464249070542,17961890.0
2014-08-06,216.2611846923828,219.68838518339948,215.80214552444372,218.8237850261926,12928410.0
2014-08-07,217.13917541503906,218.2889971700574,214.3938486378279,215.25844887873487,15579810.0
2014-08-08,215.52139282226562,217.96811494400782,213.03010101363242,214.9910448300078,32789900.0
2014-08-11,215.2094268798828,217.48233124662576,214.36710470103026,216.59545298274574,12536370.0
2014-08-12,216.51968383789062,217.3887451107967,214.09970086051766,215.70411434855117,12331020.0
2014-08-13,211.15380859375,217.1569787919756,209.6875517668073,216.14976111987573,20923880.0
2014-08-14,210.5789031982422,212.45072111141863,209.47363760370132,212.22788629321946,15800260.0
2014-08-18,215.8110809326172,216.52861618795563,209.82127936085308,209.91041873692618,16556210.0
2014-08-19,217.68734741210938,219.4477343807128,216.53751209113503,216.96981219850377,15948060.0
2014-08-20,215.23619079589844,218.2266307266566,214.6791036612168,217.93248708745347,16065950.0
2014-08-21,219.9424591064453,220.7758592735191,214.82170497915044,215.16932680287,27963970.0
2014-08-22,225.0364532470703,227.20240140142602,221.0298871059686,221.0298871059686,26474960.0
2014-08-25,223.3830108642578,229.73378998349537,222.09501900531188,225.50885026794134,26784130.0
2014-08-26,222.47830200195312,223.63703224927133,219.73742268413824,222.82146274741166,14312180.0
2014-08-27,223.2804718017578,225.97676746804314,220.51731481420774,223.73060245443872,14200130.0
2014-08-28,219.3318634033203,224.95175104164315,218.64552834874027,223.90442466631993,14700480.0
2014-09-01,223.22256469726562,224.34566096643064,220.41929867404002,220.78475106641147,15193550.0
2014-09-02,224.79576110839844,225.86536551193544,223.19134770271398,224.363461018544,16508080.0
2014-09-03,223.2804718017578,225.44641955075284,222.24651505538037,224.87151555362865,15715840.0
2014-09-04,221.600341796875,223.63704191549115,220.69563288269043,223.3696509857888,12428860.0
2014-09-05,224.2386932373047,225.5088545254357,221.5958753407441,222.03263651653302,16913550.0
2014-09-08,228.708740234375,229.2524713343607,225.3216482851244,226.15060087937695,17875080.0
2014-09-09,228.83798217773438,230.8479566519071,227.46978668851798,228.80680923956243,12975200.0
2014-09-10,227.2870635986328,228.44135997678438,225.11665454919924,227.20238527589956,16289770.0
2014-09-11,232.0245361328125,232.54152817108334,228.47256200056958,228.47256200056958,15981320.0
2014-09-12,234.45790100097656,235.402718498622,230.63404772374074,232.19389152477086,16374410.0
2014-09-15,233.82058715820312,235.66120494478182,231.25798673202152,232.97826501149436,17437540.0
2014-09-16,228.4591827392578,235.67011469401143,227.29153038672587,234.33310569173656,15687360.0
2014-09-17,228.39231872558594,230.68306731760475,226.12833642675523,230.2685977959505,13044950.0
2014-09-18,233.56655883789062,234.24395821190296,226.75671349856447,227.64805280256945,20121200.0
2014-09-19,228.8959197998047,234.5915909447251,227.73718959830643,234.06570402549025,15558510.0
2014-09-22,231.88638305664062,233.97657488029867,226.60519478919068,227.38066925731,14346980.0
2014-09-23,227.84414672851562,233.94982635277637,227.2157508920903,232.6306344007768,19379150.0
2014-09-24,221.61814880371094,229.3594422879311,218.88620518947425,227.32272866034697,23106290.0
2014-09-25,211.9337615966797,222.8259295694402,210.56109137776374,222.3891683905562,28369080.0
2014-09-26,217.95477294921875,219.27841257272343,209.46923120197187,210.34720110174783,28118450.0
2014-09-29,218.35137939453125,220.87387112993,216.23890970266083,218.46725785045925,13845560.0
2014-09-30,217.994873046875,220.69563021023956,215.7308634639085,217.13472023088366,18632180.0
2014-10-01,216.0027313232422,218.73467505639726,215.00888303351397,217.93247506700652,10544750.0
2014-10-07,210.92652893066406,216.01162120953128,210.29813309945348,214.33589899296976,13002440.0
2014-10-08,214.92420959472656,215.68630096205968,209.11267298586017,209.11267298586017,13589310.0
2014-10-09,221.0120391845703,222.70113097714253,216.23892101059428,216.23892101059428,17279230.0
2014-10-10,218.48509216308594,222.2287282287631,216.87623120119983,218.8059748658366,12525220.0
2014-10-13,221.5379180908203,222.3356705487821,216.70239981213084,217.21937822283044,13926640.0
2014-10-14,224.93392944335938,226.7567167138043,222.15295512767437,223.24039018204016,17315970.0
2014-10-15,224.93392944335938,224.93392944335938,224.93392944335938,224.93392944335938,17315970.0
2014-10-16,219.83993530273438,227.71937184103925,218.59206566119616,222.85711408648586,19073950.0
2014-10-17,224.78684997558594,225.9500411805911,220.61537516973104,221.76521043063497,14633000.0
2014-10-20,229.02516174316406,231.19110951308227,227.5366132814401,229.69812720454323,18824230.0
2014-10-21,230.33546447753906,232.37217814524905,229.03855049758477,229.96555103290214,15022310.0
2014-10-22,229.54214477539062,232.96042332954048,228.63744954256947,232.5504148733538,14511170.0
2014-10-27,231.55210876464844,233.52196088636603,230.05466535632505,231.03514396945886,13429580.0
2014-10-28,236.80657958984375,237.4795451759447,232.28304854409475,232.46130009970184,22963480.0
2014-10-29,235.64784240722656,238.7898081990192,234.51139016783583,238.61155664860567,17372970.0
2014-10-30,235.13531494140625,236.47678504559062,233.7091937105242,236.1960109679,15544270.0
2014-10-31,240.9112091064453,241.53515755970426,235.8484079024406,236.38321697644548,20770240.0
2014-11-03,242.7518310546875,244.5389709118347,240.14910802650763,241.19644814705163,17780640.0
2014-11-05,247.96168518066406,249.55719016427722,242.80528400073638,243.60302289178443,26605100.0
2014-11-07,244.4498291015625,247.88149121293668,243.3356548577085,247.34668213558282,18163030.0
2014-11-10,244.18240356445312,246.8118380864615,243.60301127852978,245.9204988176758,12068890.0
2014-11-11,244.25816345214844,246.232476697961,241.10727582551476,244.93112896242528,17405950.0
2014-11-12,244.76625061035156,247.0346940103789,243.83032797725159,245.38571078193254,16233230.0
2014-11-13,242.38189697265625,246.21021135568387,240.21594893364107,245.662019171846,16859020.0
2014-11-14,248.49205017089844,250.1900505870696,242.4443092656592,243.33564863795942,50846690.0
2014-11-17,262.107177734375,263.0609171148911,248.87970854439135,249.04014305657785,49164120.0
2014-11-18,262.5663146972656,265.5300018820497,260.6365572793869,263.5646104732569,32898390.0
2014-11-19,259.42431640625,264.54951785582716,258.8048562085427,262.8559784693142,20735930.0
2014-11-20,264.81689453125,266.2875988418728,259.60255451948274,262.72224186993145,18099509.0
2014-11-21,272.30419921875,273.6412083802169,264.95064883068227,267.31269290896955,21009207.0
2014-11-24,275.2901611328125,276.1815004745399,272.794394655065,274.3542385030879,18631463.0
2014-11-25,271.3682861328125,276.27065274108026,268.2931543797459,276.2260694510026,26776620.0
2014-11-26,272.9726867675781,275.2010352309869,270.61064283666866,271.7693731570335,11131807.0
2014-11-27,272.61614990234375,274.9781937764896,270.83347117445726,273.64118473057476,15378080.0
2014-11-28,286.4764404296875,287.4569190823647,274.532499464708,274.88902973799526,27760604.0
2014-12-01,284.8720703125,291.4234201733628,283.0893915586064,287.7243399978183,18449916.0
2014-12-02,284.0698547363281,287.72432422019864,277.6967567794178,284.2481062810315,23776383.0
2014-12-03,283.4013671875,287.81348080437465,281.97521873700265,284.9166278149191,13699078.0
2014-12-04,285.4959411621094,286.11988949644564,279.925071039515,285.09485483419115,13809486.0
2014-12-05,283.0448303222656,286.38735324624855,281.6632650609612,285.228622846543,11391988.0
2014-12-08,278.9000244140625,283.980668628544,278.3652154649308,283.980668628544,9814223.0
2014-12-09,273.24005126953125,280.2370702080521,272.3041558860451,278.72180972043094,14926558.0
2014-12-10,281.61865234375,282.73282642771557,270.3431888528056,270.52146758684637,15381613.0
2014-12-11,279.92510986328125,283.9361369078522,276.71630998883893,279.524023479735,13151866.0
2014-12-12,277.5184631347656,282.4653847744887,275.4238105912608,279.5685323977198,11727933.0
2014-12-15,276.805419921875,281.66323018381695,274.1314019138008,274.79990641581935,15117938.0
2014-12-16,263.4798889160156,277.20650798696414,261.1624014153714,274.6216295907328,20951938.0
2014-12-17,268.9617004394531,273.10642377145484,255.81444250579304,262.4103495203415,28290440.0
2014-12-18,273.7303161621094,278.6326825215035,271.4128284428195,277.0282553920638,18921827.0
2014-12-19,271.1008605957031,278.09788000405763,270.5214954526651,277.6967664119059,14130478.0
2014-12-22,274.2651062011719,275.1118621927567,270.3877749089205,273.0172094531252,11565161.0
2014-12-23,273.8194580078125,278.5435456616264,272.9726747483939,274.17598830595574,12836868.0
2014-12-24,272.52703857421875,276.27067516868414,271.8585339824586,272.74987343813876,14866629.0
2014-12-26,274.22052001953125,276.13689400304946,272.79437175219823,273.5074594866226,7373519.0
2014-12-29,274.13140869140625,276.4934797514858,273.6411829250795,275.86953132023484,7699059.0
2014-12-30,276.09234619140625,276.9836854850024,272.7498238404207,274.71078116693883,8113742.0
2014-12-31,277.96417236328125,278.9446510555176,276.31518918109066,276.3597452664807,6305857.0
2015-01-01,279.88055419921875,280.77189354380226,276.9391452427004,278.4989890957215,6138488.0
2015-01-02,280.9947509765625,283.71332531555316,280.1925509422308,280.1925509422308,9935094.0
2015-01-05,278.7663879394531,282.3763015069824,278.18702278931517,281.88607573413924,9136716.0
2015-01-06,267.3126525878906,277.2956637016277,266.2430617409654,276.31518502414184,15329257.0
2015-01-07,267.53546142578125,269.67467011334315,263.07876532606303,267.40176598309256,15046745.0
2015-01-08,271.72479248046875,273.1954968929332,269.4964442186993,271.85848793587155,8939749.0
2015-01-09,270.2541198730469,274.3988426874092,269.18450170091205,273.3738078066667,11953948.0
2015-01-12,273.7303161621094,274.3542373778488,268.38228013367944,271.1008542341908,8536142.0
2015-01-13,271.9476318359375,276.98369355110873,271.10084860175516,274.6662058799674,9484804.0
2015-01-14,271.591064453125,273.64113372748113,269.40727253788657,270.967116134053,8855660.0
2015-01-15,285.4959411621094,288.5265162700121,279.88051495914,285.13941091456616,30729523.0
2015-01-16,281.1729736328125,285.4959471778241,279.07832098227755,285.2285562869111,21598514.0
2015-01-19,279.1229248046875,283.401370201684,278.54355964093827,282.15347329327705,9975658.0
2015-01-20,283.5796203613281,285.05032490868007,279.88056734783106,279.88056734783106,13104643.0
2015-01-21,290.7549133300781,292.0027830075833,284.3372589864535,285.1394589790268,22617660.0
2015-01-22,289.373291015625,292.00275276499775,286.83296863431025,291.3788043901078,12232626.0
2015-01-23,291.8690490722656,296.4148574981887,289.3732828446939,292.5821095935631,17127278.0
2015-01-27,294.1864929199219,296.0583106855726,287.54603218185747,293.60712787856926,13734088.0
2015-01-28,298.24212646484375,299.4899960079068,292.5375605526154,294.49849063413853,19428852.0
2015-01-29,291.4679260253906,297.3507703396005,289.774386941387,296.6376826400365,14911660.0
2015-01-30,275.3792724609375,294.5876224382571,273.6411500409831,292.9832226671571,30252827.0
2015-02-02,274.0868225097656,278.0087098143177,271.94761372560225,275.8695010301543,17639807.0
2015-02-03,267.669189453125,278.0978704766047,266.5550152925617,278.0978704766047,23743882.0
2015-02-04,261.20697021484375,270.03125102005964,260.18193546316695,269.8084161957161,21477507.0
2015-02-05,259.20147705078125,265.4408526199687,257.7753558247534,261.2961300035979,15722348.0
2015-02-06,258.75579833984375,262.8114086392355,254.65565915578046,259.3797467556018,15985714.0
2015-02-09,249.12936401367188,260.98416723460895,247.79235490447508,258.04275807498396,17088719.0
2015-02-10,256.0817565917969,259.2014439783385,245.74224301475687,247.34664279008643,22589681.0
2015-02-11,254.8785400390625,261.60814236057377,252.87302617088093,259.2015148381468,17366588.0
2015-02-12,253.40774536132812,257.59705084037665,248.05970970374244,257.507911472447,20957180.0
2015-02-13,273.59661865234375,274.4879579837389,254.34368365390532,256.7057274417989,70540056.0
2015-02-16,273.373779296875,279.12290156835115,271.59110066357687,276.8499971915029,21372131.0
2015-02-18,272.482421875,274.4433519204227,269.1844557419265,273.4628732969536,13472484.0
2015-02-19,269.4964599609375,273.908573456058,264.5495102099305,272.8389825488402,17762135.0
2015-02-20,269.4518127441406,273.19544803501316,264.77228223130595,269.0952825263223,15792502.0
2015-02-23,264.3266906738281,271.5019892321814,262.41031638611986,270.25411950075653,12440505.0
2015-02-24,264.0592346191406,266.5104173877571,260.3601824268039,264.63859965142007,15046698.0
2015-02-25,263.4353332519531,267.9811693641433,262.9451074914746,266.51046488118953,12845169.0
2015-02-26,257.95355224609375,264.72773542798797,256.75023891748214,264.72773542798797,18707345.0
2015-02-27,267.3126525878906,268.2931312653765,258.5775382645084,259.6025730267139,18316053.0
2015-03-02,269.1844482421875,272.66066580898564,264.46036119006624,272.66066580898564,15085595.0
2015-03-03,269.7193298339844,272.2150694765161,267.1344508038933,270.52152991897515,14387971.0
2015-03-04,261.9200744628906,280.7718963488681,260.2710912186333,279.8805569953796,38674148.0
2015-03-05,261.8754577636719,264.0592497817131,258.2655447232114,262.72224092205886,16803823.0
2015-03-09,259.0677490234375,262.0537409679674,257.3296537971102,260.27106245798126,13199803.0
2015-03-10,256.34918212890625,261.38524361590004,254.12083393098726,259.156895417981,14064427.0
2015-03-11,254.1654052734375,259.2906064363483,252.91753564798884,257.1959535642464,16329314.0
2015-03-12,255.6806640625,257.998151505305,255.01215963870135,256.83939418314515,9969794.0
2015-03-13,250.2434844970703,259.42426752677574,249.57498008612535,258.4883722320584,13414248.0
2015-03-16,251.04571533203125,253.00667272674843,249.5750108867521,250.91201987364542,15132928.0
2015-03-17,252.33816528320312,253.14036522565706,249.12933831187024,253.05122585393613,11350496.0
2015-03-18,256.0817565917969,257.10681849430136,251.35766942992566,253.2294873021537,12394230.0
2015-03-19,251.00115966796875,258.7557954840635,250.1098203418762,258.48840456684275,11046649.0
2015-03-20,248.0151824951172,251.71423548196424,246.72272951345678,251.1794264136386,11482652.0
2015-03-23,244.89552307128906,249.5750553592755,243.82590481056897,249.04024622891544,13058026.0
2015-03-24,241.15184020996094,246.36618063041524,239.770275155656,244.04869297671144,17585259.0
2015-03-25,236.56143188476562,242.53341574984032,236.20490162450338,242.35513701895155,15824629.0
2015-03-26,228.76222229003906,237.0071106847621,227.4697830456125,235.75924112478296,22253318.0
2015-03-27,234.95703125,236.16034467529198,228.18284752383317,231.6145090694751,19423101.0
2015-03-30,238.789794921875,240.08224779772314,234.55593321332574,236.29405574270538,12303870.0
2015-03-31,238.03216552734375,241.8649411014067,237.09627007869318,239.68114878586394,19482636.0
2015-04-01,243.73675537109375,244.80634626681692,234.55594377407385,237.67563148925652,12383589.0
2015-04-06,244.80630493164062,245.78678348830647,241.73120102395526,245.51939260990378,12925445.0
2015-04-07,242.48886108398438,246.32163663830013,240.92901720992433,245.38571399295304,12933524.0
2015-04-08,244.13787841796875,247.2130105081835,242.31064336243503,242.3551994558784,9913899.0
2015-04-09,250.33265686035156,251.17941290493513,242.88996799702005,245.11831632726793,13471276.0
2015-04-10,254.70025634765625,256.12640495561163,249.61961043229098,250.46639381869258,16880558.0
2015-04-13,255.19044494628906,257.1514023962962,252.56101018550478,256.5274539708799,11985436.0
2015-04-15,258.4884033203125,262.45487418290355,254.87848994765304,256.1709156433442,17289500.0
2015-04-16,260.62762451171875,262.2766077749063,255.36872770606854,258.7112503200223,15043998.0
2015-04-17,260.04827880859375,262.85599257393505,257.7753741417747,259.379774235821,16819018.0
2015-04-20,256.393798828125,261.47444480113813,253.8980591370267,259.3797915595793,13788536.0
2015-04-21,257.77532958984375,260.27106868290906,251.13484110071792,256.1709025715738,15487948.0
2015-04-22,253.00668334960938,261.3852679122913,245.47485485993505,258.9786407542305,17741741.0
2015-04-23,247.48036193847656,256.17092049040565,246.232492304657,254.03171151792668,13874710.0
2015-04-24,245.60855102539062,249.21849177279174,244.53896010882335,248.104317567085,10049508.0
2015-04-27,238.03216552734375,246.49988945872565,237.1854094551167,246.49988945872565,12394191.0
2015-04-28,242.88998413085938,243.78132352216528,236.33863416445706,237.9876174786769,12693457.0
2015-04-29,242.3551483154297,243.6921572548692,240.2604955366712,242.66712250826887,8217676.0
2015-04-30,240.43878173828125,243.7367481051964,237.72020769098546,240.75075594080306,21635216.0
2015-05-04,247.0347137451172,247.79235768914705,242.1323469563031,244.227000024555,8012690.0
2015-05-05,242.48886108398438,246.90100177979016,241.86493985527144,246.90100177979016,7102772.0
2015-05-06,236.56143188476562,243.87042462696013,234.64505793453026,241.95405067672476,16335660.0
2015-05-07,232.59500122070312,238.21042793021948,231.43624380976772,235.313575205156,15962706.0
2015-05-08,233.48634338378906,238.87893533442582,232.015611759509,235.3135780906284,14044596.0
2015-05-11,246.05418395996094,247.07924583733512,234.06568761792596,234.77874812247663,17198308.0
2015-05-12,238.3441162109375,245.47483039646454,237.40822085469347,245.38569102884227,12792368.0
2015-05-13,244.49435424804688,245.11830262624744,238.92348373381398,240.57246684633017,9245732.0
2015-05-14,250.42181396484375,251.2685700693814,243.29109880316412,244.2269942875267,13101418.0
2015-05-15,256.2155456542969,257.0177457498989,251.357734584032,251.357734584032,18247889.0
2015-05-18,258.26556396484375,258.488398791388,254.38823254266953,258.39925942046693,13266119.0
2015-05-19,257.1068420410156,259.6917206720076,255.1013285374243,257.77534654221273,14541041.0
2015-05-20,260.8058776855469,262.76680777249624,257.81988566964026,258.04272048871513,11807544.0
2015-05-21,258.7112121582031,262.72223870329157,257.1068124207736,262.05373427911013,12118415.0
2015-05-22,251.75880432128906,271.8584953068083,250.2435165815949,261.1624233603109,69490117.0
2015-05-25,247.48036193847656,253.40776310025794,246.14335293048748,249.75329357296877,20356833.0
2015-05-26,247.0347137451172,250.28809717375336,246.00967885685102,248.68369710529504,9675703.0
2015-05-27,250.2434844970703,251.00112826977744,244.4052235220898,246.90096244234542,12176680.0
2015-05-28,250.55941772460938,252.54510259130433,249.20553041076414,252.54510259130433,13024987.0
2015-05-29,251.05584716796875,254.21491775710888,250.10813700919053,251.50714296641735,14809918.0
2015-06-01,251.10098266601562,254.5308195713542,250.51427611689252,251.50713234051423,11567692.0
2015-06-02,240.31500244140625,252.22922203111256,239.5026755477691,251.64251548218334,21653784.0
2015-06-03,232.32708740234375,241.26273931302782,230.2060052682196,240.99197283342676,25967877.0
2015-06-04,232.50759887695312,235.93743589780266,229.03261574969997,234.58354851406057,20210546.0
2015-06-05,232.6881103515625,236.47900620176878,230.70242529971532,231.96604806814724,13539638.0
2015-06-08,230.11572265625,233.54557344588827,227.94950835355985,233.54557344588827,17384700.0
2015-06-09,232.50759887695312,233.1393964624205,229.25826364699032,230.1608552361517,15275972.0
2015-06-10,235.21539306640625,236.97543028365337,233.31994506367647,233.77124089552112,10910978.0
2015-06-11,229.2582550048828,237.33646044132527,228.03975089646576,236.7046353347658,20857622.0
2015-06-12,229.21315002441406,230.6121698563114,227.27258345828454,229.30341469968064,11440479.0
2015-06-15,225.87353515625,230.70240545278781,224.60991249652534,230.16084501436063,13545280.0
2015-06-16,229.7998046875,230.8377794183273,224.74528670640666,225.87352609750306,9896598.0
2015-06-17,230.25111389160156,231.87576769170443,228.806961877672,231.063440791653,11241061.0
2015-06-18,232.9589080810547,235.3056518569388,230.34138405834463,231.46963738219526,11598549.0
2015-06-19,234.80917358398438,237.47182953111962,233.0039905811555,234.58352570863076,12216399.0
2015-06-22,240.08935546875,241.3529781464459,235.3958683288411,235.48613299401404,11051382.0
2015-06-23,241.66888427734375,244.78283610112138,240.31499697046786,243.15815480592565,16180083.0
2015-06-24,236.79489135742188,241.80426328765353,235.12509153237556,241.62376151015846,8361760.0
2015-06-25,239.0062713623047,240.08939242126797,233.81636908252162,235.80208184231677,16506503.0
2015-06-26,239.36732482910156,240.90171415991796,235.62154731686636,238.37446847097792,14588452.0
2015-06-29,234.35787963867188,235.39585436431327,230.1608346337438,233.5455527901224,15040805.0
2015-06-30,237.1559295654297,237.69749000396132,232.50758859577397,233.9968591430548,14181965.0
2015-07-01,241.66888427734375,243.24841946869893,236.97539726221095,237.4718391350101,12072024.0
2015-07-02,241.7591552734375,244.82796107376754,240.1796200407035,241.8042738335522,8741783.0
2015-07-03,243.1581268310547,243.69968720048112,240.81138359347653,241.307825409161,7238541.0
2015-07-06,244.42178344726562,245.05360855727355,236.47898873666912,237.56210962670886,9458200.0
2015-07-07,246.31724548339844,247.89678080489594,243.69973531675603,244.06076645268774,12523410.0
2015-07-08,241.307861328125,244.60231504390433,239.72832608337654,243.60945880965212,12669850.0
2015-07-09,241.66888427734375,244.8730732189869,240.9919406239058,240.9919406239058,6469504.0
2015-07-10,244.19615173339844,244.60232898029662,240.31501878599252,243.92538526540648,8788162.0
2015-07-13,247.03932189941406,247.62600090659217,241.80427430519669,245.50490522380187,8423083.0
2015-07-14,242.0750732421875,246.949062274633,241.12733555440894,246.949062274633,10337307.0
2015-07-15,241.9396514892578,245.23413264904667,241.12732461153357,242.57147658576994,7483918.0
2015-07-16,245.68544006347656,246.18185441647188,241.9848090618915,243.47407966578658,8354120.0
2015-07-17,244.69259643554688,247.3101066539238,244.15103594849046,245.8659545367436,5571891.0
2015-07-20,241.3981475830078,245.50492856867373,240.2247619121667,245.50492856867373,6418930.0
2015-07-21,238.554931640625,243.51918508225282,237.8328694307149,240.9919398026599,5638653.0
2015-07-22,242.39097595214844,243.15818436161325,236.38874700441403,238.0134284970885,11322177.0
2015-07-23,243.74484252929688,245.5049071092569,241.21759715054742,242.34583661336572,6376216.0
2015-07-24,237.6072235107422,244.01562897006096,236.5692487460776,242.52635843424588,7796401.0
2015-07-27,233.27481079101562,237.7426226984927,232.91375211392233,237.56212090485582,6788558.0
2015-07-28,233.95175170898438,238.1939156652478,233.18454334665614,234.89946186280136,10788886.0
2015-07-29,228.89723205566406,235.30563783468315,227.7238602376452,234.67381270558903,9997136.0
2015-07-30,231.78550720214844,234.22251549111792,228.89723066716104,228.89723066716104,10536937.0
2015-07-31,243.74484252929688,247.08444235720248,232.4624479011141,232.86862512569218,20534806.0
2015-08-03,253.67330932617188,255.43337362529732,243.60942043260127,243.69968508420592,21901780.0
2015-08-04,260.4879455566406,261.70644974567927,249.4763168374242,254.9821311970324,28858887.0
2015-08-05,257.599609375,263.37618948359915,256.56163465582233,260.9392089531264,10169558.0
2015-08-06,260.8940734863281,262.4736086805247,254.53081415052807,257.7801492018568,15372143.0
2015-08-07,253.89898681640625,260.3976568617687,252.90615816759075,260.3976568617687,13845614.0
2015-08-10,255.20777893066406,258.14120167699355,252.81591666186975,254.57595378272137,14694901.0
2015-08-11,242.61660766601562,261.2551459810508,241.44324962040355,257.96066465123755,39233644.0
2015-08-12,231.3793487548828,241.3981204430316,230.20597698841746,241.3981204430316,29724325.0
2015-08-13,234.04197692871094,237.2461934448987,233.00400215948707,234.44815414249368,16360033.0
2015-08-14,242.34585571289062,243.15818268115834,233.9968830300443,236.3887453707424,14852873.0
2015-08-17,252.5,254.44056643024953,244.4217941652354,245.50491510277033,27500063.0
2015-08-18,257.05810546875,259.94640993038604,248.70913223313863,253.4477386641613,27728824.0
2015-08-19,250.9204559326172,258.09606991699906,248.7090955728015,256.2457406754428,15452575.0
2015-08-20,244.19615173339844,254.21492422275426,241.89455412073613,250.60455774334028,14577599.0
2015-08-21,241.44326782226562,242.70689063085783,231.24399313409336,236.0277178898036,19030056.0
2015-08-24,221.4959716796875,232.59786481388923,218.7881968974299,229.8900762591769,29561705.0
2015-08-25,228.6715850830078,229.98034013543355,216.62198183448282,225.64789774425296,23492839.0
2015-08-26,221.7667236328125,228.626424382101,221.13491235201164,227.90434844442015,16325529.0
2015-08-27,225.15145874023438,227.45306994055218,223.93296841473955,226.68586161629491,21076926.0
2015-08-28,224.70016479492188,230.97317334578722,223.3462774628306,229.70955067815035,16644381.0
2015-08-31,223.25604248046875,226.86640895666017,221.13494666672423,224.74531314291565,21645114.0
2015-09-01,215.8096466064453,220.99954805483685,214.546010164234,220.99954805483685,19689080.0
2015-09-02,208.0924835205078,219.32974550484553,207.68632007961926,219.01383295501333,23655457.0
2015-09-03,209.62689208984375,212.47005002578348,208.49865262757334,209.98792320878854,14680299.0
2015-09-04,203.21847534179688,209.31096810547777,202.1805006021512,209.31096810547777,20466346.0
2015-09-07,199.56300354003906,205.33958413417244,198.7055305223943,204.97855301170955,15424783.0
2015-09-08,206.10678100585938,207.8216994007275,199.60811098383454,201.2779108202486,16189253.0
2015-09-09,209.0853271484375,211.65771857614845,206.78372971280086,211.16129046892038,18237115.0
2015-09-10,205.29446411132812,207.41555995724002,202.2707904051355,205.20421321152773,14195882.0
2015-09-11,207.68630981445312,210.57459986212461,205.7908621540529,208.40837199703103,13650937.0
2015-09-14,212.33468627929688,213.0116300187633,207.59608010303202,208.99509991908707,10671222.0
2015-09-15,210.21359252929688,215.22297900689858,209.98794461384145,212.289556105978,13193410.0
2015-09-16,213.7336883544922,214.59114759881885,212.10902076013642,213.37264345993842,11272509.0
2015-09-18,218.4271697998047,222.44369971312,216.17069077294718,216.62198657831868,16049395.0
2015-09-21,221.360595703125,222.03753942087155,214.13986271382836,216.21582620274216,9602436.0
2015-09-22,214.7716522216797,224.24886330488957,213.23724937222218,223.79756753902242,13667322.0
2015-09-23,216.48660278320312,218.33690456245472,210.84540523071664,212.10902797349164,13614082.0
2015-09-24,215.76451110839844,217.9307253026144,214.86191956539943,216.12554221661645,9299508.0
2015-09-28,216.12554931640625,219.91643116704282,215.40347330379586,217.5245690085037,8588230.0
2015-09-29,218.3369140625,221.49598482934658,209.58177783458774,213.01162885022657,24488685.0
2015-09-30,214.04959106445312,221.49597171691292,212.74083600729963,220.99955735804608,17011911.0
2015-10-01,212.24440002441406,218.33689306013773,211.5674563537781,217.705081722035,11590498.0
2015-10-05,216.62197875976562,217.8404828992711,214.13985191980998,214.90706027023262,18307463.0
2015-10-06,216.71224975585938,219.14924433359067,214.5460216415222,219.05897966415606,10087077.0
2015-10-07,219.826171875,220.45798319722593,215.76450995324967,216.75735238176077,10608795.0
2015-10-08,219.6005401611328,221.3154587009491,217.6148413854363,218.83333178821476,9230511.0
2015-10-09,219.73593139648438,223.66221052862014,217.2086720569749,221.58624700786393,12171416.0
2015-10-12,220.72877502441406,221.72161750515278,217.795352371062,220.32261156536393,7566962.0
2015-10-13,220.0518341064453,223.39142026090528,218.47229881167124,220.23234967135713,10200698.0
2015-10-14,220.45799255371094,222.75960382820986,219.51026864392261,219.9615644321595,7895820.0
2015-10-15,224.70016479492188,225.55762401742217,221.58622668560278,222.03752246296654,11582401.0
2015-10-16,231.78550720214844,232.10141976477917,224.15862486242744,225.51251223520848,11738832.0
2015-10-19,229.7095489501953,232.05629248381547,228.8069574022574,231.65011526928018,8969153.0
2015-10-20,230.0254669189453,232.05629794963951,228.53618256629693,229.70955436074448,8811740.0
2015-10-21,225.46737670898438,230.97317701685847,224.33913724764284,229.25825854460106,8606466.0
2015-10-23,228.71669006347656,230.02545881064276,227.45306742012409,228.35565895750554,7544810.0
2015-10-26,226.77615356445312,231.06346393034826,225.96382658305527,229.93522436037586,13085058.0
2015-10-27,224.5647735595703,227.63357922718558,223.93296224829112,225.73814529334803,6565348.0
2015-10-28,218.4722900390625,225.1514620797847,217.7050817034256,223.8427070711579,12310403.0
2015-10-29,213.8690643310547,218.24663884347538,213.41776855750425,217.97585862485434,16114932.0
2015-10-30,213.95933532714844,216.98300883595337,212.1992845127016,215.4486059149601,8669606.0
2015-11-02,213.82394409179688,214.81680035873936,210.03306213407478,214.81680035873936,7611610.0
2015-11-03,212.96649169921875,216.35121030147099,212.1090324078059,216.03531149540058,8323201.0
2015-11-04,215.71937561035156,217.07326290497718,213.9141925508507,215.89989116181087,8418352.0
2015-11-05,211.11618041992188,215.71940332196698,210.3941181213274,214.81681167626837,8906564.0
2015-11-06,219.32974243164062,220.95440994488428,210.30382710523565,212.65057059908247,30821077.0
2015-11-09,222.12777709960938,224.113475675876,212.65056620281297,213.0115972994238,22806485.0
2015-11-10,217.70510864257812,223.16579101544522,216.71226606634698,221.0446950761846,11767845.0
2015-11-13,216.84764099121094,218.246660784355,214.54602956022626,217.97588053851172,9082062.0
2015-11-16,224.11349487304688,225.0612187983976,215.80965498762356,216.17068611515967,14051479.0
2015-11-17,223.70733642578125,227.13717353161726,222.66934780905297,225.64790288158085,11273394.0
2015-11-18,217.52455139160156,224.47450318364756,216.12553181280808,223.4816607976143,10397889.0
2015-11-19,220.14208984375,221.13494613128066,217.88561080159408,219.37489523289005,7325199.0
2015-11-20,219.2846221923828,225.55763093565182,218.4271629435828,220.18721377479432,13718619.0
2015-11-23,219.0589599609375,221.36057109995375,217.11839369473077,220.14206703445876,10552151.0
2015-11-24,217.88563537597656,220.2323793534799,217.16357301901243,218.8784917754872,6651669.0
2015-11-26,218.87844848632812,221.04466267370609,217.52456117610342,218.38202038475495,13629888.0
2015-11-27,225.3771209716797,226.09919701003506,219.14924440733137,219.32975997380646,15149912.0
2015-11-30,224.42938232421875,228.35566105690606,221.1349286914703,225.3319738698982,12865469.0
2015-12-01,225.8284149169922,227.36281787809486,225.0160879883069,226.41510771878026,9501537.0
2015-12-02,220.77392578125,226.2345943121293,220.00671736044666,226.14434340950618,10881754.0
2015-12-03,217.61483764648438,220.68364354051997,216.9830125161347,220.36773097534513,7155630.0
2015-12-04,217.61483764648438,218.56254779709957,214.86193054516895,216.62198138946744,11115170.0
2015-12-07,215.4034881591797,219.28463494372775,214.81680910547882,219.28463494372775,7531729.0
2015-12-08,212.96649169921875,216.57685820828777,212.37981265047713,214.90707196131652,8254434.0
2015-12-09,211.5674591064453,214.99730983678356,210.8453968663357,212.47005067903672,7408777.0
2015-12-10,209.35614013671875,213.68858301139886,208.13764961638935,213.01163924261934,11713559.0
2015-12-11,205.15907287597656,211.11616915628636,203.1733741158733,210.21357755874354,12872949.0
2015-12-14,203.94056701660156,205.5201022991836,202.18051617050108,202.9928430925614,12464883.0
2015-12-15,204.34671020507812,205.023653830456,202.18049611285036,204.88827061436174,10404430.0
2015-12-16,205.15907287597656,207.23503630481602,203.30875734652278,205.56523634037987,13030720.0
2015-12-17,208.4084014892578,209.76228893186223,206.24218709007283,207.59607453267725,14539096.0
2015-12-18,204.43698120117188,209.71714715177305,203.80516988572523,207.55091921994403,18871084.0
2015-12-21,208.00221252441406,208.4986406136993,204.4369787835623,204.79800988170416,9557098.0
2015-12-22,206.10678100585938,209.62688245741137,205.33957269778725,209.0853220314247,9155574.0
2015-12-23,207.2801513671875,208.49865551228004,206.60320768045932,207.82171182555186,7914311.0
2015-12-24,206.06166076660156,208.49865528163627,205.42984941417842,208.36327205342224,7257958.0
2015-12-28,206.6031951904297,207.55091904904617,205.79086832444625,206.73859218306274,8756879.0
2015-12-29,205.9713897705078,207.5509249892578,205.33957843749866,206.55808254380173,7263286.0
2015-12-30,203.80519104003906,207.3252928575124,202.94773175347044,206.69348147648583,11702877.0
2015-12-31,202.586669921875,204.48211767910954,202.1805064803116,203.94055724205566,11558305.0
2016-01-01,205.61038208007812,206.60322463863344,202.63182685950076,203.08312268769566,6449426.0
2016-01-04,199.20196533203125,204.84316288772118,198.6152862952215,204.84316288772118,14092071.0
2016-01-05,196.53929138183594,201.09738103174908,195.86234778350584,201.09738103174908,15074848.0
2016-01-06,195.7269744873047,198.4798675753317,195.32079728976964,196.67468455501051,11921123.0
2016-01-07,189.13807678222656,193.2448714089495,188.6416486365866,193.15460673794036,14342279.0
2016-01-08,188.59652709960938,191.80073028952557,188.28062827790018,191.3494344535502,11745840.0
2016-01-11,184.3994598388672,187.28775009793483,182.91017549027848,186.65593875570977,19287860.0
2016-01-12,179.97674560546875,185.0312636833616,179.25468339930157,184.8958804628187,20318816.0
2016-01-13,181.33065795898438,182.6845454413236,175.10278104920621,181.7368352216507,23788247.0
2016-01-14,176.9530792236328,181.87220050258662,175.3735439835359,177.81053845662314,20256636.0
2016-01-15,166.34762573242188,178.53261168034413,163.36907085732784,178.53261168034413,29090426.0
2016-01-18,163.36907958984375,169.82260402046063,161.69927962096563,166.889181320643,35653244.0
2016-01-19,165.12911987304688,169.50669436122254,163.82036489148996,164.40704388487458,24501774.0
2016-01-20,156.73501586914062,163.05315666756766,154.79444956146247,163.05315666756766,28655794.0
2016-01-21,158.49508666992188,161.24797996597232,155.29088381223428,159.75870937065145,28697205.0
2016-01-22,166.61839294433594,167.3404551113588,160.9320638580862,162.37620196458496,21432409.0
2016-01-25,165.12911987304688,170.40928590332442,164.72295643359183,169.59694525196036,17534650.0
2016-01-27,166.43788146972656,168.0625490645736,163.41420794698084,166.43788146972656,16569813.0
2016-01-28,167.20509338378906,167.79177241299587,164.7229664914521,166.257369452224,20241030.0
2016-01-29,162.376220703125,167.65638698665285,160.75156686738222,166.25736727480358,24259147.0
2016-02-01,155.92269897460938,164.22653894409183,155.3360199433106,164.22653894409183,22915269.0
2016-02-02,152.89901733398438,160.11975040803236,152.17695504454386,156.23861739869585,35957332.0
2016-02-03,149.87533569335938,151.45487096974009,147.34807649665927,151.45487096974009,24132003.0
2016-02-04,146.98703002929688,153.2600381462597,144.595154311242,152.80874240011195,23811109.0
2016-02-05,151.81590270996094,152.8087589681158,146.40035316901736,147.75424055425324,22732245.0
2016-02-08,155.38111877441406,159.66842833204478,152.13179768894474,152.94412451719882,22289005.0
2016-02-09,150.7779541015625,155.60681168488162,149.92049469634296,151.63541350678204,19008384.0
2016-02-10,143.51205444335938,150.01071075800186,142.60946290597977,148.9276036676371,32294785.0
2016-02-11,139.22474670410156,151.18408475161758,137.3744312705611,143.96335234557017,72749830.0
2016-02-12,139.72117614746094,142.29355382823883,133.80919867899107,140.93966648915966,41187889.0
2016-02-15,151.50001525878906,153.44058181392404,142.60948192117647,143.51207357890544,35956266.0
2016-02-16,141.1653289794922,154.1175247052878,140.4883852399375,154.1175247052878,33816243.0
2016-02-17,143.46693420410156,144.27927491968362,136.51698153499294,139.9017000854473,32447698.0
2016-02-18,144.23414611816406,147.75424798789481,141.1653262937616,146.17471262565184,21024178.0
2016-02-19,148.65682983398438,149.19839028864365,141.7971421188753,142.51920436181507,24592575.0
2016-02-22,148.88247680664062,150.55227672112764,147.7542373434614,149.78506837718402,15815058.0
2016-02-23,143.0607452392578,148.9275896812463,142.60944951295102,148.9275896812463,20200068.0
2016-02-24,141.0750732421875,145.04647086913548,140.1724816203852,140.8042930011558,19440950.0
2016-02-25,137.01341247558594,142.699742510992,136.29133641558187,142.24844669504637,22713124.0
2016-02-26,140.71401977539062,143.24127891728523,137.69034628964803,140.35298865760038,30051402.0
2016-02-29,143.2864227294922,147.93476416260063,138.09652080385703,142.78999457341862,66981910.0
2016-03-01,146.2649688720703,147.03216345463238,143.10589832957402,144.86594916304531,23588231.0
2016-03-02,163.5044708251953,165.35478645015323,155.69705861245168,155.69705861245168,53333757.0
2016-03-03,164.94859313964844,166.61839288834702,161.11257934570312,166.07683249080884,33507048.0
2016-03-04,170.04824829101562,171.35701710096438,161.11259715127147,165.53529038761866,38860711.0
2016-03-08,165.49017333984375,168.73949479652967,163.7301087234607,168.73949479652967,27928279.0
2016-03-09,165.5352783203125,166.0768387382229,161.29310095485948,162.46647267869633,29453018.0
2016-03-10,162.91778564453125,166.75379998796203,161.92492936430835,166.75379998796203,20472928.0
2016-03-11,162.55674743652344,164.8583449244746,160.2551361761179,162.466482770447,21869157.0
2016-03-14,164.04600524902344,165.53527571616806,163.09828141881627,164.67781654501044,14369755.0
2016-03-15,167.25021362304688,168.0625404928117,163.95574626799214,163.95574626799214,22369600.0
2016-03-16,167.1599578857422,167.7917692373429,163.91063646074386,166.97944232420693,19237834.0
2016-03-17,168.1979522705078,170.86059476928486,166.97944808630146,169.68722292013337,21560986.0
2016-03-18,172.62063598632812,173.29757965686275,167.88203029258577,168.64923862817338,21144216.0
2016-03-21,177.63003540039062,178.08133121503977,174.20018445456614,174.20018445456614,20678069.0
2016-03-22,178.26185607910156,178.93879983636398,175.55408105005193,177.63004466014786,16728809.0
2016-03-23,177.44949340820312,178.3520849031127,176.27612171033005,177.72025983871342,13362780.0
2016-03-28,169.95799255371094,178.93877577108543,169.37129977951358,176.72742921592098,19760603.0
2016-03-29,171.04110717773438,172.62064246829394,168.46871562412693,170.1385155831289,16804848.0
2016-03-30,178.3069610595703,178.9839047129685,171.94368796313668,173.5232231543991,20709407.0
2016-03-31,175.32839965820312,179.39006142634682,173.6134813095238,178.57773458169942,30132473.0
2016-04-01,176.59202575683594,178.03617770090713,173.29757221076892,174.83197504356104,21752206.0
2016-04-04,175.73455810546875,178.2166846712874,173.79399193571902,178.08130145849665,15732565.0
2016-04-05,166.3927764892578,175.59920858151912,165.44505250054218,175.0125157444782,36635637.0
2016-04-06,165.9414825439453,167.43075327704997,164.4521980383849,166.97945744611454,16350631.0
2016-04-07,164.22653198242188,167.56611800796168,163.3690727528508,165.89633188141892,19430601.0
2016-04-08,165.26451110839844,166.03170562897608,162.64698746405082,163.9557423999979,15805231.0
2016-04-11,169.9128875732422,170.4995666694262,164.27168944664052,165.94148960109715,18990364.0
2016-04-12,169.50669860839844,171.71804518746495,168.15281126132248,170.1385099492097,14563344.0
2016-04-13,173.20730590820312,174.92223804709292,172.21446350695976,172.89140714199303,17573045.0
2016-04-18,168.5589599609375,172.84626951817688,167.52098526132394,172.80113718939953,13985439.0
2016-04-20,169.05540466308594,170.27389502522246,166.16711437909575,170.0031285708284,20163005.0
2016-04-21,175.41868591308594,178.17157932132469,171.4924068782081,171.9437026857823,31008152.0
2016-04-22,180.65370178222656,181.87220594143645,172.89142234795074,174.7417378676027,34049763.0
2016-04-25,177.85568237304688,182.8199363080992,176.72744284235316,181.37578419982916,23835613.0
2016-04-26,181.3757781982422,181.78194166136126,175.59919750121517,176.86282022479773,21809451.0
2016-04-27,177.0433349609375,181.33064501565133,176.45665593611645,181.33064501565133,22801603.0
2016-04-28,173.34271240234375,178.89364500496995,172.57550406492845,177.58488999330933,24555479.0
2016-04-29,170.58981323242188,175.1027712544436,168.2882018866998,173.2073233762125,21021661.0
2016-05-02,167.8820343017578,170.0933809238223,167.43073851062405,169.32618634236766,14469844.0
2016-05-03,166.12197875976562,170.9057167646121,165.76093387362477,168.78462109745388,16247931.0
2016-05-04,162.42135620117188,166.43788607992735,161.69928016429952,165.62555914623024,17826594.0
2016-05-05,162.78240966796875,164.90349178305718,161.11260960565065,162.69214499394133,17742028.0
2016-05-06,166.3927764892578,166.93432321676988,162.55676196977765,163.3239566102003,18336962.0
2016-05-09,170.3190155029297,170.95082680662762,167.02456199421323,168.3333169316847,13863696.0
2016-05-10,171.04110717773438,171.7631832079097,168.51384795834815,169.3261886569659,13845979.0
2016-05-11,166.9794464111328,170.138517018911,166.16711947811464,167.34047754303978,18128414.0
2016-05-12,170.1385040283203,171.04109556162703,167.34046476608788,168.87488139067239,17398341.0
2016-05-13,166.8440704345703,169.64209625965165,166.34764227727115,169.64209625965165,15546644.0
2016-05-16,159.5781707763672,166.9794178961945,158.08888662355125,166.9794178961945,30937008.0
2016-05-17,159.62332153320312,161.2028567497278,158.17916954054178,161.11259208551616,22183140.0
2016-05-18,162.42135620117188,162.87265200266023,156.64477545110273,159.66844905760186,25345278.0
2016-05-19,155.87754821777344,163.36906037046785,155.1554722682752,163.36906037046785,25480517.0
2016-05-20,154.6590576171875,157.68273085101637,153.9369816693116,156.5996238154291,16720624.0
2016-05-23,151.99642944335938,155.87757632074283,151.8159138665532,155.5165451671305,16193112.0
2016-05-24,152.9892578125,153.80158464588598,150.19121867980928,152.3574465229272,14816798.0
2016-05-25,158.0437774658203,158.6755887625563,154.7493102209522,154.79444255053048,18900887.0
2016-05-26,166.21224975585938,167.4307540137287,156.59965402362226,158.0438061979521,30700988.0
2016-05-27,176.81768798828125,182.68453335700104,163.8203745265608,166.07685351452997,85585820.0
2016-05-30,179.4803466796875,184.03842328008946,175.64433234739934,180.69883708647077,46075949.0
2016-05-31,184.98614501953125,185.66308871716734,177.0884685471102,179.43521220789722,39457647.0
2016-06-01,178.9387664794922,188.00981389032032,177.44949600011967,185.88871833731974,41868032.0
2016-06-02,181.01473999023438,182.59427521916757,176.5017821932824,178.57774553437113,23499884.0
2016-06-03,179.78024291992188,184.85541139726752,178.6828956188574,183.80380317932304,24568749.0
2016-06-06,181.8834686279297,185.2669330564443,180.23747549912412,180.55752351712462,23623536.0
2016-06-07,192.17098999023438,193.08543679285904,183.02652196398765,183.30085879544524,66063192.0
2016-06-08,192.6739501953125,193.77128363427283,189.79344817387272,192.17100163272812,35163093.0
2016-06-09,191.98809814453125,194.59427704173393,190.47926654300372,192.03382327407613,27858182.0
2016-06-10,188.33030700683594,193.40548930406658,187.73592219551577,191.43943435583813,25598224.0
2016-06-13,184.53533935546875,185.26689947642512,183.07221911355603,184.2610025659415,21192525.0
2016-06-14,189.9305877685547,190.7535982180963,186.3642510139247,186.86719951864177,23918910.0
2016-06-15,197.5662384033203,198.9379086343732,190.70788724805593,191.805220642228,48362742.0
2016-06-16,197.52052307128906,199.80664023646602,194.82290760705064,197.52052307128906,48122379.0
2016-06-17,195.1886749267578,198.8921874141045,193.49695664720042,198.20635228509036,26486677.0
2016-06-20,197.4290771484375,198.16063744806496,190.1135020588672,190.2049523288277,32633757.0
2016-06-21,195.69161987304688,198.8921837494752,194.91433449314522,196.60606669488354,18960306.0
2016-06-22,194.68572998046875,196.83468567251987,193.35978483048797,195.69162710299304,16395548.0
2016-06-23,198.93789672851562,199.34939498253428,194.54854946116592,194.77716115265966,20666649.0
2016-06-24,193.1768798828125,194.1827769096963,185.17547065689718,188.28458408905556,47224652.0
2016-06-27,198.57212829589844,200.12669910670917,192.53678744575984,192.76539915872007,29021651.0
2016-06-28,197.4290771484375,199.9438060854773,196.97185370533936,198.2063625830452,21784062.0
2016-06-29,198.6178436279297,200.08096410001482,197.61196051255325,199.25795360196034,18019568.0
2016-06-30,200.08094787597656,202.9157243749194,199.25793744465784,201.17828116438506,30600995.0
2016-07-01,200.81251525878906,202.09273514898095,200.1723913603428,201.909848586575,15346865.0
2016-07-04,203.92164611816406,205.15615493833658,203.00719927458485,203.32726125117816,16534518.0
2016-07-05,204.37887573242188,205.887707488703,202.59570712408456,204.15026401460037,15357018.0
2016-07-07,201.22402954101562,205.38476544558762,200.5839195449318,204.74464149615238,12917872.0
2016-07-08,199.62374877929688,201.95559102150634,197.97774166989305,201.31546706820654,16017389.0
2016-07-11,205.4761962890625,206.1620313994755,203.00719268224594,204.47031316580075,15831791.0
2016-07-12,207.30508422851562,207.7623076229117,204.97324212642545,205.75052747823906,19374179.0
2016-07-13,208.2195281982422,208.95108841004154,204.79035278669886,207.5794182454242,18377333.0
2016-07-14,212.15167236328125,212.92895777871158,206.66499118147226,207.57943804510708,21208021.0
2016-07-15,211.69444274902344,214.34633299477647,211.0543327538435,212.97466273938323,15068302.0
2016-07-18,209.17970275878906,213.8433869590138,208.67675423470982,212.51742795370927,11816985.0
2016-07-19,209.95700073242188,212.2888290193716,207.57943335930077,210.3227738882783,19767339.0
2016-07-20,211.37437438964844,212.83749486587777,209.5912059021727,210.91715098499563,18051608.0
2016-07-21,206.3449249267578,212.24311823779814,205.20186637087426,211.83160599499885,13306837.0
2016-07-22,204.37887573242188,206.5735426421675,203.09865569396223,206.1163192065245,12341622.0
2016-07-25,210.23130798339844,211.2372050172015,203.64729399431158,203.92163081747157,18427070.0
2016-07-26,207.30508422851562,212.33454156687256,206.57352400681174,210.32276142219993,14162638.0
2016-07-27,209.63693237304688,211.23721429955867,207.39654046660056,208.26526215032246,17626617.0
2016-07-28,211.2372283935547,215.03217734828857,209.6826714947487,210.45994296747568,26838284.0
2016-07-29,209.7740936279297,212.7917709059172,208.8596468135911,210.32276729787324,15577230.0
2016-08-01,207.85374450683594,212.74602614002401,206.02485104694887,211.05430806163832,16071228.0
2016-08-02,208.5395965576172,211.14576157844067,207.8537614542398,209.68265506324613,16145066.0
2016-08-03,207.25936889648438,210.77999478111028,206.48209746127634,208.95110111706592,14838944.0
2016-08-04,206.3449249267578,209.13399059378398,204.10453294789636,208.90537888260727,17810908.0
2016-08-05,212.83749389648438,213.88910214105576,207.48797450507126,207.8994867300653,21264296.0
2016-08-08,213.2947235107422,215.71800203359658,211.87732813082582,213.93483350231207,16972827.0
2016-08-09,215.0321807861328,217.63836000620344,212.7460635591769,214.20918416576956,19854185.0
2016-08-10,211.69444274902344,216.63245008709853,211.28294446307572,216.49528864289977,16279843.0
2016-08-11,207.71658325195312,211.78588263963107,206.75642528289274,211.69443237907737,16673286.0
2016-08-12,222.4849090576172,226.73708109296945,205.20185617904977,207.5794234385408,86616475.0
2016-08-16,225.63973999023438,226.6913481920301,221.890502660323,224.26806983831807,27709873.0
2016-08-17,225.18252563476562,228.42881458179485,223.39935715644984,225.3654122050171,18294050.0
2016-08-18,227.14859008789062,228.97748377282807,225.45687180133436,225.77691982418753,14314950.0
2016-08-19,236.3844757080078,237.75614577981443,231.81224213531908,233.1839122071257,39822529.0
2016-08-22,233.00103759765625,238.1219310895359,232.26947739785908,237.57325745135049,19769886.0
2016-08-23,232.95533752441406,233.9155095178347,229.52616180030589,233.09249897203767,17583721.0
2016-08-24,232.63526916503906,234.2812902115115,231.8122725951542,233.13821771479152,11560293.0
2016-08-25,228.7488555908203,233.686876556593,227.33147424973555,233.092477779778,21230706.0
2016-08-26,225.50257873535156,229.25180211488816,224.8167436588491,228.88602898876033,16531983.0
2016-08-29,227.74298095703125,228.47454119613786,223.35363347574255,224.81675395395578,11786129.0
2016-08-30,230.66920471191406,231.26358954905834,228.42881284829605,228.7488608554696,15323228.0
2016-08-31,230.8978271484375,233.91550451174083,229.70904346551782,231.58366227858136,15601566.0
2016-09-01,230.4405975341797,233.0467765400138,229.66331215956922,230.39487240272888,12175873.0
2016-09-02,232.8181610107422,233.36682071908376,230.12053178633042,230.44059374787614,11380257.0
2016-09-06,237.84764099121094,239.12786105221463,234.0984031715753,235.1957505991238,16620963.0
2016-09-07,243.97438049316406,247.17494410184267,238.1219269043489,240.40804376769074,30862337.0
2016-09-08,245.3917694091797,248.36372108587236,244.06581057536079,245.07170749342708,14339143.0
2016-09-09,241.5054168701172,245.4375271331904,240.81958173771818,245.4375271331904,11455826.0
2016-09-12,231.1264190673828,236.61309963871534,230.25769743425855,235.4700411863544,18989750.0
2016-09-14,235.51577758789062,235.92728983749788,231.35505553832155,233.18394925799208,12754966.0
2016-09-15,234.098388671875,236.24734430547687,232.45238158585562,236.24734430547687,7783662.0
2016-09-16,232.54380798339844,239.58504506682996,231.72079754818185,235.88154694507983,18013477.0
2016-09-19,233.7783203125,236.20159876643706,233.3668220405759,234.09838227585814,11433295.0
2016-09-20,232.68099975585938,234.46416833467512,231.94943948027168,234.46416833467512,9914599.0
2016-09-21,229.66331481933594,234.3269992143075,229.20609140623483,232.7267172684537,12817180.0
2016-09-22,235.83583068847656,236.33879318646623,233.2753907400467,235.83583068847656,20797370.0
2016-09-23,232.77244567871094,236.6588307914533,232.08661054940026,236.6588307914533,12730223.0
2016-09-26,230.1205291748047,232.6809829780606,229.2060823845955,232.223759582956,8800173.0
2016-09-27,227.697265625,232.17804960816738,227.0571556207406,231.49221447074268,11345387.0
2016-09-28,232.04087829589844,233.9154970491562,226.8285342637642,228.61170275457974,17277539.0
2016-09-29,226.0969696044922,234.7842141393463,222.66779413020768,233.18393225134685,27870695.0
2016-09-30,229.7547607421875,230.89781925334265,224.77102842422119,225.73120036426172,14826293.0
2016-10-03,233.45826721191406,234.69276200076808,231.03497485746618,231.35503681384535,9314647.0
2016-10-04,237.52757263183594,239.58507807330514,232.08661658839878,233.9155103141492,21532806.0
2016-10-05,238.533447265625,242.23694554830155,237.3446497119837,239.58505547741083,20868556.0
2016-10-06,234.82992553710938,239.5850600286019,233.77831730534703,238.9906751938407,11081154.0
2016-10-07,236.5673828125,237.66470215653493,233.41253039666245,235.24142387675383,11934100.0
2016-10-10,234.64706420898438,238.0305007655172,234.14410170406944,237.16179301345056,9399844.0
2016-10-13,228.2916259765625,233.5039836238412,224.8167394828435,233.13819655115756,18050638.0
2016-10-14,230.5320281982422,231.85797317748302,227.7886879846337,229.5261312052458,12133951.0
2016-10-17,231.5379180908203,234.50988403020867,230.4405847635686,232.0408666022045,16865537.0
2016-10-18,234.92138671875,235.65296093198174,232.08660989757172,233.09249304572478,20218355.0
2016-10-19,233.54969787597656,235.92726504302155,233.04676331860384,235.92726504302155,9546481.0
2016-10-20,237.93905639648438,238.57915237984187,233.45825893283077,233.8240320528494,14179531.0
2016-10-21,236.3844757080078,237.52753410118,234.18980917445703,237.52753410118,8833390.0
2016-10-24,240.4538116455078,242.23696626844344,237.11605829994238,237.11605829994238,14483254.0
2016-10-25,239.08212280273438,241.91688550733772,238.44199889135228,241.4139509388955,9079178.0
2016-10-26,236.61312866210938,242.19126017519457,234.8299460950177,238.12196042296173,15020687.0
2016-10-27,233.54969787597656,236.01871530073493,232.54381480788084,235.92726504302155,10938008.0
2016-10-28,235.92727661132812,236.6588228955042,232.26948937704395,234.00693273198854,11430184.0
2016-11-01,236.7960205078125,238.5791751027481,234.5556145859285,235.01283800617398,10000632.0
2016-11-02,229.5718536376953,234.09836214633935,229.11463027412825,232.36091894612437,13716294.0
2016-11-03,224.6338348388672,231.17213736517988,223.90228861365304,229.66329188063855,12902390.0
2016-11-04,222.07342529296875,226.23414733880253,219.74158301181188,225.18253903227676,12657669.0
2016-11-07,231.0806884765625,232.17802177422126,224.49667473725987,226.7827915879448,11224419.0
2016-11-08,231.0349884033203,232.3609474831903,227.37720104555802,231.9951603754032,9367228.0
2016-11-09,237.7561798095703,238.7163378345816,214.8950086740347,214.8950086740347,31761606.0
2016-11-10,257.23388671875,259.8858048985602,242.55702599733252,244.15730797846476,50227559.0
2016-11-11,249.64395141601562,264.09219824737653,247.35783464480667,254.90201998979617,57937113.0
2016-11-15,254.39910888671875,259.19995454829746,247.54075794160627,251.6100294250188,48658808.0
2016-11-16,253.48464965820312,260.4344226162701,252.52446382897278,259.70287638069465,27532708.0
2016-11-17,253.7132568359375,258.0568788108806,252.02152480119867,254.2161913756195,19500760.0
2016-11-18,252.2043914794922,256.04507882453987,251.33568384892828,254.35334682953794,13389671.0
2016-11-21,235.3328857421875,253.8504331416713,233.96121556444797,253.43892092566895,26002028.0
2016-11-22,235.3328857421875,240.1794425408534,229.6633045115169,238.48771040696772,25631435.0
2016-11-23,236.52166748046875,238.07623825731983,232.95533041753689,237.57327575577264,16190033.0
2016-11-24,239.35643005371094,240.499488458934,232.77241643029598,235.7443543305263,28927720.0
2016-11-25,238.62490844726562,241.87118349021904,236.24734113785496,240.9567366717305,19303589.0
2016-11-28,231.85800170898438,235.69867568998404,226.78281889860733,231.766551442604,22315183.0
2016-11-29,231.0806884765625,234.55558888027355,230.44057854904068,232.49808371465713,12656706.0
2016-11-30,236.24732971191406,237.8933227429052,231.0806970653238,232.26948066253442,16501691.0
2016-12-01,233.7783203125,238.6706163046835,232.86387350673493,237.4361075355603,12986151.0
2016-12-02,232.3609161376953,239.03636600241197,231.35501916866565,232.22374075827332,21139754.0
2016-12-05,234.92138671875,235.7443832902708,231.5379362143236,232.63526962746846,8406973.0
2016-12-06,236.9331817626953,237.8933397817603,234.4184529533602,236.3845080774998,10048459.0
2016-12-07,233.73260498046875,240.2708939441354,230.12052899921795,238.0762272306482,22193202.0
2016-12-08,237.6647186279297,238.21339229132298,235.9729864602594,236.33878750698943,9047721.0
2016-12-09,243.8372344970703,244.34019698286195,236.65882151045892,238.4877151168974,16004173.0
2016-12-12,241.09388732910156,246.30624512401985,239.85937859802084,245.89473291142593,14296268.0
2016-12-13,243.3800048828125,243.92867853207866,239.17354411404,242.23694640796677,9084137.0
2016-12-14,240.4080810546875,243.47148370803558,239.85940734104685,243.242871986244,8672531.0
2016-12-15,242.6941680908203,244.61451189639385,236.84171432211593,237.66471083687577,12274497.0
2016-12-16,242.09976196289062,243.56288225297675,240.54519142216816,243.56288225297675,11017555.0
2016-12-19,238.99066162109375,241.8711632772714,238.53343825005922,240.81955510523193,8371299.0
2016-12-20,232.77244567871094,240.40806841302552,231.5836619972355,239.44791039467174,12765309.0
2016-12-21,233.50399780273438,235.92727626050382,232.36093929372032,234.18983290814282,8778450.0
2016-12-22,228.42881774902344,232.49810329528145,227.10287265462713,232.49810329528145,12981595.0
2016-12-23,227.8343963623047,230.25768855992422,226.59990165334355,228.38306997963167,10557157.0
2016-12-26,223.3079071044922,227.0571445882493,222.75924739322224,226.78280775593885,8592983.0
2016-12-27,227.4686279296875,228.56596123355268,222.3020093992577,223.67367951742668,8756536.0
2016-12-28,226.55418395996094,230.89780605404698,226.00551032463108,227.9258540949355,11747088.0
2016-12-29,226.46273803710938,227.5600853287707,224.4966830540253,226.46273803710938,10658616.0
2016-12-30,228.79458618164062,230.71493003972694,226.09697091688184,226.5541943161071,10538497.0
2017-01-02,222.7592315673828,231.9494101467379,221.84478482688183,230.89780197650174,25988990.0
2017-01-03,223.94802856445312,225.31969884301046,220.47314168812252,223.1250319786594,15963085.0
2017-01-04,222.11912536621094,225.31968921271744,221.47901538757986,224.77102949675552,11225978.0
2017-01-05,224.35952758789062,224.86246216437283,222.85068199839162,224.03946562708305,11970913.0
2017-01-06,224.8624725341797,227.6972633215313,224.49669937926078,224.95392279958514,12354302.0
2017-01-09,225.91407775878906,227.10286135277246,224.95390585775056,225.31967898512218,8329253.0
2017-01-10,227.05715942382812,227.69726943880903,225.31970200790644,226.50848572335772,9352013.0
2017-01-11,230.57774353027344,231.5379154130204,227.69724183538273,228.291626644376,13415303.0
2017-01-12,229.7547607421875,232.68098774007453,229.1146507666108,231.26359239557192,11282323.0
2017-01-13,229.43470764160156,230.98927843951196,227.78871448462834,230.44060475161987,9333736.0
2017-01-16,233.86976623535156,234.46415106673066,229.25180716124635,229.57186911866626,13234727.0
2017-01-17,234.098388671875,236.5216671920207,232.63526816133526,235.42434773914283,9480201.0
2017-01-18,236.24732971191406,237.1160374034424,234.64704785695565,235.10427124408662,8048897.0
2017-01-19,236.2930450439453,239.5850590705295,234.55560172362908,235.19572563955148,13029151.0
2017-01-20,229.5718536376953,238.213372418443,228.8860185923447,236.3844789641747,15341756.0
2017-01-23,232.40663146972656,233.3668033294645,228.70313336600145,229.52612984386263,9339939.0
2017-01-24,233.0924835205078,235.0128273800509,232.2694869826184,233.2753840430173,13540202.0
2017-01-25,237.02459716796875,238.67059007477042,232.45234968828277,233.6868583217334,16343545.0
2017-01-27,243.6543731689453,245.25465514872,237.29895642944467,238.03050274323186,18039379.0
2017-01-30,241.36825561523438,244.9803039046946,240.86529310705686,243.10569903734083,11884795.0
2017-01-31,238.0762481689453,241.27681221371816,237.4361241973092,238.80779450221186,8899165.0
2017-02-01,247.540771484375,248.63809095160568,239.21929963437017,239.5850727901137,27253142.0
2017-02-02,249.91830444335938,251.47287519817445,245.71187140176988,248.59237329997217,20139955.0
2017-02-03,253.80471801757812,254.7191648890617,248.72954904352596,249.6439959150095,15366890.0
2017-02-06,253.3474578857422,258.33120377613875,252.38729997244,256.04508692856234,14725291.0
2017-02-07,254.12477111816406,256.0451150624732,252.66165059360935,254.07905993886976,10981984.0
2017-02-08,253.48464965820312,255.35925432855277,249.27818903689413,254.30764614990053,13622088.0
2017-02-09,252.25013732910156,256.31940855418645,247.67790365595016,254.94773845224105,16080181.0
2017-02-10,252.70738220214844,258.60554739843553,251.4728734239993,254.9020489706902,37580487.0
2017-02-13,248.40945434570312,254.4448084840779,247.08352330067774,254.0332962834182,19853043.0
2017-02-14,247.0835418701172,249.6439818028501,245.16319796721635,248.72953498305947,13306738.0
2017-02-15,245.9404754638672,249.18675040741164,244.20300423658284,247.769369044839,12201568.0
2017-02-16,247.35787963867188,253.30178432499855,246.5805942137345,253.30178432499855,21794688.0
2017-02-17,246.30625915527344,250.2383693602104,244.79742746764424,247.9522522860139,17830528.0
2017-02-20,246.58059692382812,248.3180404237401,245.07176514513364,246.8092086450456,9229363.0
2017-02-21,247.540771484375,248.2723177958621,245.666138712797,246.90064753179658,7754157.0
2017-02-22,249.00390625,251.19860136930828,246.4434658197506,248.6381330323512,12617613.0
2017-02-23,247.31211853027344,249.64394642763244,246.53483326225432,248.4551768930373,13146194.0
2017-02-27,245.30038452148438,248.2266258070695,244.7059996091107,247.6322129879907,9645350.0
2017-02-28,246.1690673828125,248.0436719900113,245.07172015971622,245.89471662368888,7941592.0
2017-03-01,248.50094604492188,249.91832758277215,246.71776342028005,246.9006639636758,7656892.0
2017-03-02,244.43161010742188,251.1985385210681,243.70006385515234,249.64396785161946,14220808.0
2017-03-03,242.37413024902344,245.89475625834027,241.6425839201774,243.47147764899614,10120034.0
2017-03-06,246.76344299316406,247.220666334672,243.56287960260863,243.7914912733626,9515073.0
2017-03-07,244.88882446289062,247.72361492264454,243.6086046152694,247.6321646678074,11599142.0
2017-03-08,246.8092041015625,247.17497726743613,243.24286689756306,244.88886009734628,9122987.0
2017-03-09,249.87257385253906,250.46695865730754,245.4375015440817,245.98617517413726,15594429.0
2017-03-10,248.7752227783203,251.9757863467581,246.44339476970978,251.01562843890662,9557026.0
2017-03-14,251.1527862548828,254.58196145745276,250.37550096096047,254.58196145745276,15734886.0
2017-03-15,253.6218719482422,256.5023743137396,249.32396003948256,249.32396003948256,20055974.0
2017-03-16,255.40496826171875,256.2279926690051,252.43301629920782,254.21619863939452,18005184.0
2017-03-17,250.6956024169922,255.58789872527467,250.1012175361811,255.54218754471367,14265642.0
2017-03-20,250.4669647216797,251.2442500575199,248.5466209233394,251.2442500575199,9678185.0
2017-03-21,249.04959106445312,253.3474742718573,247.03779694578628,250.92419583803238,11898233.0
2017-03-22,244.61448669433594,247.815050071645,243.97436285619494,247.174926233504,9887203.0
2017-03-23,245.5289764404297,246.35197301475534,243.88298329177834,245.98619986024426,7998170.0
2017-03-24,252.8445587158203,255.08496470256603,245.6661452288044,246.44343064706538,20133467.0
2017-03-27,255.5421600341797,256.7766408434641,251.65576127696417,252.38730752740685,15966114.0
2017-03-28,257.9654235839844,258.69696979245725,254.6734098324584,256.6394646860909,18673371.0
2017-03-29,263.7721862792969,265.09811737344256,258.92560157508177,258.92560157508177,31008407.0
2017-03-30,266.1497497558594,268.61876746202154,264.1379833903788,264.2751448392314,19683170.0
2017-03-31,268.2987060546875,269.7618266279084,263.8179219733952,267.0184860181331,20185269.0
2017-04-03,268.070068359375,270.4019243957335,267.2013606611522,269.57889996719456,10509610.0
2017-04-05,271.9107666015625,273.1909865639527,264.869514948363,268.2072402488918,21936647.0
2017-04-06,267.7957763671875,272.0936599909077,266.51555630707304,270.1733438540882,18413111.0
2017-04-07,264.6866149902344,269.57888263024864,263.04059414571526,266.74412011585883,10765502.0
2017-04-10,264.5951843261719,265.5096311163735,262.0347165695866,265.00666863774177,10307875.0
2017-04-11,269.3045654296875,269.8989502304504,264.0922078393362,264.54943121018454,11682024.0
2017-04-12,265.3267517089844,270.17333682673984,264.3665936655488,268.847377712754,13251421.0
2017-04-13,266.60693359375,268.02434277259215,265.18955232160744,265.4181640046433,9944020.0
2017-04-17,265.0981140136719,267.70429289906787,263.81789411231796,266.1954613043757,8146800.0
2017-04-18,265.4638977050781,271.4992522307079,263.72645434791093,266.1497328123837,13457050.0
2017-04-19,259.74859619140625,266.7898475463995,258.6969879777906,266.6069470280746,18149995.0
2017-04-20,260.4344482421875,262.35479218290385,258.056908789275,259.61145166950985,14514929.0
2017-04-21,258.056884765625,262.4462180157519,255.35925568257395,262.4462180157519,12042308.0
2017-04-24,261.5775146484375,263.2235357499497,256.8681188736263,259.01707458835676,10077853.0
2017-04-25,261.5775146484375,264.0922435279361,260.61735660258313,262.9034737657637,11531902.0
2017-04-26,261.94329833984375,264.7323499311876,259.10850766424886,262.53768318149224,13836891.0
2017-04-27,257.91973876953125,263.3149978422806,257.00529186319477,261.9433274827758,22622372.0
2017-04-28,264.9609375,265.8753842213115,258.3311987704918,258.78842213114757,14152004.0
2017-05-02,263.6349792480469,267.47566664980064,262.5376599237596,265.41816152172527,9754789.0
2017-05-03,265.0066833496094,268.1158249342601,261.3488959857406,264.64091019456305,13950914.0
2017-05-04,273.46533203125,274.33406774178076,268.02438976506073,268.8473863869452,24534923.0
2017-05-05,270.67620849609375,278.81477810264363,267.1555833110045,275.2484417477169,34756331.0
2017-05-08,273.78533935546875,275.0198479951408,268.755882451152,270.76767637555827,11560550.0
2017-05-09,271.13348388671875,275.1570443394476,269.9904253543127,275.1570443394476,7843574.0
2017-05-10,269.2588806152344,272.6423171467246,267.9329215472852,271.5907088721628,8699405.0
2017-05-11,272.5965881347656,273.7853577749013,269.25886300050695,270.58479407501204,11934889.0
2017-05-12,272.4137268066406,276.71163841317457,270.67628327238185,274.3340708841708,13376269.0
2017-05-15,275.6142272949219,276.16290089127733,272.047890778659,272.870887219843,10383539.0
2017-05-16,281.1923828125,282.0153793271964,273.7396471908422,276.1629255589431,17533439.0
2017-05-17,281.32952880859375,282.3811369589244,279.3634739350714,281.64959074305074,14120513.0
2017-05-18,277.0317077636719,281.5582033093825,276.16297202013163,278.7691513440468,15471393.0
2017-05-19,281.6496276855469,288.3250784777504,276.1629466267375,278.4033525550992,55250969.0
2017-05-22,269.1216735839844,282.9298254095469,268.1158044610904,282.5183411065541,35771221.0
2017-05-23,264.1379699707031,270.58480889957497,262.67484947496774,269.76181234156826,19846852.0
2017-05-24,258.9256286621094,265.6011076345521,257.5539583412011,265.23530655694657,16435958.0
2017-05-25,265.281005859375,266.4240642887013,259.29136294568553,259.8400365731021,15018467.0
2017-05-26,266.1576232910156,268.51053943480326,263.2510433781197,268.0491811196232,12304394.0
2017-05-29,262.051513671875,268.37212799612803,261.40560079003933,266.5728193674971,10619968.0
2017-05-30,266.5267028808594,267.3571422119111,259.3294963072325,261.49788600875615,9643418.0
2017-05-31,266.0191650390625,268.97186920650273,265.0041993806367,266.66507787540064,10697171.0
2017-06-01,265.2348937988281,268.87960741656434,262.60514589800863,265.6962520916359,12186700.0
2017-06-02,264.8658142089844,268.04919804840586,264.21992942238717,267.4955624034092,12004368.0
2017-06-05,265.05035400390625,267.35714559662955,264.5889956853616,265.7885160499469,7917410.0
2017-06-06,265.0964660644531,270.30983734529417,264.4505813444107,269.4332453177875,12346121.0
2017-06-07,268.09527587890625,268.97186784391386,265.0041980381477,265.9269145659141,10864355.0
2017-06-08,266.2960205078125,269.43325136448783,265.51170575387454,269.43325136448783,8370299.0
2017-06-09,266.2498474121094,267.034162106043,263.7123769170192,266.0191682761921,10804887.0
2017-06-12,262.9281311035156,264.8196890473654,262.32834272997826,264.58900987572133,10326846.0
2017-06-13,261.91314697265625,264.8196990129335,261.1288321277358,263.3433466270385,9171049.0
2017-06-14,262.236083984375,264.1737664279559,260.7597317081077,263.8046853986585,11566255.0
2017-06-15,262.051513671875,263.7123922836298,259.6063203204843,261.91311181407474,11925641.0
2017-06-16,263.850830078125,264.4967148199238,261.3594839279787,262.69743429733074,19246907.0
2017-06-19,266.5267028808594,267.4494195062672,263.2510419652157,264.4505904736918,14848661.0
2017-06-20,267.6800842285156,268.51052351478756,263.52785963808077,265.3732927893851,14927701.0
2017-06-21,268.4182434082031,269.84847098089807,265.97305014020355,265.97305014020355,10537576.0
2017-06-22,271.7400207519531,273.03181827481654,268.55663742858076,268.74119200002156,26110402.0
2017-06-23,266.61895751953125,272.70886420247757,265.5578109632208,271.9707022285066,20648597.0
2017-06-27,258.0377197265625,267.08036028913705,255.40797149767403,266.89580568536,25523129.0
2017-06-28,255.03887939453125,256.93046544447867,252.59368587540678,256.14615065104084,17241351.0
2017-06-29,251.39413452148438,257.71472034187144,250.65594438835842,255.7308853974177,30457363.0
2017-06-30,252.5013885498047,253.516382427919,248.85667492444827,250.97891181217096,12235472.0
2017-07-03,253.60867309570312,254.20843327742793,251.48640793696077,252.91663561854133,8951033.0
2017-07-04,251.901611328125,255.08499460304392,251.02501936573466,253.74704437814788,7856082.0
2017-07-05,253.65480041503906,254.3007133310265,251.30188423079994,252.7320837688155,10048734.0
2017-07-06,259.28338623046875,260.85201584496053,253.37800512963315,253.79321073882574,16115817.0
2017-07-07,258.452880859375,260.57511741089615,257.6224416939568,258.9142390800597,5914038.0
2017-07-10,263.4817199707031,264.81967033533107,261.31335843772735,262.14379776515176,2095795.0
2017-07-11,261.63629150390625,267.3110213562265,261.1288086165156,265.28103348850965,12400820.0
2017-07-12,265.4194030761719,266.1114404706825,261.3133314308528,262.69740621987415,7524835.0
2017-07-13,266.4344177246094,267.587813472335,264.404429944982,266.5728195825213,8434324.0
2017-07-14,269.064208984375,270.9096424778768,265.05038550419255,266.48058519802424,13750192.0
2017-07-17,270.3559875488281,271.37098152980326,267.2648810354815,270.17143294898597,10549310.0
2017-07-18,268.5105285644531,273.49319253486493,267.5878119714481,269.2948433003225,11913832.0
2017-07-19,270.6327819824219,271.27869490057805,268.87962598052616,268.9719032772738,9006728.0
2017-07-20,268.4643859863281,271.509339275319,267.6339185810817,270.35594361144763,6256500.0
2017-07-21,268.1875915527344,269.617819270944,265.973077200917,268.55667258485767,7266604.0
2017-07-24,271.7861633300781,273.40091738045663,268.2337269465062,268.32597607926704,11195781.0
2017-07-25,273.2164306640625,274.32367384979887,271.878480135666,273.12415335881445,10846999.0
2017-07-26,272.9396057128906,276.49207086248776,272.43212275969705,273.35483951756225,12527914.0
2017-07-27,275.2925109863281,276.6765859252648,273.30867587233416,274.04683790946973,22286060.0
2017-07-28,275.9845275878906,277.50700427378723,272.75501964122975,274.04681718807916,15766196.0
2017-07-31,288.3489685058594,289.5946416816205,274.96957636718747,276.26137411427794,41547584.0
2017-08-01,285.11944580078125,290.4711911249966,284.15060457868145,289.73302906616607,14888804.0
2017-08-02,283.919921875,287.70303757817896,281.70537940796805,286.04215888698224,17005571.0
2017-08-03,277.32244873046875,283.6430627501046,275.98452662411194,283.27398176073285,14459919.0
2017-08-04,281.6592102050781,282.6280512615648,274.6004346474779,277.0917522894748,9615344.0
2017-08-07,287.1494445800781,287.70305206563614,281.5669917220201,282.166751937427,11420767.0
2017-08-08,280.18292236328125,287.7030578912218,277.92228332726825,286.96489578947865,13578680.0
2017-08-09,278.9372253417969,283.6892385025944,276.90726565592655,279.3524590879696,15852734.0
2017-08-10,273.77001953125,279.0294871222404,269.433240357752,277.9222441258044,14519518.0
2017-08-11,258.4990539550781,279.5831342310501,256.00773599103934,271.74004300674676,67652562.0
2017-08-14,256.69976806640625,260.57516087107456,255.1311385908251,259.69859700101813,23773509.0
2017-08-16,261.2210998535156,261.9592619398572,253.00892696688157,257.48408037383007,21074533.0
2017-08-17,259.1449279785156,262.69739204378135,258.3606133419132,261.86692468792467,12134114.0
2017-08-18,257.1611022949219,258.0376660829359,254.66975645725424,256.5151894750604,12653217.0
2017-08-21,253.42408752441406,258.9603866649106,252.2245673076026,257.43791003308877,9247153.0
2017-08-22,252.73207092285156,255.59249801256914,250.24075300012404,254.66978141324577,11814388.0
2017-08-23,257.43792724609375,258.08384011930195,253.008898901189,253.51638175937012,11317821.0
2017-08-24,258.6374206542969,259.6985671441151,256.0538257482142,258.0838132880453,14138226.0
2017-08-28,257.7608947753906,260.2983654936467,257.43793832488814,260.2983654936467,10505317.0
2017-08-29,255.59251403808594,259.1449788000337,254.7159219501365,256.930464454624,10335964.0
2017-08-30,255.22340393066406,257.6685971617991,254.6697683676152,256.51520147172835,7648702.0
2017-08-31,256.2845458984375,257.8993000130091,253.0089131010802,255.45410655704467,14222467.0
2017-09-01,256.3768005371094,258.729716489634,255.22340484291607,256.1922459624086,8255209.0
2017-09-04,256.2845458984375,257.9915773085143,255.0388728068097,257.391817126346,7168751.0
2017-09-05,255.17726135253906,257.89928655295364,254.62365392655528,256.6074889605321,9565430.0
2017-09-06,253.05502319335938,255.26953736341872,252.5013876110757,254.62365264998394,7306781.0
2017-09-07,253.00892639160156,255.50024454664867,251.9939324058808,254.1161695185963,16102724.0
2017-09-08,250.79432678222656,254.11611172590665,250.1484421448071,253.65475348814752,7077895.0
2017-09-11,250.0100860595703,252.3630022391195,248.71826023017042,251.53256289098906,14489224.0
2017-09-12,252.31687927246094,254.3468390075481,249.59485389061436,250.97892886597822,8375133.0
2017-09-13,252.27072143554688,255.22342592015625,251.440282098962,253.7009491099045,10150073.0
2017-09-14,253.00892639160156,254.30072411930138,251.2557421621391,252.27073614785985,8015217.0
2017-09-15,250.51754760742188,253.28569730474146,249.0411954703698,249.82551018309198,18404860.0
2017-09-18,249.5025634765625,252.8243488746135,248.62599960036255,251.90163227288133,17538678.0
2017-09-19,247.10348510742188,249.87163480537987,245.85784027060066,249.5487065345447,14331316.0
2017-09-20,249.1796112060547,251.02504444041637,246.78057052864565,247.4264552652264,12355806.0
2017-09-21,247.74942016601562,250.42529281532285,246.68830165186867,248.90281597684438,8509419.0
2017-09-22,241.61334228515625,246.7344080443485,240.9213048496397,246.59600618906026,12860892.0
2017-09-25,238.75294494628906,241.56721960376356,234.7391216892893,241.29041585876172,13937050.0
2017-09-26,238.29156494140625,239.58336256580773,236.21545256534367,238.5222440943021,11728345.0
2017-09-27,231.04823303222656,239.81404080901729,230.21779371676686,239.81404080901729,17080769.0
2017-09-28,233.03207397460938,233.9547905501734,230.21778560323148,230.90982303490452,17776419.0
2017-09-29,234.23162841796875,235.75410526634687,233.49345227833075,235.01592912670887,10073641.0
2017-10-03,231.87869262695312,236.58453900627472,231.23279379993312,236.58453900627472,10547836.0
2017-10-04,233.6318359375,234.9697721665863,231.92481870712703,232.20162241832318,14063896.0
2017-10-05,232.155517578125,234.46230923100964,229.9409891436324,234.09321411882476,13476692.0
2017-10-06,236.90750122070312,237.9686197423591,232.61687440587298,232.66299897500159,11932139.0
2017-10-09,236.99977111816406,238.61452521433344,234.60070225775416,236.9536183913989,8009211.0
2017-10-10,237.092041015625,238.24543676261857,235.9386311890935,236.99976372405035,9742878.0
2017-10-11,232.2938995361328,238.47611189963223,231.0943651635342,237.27656344749596,14192548.0
2017-10-12,231.7864227294922,233.4011768883475,229.2950905574518,232.5245988751624,13404759.0
2017-10-13,232.61685180664062,235.61568064467386,230.86368188437564,231.6941352410919,15697555.0
2017-10-16,232.5707244873047,235.01591787326052,230.77142991277697,234.9236546599354,12171830.0
2017-10-17,231.7402801513672,235.0159270625578,231.2789218280879,232.57073358099308,13505216.0
2017-10-18,224.9121551513672,228.64915992978962,223.8048981265294,226.98826735276444,20677891.0
2017-10-19,223.98947143554688,226.29626310841553,222.51311913309533,224.95832675405953,3458869.0
2017-10-23,226.94215393066406,227.9110092148942,223.57424383926343,225.14285930540154,8901335.0
2017-10-24,234.78524780273438,235.56956258379662,226.94215631026645,226.98829495848284,17197805.0
2017-10-25,299.7906188964844,302.6971705661901,258.2222471653475,258.2222471653475,262677081.0
2017-10-26,295.73065185546875,324.1503100993225,292.9625022281165,304.49645900875095,112804243.0
2017-10-27,287.0109558105469,298.59106477087056,286.13439203175665,295.4999588667573,27580765.0
2017-10-30,287.8875732421875,297.43769548636357,286.5957756607363,287.8875732421875,28530254.0
2017-10-31,282.166748046875,289.5946341785861,280.7826730339065,288.810319372755,16455750.0
2017-11-01,295.13092041015625,296.6072726533374,285.4885203410427,285.4885203410427,34907283.0
2017-11-02,290.05596923828125,298.17586406574964,289.3177790618267,295.269312403592,23110527.0
2017-11-03,299.8829040527344,302.1896956223708,288.4412234991531,291.07097152035396,26898400.0
2017-11-06,303.5737609863281,304.49647758507075,296.60726192945157,298.5910969849331,17143407.0
2017-11-07,292.6856994628906,306.0650893711166,291.1170700720896,303.52761887128065,21883541.0
2017-11-08,285.6269226074219,294.6234097831375,282.95105000235776,293.4238894233395,20242447.0
2017-11-09,289.4562072753906,293.42387737245707,284.3812660000808,288.94869625241415,21846178.0
2017-11-10,307.7721252441406,312.3395838941108,285.58080122666854,290.6557427670455,82984969.0
2017-11-13,305.4653625488281,318.15271760069743,304.26584206210157,310.7248591794168,38777555.0
2017-11-14,303.666015625,308.83323382430746,302.18966354533023,304.8194112873868,25647162.0
2017-11-15,299.8367614746094,305.5575873282275,297.3454154654196,302.6510357568894,17389606.0
2017-11-16,307.6336669921875,308.37185706729247,298.6371813650609,302.09736814472495,22506014.0
2017-11-17,311.4168701171875,319.90587458105,310.0327951388889,318.33724500868055,26518142.0
2017-11-20,307.2646179199219,311.09388605497674,305.6498639218442,311.04776149009024,13507662.0
2017-11-21,305.0962829589844,309.4791874525767,304.49652271272987,309.1101063901955,14189920.0
2017-11-22,309.38690185546875,313.4007251791071,301.72836441976096,305.2808293880174,22861716.0
2017-11-23,309.06396484375,310.63256631249516,306.0189828884003,309.57144775676903,13338423.0
2017-11-24,306.71099853515625,310.9555006145289,305.8805592098408,310.0327839954947,11716981.0
2017-11-27,309.7098388671875,310.95551198022946,302.69718667439355,304.40421811381566,13114683.0
2017-11-28,306.3418884277344,310.67866738898545,305.6037264662368,310.0327545533697,16054996.0
2017-11-29,303.4814758300781,308.9716507139522,301.91287454831064,306.6648592768749,11264624.0
2017-11-30,295.59228515625,301.26698693531404,293.88525371790973,300.62107401516016,27276288.0
2017-12-01,288.5796203613281,297.3915527410251,287.195545443528,296.65339071516223,16425620.0
2017-12-04,289.3639221191406,291.5323116914697,287.1032552579534,290.3789159784303,13887727.0
2017-12-05,294.43890380859375,295.91525615643224,284.93490492875026,288.3489679731843,15130931.0
2017-12-06,288.25665283203125,292.870235713975,287.4262135450964,292.224351005948,18658202.0
2017-12-07,291.947509765625,293.19318273557684,288.30279630133543,288.34892086504414,12278558.0
2017-12-08,288.902587890625,294.2082086124013,287.9798712433595,292.13209615605405,16418832.0
2017-12-11,293.79296875,294.6234080834599,290.74801514095486,291.5323299066413,14014369.0
2017-12-12,293.839111328125,295.73066908673434,290.3327713670646,293.19319844714454,17658856.0
2017-12-13,289.08709716796875,294.30046844287864,287.1032621258996,291.71684508842117,17540585.0
2017-12-14,289.7330017089844,291.02479926950247,285.5807771621996,290.0098054151401,13894451.0
2017-12-15,288.1182861328125,294.6695802563591,287.4262486160804,293.7929881382003,16050711.0
2017-12-18,294.2543029785156,298.4988047520913,277.18404675621673,284.1966981874625,32119915.0
2017-12-19,295.08477783203125,297.3454449220676,293.79298013447243,294.76184952694996,14741481.0
2017-12-20,292.9624938964844,294.3465686707985,292.039777380275,294.3465686707985,9895770.0
2017-12-21,292.2705078125,293.6084582594877,291.02483466514565,292.13210594258913,9916409.0
2017-12-22,295.13092041015625,298.8217869385707,292.03981406079373,292.5934496718713,13821639.0
2017-12-26,292.63958740234375,295.2232109838876,291.855272597963,293.97753784270384,9329690.0
2017-12-27,290.517333984375,295.5461226773726,288.85642716981005,292.0398107784187,14276027.0
2017-12-28,284.5657958984375,292.0398060451524,283.87375844335423,290.93253485338863,20353152.0
2017-12-29,285.9498596191406,287.8875700493648,285.16554490225525,286.0421369080227,11939569.0
2018-01-01,283.36627197265625,288.57961510289175,282.6280818011682,286.5957800553425,12182400.0
2018-01-02,279.8138732910156,285.1194949610019,278.0607169797062,285.1194949610019,14797364.0
2018-01-03,279.44476318359375,282.76654899433123,278.798850218505,281.7054022432455,13857373.0
2018-01-04,284.6580810546875,286.2267105931739,279.7215414402381,280.96721452561536,24517099.0
2018-01-05,282.67425537109375,287.3339632560944,281.9822178737722,287.3339632560944,14580575.0
2018-01-08,282.166748046875,285.58081100916183,281.42858597025645,283.4585739195748,13557197.0
2018-01-09,280.78265380859375,285.5807914553185,279.85993719646024,283.73535823105146,15574755.0
2018-01-10,277.8299865722656,282.2128906223059,276.814992634125,281.10561938813856,13064599.0
2018-01-11,278.844970703125,279.58313272722313,276.81498289824077,277.6454222151202,12298455.0
2018-01-12,278.89111328125,281.1056276556379,277.3224836798913,281.1056276556379,17594228.0
2018-01-15,279.21405029296875,281.65924366429977,278.2451809623142,280.4597233414811,18189668.0
2018-01-16,273.26251220703125,279.9060829116194,272.47819747454747,279.02949088841837,18040940.0
2018-01-17,283.36627197265625,284.5657922825951,269.9868813443847,273.12411213575047,26277307.0
2018-01-18,279.8138732910156,293.2393916444784,277.2764020575439,290.6557958340311,40000111.0
2018-01-19,285.35009765625,286.04213507983025,279.1217608440279,280.45971112657963,18461642.0
2018-01-22,282.81268310546875,284.8887957873197,280.55201581048783,284.51971472014003,12622645.0
2018-01-23,293.5161437988281,295.77678247870296,282.67422420290734,282.7203487673452,35252217.0
2018-01-24,304.40423583984375,305.97286550451156,291.763033856353,293.14710891609076,38070520.0
2018-01-25,288.9486999511719,307.0339510865047,287.7491796252833,307.0339510865047,42466150.0
2018-01-29,287.9798583984375,292.40888684413034,286.9648644999024,288.94869957122154,23600898.0
2018-01-30,289.3177795410156,294.20819443124554,286.96486346753284,287.9337046368314,25810404.0
2018-01-31,289.04095458984375,292.1320606139202,284.0582909326397,288.8102754560929,16409938.0
2018-02-01,282.39739990234375,292.87023878602554,281.42855875060303,292.4088804929918,19515991.0
2018-02-02,274.3697814941406,282.1205951569061,272.66275018435243,279.49084726442976,23274673.0
2018-02-05,275.01568603515625,277.184075792629,267.58782827259955,270.0330217612061,18940578.0
2018-02-06,269.20257568359375,274.32364169517797,261.0365279102195,262.974238456981,30577218.0
2018-02-07,270.1714172363281,274.8772776678354,267.5878219432652,273.67775731585834,21463818.0
2018-02-08,278.10675048828125,279.85990622550503,269.9407037427876,270.26366015310936,18932796.0
2018-02-09,273.4931640625,277.3685846132955,272.2013665985924,274.0467995924812,15750824.0
2018-02-12,266.4344177246094,269.8023276761529,263.11263233934454,265.9730594255191,50839665.0
2018-02-14,254.85433959960938,266.3882972542065,253.7470684011375,266.3882972542065,45641149.0
2018-02-15,257.1611022949219,260.4828591997145,253.05500256667383,253.56248538294128,26058237.0
2018-02-16,250.65594482421875,259.46790475980737,249.17959271447398,258.8219919120833,30338112.0
2018-02-19,247.74942016601562,250.97892843633613,236.8152222475436,250.51757011200465,43847791.0
2018-02-20,248.810546875,253.00892466014108,244.33536534977415,248.2107866654308,33458021.0
2018-02-21,252.17843627929688,252.9166264569757,246.734413954642,251.163470543487,23714454.0
2018-02-22,251.53256225585938,252.45527889791381,248.62601046520328,249.50257437970868,25584062.0
2018-02-23,254.7158966064453,255.77704318387939,251.44026406301577,252.31685606374614,15482147.0
2018-02-26,253.2395782470703,258.36064403484505,252.68594266375197,258.36064403484505,15306032.0
2018-02-27,246.9189453125,254.57748113164226,245.3964686929203,251.90160886706687,20824909.0
2018-02-28,247.28805541992188,248.85668494554457,240.64448445844255,243.82786807729235,26810799.0
2018-03-01,241.89013671875,249.13346723117493,241.05969745979428,245.71940474993283,22859175.0
2018-03-05,243.13583374023438,244.51990869511235,238.75292971645405,240.32155926227992,18484565.0
2018-03-06,236.7229461669922,245.44262980528464,235.29274661784808,245.30422793908966,20778164.0
2018-03-07,227.58804321289062,235.615688877287,227.03442170193986,235.33887108204266,31262500.0
2018-03-08,236.95361328125,238.01475990596657,225.41966977974832,227.9110018013453,33133336.0
2018-03-09,233.677978515625,237.50724676669174,232.20162632655416,237.13816575919301,21536191.0
2018-03-12,233.30889892578125,235.52341314330565,228.14168031217363,234.4622946806456,25332474.0
2018-03-13,235.01589965820312,242.1208141923179,230.31005375720937,231.87866905754063,37647221.0
2018-03-14,237.18429565429688,237.92248584495516,230.67915475386837,232.98594630140707,25471485.0
2018-03-15,234.09320068359375,238.79904693767404,233.0320822159828,237.13816830655048,18339890.0
2018-03-16,232.80140686035156,235.9386377475656,230.77143310512258,231.2789159842761,25728297.0
2018-03-19,228.78759765625,234.00095533836628,227.08058024846434,233.35504239967744,18167594.0
2018-03-20,229.84872436523438,232.7552761963264,226.38853690939206,227.77261189172899,20556571.0
2018-03-21,228.83372497558594,234.6468425791799,228.00328563773186,232.2939123492087,19533972.0
2018-03-22,222.88221740722656,228.2339769800363,222.05176394550102,227.91102050944204,26828240.0
2018-03-23,216.65386962890625,221.12903687983322,214.39321667951648,219.42201954559704,27150262.0
2018-03-26,227.44964599609375,228.695319060342,216.14636744253534,216.60772575084385,30373940.0
2018-03-27,234.69297790527344,235.7540963863517,228.83372173704586,230.67915497686076,31205051.0
2018-03-28,230.58688354492188,236.40001529356329,229.47962638879244,232.52459412780235,36673566.0
2018-04-02,227.12667846679688,232.52457604245458,225.97328275230058,232.34003554404268,14993188.0
2018-04-03,231.14051818847656,233.26276927517668,229.0644057496579,230.26394019688306,19883309.0
2018-04-04,228.1878204345703,233.44730229487126,226.52692772091262,232.24776788614415,18824449.0
2018-04-05,239.26040649414062,241.6594753198248,230.67915325662472,233.07822208230888,22880821.0
2018-04-06,239.6295166015625,241.2442706806591,235.15433537910815,239.58336387528533,24868860.0
2018-04-09,240.50608825683594,242.4437988461276,237.69181374889433,240.50608825683594,20208874.0
2018-04-10,242.95126342773438,244.5198928720531,238.52223512236125,240.92130385405304,21201141.0
2018-04-11,237.18429565429688,242.67447080106953,236.49225819003527,242.67447080106953,14885838.0
2018-04-12,234.1854705810547,237.59951910766506,232.75525706760587,237.59951910766506,18660913.0
2018-04-13,231.55572509765625,236.1693080407438,230.40232936188437,234.37001350884722,25654020.0
2018-04-16,229.75645446777344,231.8787056582832,228.00329839883102,230.07941093920246,16408377.0
2018-04-17,228.9721221923828,232.9859450961516,227.54192270393798,231.97095118866991,15922452.0
2018-04-18,227.4034881591797,230.58685740196188,226.3423697714313,230.21777641827646,16142387.0
2018-04-19,227.12667846679688,229.2489293973776,226.2501005396872,228.0032704734441,13166927.0
2018-04-20,222.55923461914062,226.84987513184234,220.9906192607547,226.84987513184234,15546939.0
2018-04-23,223.71263122558594,225.9271594575922,220.80607964052862,223.20513429244676,12111837.0
2018-04-24,222.00563049316406,224.58922583639838,221.08291384785505,223.29742816478122,9486349.0
2018-04-25,218.8683624267578,222.1440089889193,218.45314279595698,221.17515379735926,13124853.0
2018-04-26,215.17752075195312,220.3447396426881,214.53162191049594,219.97564453361346,24495144.0
2018-04-27,223.85105895996094,226.8037493454138,215.22365288042027,215.22365288042027,31401889.0
2018-04-30,227.3573760986328,230.4023438484305,225.604220101845,225.88103791174274,17263193.0
2018-05-02,222.37469482421875,227.26509549310703,221.22129910417613,226.8960004149708,12887066.0
2018-05-03,223.20513916015625,224.5892140555178,220.29858751171219,222.32856120900152,12939642.0
2018-05-04,223.25128173828125,225.05057631803663,221.7749436049473,224.6814953045877,12777310.0
2018-05-07,227.44964599609375,229.01826142843504,223.34355986805568,223.7126408828872,15122614.0
2018-05-08,230.7252960205078,233.07822624162137,225.69649320568135,228.8337241141405,23293920.0
2018-05-09,228.83372497558594,230.49461773083254,227.26510951545131,230.49461773083254,11429823.0
2018-05-10,228.78759765625,230.86371018322058,227.26512076828723,229.0644154757539,13160967.0
2018-05-11,231.00210571289062,232.1555014592511,227.034421529503,228.46463507089757,11958589.0
2018-05-14,234.0009307861328,236.0309044502706,228.97211415148124,230.6330068146986,18673849.0
2018-05-15,228.83372497558594,237.55340842074608,226.89601441454178,233.44730814041628,18026861.0
2018-05-16,224.3124237060547,229.47962850891037,222.00563207633195,226.526938038773,17222004.0
2018-05-17,223.94332885742188,226.98829662809678,222.51311522942652,225.3274038368615,11721064.0
2018-05-18,220.390869140625,225.142854076406,219.46815252555777,224.22013746133877,11873041.0
2018-05-21,225.55804443359375,226.75757869324966,221.7287766103646,224.72760521973618,18780730.0
2018-05-22,234.27774047851562,239.62951368526464,222.3747019007079,224.81989527319507,68713602.0
2018-05-23,242.85902404785156,248.9028066054089,234.6468377362245,234.96978010337426,71202072.0
2018-05-24,247.74942016601562,248.8566914080422,240.5060888421956,243.45879338154816,34679642.0
2018-05-25,246.31918334960938,247.6571053922613,242.25920818261193,247.1034698550277,22317308.0
2018-05-28,251.0250244140625,253.0088875099932,245.4887251526541,246.73439811828584,18959368.0
2018-05-29,243.87400817871094,250.01009665107995,242.489933153499,249.59486287988497,16107543.0
2018-05-30,246.5037384033203,247.28805315896068,239.8601956616598,240.36767853697484,19320209.0
2018-05-31,248.71824645996094,253.56250857477767,242.81286589466615,246.2269285535006,31935892.0
2018-06-01,246.08853149414062,248.94893046187244,244.15082097862057,248.44144758929454,16574717.0
2018-06-04,242.67445373535156,247.6109929317449,241.10582432970617,247.28803650598562,12933824.0
2018-06-05,243.1819305419922,244.75055990871243,240.73673736604792,240.73673736604792,14102731.0
2018-06-06,249.27188110351562,250.4252768407696,241.93630111002565,242.67446311823795,18315171.0
2018-06-07,248.810546875,251.80937608192434,247.65715102618293,250.10234459385944,18773700.0
2018-06-08,251.901611328125,252.73205056882057,246.3653121780563,248.16462066545807,14096549.0
2018-06-11,252.8243408203125,256.8842881067799,252.04002610201113,252.17842795604665,18219428.0
2018-06-12,260.9903869628906,262.4205863800567,252.82433970201424,252.82433970201424,31358021.0
2018-06-13,265.4655456542969,267.2648259158287,261.72852697128917,262.0514833748685,26748300.0
2018-06-14,260.7597351074219,264.40444903797885,259.5601865477208,264.40444903797885,18513730.0
2018-06-15,256.0077209472656,261.5440203096798,255.2234062391087,260.89810745376826,16949917.0
2018-06-18,255.45408630371094,258.12995870674695,254.1622887462875,256.51520472019894,13542420.0
2018-06-19,251.53256225585938,255.31570612009807,248.90281419418872,254.66979320702907,20726975.0
2018-06-20,252.17843627929688,253.516386616975,250.1484766486011,252.08618714627852,14002946.0
2018-06-21,247.88780212402344,253.51637886066115,247.3803192716449,253.51637886066115,12954943.0
2018-06-22,251.94776916503906,252.54755751276838,245.21194890649716,248.21077800883438,20784133.0
2018-06-25,247.7032928466797,252.0400441517934,246.5498970486584,250.84052378548213,10934401.0
2018-06-26,246.7344207763672,250.24076085936412,244.88898751976149,246.59601891393712,16867009.0
2018-06-27,241.47494506835938,246.68828821757867,240.8290321858398,246.68828821757867,16277655.0
2018-06-28,237.13816833496094,241.75175137649714,235.9386339282539,240.27539917139032,21349738.0
2018-06-29,239.30654907226562,243.0896926570625,238.24543064409792,238.29155520916277,16244724.0
2018-07-02,238.84519958496094,241.5210721160359,234.37001840486386,238.9374768775655,21896701.0
2018-07-03,237.59951782226562,240.73674854227858,236.58452395897686,239.53722825962146,16099030.0
2018-07-04,237.55340576171875,238.38384509027742,234.83138046130676,235.98477623960395,14206935.0
2018-07-05,236.6306915283203,238.70680395021756,235.43114301133352,237.96861374920795,11215032.0
2018-07-06,237.32272338867188,240.64448065787337,235.80023253423704,236.30772948571533,16174019.0
2018-07-09,241.33648681640625,242.1208014651125,238.01472997800528,238.2454091006205,13220744.0
2018-07-10,243.36651611328125,245.2119494108227,242.12084300562526,243.4587934099738,11487165.0
2018-07-11,239.0758819580078,242.35151469653076,237.96861074998728,242.35151469653076,12857179.0
2018-07-12,242.4437713623047,244.05852531048367,240.96741926358334,241.19809839903746,10642215.0
2018-07-13,237.83021545410156,242.1208422252408,236.95362337696378,241.8440384951327,11976239.0
2018-07-16,232.155517578125,237.59954024711718,231.60188194961714,237.13818191654025,8965623.0
2018-07-17,239.0297393798828,239.7679296029296,231.09438455590487,231.3250637207799,16067598.0
2018-07-18,239.49107360839844,242.21309874362342,236.35384291362934,239.9985846154967,17641125.0
2018-07-19,240.0908660888672,243.13581954823195,236.39999975796422,239.35267592724136,9958284.0
2018-07-20,241.2904052734375,242.67448025588553,238.56837987765869,239.81405299367742,6120163.0
2018-07-23,245.76559448242188,246.82671303749635,240.459973547971,241.75177127410856,17013119.0
2018-07-24,246.22694396972656,248.3953337315555,245.02739542788964,246.5499004294164,9320281.0
2018-07-25,250.8404998779297,251.76321642840279,245.11964600136662,247.28803552679332,13099277.0
2018-07-26,265.4655456542969,267.03414679313954,253.00887302908308,253.83931223894947,53496546.0
2018-07-27,264.5890197753906,274.0468661666644,263.06654281739173,267.1264907584153,32175436.0
2018-07-30,274.4158630371094,276.39969774705105,266.849605140739,266.849605140739,40949610.0
2018-07-31,270.81732177734375,279.02949387574444,269.24869229558226,274.04682987349605,36510328.0
2018-08-01,272.2936706542969,274.96954312673523,266.0653336875,271.7400350698776,33885474.0
2018-08-02,271.1864013671875,273.49319285237806,268.095295145217,270.35596206433405,15665209.0
2018-08-03,276.1229553222656,276.76886823577314,271.74005126953125,271.8323285656148,18254462.0
2018-08-06,284.6580810546875,287.28782908846676,277.36862529158543,277.36862529158543,31576923.0
2018-08-07,280.552001953125,287.61080725002546,279.6292852512116,285.9037757196699,23928622.0
2018-08-08,284.8426513671875,286.8726111747784,279.62927957984994,280.55199626304903,20498279.0
2018-08-09,292.8702697753906,295.1309369140934,286.18057381854675,288.7641974283611,46464355.0
2018-08-10,280.9210510253906,301.1746614013236,277.276309569418,293.1008919879046,111510771.0
2018-08-13,271.41705322265625,279.39854532700065,268.6027791573507,273.1240843818574,58127432.0
2018-08-14,272.1091003417969,275.84611920127355,270.67890097721653,273.77000699903334,25294933.0
2018-08-16,270.07916259765625,275.33863037116834,267.8184956429825,270.817324620897,31083900.0
2018-08-17,278.7527160644531,279.3063517070586,271.3248298575769,272.2014219716254,21931134.0
2018-08-20,283.8737487792969,284.8426180788755,280.13675791269776,280.5981162003804,20240462.0
2018-08-21,283.27398681640625,284.98101810167515,279.90607696978515,284.4735070930412,14139592.0
2018-08-23,279.07562255859375,283.22784689593,275.24632647579153,283.22784689593,22721004.0
2018-08-24,277.230224609375,282.0744869494155,275.89227422325683,277.3686264729893,18869585.0
2018-08-27,284.19671630859375,286.3651059771791,279.859936971423,280.5058498630276,28111768.0
2018-08-28,281.75152587890625,286.27283169038793,279.9522172041676,284.2428438603791,16890236.0
2018-08-29,285.7653503417969,287.8875873180105,282.1206084053901,283.0894495990796,24320824.0
2018-08-30,284.7503662109375,286.5035222288314,282.3512972689932,285.39625097591016,19935935.0
2018-08-31,285.67303466796875,286.64187573149707,281.0132994371484,284.1044053508465,18100140.0
2018-09-03,282.67425537109375,288.34895721731493,281.2440276478492,288.34895721731493,14708076.0
2018-09-04,273.4931640625,283.68919824917907,272.6166002858465,283.089409998907,42859084.0
2018-09-05,273.631591796875,275.7538568361043,267.95689043552835,273.58546723129245,22922686.0
2018-09-06,273.53936767578125,276.6765987172708,271.7400589083427,274.96956724850975,18001336.0
2018-09-07,269.1102600097656,273.0318051116916,267.08030061715345,273.0318051116916,23716678.0
2018-09-10,262.8358154296875,270.58662883351286,261.8669461547878,268.18756016685694,23354395.0
2018-09-11,260.7597351074219,268.92578322281537,259.8831430122202,265.14263926527445,28361400.0
2018-09-12,263.25103759765625,264.54286337905603,258.3606508277613,262.05151726815785,22717796.0
2018-09-14,268.1875915527344,269.2487100797429,266.38831096147925,267.68010865344957,15149585.0
2018-09-17,263.25103759765625,266.203742013604,262.143794560983,266.203742013604,16089996.0
2018-09-18,252.63978576660156,264.72737847327426,251.34798819957683,262.9742226209496,33901000.0
2018-09-19,250.51754760742188,260.9903862607626,249.5948310416487,254.11613658212235,40759431.0
2018-09-21,249.6871337890625,257.8531818606106,233.81639597589464,253.00891939636247,39308482.0
2018-09-24,243.92015075683594,251.90164410490107,242.30539662795837,251.6248403750101,24633374.0
2018-09-25,249.9639434814453,251.8555295746856,240.64449936294105,243.59720400849355,28948831.0
2018-09-26,243.45875549316406,252.82432238775726,242.44376170577817,252.82432238775726,23951904.0
2018-09-27,244.8428497314453,247.84167861150485,243.3664975740625,244.0585350079224,24829383.0
2018-09-28,244.9812774658203,252.3630108734533,242.21312743795792,245.81171684236335,33803139.0
2018-10-01,252.68594360351562,253.93161663084578,243.68945685812918,244.9812544512926,17711738.0
2018-10-03,250.70211791992188,257.1611342857446,249.6871240020487,252.22459471719333,19714943.0
2018-10-04,250.37916564941406,251.62483874400363,245.16582227036002,247.24193470831688,17754204.0
2018-10-05,238.3838348388672,250.0561939814636,236.21544523710213,250.0561939814636,36628643.0
2018-10-08,245.21194458007812,247.74941531420876,238.38384714550563,239.6756447965204,21100804.0
2018-10-09,242.62835693359375,247.42646666862365,239.90633152382694,247.28806480148313,16010883.0
2018-10-10,257.1149597167969,258.7758663937864,241.0135728967084,241.38265388301468,31772330.0
2018-10-11,241.89013671875,250.51754204912592,240.4599373371637,247.28803414057364,46291120.0
2018-10-12,243.36651611328125,247.1957845738643,241.2904036535471,245.44262857301538,42967696.0
2018-10-15,242.85902404785156,245.16581558265608,240.92131352680047,243.9662670891119,21965859.0
2018-10-16,249.41030883789062,249.91781991038488,242.9974447688332,244.1508406257585,33597068.0
2018-10-17,240.96743774414062,253.74706846022542,239.90631927148587,252.59367269449714,21631573.0
2018-10-19,240.9213104248047,243.781737522948,238.15316061868072,239.62951281376203,28474307.0
2018-10-22,240.2292938232422,245.4426374454367,239.39885444114472,245.4426374454367,19933462.0
2018-10-23,235.8925018310547,238.9836081865181,235.29274165081898,238.06089155259332,20206307.0
2018-10-24,235.93862915039062,241.567191899361,233.2627566723025,240.13699244907744,25636533.0
2018-10-25,230.26393127441406,235.29273394878442,229.20279873241242,234.83137564692404,33066232.0
2018-10-26,228.92601013183594,232.98595782448666,228.28009720294878,232.52459949216095,20543437.0
2018-10-29,247.19580078125,248.44147397057853,229.20282495051174,230.6791773171574,37768359.0
2018-10-30,252.04006958007812,257.53024539619327,245.44265058159925,246.8267256788639,33401683.0
2018-10-31,259.6524658203125,260.89813895909464,247.84170368455767,253.7470847524351,28137370.0
2018-11-01,263.8046569824219,266.6650839297462,257.2995165446513,261.12878460940544,29144808.0
2018-11-02,263.2972106933594,270.1714330749703,261.31337545998383,265.65012696751296,27760214.0
2018-11-05,272.1552734375,276.81498102105735,261.5901570648992,264.31218230857,44619891.0
2018-11-06,264.31219482421875,275.2463645650419,261.9592504786781,273.21640483687764,40688243.0
2018-11-07,264.4044494628906,266.5728392604969,263.85084199037664,266.5728392604969,3312160.0
2018-11-09,261.3594665527344,265.2810119467295,260.62130456572993,264.819653665083,19201007.0
2018-11-12,256.4691162109375,261.77473719833455,255.45412221631534,261.77473719833455,24044907.0
2018-11-13,256.56134033203125,258.0838452550225,252.22458919115388,254.94658627595354,25633628.0
2018-11-14,261.6824645996094,265.46560874259575,256.51524539156065,258.7297598638446,52674807.0
2018-11-15,263.34332275390625,264.8657995742157,259.42177704388763,261.91312322917736,18445463.0
2018-11-16,268.4182434082031,269.24868268575915,260.7597071743008,263.8046605783644,24805910.0
2018-11-19,265.88079833984375,270.81733807281626,263.94308773374235,270.81733807281626,13799970.0
2018-11-20,261.5440368652344,266.24986909390253,260.66744481373456,263.8046756858722,12900924.0
2018-11-21,264.8658142089844,267.1726059305713,261.1749474544452,261.54405665716206,16167419.0
2018-11-22,260.85198974609375,264.86578436209027,259.83699587115626,263.8508186462282,12066797.0
2018-11-26,264.26605224609375,265.05036705806384,257.99159006848987,262.14381513989554,16846820.0
2018-11-27,267.0341796875,268.0491735841778,262.09764022203467,262.60515124991167,21242956.0
2018-11-28,262.55902099609375,269.8485053221681,261.12882140046463,267.0342025423697,19837609.0
2018-11-29,264.26605224609375,267.2648814643312,262.28221701046004,266.9419249936284,27919104.0
2018-11-30,262.6512756347656,268.41825440840387,261.3133534547272,266.4805439086462,17583510.0
2018-12-03,264.6351013183594,265.650095178348,261.3594687547019,264.5428521885127,15772176.0
2018-12-04,260.71356201171875,265.6962541397115,260.11380185826056,265.6962541397115,11897307.0
2018-12-05,258.4990539550781,261.3133565251269,255.63862681792867,260.62131906415897,14893748.0
2018-12-06,254.34683227539062,257.66861776015696,253.8393493948205,256.51522197788233,11083451.0
2018-12-07,254.11614990234375,255.9154585635473,251.07119633931225,255.59250211678304,10165275.0
2018-12-10,253.00892639160156,255.03888620396455,249.27190692041307,250.0562217347918,11947887.0
2018-12-11,259.5140075683594,261.3594405110677,247.61097071970502,247.61097071970502,30927239.0
2018-12-12,263.2049255371094,263.7585611612904,260.39065100621565,261.8208505561956,21765939.0
2018-12-13,266.6651306152344,271.2787141898924,263.66630129170665,267.58784733016597,24097152.0
2018-12-14,266.84967041015625,268.32599454483875,264.86580705590563,266.20375748192424,12156361.0
2018-12-17,267.12646484375,268.9257735389708,265.09647699063305,266.94191025380235,12728014.0
2018-12-18,270.1252746582031,271.2786703655396,264.8196544044553,265.6039691172591,13606582.0
2018-12-19,277.46087646484375,278.6603967102316,271.92457719245505,271.92457719245505,26124125.0
2018-12-20,271.3247985839844,278.33745021084064,270.494359295334,275.2924967660976,19222232.0
2018-12-21,269.3409729003906,273.5854749393595,268.3259789972995,270.9557269683295,15777301.0
2018-12-24,270.4020690917969,272.20137759717045,267.7261967743513,270.8173027958289,12048877.0
2018-12-26,271.41705322265625,272.2013678805674,264.9580377136258,270.2175330346083,12684324.0
2018-12-27,269.5716552734375,274.6004721230124,268.9718951014246,273.770032795681,15304564.0
2018-12-28,272.016845703125,274.1391108042137,270.8634499391886,270.90960266519187,12876558.0
2018-12-31,273.0318298339844,275.20021942438217,272.6627488345513,274.2313782809859,9526067.0
2019-01-01,276.44586181640625,277.46085557172887,271.1402420798862,274.50815158516707,11837127.0
2019-01-02,271.1864013671875,279.1217697080582,270.44823935555684,275.9845389200142,25559853.0
2019-01-03,268.6028137207031,272.7088857843625,267.68009710067946,272.2014029069801,17548347.0
2019-01-04,274.6466064453125,275.89227956009165,268.9719046547382,269.52554027898196,19514041.0
2019-01-07,273.4009094238281,278.1990468689458,272.3859437203889,277.7838131473024,14579399.0
2019-01-08,281.7053527832031,282.3512656348866,271.9707043983099,272.9395455167606,22949961.0
2019-01-09,281.7053527832031,283.36625947650015,277.50700372448415,282.3512656348866,21109911.0
2019-01-10,281.93603515625,283.73534372152864,280.0444774617364,281.52082959746826,16295468.0
2019-01-11,279.3524169921875,282.53580014226753,277.69153857592903,281.7976100557629,12702551.0
2019-01-14,277.18408203125,280.13678663882865,276.39976722994834,277.73771766505575,10372933.0
2019-01-15,278.33746337890625,280.13677205533617,277.8299805004653,278.66041982840346,9444374.0
2019-01-16,279.7215270996094,282.9510351469786,278.7526859490288,279.58312524368006,12111480.0
2019-01-17,274.4158630371094,280.8287535450183,272.75498471229105,280.4135198842782,15974634.0
2019-01-18,272.1552734375,276.67657916236203,271.5093605514871,275.66158526680294,9082501.0
2019-01-21,269.8485107421875,273.81618129684205,268.9257940402605,273.0318664683883,10188647.0
2019-01-22,267.8184814453125,270.35595198441536,265.92692376161114,270.35595198441536,11297989.0
2019-01-23,264.4967041015625,270.3098354966425,263.43558565804744,268.0030440285335,10304608.0
2019-01-24,265.78851318359375,267.4955445756152,263.43559704802146,264.4967155374153,11532528.0
2019-01-25,263.34332275390625,268.51054155656976,261.3133630465193,267.21874389567313,11121223.0
2019-01-28,259.8370056152344,264.4505887115309,255.86930725697349,263.57399665960395,18905470.0
2019-01-29,258.914306640625,263.8969710923716,255.17728718250623,259.2833876816658,17435611.0
2019-01-30,265.2348937988281,267.0341742453332,258.5913231187658,259.46791513873075,18908654.0
2019-01-31,270.9557189941406,272.0168374328852,265.7423759314669,267.5878090976576,25546487.0
2019-02-01,262.42059326171875,279.3063237990477,260.20607907164754,273.9545506673769,60015958.0
2019-02-04,262.00543212890625,263.1588280650978,256.37685432847536,260.57520427258044,20642919.0
2019-02-05,262.6512756347656,264.81966528546883,261.12879887034035,262.2360700585093,13291133.0
2019-02-06,266.71124267578125,267.35715560956504,261.59017641177456,263.7585662219594,12149759.0
2019-02-07,265.188720703125,271.27865533219295,264.45055875496604,267.0341537325957,19733315.0
2019-02-08,263.8969421386719,265.7423753004808,260.3906303948651,263.52786113812516,19781908.0
2019-02-11,258.822021484375,263.8508385130322,258.3606631573084,263.8508385130322,15420017.0
2019-02-12,254.11614990234375,260.39063977394164,253.42411244173874,258.9604121265788,15326106.0
2019-02-14,246.45761108398438,247.61100684143554,243.27422752978865,247.288050397534,26372671.0
2019-02-15,242.62835693359375,248.07237959404966,241.10585191781496,248.07237959404966,23366091.0
2019-02-18,239.86019897460938,244.9812650019805,238.79905232398715,243.96627107825483,14781744.0
2019-02-19,242.58221435546875,246.82671679953827,240.1831453080313,240.7367809588367,19064306.0
2019-02-20,247.01126098632812,247.5648684547089,243.8740018170892,244.05855641260126,15514595.0
2019-02-21,247.28805541992188,250.05620529402546,246.64214251900034,249.41029239310396,13760702.0
2019-02-22,250.0100860595703,250.88664997628908,246.9189796690673,247.1957833987517,12536918.0
2019-02-25,249.27188110351562,250.4252768407696,247.19576877645844,250.33299954997415,20793897.0
2019-02-26,245.76559448242188,247.47262598010437,242.90516712942397,246.18080009488833,15274303.0
2019-02-27,246.96510314941406,251.62483907846845,245.95010921324834,247.28805960534095,20571652.0
2019-02-28,248.2569122314453,249.87166642626556,246.96511450740482,247.0112672369896,31636468.0
2019-03-01,251.85548400878906,253.37796062657878,249.22573630947593,249.64094184574222,20024726.0
2019-03-05,255.0850067138672,256.3768042783999,250.24074472756317,250.70210301197307,21533972.0
2019-03-06,256.6075134277344,260.7135857436928,255.08503654296152,255.8693231909112,22161376.0
2019-03-07,259.9754333496094,260.66747088292686,256.1922892023245,257.8531961777341,14899105.0
2019-03-08,259.4679260253906,262.28220046596823,257.99157379464634,260.0676861993902,19943319.0
2019-03-11,265.1426086425781,266.6650853318621,261.5901442615325,263.2510228027378,22931245.0
2019-03-12,264.7273864746094,267.49553627007566,263.66626801816244,266.849651546579,20828136.0
2019-03-13,270.4943542480469,271.64774994939376,262.69741620238705,265.83464687823556,23725641.0
2019-03-14,269.3409729003906,271.92459630453857,268.27985443041746,271.7400417188579,16164017.0
2019-03-15,275.338623046875,278.01449550878715,269.89460083283126,269.98687812305076,37928480.0
2019-03-18,275.8461608886719,277.6454415070862,271.8784622959924,275.8000081595362,23782967.0
2019-03-19,279.6292724609375,282.90493349834827,276.0306831198911,276.9533997795993,27218691.0
2019-03-20,280.3212890625,281.10560379661007,276.8611018464928,279.3985724715647,18820555.0
2019-03-22,275.01568603515625,282.72037568792416,274.00072024828074,280.7826650927554,17865957.0
2019-03-25,271.2786865234375,272.6166368872688,269.6178078695777,271.2786865234375,16895511.0
2019-03-26,280.04449462890625,281.4285695611743,271.9707241906758,271.9707241906758,18303791.0
2019-03-27,284.93487548828125,286.8264614181874,280.8288035040442,281.6592428141873,35956450.0
2019-03-28,294.34661865234375,313.4007123157347,285.16557649344344,286.13444589542627,63244736.0
2019-04-01,297.8067932128906,302.32809908144134,296.23816367362264,296.93020114816846,22372357.0
2019-04-02,303.5737609863281,305.4191941838134,297.2070220868191,298.6372215512398,27897583.0
2019-04-03,295.73065185546875,306.757125801385,294.807935313018,305.4191755512017,30552104.0
2019-04-04,296.9302062988281,300.57494832495667,293.70069802826066,296.653402567839,27832294.0
2019-04-05,292.5472717285156,298.68335933036207,290.65571405937806,298.68335933036207,23117232.0
2019-04-08,288.6257629394531,294.5772967210188,287.0571614968397,293.6545800515716,17394139.0
2019-04-09,290.425048828125,291.301640858671,284.2889890915302,289.68688681435265,25556039.0
2019-04-10,286.87261962890625,292.5473217659982,286.04218022136973,290.51736189858445,19237974.0
2019-04-11,290.5634460449219,291.02480433592973,284.8426201318699,286.96485700687583,14897935.0
2019-04-12,290.8863830566406,291.9475014232879,287.14939241264307,290.2866229501942,14751964.0
2019-04-15,291.2093811035156,294.0698083575183,289.50234966491104,291.11710380646826,13864791.0
2019-04-16,291.3477783203125,294.71568841571525,290.3789371144696,292.1320930940828,14940726.0
2019-04-18,286.78033447265625,291.3939178982722,284.2428635885675,291.3939178982722,15691168.0
2019-04-22,286.0882568359375,288.1643690862972,282.6742224752352,284.93486114129325,15665440.0
2019-04-23,281.6592102050781,289.50230041553897,281.0594501149163,286.08823811912106,17324274.0
2019-04-24,286.7341613769531,287.8414324753448,280.1367438266433,282.21285601682234,15228591.0
2019-04-25,282.5358581542969,287.88760362471476,281.7976679162224,286.9648869464304,30842477.0
2019-04-26,288.3489685058594,289.27168520507814,282.90494561228456,283.1817493584186,14987906.0
2019-04-30,285.99603271484375,287.88759055582653,281.4285741010484,287.88759055582653,18178758.0
2019-05-02,284.3351135253906,287.33394246344324,282.0283220345809,284.2428362339431,16640100.0
2019-05-03,286.0421447753906,287.70302338464967,284.9348735965007,285.11942817934096,12452689.0
2019-05-06,284.8887634277344,286.3189629602589,282.2590153642783,283.08945471087566,10639216.0
2019-05-07,281.84381103515625,289.1793914819381,280.27518147192933,286.6880734309674,15219845.0
2019-05-08,275.2002258300781,281.70536659361306,273.81615093068126,280.45972171141665,22103678.0
2019-05-09,276.1690673828125,277.73769686795623,273.2163911554094,274.6004660567447,12654440.0
2019-05-10,284.24285888671875,286.7342051589718,269.8485013641664,278.47587970009425,60739833.0
2019-05-13,283.1817626953125,289.91761181229225,281.70541027521557,286.0421902294228,40101505.0
2019-05-14,290.332763671875,292.27047410438206,281.52083167521505,284.0583022475499,30521436.0
2019-05-15,287.9798583984375,293.3316034502393,286.9648644999024,291.7630021152997,27932459.0
2019-05-16,291.3477783203125,292.5934514128798,285.6269239035987,288.34894924813193,18147559.0
2019-05-17,294.5772705078125,297.06861655725663,289.2255255648795,291.2554851615788,25838962.0
2019-05-20,318.0604553222656,319.0754211572437,305.41922536526806,306.34194205821444,53207071.0
2019-05-21,311.4630126953125,320.6901797508285,310.2634922417271,319.1677028184842,33457162.0
2019-05-22,314.7386474609375,316.1227224030181,307.7721200236859,312.7086596155886,32002499.0
2019-05-23,315.75360107421875,335.8688097342331,312.9854515434421,325.7189281213854,74413322.0
2019-05-24,327.8873596191406,329.4098364245817,316.95316193793786,318.291112313097,35703403.0
2019-05-27,333.74664306640625,334.4848051658994,326.641713182699,327.61055445816856,31374994.0
2019-05-28,332.22406005859375,333.7465647902169,329.0868296329286,333.05452742459636,23501608.0
2019-05-29,321.7051696777344,331.25529309086045,320.32109463696474,330.33257639701407,28370210.0
2019-05-30,326.2264404296875,327.56439075414454,320.6440163015922,322.7201286373579,25712604.0
2019-05-31,325.257568359375,330.2402318598742,318.01423815558564,326.9645995272601,32588069.0
2019-06-03,327.9796447753906,328.90236142614816,322.62787130555057,325.1192175262268,18380919.0
2019-06-04,325.1653137207031,329.59437015329934,324.24259715046327,326.6416658649019,18130636.0
2019-06-06,310.86322021484375,322.5817324231242,309.9405036050288,322.02809682542,41941144.0
2019-06-07,315.6152038574219,316.2611167453316,310.03277965406687,310.9554962601802,29739710.0
2019-06-10,317.69134521484375,320.4594952858151,313.86207658181587,319.25997485202566,20500542.0
2019-06-11,320.27496337890625,321.38220649295664,316.3534175119367,318.38337730056816,16281297.0
2019-06-12,317.4145202636719,320.1365455818893,315.84589073129627,320.1365455818893,11564970.0
2019-06-13,319.7213134765625,320.5979055419328,313.53910076908477,316.49180525962754,15509948.0
2019-06-14,317.2299499511719,319.58289413311434,316.0765542224968,318.7985794058002,10347594.0
2019-06-17,311.7398376464844,317.18386045594895,310.9093982618336,317.18386045594895,13779496.0
2019-06-18,313.769775390625,317.41451730352577,308.0027965151976,309.57142603294443,21957480.0
2019-06-19,312.6625061035156,318.5217617810596,309.5714000538752,316.5840514097123,16416903.0
2019-06-20,318.4756164550781,319.49061030736414,309.66368453189125,314.64634834602504,20626861.0
2019-06-21,322.3971862792969,323.5967347989115,316.6302073169487,318.1526841311932,24749090.0
2019-06-24,325.9035339355469,327.3337334877184,322.6278729135847,322.950829374775,17919504.0
2019-06-25,328.99462890625,329.4098626858722,324.1042416482146,325.44219213003817,15922634.0
2019-06-26,330.4709167480469,331.25523142362226,326.9184525062574,328.2564027268903,15835579.0
2019-06-27,334.1617736816406,334.9460883357289,329.64046847917126,330.42478313325955,29658120.0
2019-06-28,333.3313903808594,336.7915778242593,330.97847418297846,334.20798246348505,22708464.0
2019-07-01,333.6081848144531,334.9461351855744,330.7939103692243,334.7615805967726,12348793.0
2019-07-02,336.3302307128906,336.7915890540606,332.50096211299575,334.1618408775762,14482172.0
2019-07-03,337.8526611328125,338.36017213373464,334.9461096150751,337.0222218647553,12626285.0
2019-07-04,339.00604248046875,342.23555028774416,337.8987995562755,338.8676406348288,19252646.0
2019-07-05,342.0049133300781,344.72693865262585,337.71428663173623,340.8976702693546,30019347.0
2019-07-08,327.8411865234375,339.97493196344715,326.18030795870635,339.5596982427269,27247892.0
2019-07-09,331.71661376953125,332.17797206406465,325.2575976460633,326.18031423513014,16579914.0
2019-07-10,326.82623291015625,333.56205286623117,324.150332227122,332.6854608274336,18681819.0
2019-07-11,335.13067626953125,335.86883827683914,329.4098221561307,330.7938970391396,20048321.0
2019-07-12,335.499755859375,338.22175288904333,333.56204539951295,334.9461202766894,14661748.0
2019-07-15,332.22406005859375,336.79151793531815,329.9634215596769,335.96107872838803,15665939.0
2019-07-16,336.1917724609375,337.714249099654,330.0095604624236,330.7938751426939,16251836.0
2019-07-17,343.61968994140625,344.6808085037613,334.99228325263664,335.9149999432199,17545177.0
2019-07-18,335.5458984375,344.9114666440004,334.5309045079361,343.2044633977759,21691056.0
2019-07-19,328.48712158203125,337.7604124866573,327.7028068116071,336.8838485801289,22213173.0
2019-07-22,323.7351379394531,331.7627557912677,321.7513028003938,328.48712299136105,19682038.0
2019-07-23,315.75360107421875,325.7189281213854,314.6463299982788,324.0580496665487,27956145.0
2019-07-24,313.35455322265625,318.06041336776127,310.26344707720955,315.4306655079312,20823143.0
2019-07-25,314.92315673828125,316.6763407633546,311.3245677166903,315.29226589666,19857643.0
2019-07-26,316.12274169921875,319.3983746651241,314.1850310302123,314.4618347718939,16139052.0
2019-07-29,317.2299499511719,319.7674205542571,310.77093387059125,317.3683799658732,17060483.0
2019-07-30,302.2358093261719,319.90585464169294,300.66720801064906,317.78358957846683,24437235.0
2019-07-31,306.5264892578125,307.4492059284753,298.86792399586443,299.975195264291,22741445.0
2019-08-01,292.63958740234375,305.88057730040623,287.28784195905996,305.23466436525075,40853304.0
2019-08-02,284.6119384765625,297.34541593246064,283.320112745872,291.16320362384226,64472348.0
2019-08-05,277.045654296875,279.4447230466647,269.15643876870405,275.3847757095997,48815899.0
2019-08-06,278.10675048828125,280.73649817365356,274.27748260351194,275.707681930414,30442970.0
2019-08-07,267.49554443359375,279.07565499347885,266.480550512465,279.0295022667004,30820114.0
2019-08-08,271.6016540527344,272.6627725781604,263.5278832911137,267.58783095657026,32929233.0
2019-08-09,268.83343505859375,274.96949363027403,267.6338868150999,273.4008644499631,23377581.0
2019-08-13,261.4517517089844,269.01801086024017,260.66743697476727,268.4182507078656,24231272.0
2019-08-14,267.35711669921875,268.7411915052544,262.512854878094,263.0203377100108,18523649.0
2019-08-16,268.4182434082031,270.1713992517269,262.328308441001,265.6962464340432,20047399.0
2019-08-19,264.6812438964844,269.80230940597284,263.89692920932714,269.43322842350887,19831459.0
2019-08-20,261.7746887207031,265.1887229588197,258.96038643137786,265.0964456747466,23204417.0
2019-08-21,255.9615936279297,263.5278814378113,254.94659967893423,263.4356041407976,28226325.0
2019-08-22,247.79551696777344,256.79200328412486,246.64212128618993,256.79200328412486,27728925.0
2019-08-23,250.1484832763672,253.9777516475946,242.39766923937313,246.45761676741031,35212444.0
2019-08-26,258.5451965332031,265.7423745811457,249.1334761698241,265.7423745811457,64066440.0
2019-08-27,263.6201477050781,265.7423846522118,260.7597205717981,262.05151819870883,45164811.0
2019-08-28,262.8819580078125,264.49671208422296,260.3906400425107,264.49671208422296,18979998.0
2019-08-29,253.28575134277344,262.328364352945,252.17847996398143,261.3133984413134,27083514.0
2019-08-30,252.68594360351562,256.46908725133943,246.2269274786228,254.6236540727986,45702652.0
2019-09-03,247.6571044921875,250.97888954444326,246.3191824543981,250.97888954444326,21241863.0
2019-09-04,253.83935546875,254.531392954674,246.59602415092965,248.85669120191244,27309675.0
2019-09-05,252.17843627929688,254.99273881325666,250.10232392301592,253.7470657676729,25085139.0
2019-09-06,252.77822875976562,255.59250318097978,251.07119738468387,253.79319451228451,16675146.0
2019-09-09,256.5151672363281,257.16108000019176,250.05615223397456,252.77817696288042,18616889.0
2019-09-11,263.2049255371094,263.7585611612904,256.9765881229972,256.9765881229972,20999669.0
2019-09-12,264.8658142089844,266.4805684140952,262.1899414437592,264.5890104660254,21964832.0
2019-09-13,269.15643310546875,269.89459509337627,260.20607116694737,262.97422086021277,27303181.0
2019-09-16,262.6974182128906,268.00303847969167,261.8669507743053,265.9269262013782,18267680.0
2019-09-17,252.77822875976562,264.3121864845391,251.90163670905227,262.97423612483476,21533362.0
2019-09-18,258.7297058105469,261.08264982502806,253.19340670693,255.77702985072858,25478758.0
2019-09-19,252.8704376220703,258.31448732840335,251.94772115104058,258.31448732840335,23387797.0
2019-09-20,278.38360595703125,283.87375276203585,247.65712667083267,253.28570349134432,84481749.0
2019-09-23,289.50238037109375,291.57849305901397,277.1841061242845,283.78152525630367,54178171.0
2019-09-24,279.21405029296875,290.794132421597,277.55314350859356,288.9486992116753,40096711.0
2019-09-25,258.5913391113281,274.508201197574,257.16113957880356,274.04684287623354,73063465.0
2019-09-26,260.06768798828125,267.49554560160476,255.5925066976798,259.74473153572876,79005946.0
2019-09-27,259.4679260253906,263.9430791261326,258.36065481256327,260.8520009618865,37851718.0
2019-09-30,249.87164306640625,260.06767835308847,249.2718829105016,259.65244462103675,41094131.0
2019-10-01,236.1693115234375,254.20842391283287,226.57306449211853,251.67095325671568,79350077.0
2019-10-03,234.50840759277344,240.5522179433473,230.77141679636165,234.3700057408831,56207921.0
2019-10-04,230.6330108642578,240.36767378949023,229.3412132588166,238.5222405934097,60029186.0
2019-10-07,229.84872436523438,233.81639471763586,227.77261189172899,232.06323870515794,39160623.0
2019-10-09,240.7829132080078,241.75175439519765,225.46581168703113,230.77143225104788,60328507.0
2019-10-10,234.50840759277344,238.060871973023,233.07820819144908,238.060871973023,37577511.0
2019-10-11,234.8775177001953,241.19811807964726,232.0632292021149,236.40000856614284,43272106.0
2019-10-14,235.7079620361328,239.35268993529874,234.37002572878563,237.09205107076258,28265136.0
2019-10-15,238.4761199951172,239.8140421890916,235.10819590850892,236.6306867683307,23444973.0
2019-10-16,236.26158142089844,241.70563205532144,235.29274022478006,239.26041046297897,30892295.0
2019-10-17,244.93515014648438,245.44263304893184,235.84638535853355,236.58454742738036,37061013.0
2019-10-18,248.810546875,250.37917649302253,242.85904119055098,243.96628430996836,33203721.0
2019-10-22,249.59486389160156,253.7470889840681,247.74943051717196,249.50258659106436,27574295.0
2019-10-23,254.1622772216797,256.3306385208918,247.88778797729842,249.82549830510843,31789622.0
2019-10-24,242.21310424804688,256.19225491854763,229.433473877811,254.66977818080358,63943183.0
2019-10-25,259.7908630371094,262.18993197271436,243.18196324164384,245.25807571607703,105518180.0
2019-10-27,260.0215148925781,262.92809457878764,258.591315490693,262.92809457878764,12183625.0
2019-10-29,258.9604187011719,262.9742417064008,257.0227081304672,261.2672102950877,51033578.0
2019-10-30,267.49554443359375,268.5105383547225,257.6686179916022,261.12880534153425,51469048.0
2019-10-31,288.25665283203125,293.23931671271544,270.12527773780727,270.6789133154556,128449327.0
2019-11-01,289.3177795410156,290.6557298786908,284.7503492526532,288.2566610796229,44894016.0
2019-11-04,290.0097961425781,294.3465751275223,288.2105157919452,291.5784255181726,31535656.0
2019-11-05,294.5311584472656,297.1147537378774,288.6257495103073,289.6407434312893,50080853.0
2019-11-06,293.0086364746094,294.3004622039905,289.7330039042896,294.3004622039905,32157080.0
2019-11-07,293.56231689453125,298.3143023392852,292.31664369895435,293.65459419773686,33926772.0
2019-11-08,291.5784606933594,296.19204393217836,290.1943857217137,291.76301528654307,25423362.0
2019-11-11,293.6545715332031,294.94636920114095,288.9025864552118,290.37893871531674,20491942.0
2019-11-13,283.08941650390625,293.9774883134863,282.02829813985176,291.6245442967671,32675829.0
2019-11-14,282.35125732421875,285.5807651694304,276.53815446646723,283.2278492886914,43617772.0
2019-11-15,297.0224609375,298.68336767396653,286.0882638522945,287.88757244369776,95199897.0
2019-11-18,299.97515869140625,304.35806234269216,298.7294857060679,298.9601648456093,39009263.0
2019-11-19,304.8655700683594,306.15736772340915,297.2070332741468,300.6210679225585,41372145.0
2019-11-20,303.38922119140625,306.80328403680005,299.9751865050897,306.3419257149402,29972583.0
2019-11-21,305.7421875,307.1262625650438,301.31313039641213,303.8044767771228,34116162.0
2019-11-22,303.8505554199219,308.00277998741655,302.8817142844698,305.8344185738738,28974967.0
2019-11-25,310.1250915527344,311.4168893136269,302.9740370573844,303.57379728646885,27561300.0
2019-11-26,309.5714111328125,313.72363572326753,306.8955386952232,311.8782025719542,36464072.0
2019-11-27,316.9992980957031,318.8447314204555,308.2334898031295,309.9866739889065,33971305.0
2019-11-28,322.30487060546875,323.87349996007293,317.8758425534049,320.04423201686114,42538227.0
2019-11-29,315.4306945800781,321.8897111740165,314.277298759732,321.8897111740165,23081823.0
2019-12-02,312.3395690917969,317.7374668334703,310.21733217548297,317.32223309985085,20648850.0
2019-12-03,310.2634582519531,316.44567076551095,307.5875857308147,314.6463621231703,26482178.0
2019-12-04,315.4306945800781,316.44568853379826,306.203528017309,308.27964049393205,26789483.0
2019-12-05,310.2173156738281,317.96812906951374,309.24844639994586,316.49177695627014,30429507.0
2019-12-06,295.269287109375,311.55522809468675,293.4238540649414,310.67866429402494,47027528.0
2019-12-09,292.224365234375,302.32809534233814,290.42505655917836,294.3004776323358,52435239.0
2019-12-10,289.17938232421875,297.71451103702447,288.11826384579336,292.685722366547,52155809.0
2019-12-11,288.6257629394531,291.3477883779536,284.19673418973775,287.1494387956,52557951.0
2019-12-12,296.976318359375,297.99131216580616,289.3177543281883,289.73298802688805,37804216.0
2019-12-13,306.849365234375,307.6798326236039,299.8828668225873,300.06742138887665,40955226.0
2019-12-16,306.2035217285156,311.1861859382617,305.2346523638769,309.98666557336844,35027613.0
2019-12-17,307.17236328125,309.80211133241727,305.09625084491955,307.4953197364946,26734601.0
2019-12-18,301.68218994140625,309.6175298139902,300.621043372307,309.1100469706533,26449075.0
2019-12-19,302.7894287109375,304.1273789652635,299.4215189523789,302.051266738321,27516289.0
2019-12-20,311.7398376464844,313.26231454485725,304.81946250926364,304.81946250926364,51839714.0
2019-12-23,306.71099853515625,312.6625319915575,304.8194407297667,309.75598027341505,30150335.0
2019-12-24,305.8344421386719,308.3719129032106,303.7583296949584,307.44919626156013,21747782.0
2019-12-26,304.3580627441406,307.67984798973265,302.7433087652212,307.2646142743806,24616942.0
2019-12-27,311.18621826171875,312.2012123000222,307.26467214574456,307.6337532071967,33477173.0
2019-12-30,308.5564270019531,311.7398105520264,306.80327108471283,311.64753325973464,22775554.0
2019-12-31,307.9566650390625,310.35573382923445,306.8493938561906,308.5564251968365,23801635.0
2020-01-01,308.60260009765625,309.98667509616433,306.48033487116373,308.8332792640743,17379320.0
2020-01-02,313.0777587890625,313.5852698593665,307.58761142923834,308.64872998121456,20324236.0
2020-01-03,307.9105224609375,311.83206777885346,306.3418930701414,311.83206777885346,21853208.0
2020-01-06,294.34661865234375,306.06513166169526,293.14709824121627,306.06513166169526,35645325.0
2020-01-07,293.79296875,301.72833738333424,291.02481886574924,299.3754212453518,50966826.0
2020-01-08,295.08477783203125,296.65340742418846,286.9648824538806,287.9798764159189,44527485.0
2020-01-09,304.6810302734375,305.7882732895965,299.88289272618823,301.63604862108,40348407.0
2020-01-10,306.57257080078125,311.8320663490293,302.7433027867774,305.41917512432985,42377838.0
2020-01-13,305.18853759765625,309.5253171960085,303.6199080001898,308.1873667652825,23615129.0
2020-01-14,302.65106201171875,306.06512488950636,301.2669870330066,304.3119407225423,26296117.0
2020-01-15,299.1908874511719,303.7583463412746,297.43773136777645,303.5737917391998,32625740.0
2020-01-16,298.31427001953125,301.63605546149,297.4377061317448,298.96018291291193,26653623.0
2020-01-17,293.42388916015625,298.49883063934135,286.13443339459667,288.81030599726074,58396326.0
2020-01-20,289.7330017089844,296.60725138895805,289.1793661375981,296.19201767064965,30682902.0
2020-01-21,289.4562072753906,292.455036210801,287.8875777993918,289.5484564076811,30591772.0
2020-01-22,291.71685791015625,292.5011726800728,289.456219054605,292.5011726800728,24994911.0
2020-01-23,298.2220458984375,299.6983700772874,289.87144294653916,291.57847445729794,33293610.0
2020-01-24,299.00628662109375,302.0051154071618,296.33041425918634,298.4988037824658,22706879.0
2020-01-27,291.76300048828125,297.114745510239,291.3938913206351,296.099751617364,23309355.0
2020-01-28,290.74798583984375,295.26929122998814,287.01096697726985,293.3777335966756,26488426.0
2020-01-29,291.9936828613281,294.99251184755826,291.1632153840342,293.2854804851197,23914114.0
2020-01-30,286.6880798339844,292.2705044083018,282.0283437680185,292.2705044083018,35802330.0
2020-01-31,293.839111328125,296.837940265822,284.75034722359743,289.45620749610634,92656638.0
2020-02-03,275.06182861328125,283.1355989959979,272.5243579215703,279.5831343957873,56060158.0
2020-02-04,282.5819396972656,283.7814599327591,274.1390890083295,279.4908336638644,51141567.0
2020-02-05,286.9648742675781,289.41006772518097,281.059493419289,283.18173042194576,35014841.0
2020-02-06,297.068603515625,298.4988028995822,286.1344068038718,287.14940063719996,57757656.0
2020-02-07,295.77685546875,299.88295644368856,293.79302000409274,296.6534476819873,37126803.0
2020-02-10,293.8852233886719,297.85289331992834,292.0397902747713,295.08474364907744,24816396.0
2020-02-11,299.28314208984375,300.62106429679994,296.23816034065493,296.23816034065493,30188757.0
2020-02-12,295.4538879394531,304.40422271095036,294.5772958424614,304.40422271095036,38930849.0
2020-02-13,302.1435546875,305.3730627100486,297.11473807447277,297.11473807447277,62516057.0
2020-02-14,294.7156982421875,306.24965659668044,293.9313834422664,302.7433445205458,48205947.0
2020-02-17,289.9175720214844,296.3304356074742,287.56462775515206,296.14590917971327,36950692.0
2020-02-18,293.0086364746094,294.53114134722637,285.48850203693405,291.0248014745956,38588583.0
2020-02-19,295.59228515625,298.9601953048752,292.7318579026903,297.39156573254576,39846727.0
2020-02-20,302.3280944824219,303.7583221368394,294.1159222078837,294.66955781091383,40150409.0
2020-02-24,297.9913024902344,305.69596267467205,296.9763087167593,300.57489740537756,45273936.0
2020-02-25,301.5437927246094,302.78946584536044,297.29931862290607,300.7133533638012,39050709.0
2020-02-26,302.83563232421875,305.2346732179108,299.1447655227491,299.7445257461721,43915281.0
2020-02-27,297.068603515625,304.4964604539787,293.42386189201585,302.6510273603182,47010040.0
2020-02-28,279.5830993652344,290.3327409532382,277.829943647894,287.88754786123144,59705346.0
2020-03-02,265.188720703125,287.88755259742925,262.0976147469469,286.9648360826939,66711413.0
2020-03-03,267.44940185546875,271.64775096036607,263.2510245914966,270.35595340186495,61949382.0
2020-03-04,263.25103759765625,270.3559667590502,253.8393450700907,269.2486955633007,73675736.0
2020-03-05,266.2037353515625,275.3386239311182,249.13347849193025,268.41824952856456,149245973.0
2020-03-06,249.59486389160156,253.19345333992354,234.32389990228887,247.28807217356456,106043172.0
2020-03-09,233.86251831054688,242.44378546449363,231.7402673250167,239.95243939304547,101286241.0
2020-03-11,226.15785217285156,238.52224941190474,224.3124189085428,233.4473079350557,90845604.0
2020-03-12,196.1695556640625,213.97797485961541,192.47868924765146,213.97797485961541,99767083.0
2020-03-13,223.29742431640625,229.57190021227905,170.37961998812023,184.54332588132746,155701316.0
2020-03-16,206.08876037597656,213.51661781926572,203.55128969969968,210.2871096858224,75583409.0
2020-03-17,198.52247619628906,212.13254641225254,195.6620631070977,209.64121434117027,65403057.0
2020-03-18,198.56863403320312,205.90422909345892,184.6356200997858,203.92039379021165,101356399.0
2020-03-19,187.91123962402344,202.76698327999313,182.83629806297697,187.26534078670707,93533467.0
2020-03-20,193.632080078125,199.0299636271187,184.5433161270526,189.66439596548582,77391650.0
2020-03-23,167.56533813476562,184.08195944019067,166.31966510824245,175.31615184780065,61750037.0
2020-03-24,169.0416717529297,177.115441690033,160.137462539825,176.19272512579263,67491360.0
2020-03-25,175.223876953125,180.16041640184082,162.8133414816843,164.24355502959114,71567553.0
2020-03-26,177.85362243652344,185.4660342917832,170.7948461661886,176.7463653462114,107260359.0
2020-03-27,180.8063201904297,195.52364757075105,179.92974221095068,186.38875859801044,114740377.0
2020-03-30,172.4557342529297,179.92974466305668,171.85597406920158,175.31616146656805,60081554.0
2020-03-31,181.63677978515625,183.15925663925898,173.51687037768437,177.16159836139911,59543412.0
2020-04-01,172.13279724121094,179.46839193632516,170.93326275683413,179.00703360229863,52954239.0
2020-04-03,161.936767578125,173.65526589180243,161.4754092659366,173.05550571777286,64448494.0
2020-04-07,171.99436950683594,172.82482289889774,163.87447464804077,170.14893629719376,72130500.0
2020-04-08,168.8571319580078,179.37609520226545,166.50420189350513,168.76485466938516,80435759.0
2020-04-09,173.2400360107422,175.3161482931612,169.41076787720655,173.4707151532332,62416005.0
2020-04-13,169.31849670410156,174.11662022531291,168.94941569459994,172.36346431087313,51847146.0
2020-04-15,168.2573699951172,177.11544050482667,166.22738230374253,172.54799635830832,72190004.0
2020-04-16,173.9320831298828,175.22388076799766,166.31967100350863,167.93442509092134,61165773.0
2020-04-17,178.31497192382812,182.69787550280967,171.90209476627834,180.85244241692268,89851063.0
2020-04-20,177.62295532226562,182.0981367115512,175.36230234316272,179.00703029880276,81958510.0
2020-04-21,170.47189331054688,173.65526279191334,168.8571392467122,173.47072228623986,53042420.0
2020-04-22,174.1166229248047,174.8547990347906,167.3346642331835,171.16393256439926,61503413.0
2020-04-23,172.2711639404297,175.22385385949985,170.84095058101778,173.24001906000137,50955312.0
2020-04-24,165.85830688476562,169.77985238829973,165.16626944296547,169.77985238829973,65137305.0
2020-04-27,166.91943359375,169.3185024759052,166.55035257166696,169.3185024759052,42996571.0
2020-04-28,170.05667114257812,171.02552638248466,167.1962440684804,167.93442015981574,49590230.0
2020-04-29,175.40841674804688,176.97703202207953,169.31848206117095,170.70255684641214,57470466.0
2020-04-30,175.77752685546875,180.76019127624906,175.03935069843558,178.54567688468873,63063889.0
2020-05-04,165.0278778076172,169.31850458070795,164.2435630265178,168.349649286273,58118177.0
2020-05-05,157.23089599609375,167.2423762914228,155.75455794965737,167.0116971517105,91050439.0
2020-05-06,157.87680053710938,159.9067740437716,153.67843759952413,157.92292509899303,73156432.0
2020-05-07,157.55386352539062,159.21475626425993,155.75456892475648,157.64614081959272,42942399.0
2020-05-08,153.77072143554688,160.36815381685318,153.2632385504405,159.12248072904654,55932236.0
2020-05-11,152.6634521484375,155.84682146687268,152.2482325120394,154.97024355013508,54591827.0
2020-05-12,154.0013885498047,155.47774068066454,148.41896461392113,151.51005664857394,70752542.0
2020-05-13,160.64495849609375,164.7510443662635,157.3231732530703,164.7510443662635,81720683.0
2020-05-14,154.97024536132812,158.47657114879559,154.55502572007723,157.73839507571756,48136531.0
2020-05-15,153.54002380371094,155.2470550031682,151.97140853043322,154.97023723034584,35495540.0
2020-05-18,143.2978973388672,153.5400436187992,143.02107953032012,153.5400436187992,77349435.0
2020-05-19,140.9910888671875,145.65081016842842,140.62199380676566,145.32785375050142,71522334.0
2020-05-20,141.54470825195312,143.25173944233998,139.46859608612212,141.17562727650898,66168767.0
2020-05-21,140.206787109375,144.08219408409707,139.79156744771518,141.7754025420556,61147471.0
2020-05-22,139.19180297851562,143.57470677299244,137.89999130715768,140.25292142325807,87064198.0
2020-05-26,139.69927978515625,141.36017238805542,138.5920227430692,140.621996333485,48275988.0
2020-05-27,146.3428497314453,148.37282331540666,139.1456578614577,140.20677625684698,88195120.0
2020-05-28,145.9737548828125,149.84916156333128,144.5896800626603,147.1271505662727,76968678.0
2020-05-29,148.8341827392578,149.38780422305445,143.20560613700002,144.03605948200084,58363280.0
2020-06-01,156.907958984375,158.15361793346167,150.72576064574724,151.32552079758108,92740893.0
2020-06-02,157.09251403808594,158.06136936347974,154.27822536129023,156.76955756977495,70419104.0
2020-06-03,161.3831329345703,165.996716083981,158.7072603397275,159.16861865466856,113168889.0
2020-06-04,160.59881591796875,163.92058700007948,158.24588593509637,161.38311652590156,83494674.0
2020-06-05,173.28619384765625,175.13162719197732,162.39813430025413,162.90563128585023,201321234.0
2020-06-08,172.36346435546875,182.23652919734116,171.44074775193792,181.77517089557574,151741826.0
2020-06-09,170.195068359375,176.23886470305752,169.18008858105895,173.19389720903436,96654191.0
2020-06-10,173.1938934326172,174.3934277622331,169.59530452330662,170.2873419350615,67333317.0
2020-06-11,163.459228515625,175.6852226022949,162.72106655138018,173.47070855048648,91726802.0
2020-06-12,165.30467224121094,166.08898697820092,156.67728053201046,156.86182103496756,92758901.0
2020-06-15,160.27586364746094,164.10514581897712,158.70724831145287,164.10514581897712,63613412.0
2020-06-16,159.53770446777344,165.12014306218043,156.30819616616233,164.24356505336516,63925976.0
2020-06-17,159.58383178710938,162.58266071142162,156.16978321226145,157.7845372484296,73866905.0
2020-06-18,165.76602172851562,166.68873827379997,157.87680652996428,159.07632677520422,58261857.0
2020-06-19,170.2412109375,170.65643058729367,165.62762798526424,166.36580407352952,76895151.0
2020-06-22,173.1938934326172,176.93089827200103,170.0105241544521,170.702561566207,80023958.0
2020-06-23,177.57679748535156,178.17657169143098,173.33230979700846,174.94706376181597,65487085.0
2020-06-24,170.33348083496094,179.83745004041245,169.6875679860538,179.74518683309515,74668987.0
2020-06-25,170.93325805664062,172.36347166870377,166.4580767078227,168.11896948055607,73620385.0
2020-06-26,170.33348083496094,174.0243470365459,169.5953047787365,173.47071147449327,49176958.0
2020-06-29,165.39694213867188,168.94940649982505,164.70490472386572,168.85712921270266,50966428.0
2020-06-30,164.6587677001953,168.76485358586618,163.55151064151985,167.1039750376217,43613239.0
2020-07-01,170.5180206298828,171.07164211012798,164.79718085679323,165.5814814736915,54012853.0
2020-07-02,171.11778259277344,173.47071262783504,169.7798464017109,171.3023230881722,52127276.0
2020-07-03,170.4257354736328,172.4095844049633,169.2262012025203,172.22502984053332,38048810.0
2020-07-06,173.51686096191406,175.17775367233276,171.76369095887392,172.17892469613219,43773740.0
2020-07-07,174.02435302734375,174.57797452891762,169.82598976260454,172.54800086407138,55124494.0
2020-07-08,177.06930541992188,182.19038523602293,173.8397974017818,174.30115569008754,143063102.0
2020-07-09,183.712890625,185.4660466279763,177.66909375230995,177.89977291478255,89539723.0
2020-07-10,180.48338317871094,186.85012246035953,179.745207039503,182.69789751679596,111406477.0
2020-07-13,177.8074951171875,184.35878894477347,176.79251525288993,183.43607229748184,61949761.0
2020-07-14,171.6714324951172,177.43841145504763,170.333496192321,177.43841145504763,62239932.0
2020-07-15,169.59530639648438,175.27000760373662,168.85713033321858,173.4245744853408,58527305.0
2020-07-16,171.85598754882812,172.5018864310903,167.61148504332309,170.7025916592387,46546803.0
2020-07-17,173.65525817871094,174.85479255302977,170.70256792775993,172.3634605937754,47035238.0
2020-07-20,176.00820922851562,178.31500096152368,174.16277584210917,175.3161717086132,45672856.0
2020-07-21,179.3760986328125,181.03699130302215,176.70022616602975,177.57680410655942,59281860.0
2020-07-22,177.16159057617188,181.54449450969696,175.40843463457713,180.57563924532587,62276152.0
2020-07-23,182.92857360839844,183.71288838304937,176.37727984230997,177.53067564059748,70801412.0
2020-07-24,177.11544799804688,181.12927082726085,175.91591360590516,180.57563523718377,65265493.0
2020-07-27,172.68641662597656,178.26885521350945,172.08665643108856,178.08431469812382,50697767.0
2020-07-28,174.8086700439453,175.77752536184755,171.39462118615845,173.47073369043224,51488617.0
2020-07-29,176.42340087890625,180.1604057082237,172.54799419942552,173.10162975915296,73763368.0
2020-07-30,172.13279724121094,178.54567526827208,171.6714389071844,177.622958600219,48472816.0
2020-07-31,176.6540985107422,179.7913435450969,172.2711944558893,173.470728907862,145892485.0
2020-08-03,177.39224243164062,179.560631781085,175.36226900125598,177.16156331274382,72454278.0
2020-08-04,176.7925262451172,178.8225001794664,175.77753223817282,178.40728047827625,43866676.0
2020-08-05,176.6540985107422,181.63677683135074,176.2388788372428,177.8536329627149,68888892.0
2020-08-06,176.19273376464844,179.46838054421656,175.54683495391876,177.43840681926415,59740172.0
2020-08-07,175.91592407226562,177.25387448129877,174.90094420278726,176.65410020977455,44822338.0
2020-08-10,178.82247924804688,180.3910946464563,176.88476876325188,177.0231847004732,48784530.0
2020-08-11,179.97589111328125,181.59064530205544,178.77635661428403,179.92975246340845,43890305.0
2020-08-12,187.58828735351562,188.46486530647536,179.5606557597961,180.85245336631175,157818228.0
2020-08-13,186.2964630126953,191.27914075551587,185.2353446279614,189.61824817457568,70443118.0
2020-08-14,181.31381225585938,188.23418676944178,179.56065634423368,187.3114701676308,56169088.0
2020-08-17,178.17657470703125,183.29764038989248,176.7002225681197,183.11309989241292,54787889.0
2020-08-18,180.0220184326172,180.62177860459747,176.88477347273263,178.82248400911834,46294169.0
2020-08-19,181.82130432128906,184.8201331966633,180.76017180997255,181.22153009849166,59296062.0
2020-08-20,179.69906616210938,181.17541842221428,178.314991198088,179.00702868009867,37504602.0
2020-08-21,183.0669708251953,185.92739796415137,182.37493336379026,183.6206064261346,68041871.0
2020-08-24,185.88124084472656,187.12691378327673,183.25150720045158,184.5433047015477,53850253.0
2020-08-25,191.87892150878906,192.34027982647288,187.03465917310908,188.23419361499467,105394375.0
2020-08-26,193.632080078125,194.09343836844263,190.2180174661444,192.38640706245232,66749637.0
2020-08-27,198.9838104248047,199.76812509278037,194.23182601399662,194.23182601399662,80997993.0
2020-08-28,207.47283935546875,208.44168055085444,200.04496768710206,200.22950819672133,95974037.0
2020-08-31,195.6159210205078,213.65503353429716,194.093444248154,213.65503353429716,119986476.0
2020-09-01,201.24449157714844,201.98265357695834,194.87773873225575,196.63090868064836,75048313.0
2020-09-02,199.5374755859375,202.07494637373557,195.89274763391714,201.38290888615427,47608088.0
2020-09-03,196.67703247070312,201.38289263839826,195.89273182911234,200.69085520665118,38594129.0
2020-09-04,190.6332550048828,195.89273680381783,189.9873421218858,193.7704858099913,54435758.0
2020-09-07,191.83277893066406,193.4475330094728,189.52598738950869,191.46369791589447,35687359.0
2020-09-08,188.2803192138672,192.38640514077233,187.21918670901331,191.83276956610618,34146789.0
2020-09-09,179.7913360595703,185.83511855679077,177.62294640668645,185.5583148390082,72715826.0
2020-09-10,182.83628845214844,185.8812560446247,180.11427730112345,182.42106879852395,67789617.0
2020-09-11,187.03465270996094,188.09578525168843,181.77517088601925,183.20538443732445,48487971.0
2020-09-14,183.15924072265625,190.2641555569475,182.09812228983122,189.9873377676556,63605531.0
2020-09-15,184.68173217773438,185.4660469633751,181.86745765411018,184.4510530148446,51761038.0
2020-09-16,182.88243103027344,184.58946240686893,181.08313643952087,184.40492189901656,52404964.0
2020-09-17,180.34495544433594,182.69788557446006,179.92973579302884,181.77516898064965,41223296.0
2020-09-18,177.71522521972656,181.95971318999116,175.03933859544634,180.85245607077164,55286316.0
2020-09-21,171.44073486328125,178.54564936042433,170.01052141942213,178.13042973595864,57611375.0
2020-09-22,171.80984497070312,173.74755565274378,167.15012286734958,171.7637063202661,51210889.0
2020-09-23,169.59530639648438,174.3472910445387,167.01169721482276,173.6091149812729,44320497.0
2020-09-24,162.7210693359375,167.74987172097968,161.9367546360846,167.10397295144406,46114798.0
2020-09-25,168.11895751953125,168.626454452807,162.53651941257323,165.16626728893272,46550127.0
2020-09-28,172.7786865234375,173.60912584687503,169.18009734915717,169.7798575183578,41921548.0
2020-09-29,170.74871826171875,174.34730755148482,169.08782548200415,173.93208787644082,35688726.0
2020-09-30,171.0716552734375,172.36346698581715,168.30350542060168,170.74871290499627,37641083.0
2020-10-01,175.59295654296875,176.4233957790172,172.45571192776373,172.54798921156322,43588724.0
2020-10-05,174.1627655029297,178.82248734288927,172.594150033513,177.16159457781455,41694686.0
2020-10-06,176.7925262451172,177.25388459744835,173.7475583038236,176.33116789278603,31098726.0
2020-10-07,175.96205139160156,178.22270422754715,174.48571329117527,177.66908271971397,34578053.0
2020-10-08,176.7002410888672,180.66792555846757,175.82366307430803,176.56183922113536,43351606.0
2020-10-09,182.97471618652344,183.43607451574837,175.82366208353668,177.16159842238127,64907230.0
2020-10-12,183.3437957763672,190.0334914975247,182.00585944804345,184.26651242756134,69122798.0
2020-10-13,180.5756378173828,184.5433220575273,180.02201629893312,183.29764900182371,34948525.0
2020-10-14,184.58946228027344,185.37376295799268,178.13044595310242,179.05316257126972,40548275.0
2020-10-15,177.94590759277344,186.85011743372573,177.16159282605108,185.4660424897722,49184123.0
2020-10-16,180.8063201904297,181.5444963077156,176.7925113119084,179.00702558422785,36893126.0
2020-10-19,188.2341766357422,188.78781219883868,180.8985828621685,181.036984713174,60220779.0
2020-10-20,187.35760498046875,188.5571393541893,185.18921537876096,185.4660331695484,39316753.0
2020-10-21,188.00350952148438,191.2791563069688,183.4822037586725,188.88008748616772,54515523.0
2020-10-22,187.58828735351562,188.78782174787324,185.55831365204625,186.29647566746206,33721637.0
2020-10-23,187.12692260742188,189.7105318109834,185.97352689864775,188.23417967193754,32707020.0
2020-10-26,181.49835205078125,188.23418603357663,180.48337224047984,187.03465164000409,45470123.0
2020-10-27,179.60678100585938,182.28266760025187,177.39226679215483,182.00584980365429,37794381.0
2020-10-28,175.73138427734375,179.92974787704932,174.43958659106764,179.92974787704932,46458319.0
2020-10-29,174.1166229248047,175.96205616000037,171.5330135796231,174.71639717396621,44822673.0
2020-10-30,174.62411499023438,177.16158561756936,171.7636879239689,174.71639228122532,41519686.0
2020-11-02,180.89857482910156,182.00583182658795,175.36227576213312,177.3461106293155,52600119.0
2020-11-03,188.9262237548828,189.89507900030262,182.32880570001953,182.69788670801853,69890201.0
2020-11-04,191.0023193359375,192.8477523729997,182.74400931099152,187.77281152107867,117577856.0
2020-11-05,201.75198364257812,203.92037333474022,198.1533944508392,199.3067902276194,138023646.0
2020-11-06,202.2594757080078,204.70468314336003,200.27564065174627,202.07493520409432,73147085.0
2020-11-09,202.5363006591797,205.4428524172341,200.2756477274109,205.30445055429377,60359458.0
2020-11-10,213.79342651367188,216.8383940114422,205.76579516830472,205.85807245714588,135294550.0
2020-11-11,216.10023498535156,220.85223414475914,210.14871545361572,214.7622986688433,107094861.0
2020-11-12,209.2721405029297,215.31593741870515,208.2110079002678,215.17752147251161,58859905.0
2020-11-13,211.71731567382812,212.8245727497824,203.08992413079443,207.6112297240816,70676525.0
2020-11-14,211.90185546875,214.9006843325725,210.1486996109457,214.07024504825205,7753219.0
2020-11-17,221.6365203857422,222.9283320494611,213.14753063938838,213.93184536662977,80501583.0
2020-11-18,232.5245819091797,233.4472985040574,219.514272289589,220.89834718190556,104514060.0
2020-11-19,221.2213134765625,232.34005175604716,220.52927599957638,228.8337257234098,82284278.0
2020-11-20,223.98947143554688,226.43466497697204,215.8695619311414,222.83607559911255,84411129.0
2020-11-23,220.25244140625,227.1266770044819,219.69881991457868,224.6814837373077,57538324.0
2020-11-24,225.00445556640625,226.06557405771895,220.99063259928036,221.91334922808738,47636611.0
2020-11-25,224.2201385498047,230.5868775928604,222.92834091425487,226.48079145178602,74767232.0
2020-11-26,226.48077392578125,227.21894998020306,221.59037340471616,225.1428377468814,64248318.0
2020-11-27,225.37351989746094,227.21895301842275,223.34354628031042,226.48077695413056,54355703.0
2020-12-01,228.87985229492188,229.71029159167404,225.37352644728583,226.06556388775854,37003272.0
2020-12-02,227.8648681640625,231.4634714561746,225.2351342255012,229.15667988925853,56723083.0
2020-12-03,236.49224853515625,238.98359456841854,228.83371217362085,230.0332465452772,79266442.0
2020-12-04,243.13583374023438,243.9201485131473,233.95480602211805,237.13817560242973,79252024.0
2020-12-07,248.76437377929688,250.47140493437865,242.6744392536641,243.41260118928565,76053084.0
2020-12-08,250.8866424560547,252.54754926160783,244.75058258664035,250.01007856561063,65617502.0
2020-12-09,249.4564208984375,253.65476986955224,248.39530251487733,251.0711748348776,48495641.0
2020-12-10,248.71824645996094,250.05619678387393,245.0273800867672,248.2107635972771,38676657.0
2020-12-11,251.39413452148438,254.90044613684105,249.17959228118087,249.17959228118087,50255223.0
2020-12-14,253.00892639160156,254.80820703262248,251.3018948918546,252.8243717908965,31946501.0
2020-12-15,249.7332000732422,252.87043035274218,247.42640896198174,252.87043035274218,34890948.0
2020-12-16,248.579833984375,252.50137933837948,247.74939471769486,251.71706463576368,24844177.0
2020-12-17,247.01126098632812,251.11733322523335,246.0885443269232,249.13349803932834,25904699.0
2020-12-18,250.471435546875,250.93279385279368,244.51990213689368,247.01124825248502,29816205.0
2020-12-21,235.01589965820312,248.2107489812946,231.64798992279964,247.70326614849407,55160758.0
2020-12-22,237.55340576171875,238.70680154001593,229.06440156982083,235.10819826400575,51189571.0
2020-12-23,242.67445373535156,243.50489300225078,235.84635686662804,237.09202984651415,29056404.0
2020-12-24,246.22694396972656,248.07237727186566,244.19695607374254,244.51991253343238,28585509.0
2020-12-28,253.93162536621094,254.66978739939015,247.28805443129187,247.9800918970511,36870242.0
2020-12-29,256.4229431152344,258.2683763555874,253.4702668261155,254.94659089113668,45032526.0
2020-12-30,255.50021362304688,257.1611203511346,251.4402663306243,256.5152074859213,30971894.0
2020-12-31,253.700927734375,255.82316454451393,251.53253820110072,253.74705229843582,29467966.0
2021-01-01,257.8070068359375,258.3606424157864,253.1934239356556,253.65478222568382,24531791.0
2021-01-04,259.3294982910156,261.9592463253599,256.2845446675077,260.0676884924348,31450608.0
2021-01-05,259.9754333496094,260.6213463110041,255.59252897193184,256.5613702549446,27393072.0
2021-01-06,263.0203552246094,266.8034989115089,259.65244527080074,261.12879746069757,40765708.0
2021-01-07,265.4655456542969,269.2486607391408,264.8196328471382,266.6650658286514,30546600.0
2021-01-08,263.8969421386719,268.8796060437408,263.15878013757845,267.68008575219517,32543357.0
2021-01-11,260.66741943359375,265.92691491234353,257.99154713139995,265.74236034292034,29703173.0
2021-01-12,269.89459228515625,271.14026526597956,256.422924952954,258.36063534989313,44307145.0
2021-01-13,283.08941650390625,284.19668758931215,271.74001459432606,273.12408937154675,78042133.0
2021-01-14,283.5046691894531,285.3501023493519,280.32128572499755,282.99718633411106,40123498.0
2021-01-15,280.367431640625,286.8725721076587,278.0144875234509,283.08942858992594,35307601.0
2021-01-18,271.6939392089844,284.7964992428088,269.61782666737446,280.0445139460507,54969750.0
2021-01-19,275.523193359375,279.12178261080635,273.4932054949383,274.64660129085075,35803901.0
2021-01-20,279.16790771484375,281.15177101488257,273.9084397708344,275.707720320465,33759304.0
2021-01-21,272.06298828125,281.5669577579597,268.9718821173827,280.5058393265329,29995203.0
2021-01-22,261.7746887207031,274.96952373002455,260.5751403458998,272.6627324235646,44440810.0
2021-01-25,259.23724365234375,265.7423845095192,255.63862633484962,262.51287636443817,34034630.0
2021-01-27,254.34683227539062,262.83583649656276,251.6248351246685,258.5452098183164,39211107.0
2021-01-28,260.5290222167969,261.45173876216603,248.67210897698834,250.88662305405947,48717297.0
2021-01-29,260.29833984375,268.1875549449274,257.5301902420633,263.5278477123844,42300984.0
2021-02-01,286.6880798339844,289.640756274312,260.89813771569794,263.06652751597295,103414068.0
2021-02-02,307.35687255859375,311.324542254992,290.65569823457054,290.65569823457054,121434166.0
2021-02-03,309.98663330078125,313.6313467433238,300.6210378797071,307.956645646374,66420168.0
2021-02-04,327.6567077636719,330.332580577878,305.5115068310767,308.5564606956769,145203439.0
2021-02-05,362.7198791503906,376.79130644919064,355.38427136050126,357.0913025990558,214955688.0
2021-02-08,366.3646240234375,376.2838277240696,364.24238705344453,367.24121607921705,79389205.0
2021-02-09,364.28851318359375,372.3161591044961,358.9367680090433,366.087821870406,63869990.0
2021-02-10,361.9355773925781,367.14892042173966,358.01403193963114,363.5964559678432,54163507.0
2021-02-11,359.99786376953125,366.27235333428075,358.244707920217,361.52034047659157,36392708.0
2021-02-12,362.7660217285156,368.4868758501748,355.75337001266513,360.78218669182075,53589755.0
2021-02-15,375.4995422363281,377.80633380146327,365.11898019322,366.7798588564866,56608937.0
2021-02-16,371.2550048828125,383.61940086641556,369.3634190835168,380.15921384717547,80365431.0
2021-02-17,379.9285583496094,382.78898542862254,369.22504020569835,371.85478813574395,74161370.0
2021-02-18,383.1119689941406,394.6459272591487,381.72789400233967,392.2007055797048,67154539.0
2021-02-19,368.67138671875,382.9273686965026,364.4730376749844,382.9273686965026,66155518.0
2021-02-22,359.39813232421875,370.0093737150493,355.84566761808173,369.64029268979243,52535049.0
2021-02-23,365.02667236328125,368.8098158454475,358.9367375089495,361.7048871555481,45462768.0
2021-02-24,374.8536682128906,378.77521428034856,364.6576597011319,366.31853853665865,39632090.0
2021-02-25,375.77630615234375,382.83508196206475,375.13039331890053,379.2364931334887,46988836.0
2021-02-26,359.99786376953125,370.009344175163,357.09131220894784,368.6252693216399,64450414.0
2021-03-01,364.4269104003906,366.96438089697523,360.7821687871212,364.5653122502076,29677890.0
2021-03-02,363.7348937988281,368.67140506548753,360.36695569253783,364.4730558127933,30534337.0
2021-03-03,373.746337890625,377.2988023404721,365.3957641404395,365.8571224284956,46268223.0
2021-03-04,365.07281494140625,372.3161458392388,363.96557192357517,367.8871174497629,43603653.0
2021-03-05,354.00018310546875,364.47302111619166,348.87911774328825,364.47302111619166,72179228.0
2021-03-08,359.4903869628906,362.9966987204568,356.21472619238034,358.42926852250156,39147858.0
2021-03-09,357.64495849609375,364.38077838806,352.7084190721633,363.04285621835277,28054083.0
2021-03-10,357.73724365234375,362.6276304585099,355.8918104184582,360.87447451813387,22677399.0
2021-03-12,351.6473388671875,362.8122165329786,348.3255531260898,361.42814148744446,35336355.0
2021-03-15,354.23089599609375,356.1686064818256,340.8053807718729,352.9390983919645,42722585.0
2021-03-16,349.29437255859375,357.8756541999037,347.0337336876566,355.7995417613883,38196452.0
2021-03-17,339.6981201171875,350.3093613126609,337.7604095714161,348.97143910085157,33143064.0
2021-03-18,338.7292785644531,346.01873426788114,333.19297881616706,342.78922608138095,39405038.0
2021-03-19,342.46624755859375,344.0810015477712,329.6404929335134,335.82270518428,60309145.0
2021-03-22,338.6369934082031,343.98873844366693,335.40748529668076,343.2505764246637,28461974.0
2021-03-23,343.896484375,348.74074647275876,338.68311311396104,340.20561801480284,41032380.0
2021-03-24,332.0395812988281,340.5285573063599,330.93231009133086,340.0210744290516,42318999.0
2021-03-25,327.74896240234375,332.9623057962426,318.5217959851503,332.17799101896577,57495003.0
2021-03-26,329.5943603515625,334.0233884933698,327.1491389858848,332.17795540777104,40718848.0
2021-03-30,332.9161376953125,336.145645792198,328.7639129993168,332.2702529713809,39405124.0
2021-03-31,336.1456298828125,339.42129055006586,330.28640228303425,332.45476366105635,38651025.0
2021-04-01,342.0049133300781,343.1583091177548,335.03841403614166,339.28291616660727,31883453.0
2021-04-05,326.2264404296875,340.66697764794066,322.0742157581561,339.09834817506515,51743981.0
2021-04-06,323.45831298828125,329.4098466921486,322.30491716653,328.21032630115843,44147709.0
2021-04-07,330.84002685546875,335.1306815881509,320.7362969445997,324.1042069148894,48023602.0
2021-04-08,328.1180419921875,335.2229432069068,326.9184934677523,333.10070620386483,33370259.0
2021-04-09,325.718994140625,336.3302361593706,324.0581153491486,327.0107918850043,46473100.0
2021-04-12,303.43536376953125,317.41451482248533,297.6222322130923,317.41451482248533,75501713.0
2021-04-13,314.6463623046875,315.79975806093637,304.9578379521971,306.34191285969575,49773360.0
2021-04-15,316.21502685546875,320.69018035861217,310.12509095547045,315.6613911992727,52992349.0
2021-04-16,313.63134765625,318.79856593417594,312.4779519763145,316.49177457430494,37766793.0
2021-04-19,305.5575866699219,306.38802595150435,296.46882281925707,301.86672038815544,53304377.0
2021-04-20,304.0351257324219,313.6313729310078,301.4515304647906,309.2023444267609,41296147.0
2021-04-22,310.6325378417969,311.5552544420452,298.314265596666,300.805611680967,49105833.0
2021-04-23,310.4480285644531,313.6313841156936,306.0189717431812,306.0189717431812,44223940.0
2021-04-26,317.69134521484375,320.5979253166266,313.03163719234016,313.03163719234016,49234985.0
2021-04-27,325.76507568359375,327.518259704126,315.9381497873308,317.414501939796,46003023.0
2021-04-28,335.31524658203125,336.1456859887197,328.53327313576364,329.4098652733721,56696255.0
2021-04-29,331.6243896484375,341.3590681193076,328.0258000059269,336.7916090074918,63692926.0
2021-04-30,326.1802978515625,334.4847467360436,323.3660236598958,326.13417328805616,53832840.0
2021-05-03,323.50445556640625,325.257611528646,315.015451321035,322.58173893795623,43691860.0
2021-05-04,324.33489990234375,334.8538639970908,323.13537953048944,327.564408151727,57749307.0
2021-05-05,327.9335021972656,329.82508828531144,321.10540440213924,328.94849617632946,40872501.0
2021-05-06,328.0718688964844,331.57820879743775,323.45828599449993,330.3325357820869,36294427.0
2021-05-07,330.5632019042969,334.02338894446746,325.718940048058,329.87116449626274,38357618.0
2021-05-10,333.74664306640625,338.63703033347605,331.0707420978158,332.6393717580875,41739324.0
2021-05-11,336.4685974121094,338.0833514374127,327.33370884363694,329.27141930581604,41892770.0
2021-05-12,339.28289794921875,344.63464285305236,333.9311248863098,334.76156417703226,53436590.0
2021-05-14,332.5932312011719,343.71195568521,331.76276368030784,341.40516403631597,51722170.0
2021-05-17,353.4927062988281,355.4304166328113,335.5458586270196,336.23789602065114,106555796.0
2021-05-18,352.7084045410156,362.21237383140135,350.6784168483727,359.8594578704934,70917710.0
2021-05-19,354.6922607421875,359.3981211047713,351.73958447322957,352.47774650069994,48189573.0
2021-05-20,354.8306579589844,357.82948691483796,352.47774188802197,357.0913248970275,42898608.0
2021-05-21,370.19390869140625,373.1465848960827,348.78687245189263,359.8594715773495,192810772.0
2021-05-24,380.2053527832031,386.8027988098804,373.9770159131239,384.7728110848912,142964052.0
2021-05-25,380.4822082519531,383.3887600064684,376.9297435924003,383.0196789860513,56048127.0
2021-05-26,381.5894470214844,386.38758471017263,379.05197631592506,381.8201261765352,52357719.0
2021-05-27,392.339111328125,395.9377004523106,380.15924089033814,381.7278703809433,73392997.0
2021-05-28,389.4325256347656,400.13604371302404,387.5870924543444,397.2294920856757,65137568.0
2021-05-31,391.5548095703125,393.07728638576594,385.69555330809897,388.46370321222406,38291043.0
2021-06-01,399.12103271484375,401.70465595207486,392.70816958335416,393.1233751356966,59299647.0
2021-06-02,403.4578552246094,404.10376814325974,395.9838447275696,397.50632156829977,38657806.0
2021-06-03,409.4177551269531,411.55961421151557,403.6906614613134,406.9499862943344,38909199.0
2021-06-04,403.7837829589844,411.51302747554973,402.0609913250829,407.4155963050927,36898769.0
2021-06-07,402.526611328125,407.32246926106285,401.1763082625826,405.1806386250888,20201197.0
2021-06-08,397.8238830566406,402.75942065894253,394.8439175939691,402.52661174526685,31113823.0
2021-06-09,392.46923828125,402.57312137591043,389.4427227100807,398.1032020538051,27784834.0
2021-06-10,402.526611328125,403.5043973969269,393.3539344549972,395.6820235893415,27397712.0
2021-06-11,400.0588073730469,405.5530915634597,396.0079269514609,404.947794125534,26831924.0
2021-06-14,400.75726318359375,402.7128637105549,388.04590238693095,397.6376181071387,30106015.0
2021-06-15,399.9656982421875,403.0387644163562,398.56884481410066,399.6863389241924,16413658.0
2021-06-16,396.6598205566406,402.9922113547311,395.77513535704384,398.5688421948583,19701175.0
2021-06-17,391.35174560546875,396.6597996856452,387.9527414821173,392.05017227817336,23048331.0
2021-06-18,384.5071716308594,394.750763179567,374.96200677865454,394.750763179567,45748727.0
2021-06-21,390.88616943359375,392.05021401201424,372.9598829259185,378.40761723673774,33128978.0
2021-06-22,389.8617858886719,396.19420514407733,388.60461212024865,393.91266651178864,28442965.0
2021-06-23,390.04803466796875,395.542318994917,386.4627719432385,392.14331475681763,27564829.0
2021-06-24,388.5115051269531,393.6798513584784,387.6733703486039,391.4448915940095,19214547.0
2021-06-25,399.3138427734375,401.3625726091348,390.23429501719835,392.0502159360691,29886797.0
2021-06-28,397.40478515625,403.36468720530377,395.3560555054559,401.08317707774927,29370660.0
2021-06-29,392.5157775878906,399.4534936839337,391.6310924629538,398.1031907919887,22275961.0
2021-06-30,390.3739929199219,395.68201903367907,389.5358581059623,393.91267699575997,18337773.0
2021-07-01,391.4914245605469,394.5645189664188,388.4649089842049,391.39829532054097,16161469.0
2021-07-02,395.2164001464844,396.1476357869893,390.187733371569,391.39832833660284,16423811.0
2021-07-05,402.89910888671875,404.62190056834714,395.076734904767,397.1720151723822,16483761.0
2021-07-06,400.198486328125,406.48432642751965,398.75508256181166,402.0144070577941,20195278.0
2021-07-07,403.0853576660156,404.15627298204146,398.14979165881005,399.82603288390237,14473774.0
2021-07-08,395.262939453125,405.4599516455055,393.074530232971,403.0387335385064,21433043.0
2021-07-09,394.6111145019531,398.1032482586076,392.09676682953904,395.7751590875046,16844494.0
2021-07-12,398.0566711425781,400.6641194716922,395.402643981732,397.17198594927765,12886781.0
2021-07-13,399.59320068359375,402.1075197461188,398.8481951539509,400.43130703776876,12831125.0
2021-07-14,401.4090881347656,402.57313261772117,397.078848341982,399.5000665503404,12767351.0
2021-07-15,402.0144348144531,403.17847935767423,400.1053847121368,402.94567044903,11030732.0
2021-07-16,400.4313049316406,402.7593939138013,398.0566655374587,402.2937761173692,8713863.0
2021-07-19,398.4757080078125,399.9191402408816,390.04803718588283,394.285147803063,14426686.0
2021-07-20,391.95703125,397.6375737009673,390.0945601788011,397.6375737009673,14623321.0
2021-07-22,393.0279541015625,397.3582221618421,391.9570388985362,396.2872785397621,11799761.0
2021-07-23,399.4069519042969,400.3847663571468,390.65334275637986,393.8195381819172,17704661.0
2021-07-26,394.1920471191406,398.3826076275045,393.26081145061534,398.3826076275045,14037519.0
2021-07-27,400.3847351074219,403.45780104725793,394.8438722308999,394.9835518792463,24119619.0
2021-07-28,396.2407531738281,400.8969312369754,392.09674333000487,400.4313134306606,17636515.0
2021-07-29,411.1870422363281,413.0960921490173,396.24072315361906,396.7063409246574,35263606.0
2021-07-30,402.1075439453125,413.841118867065,401.08320746137264,411.1405411548423,35196813.0
2021-08-02,404.994384765625,406.67062601298704,402.1075485221602,404.8547050997758,16926025.0
2021-08-03,415.79669189453125,417.1004160397289,403.7837584396201,405.04093217283224,40922962.0
2021-08-04,425.5281066894531,435.30608021145605,411.1405057108842,417.79883437777056,129761158.0
2021-08-05,411.46649169921875,430.69650284514165,408.2537172292914,429.2996493224006,58595639.0
2021-08-06,405.6927795410156,416.2623091828245,404.15624649965514,413.18924310010345,38236066.0
2021-08-09,403.5975341796875,411.4199081332858,401.3625742528105,407.78809469972845,22196404.0
2021-08-10,397.1253967285156,406.3911730510808,392.7020280323865,404.5287020211317,27794251.0
2021-08-11,398.6153869628906,403.13188530387487,394.0523382095576,400.24504926187063,23827946.0
2021-08-12,397.77728271484375,400.8503772606362,395.77513184929956,400.431309871056,16847144.0
2021-08-13,401.548828125,402.5266142007799,395.7751556629993,398.19637406380787,20908992.0
2021-08-16,395.6354675292969,404.1562679556096,394.84391155110245,400.43132539380673,17608693.0
2021-08-17,392.5157775878906,396.56665784467236,386.69555550028844,395.635422310656,22957877.0
2021-08-18,390.8395690917969,395.16980868656,389.25645729975065,393.1210791226241,17668574.0
2021-08-20,378.7335510253906,388.6512050351009,377.2901187133971,386.46279556915096,25541790.0
2021-08-23,381.3409729003906,384.60029745509485,373.6582793071593,382.83095552349494,26559937.0
2021-08-24,388.8840026855469,389.9549179704905,380.130393494319,381.340988439202,19012313.0
2021-08-25,387.6268005371094,392.32952873155966,385.8108798336383,390.18769831843565,16410980.0
2021-08-26,382.5050354003906,387.20776396891415,381.80660867720064,385.99716901634065,15897679.0
2021-08-27,384.088134765625,385.857476722634,379.47850717586664,382.13253432090767,15090541.0
2021-08-30,393.63330078125,394.192019407842,385.06592186547226,385.9040282244156,20308691.0
2021-08-31,396.7529296875,397.637614905615,389.9083705268286,394.70422834831925,26262421.0
2021-09-01,400.33819580078125,402.80596456203665,395.91482651245417,398.10323594943776,18776721.0
2021-09-02,400.198486328125,403.6906197166776,398.33601518756365,401.7350193352773,14372717.0
2021-09-03,401.73504638671875,404.4356240385694,398.75510941259455,401.595366725582,14233624.0
2021-09-06,401.4090881347656,404.0165648280189,400.4778525484012,402.29377330943373,10694099.0
2021-09-07,399.59320068359375,402.01441892158664,395.86825829254474,401.4090930477971,14928735.0
2021-09-08,401.6884765625,405.45996932623007,397.9635342105474,399.50006724691684,22817464.0
2021-09-09,402.5731506347656,403.97000407682805,400.4313200578923,400.6641289649027,9662128.0
2021-09-13,403.0853576660156,403.97001448401227,399.3138362238505,400.52445962292666,9567921.0
2021-09-14,403.2250061035156,406.71713952819965,402.5265794185788,405.0874772633471,9981562.0
2021-09-15,413.32891845703125,414.39983369174956,401.781602932353,403.2250067157923,22181568.0
2021-09-16,431.81396484375,434.04892462973123,412.3045673960655,414.2601678659449,42637448.0
2021-09-17,422.87408447265625,439.45006650393645,419.38195103187627,435.81825340933625,41529478.0
2021-09-20,407.3690490722656,422.3153699829822,405.69280784008316,418.4972981096885,18376916.0
2021-09-21,408.62615966796875,411.00082743986803,402.89906655536015,409.88333338026194,17279588.0
2021-09-22,408.67279052734375,412.351154471994,406.11189236551235,408.7193409444811,14321143.0
2021-09-23,418.8697509765625,420.1269246887519,411.6526752580933,411.97861339370604,20516770.0
2021-09-24,410.4421081542969,420.8253798520407,409.7436814245959,420.08040270798216,10731274.0
2021-09-27,415.8898010253906,419.5681643850629,411.8389207116295,414.30668922767364,11746892.0
2021-09-28,414.3067321777344,424.4571950097488,409.37119463399216,418.31106249687934,19241170.0
2021-09-29,428.3683776855469,430.5102082063525,408.90555925277545,411.4664571628521,38635938.0
2021-09-30,421.8497314453125,432.93142952353054,420.3597487850941,428.3218303042038,26530369.0
2021-10-01,420.5925598144531,424.22437302899965,413.28235455317855,417.6591733111292,14777309.0
2021-10-04,431.3017578125,432.46580229996715,420.54599811592595,422.5946993624351,16246765.0
2021-10-05,432.7452087402344,436.74951058264475,427.1577949587933,430.23086117096346,16487568.0
2021-10-06,425.76092529296875,438.6119651330672,422.45502188012944,433.0245515644931,19056690.0
2021-10-07,426.41278076171875,432.0933236748763,425.66780364024635,430.3239816970877,9984651.0
2021-10-08,426.5058898925781,432.0933032972844,423.0137565146367,430.13770292182636,16521128.0
2021-10-11,436.9823303222656,442.2903849138349,427.11122671322033,428.368400529019,20686981.0
2021-10-12,449.7867736816406,451.0904977766172,435.91136957692873,437.68071145004365,33763609.0
2021-10-13,448.57623291015625,452.7202145837878,445.130649568883,452.7202145837878,17638983.0
2021-10-14,456.8641662597656,459.93723220543535,448.8555348504082,448.8555348504082,23431826.0
2021-10-18,463.7087707519531,466.54902791756194,457.8885483477919,460.0303788249014,20084248.0
2021-10-19,454.6292419433594,469.52901189258466,450.0196142476955,465.94374906474116,20645100.0
2021-10-20,465.5246887207031,472.60208523762964,449.8799414045972,455.1879674779999,34080545.0
2021-10-21,468.3649597167969,471.6708347526732,457.9351095550386,470.18085209827126,20808243.0
2021-10-22,468.3649597167969,473.71956445485785,465.6178033096478,469.90149278390766,24080485.0
2021-10-25,471.67083740234375,480.0054074960291,463.6156550436469,471.67083740234375,35619415.0
2021-10-26,477.3047790527344,482.56628274764023,472.6951800421617,472.6951800421617,21107457.0
2021-10-27,483.45098876953125,490.62145748273514,477.4910581413476,478.37574333682795,29463032.0
2021-10-28,466.875,484.75470747408866,463.3828663036088,483.8700222367135,28140401.0
2021-10-29,467.61993408203125,477.3979359503363,454.8154450413455,467.0146366475551,31355893.0
2021-11-01,480.23822021484375,481.40226473890624,466.54904524424654,473.5333123886215,20679604.0
2021-11-02,485.82562255859375,488.898688662565,476.83917630793303,479.4000742009274,26797820.0
2021-11-03,491.3664855957031,505.0090529917581,479.7725910429911,487.9674529306937,80775924.0
2021-11-04,493.97393798828125,499.0491834026233,491.7389498012704,494.95172400580697,9796046.0
2021-11-08,487.26904296875,497.6988933831952,480.93665205794434,497.6988933831952,36802110.0
2021-11-09,492.7633361816406,495.41733488327134,486.291237450412,490.0627302299277,25451967.0
2021-11-10,488.3399658203125,492.1580090016376,485.6393598757881,489.4108526452648,15805538.0
2021-11-11,474.5576477050781,486.8964904728016,472.22955880191256,486.8964904728016,23086898.0
2021-11-12,476.18731689453125,477.7238499092589,468.1321348557006,476.79261433438705,19836221.0
2021-11-15,471.71734619140625,480.424432496771,470.7395602528643,477.1651081428936,13328183.0
2021-11-16,461.05474853515625,472.50893498024186,459.56476590009873,472.50893498024186,19553216.0
2021-11-17,463.8949890136719,470.6464468307084,457.23666043654316,459.89068746912005,20488483.0
2021-11-18,469.156494140625,471.39148236459494,458.44728450714973,464.77970377663814,22471070.0
2021-11-22,452.9530029296875,471.20522688822024,444.66501153977305,471.20522688822024,28800269.0
2021-11-23,459.14569091796875,461.33410021271396,446.99307797806205,451.8820647684471,20000371.0
2021-11-24,459.23883056640625,465.61780011174824,455.4207589216789,461.7065992231875,13963769.0
2021-11-25,456.817626953125,461.38070427561206,452.85987552541496,456.3054587242203,12894211.0
2021-11-26,438.1463317871094,454.34982487714706,434.9801365610877,452.8132918841274,26305817.0
2021-11-29,433.11767578125,444.897800234469,423.06031442310393,437.68072445881825,22407465.0
2021-11-30,428.88055419921875,444.43220044897384,426.5059147315454,435.81827094839133,23026652.0
2021-12-01,442.61627197265625,444.43219277119266,432.0933209970317,432.5123883871725,17156956.0
2021-12-02,444.1993408203125,445.27025597915053,438.56537732008684,441.8712520319461,12962679.0
2021-12-03,440.6141052246094,448.38992793491354,437.7272692674896,443.03532339571154,16653993.0
2021-12-06,433.3039245605469,444.1993927310052,431.9070711242859,440.6141298941241,14353300.0
2021-12-07,443.9200134277344,446.71372017449403,436.9357465608352,436.9357465608352,13644942.0
2021-12-08,457.74884033203125,458.540396262907,447.22588959161516,447.83118703791257,20397660.0
2021-12-09,455.0482482910156,459.56474641681535,452.6736089932615,458.4472523831347,12560970.0
2021-12-10,460.6822509765625,461.84629544697117,451.09050748896226,454.9085790357137,13261408.0
2021-12-13,454.2567138671875,466.03686693088656,452.9064392999439,463.5225194457287,14047645.0
2021-12-14,454.95513916015625,456.63138028476504,448.6692988857473,452.580499757446,11642447.0
2021-12-15,451.4630126953125,457.2366848492181,450.2524177690366,456.3054492385272,8639835.0
2021-12-16,448.06402587890625,456.81763527706426,445.36344818636536,454.7689339050586,11107781.0
2021-12-17,435.63201904296875,448.296829373176,434.42142408409757,447.0396555810828,12648603.0
2021-12-20,418.31103515625,432.0933104138991,412.53736317533895,427.4371324999562,22336114.0
2021-12-21,415.3310852050781,426.738721513962,413.93423177950046,425.6212274058776,16617447.0
2021-12-22,424.5037536621094,425.8540282297802,418.1247841225314,419.05601972191346,13102553.0
2021-12-23,430.04461669921875,433.0245821807738,426.2731236413961,429.2996395383585,14471377.0
2021-12-24,425.5281066894531,431.72081756957743,421.10473771521373,430.78958199605336,13221159.0
2021-12-27,426.55242919921875,428.8339676477019,419.5681626251519,422.50157732150274,8856482.0
2021-12-28,429.4858703613281,431.0689538309039,427.483691084808,429.4858703613281,8832210.0
2021-12-29,423.1534729003906,430.37054917465906,420.35976595551256,429.2996338629338,11757303.0
2021-12-30,420.6391296386719,423.6190664913065,417.6591643669822,421.6169156458221,28879190.0
2021-12-31,428.7874450683594,429.67210184039385,421.94285769771926,423.01377295810596,10005842.0
2022-01-03,438.4256896972656,439.54318373540093,428.4614862699505,430.2308281477865,13124509.0
2022-01-04,450.2524108886719,451.3699049720466,438.65851634511614,440.0088193276059,23296671.0
2022-01-05,458.5404052734375,460.96162352526,446.2015335326098,448.7624314410835,24694169.0
2022-01-06,457.8885498046875,460.40286883985226,452.02174855119335,454.1636074541724,18190843.0
2022-01-07,457.469482421875,467.4337145771082,455.7932697317679,459.5182120822768,22746330.0
2022-01-10,469.01678466796875,470.22740794884083,458.6335138454312,459.42506975618335,15832274.0
2022-01-11,471.1586608886719,472.88142400502176,464.91937103149354,468.4115045144542,16107950.0
2022-01-12,475.1629638671875,478.1894795606091,473.5333015707297,474.8370257240849,14489616.0
2022-01-13,476.18731689453125,477.5841418377846,472.1364364600278,474.9301431846433,10450974.0
2022-01-14,473.39361572265625,475.2560868942461,470.4136504804906,473.99891316961197,8724574.0
2022-01-17,478.6551208496094,483.2181982388684,472.6486395802748,473.0677069875517,17422211.0
2022-01-18,471.9501647949219,481.86784612553,470.2739521745942,478.6550721143395,12592506.0
2022-01-19,480.3313293457031,482.0541493739674,465.89717699778424,470.2739958515499,16079457.0
2022-01-20,476.23388671875,483.45099113725774,473.0676913189305,480.5175762215908,17724642.0
2022-01-21,468.13214111328125,472.60206056479433,463.75532248525633,470.5533309050689,16947941.0
2022-01-24,460.1700744628906,471.95019933428694,454.4429811020752,467.85276830324335,20233933.0
2022-01-25,479.2604064941406,481.91440512043016,455.3741915051021,456.3054270705522,21791739.0
2022-01-27,492.5771179199219,494.3464315861228,468.5977994706891,468.92370921921923,35409230.0
2022-01-28,487.45526123046875,499.51477300065756,485.54623971583055,497.2797849398423,24715250.0
2022-01-31,501.28411865234375,503.70536534679854,490.80771801566414,492.6236388269775,28674232.0
2022-02-01,495.6966857910156,506.54560298783747,484.2424995725934,506.54560298783747,32245356.0
2022-02-02,502.68096923828125,506.82497905661904,494.812016992334,499.7476111794052,21661864.0
2022-02-03,502.9603576660156,507.24407580859116,500.2132579371295,500.2132579371295,22717677.0
2022-02-04,493.834228515625,508.8271558150221,491.040521708818,504.86940450537884,25332894.0
2022-02-07,496.5813903808594,511.2483512781843,489.13150548063084,495.32424503919026,52289545.0
2022-02-08,494.8119812011719,500.67881057078097,483.3112450230529,498.6766314255199,26567546.0
2022-02-09,498.4438781738281,499.6079227281808,491.4596108477119,498.1645188484061,14856155.0
2022-02-10,503.3793640136719,506.545587611548,497.65229949736135,500.16659000602556,18659370.0
2022-02-11,493.1823425292969,500.72538486222817,490.85425356940004,499.37508189786615,14607095.0
2022-02-14,466.9215393066406,480.1450682042784,465.33845578670656,479.5863495613935,26153332.0
2022-02-15,488.71240234375,490.6214238421887,462.917194814761,467.480243298606,23842951.0
2022-02-16,481.16943359375,491.6923842372667,478.6550861703695,490.2955308729563,19773807.0
2022-02-17,477.6773376464844,484.2425376060202,476.0010964264141,484.2425376060202,16408356.0
2022-02-18,479.8656921386719,485.08064558878283,475.02328408194904,475.02328408194904,15111223.0
2022-02-21,476.6529846191406,481.91446048458107,469.94807640999306,476.37359686597597,16866932.0
2022-02-22,464.1278381347656,470.55335837861924,461.42726045767427,466.45592723899205,27108772.0
2022-02-23,464.4071960449219,470.59990698052957,463.05689308359223,468.4114976793301,13899433.0
2022-02-24,440.1485290527344,454.39645170338395,435.8182889171764,446.9931168381296,32356037.0
2022-02-25,449.7402648925781,458.0748068411408,446.3412320623623,446.99310837970523,21792287.0
2022-02-28,449.9730224609375,451.92859435172136,440.567537861476,444.10622153142634,18069367.0
2022-03-02,441.63848876953125,446.80683504591724,434.8870305859169,445.13062231278,22003848.0
2022-03-03,435.259521484375,450.15929134892565,432.6520731257009,446.9930959365198,20358590.0
2022-03-04,430.1842956542969,438.5188372009064,426.1799655334132,428.64773418310085,20684268.0
2022-03-07,410.0230407714844,422.73442998798953,403.6440993751081,416.72794874460675,33720472.0
2022-03-08,410.0230407714844,411.6992819742931,395.7751468524198,407.8812101679056,42510207.0
2022-03-09,420.6391296386719,423.06031945048284,408.39335882889986,411.60613299934477,32331325.0
2022-03-10,436.47015380859375,443.8734600607779,429.9049255256498,437.58761951997025,34553299.0
2022-03-11,438.0066833496094,442.1506648431163,430.2308601713591,434.32829125108464,22091309.0
2022-03-14,451.7889709472656,452.58052693538787,438.19292474235004,438.61199215343146,27750689.0
2022-03-15,452.4408264160156,456.7710663150074,447.5983898805279,455.3742129012,27204899.0
2022-03-16,458.8663635253906,460.3097674057931,455.7467184345574,459.09917243636244,16211288.0
2022-03-17,467.3871765136719,468.8771592676486,464.0347224219884,464.68659875780867,22947673.0
2022-03-21,456.8641662597656,467.4802458400517,455.3741836967834,467.4802458400517,19064060.0
2022-03-22,459.7510070800781,461.706579019731,444.4321707591045,456.86417116189705,26157969.0
2022-03-23,456.9107360839844,467.8527542553318,455.5604615312936,464.2209411418445,15800195.0
2022-03-24,453.6048583984375,460.77535533982467,450.2524046140873,451.649257989312,18174877.0
2022-03-25,456.9573059082031,459.3784956567696,453.1392343845382,457.9350918898123,11541196.0
2022-03-28,463.28973388671875,464.31409878113385,448.80903095898765,457.1901517730187,16738684.0
2022-03-29,460.9616394042969,466.9215417855109,457.8885731758907,465.61781758009784,14301429.0
2022-03-30,460.3097229003906,465.99026546268584,458.4472517926908,464.9659006696402,16461225.0
2022-03-31,459.611328125,463.3362705988537,458.354182775319,460.30975483884754,10240982.0
2022-04-01,473.25390625,474.69730994941483,457.236643815915,457.236643815915,18527226.0
2022-04-04,477.1651611328125,479.4932502155485,471.2052303457634,474.27829656735247,16257176.0
2022-04-05,474.37139892578125,480.8900764070014,472.7883154906881,479.0276052463827,13602384.0
2022-04-06,478.6085510253906,479.7725955327789,471.20521659077895,472.1364521966896,13738275.0
2022-04-07,479.5398254394531,484.1494534293804,474.97674786596644,474.97674786596644,19620958.0
2022-04-08,480.6106872558594,483.77691114198547,477.11855363356403,483.77691114198547,13572638.0
2022-04-11,479.4932556152344,486.10500594941607,477.9101436535236,478.1895029789754,12370288.0
2022-04-12,477.58416748046875,481.16945873909384,469.66869308811084,477.49106665322626,14460680.0
2022-04-13,482.1007080078125,485.08067345936144,478.42231581784336,478.93448405839547,15440525.0
2022-04-18,474.4645690917969,479.58636522527064,469.3427729583231,476.79265824337585,14492183.0
2022-04-19,476.60638427734375,485.12721303086033,470.36712260501565,477.9566873090639,20362934.0
2022-04-20,474.2782897949219,478.37574925727273,472.13645923701137,476.7926373359957,11881305.0
2022-04-21,480.79693603515625,482.38004794623134,476.9788927538379,478.0963868580151,10035638.0
2022-04-22,466.1765441894531,478.18947767208795,464.68656155476515,477.6307590507531,16760456.0
2022-04-25,460.7288513183594,464.8728614497352,456.3520322676716,460.9616602376713,14057444.0
2022-04-26,470.7396240234375,472.97458391362466,464.1744240174396,464.6865922605249,12137213.0
2022-04-27,463.0569152832031,468.2252616427236,458.0282485838483,465.61781325611173,12367342.0
2022-04-28,472.6020812988281,474.93017036926574,462.3584893889028,464.82625811975544,12154792.0
2022-04-29,462.1722106933594,477.2582385779829,460.03038020980205,473.16080767692927,12894773.0
2022-05-02,457.2366943359375,460.96163685598583,448.20369735719777,458.7732274416462,18590895.0
2022-05-04,446.6671447753906,462.3119197288658,444.6649939419759,458.1679099883815,14645323.0
2022-05-05,446.9930725097656,460.03037045796714,445.7358988095211,451.64925034840905,14130385.0
2022-05-06,450.6715087890625,452.67365977320463,438.6119956307431,438.6119956307431,16710020.0
2022-05-09,443.1750183105469,450.438673074012,441.21941785811185,444.29251240309696,13544947.0
2022-05-10,442.5231628417969,449.3677216792281,440.9400509743726,444.19937553278925,10884328.0
2022-05-11,443.7803039550781,446.06184249202244,431.76737066572184,442.5697090695901,14771351.0
2022-05-12,430.8361511230469,440.47444541152885,424.96937812260853,440.47444541152885,18947096.0
2022-05-13,414.0738830566406,444.19935888720414,409.5108345296604,437.1685418279946,61403008.0
2022-05-16,423.7121887207031,429.7652199881417,408.6727397938781,414.3998329246437,27940958.0
2022-05-17,435.1664123535156,437.354821837337,424.78314043302424,426.78529141730706,16880698.0
2022-05-18,426.5058898925781,436.37699259137,425.667783565683,435.72511632653266,15644497.0
2022-05-19,416.7279357910156,419.0560248177811,413.887678545984,418.17133961998803,14201420.0
2022-05-20,430.6033630371094,432.0933457753184,422.9206688503715,423.5725451792933,13596860.0
2022-05-23,429.20648193359375,438.9844557239664,427.9027577786884,431.25521161919863,13499415.0
2022-05-24,430.27740478515625,434.70077395889433,428.5546416316817,430.6033429344007,17175179.0
2022-05-25,429.4735107421875,439.26222115340613,427.53466786818933,435.99930806214456,12728644.0
2022-05-26,443.47088623046875,444.6058200838844,427.96028712166645,432.0743862620898,17055257.0
2022-05-27,443.5181884765625,449.24007685783033,442.1468124863909,445.83530418702605,10977001.0
2022-05-30,448.8617858886719,451.0370421360326,445.5515957698212,447.34855034754094,9365470.0
2022-05-31,442.7142639160156,450.56413133401236,439.7823756392409,448.2942925870972,15441579.0
2022-06-01,442.9034118652344,446.402767135689,439.4986680873034,442.61969283792894,9424008.0
2022-06-02,444.369384765625,446.7338062777731,440.87002938261895,441.57935583626335,9370989.0
2022-06-03,439.30950927734375,449.7129637489278,438.36374068901796,447.5849844251947,11306291.0
2022-06-06,438.55291748046875,440.3498720730131,431.7433719204855,439.0258017870629,10661432.0
2022-06-07,438.2691650390625,440.68089229525094,435.52644186174086,436.8032352488327,7672515.0
2022-06-08,445.7406921386719,449.7602083505448,438.079990213154,441.2955974101394,17168871.0
2022-06-09,441.62664794921875,445.3624165055338,437.3706893587511,443.51818510053766,12635601.0
2022-06-10,436.80322265625,438.97847883631295,433.7294747838409,436.9450821701556,8621104.0
2022-06-13,421.6709289550781,429.4262140264515,418.12429676502626,429.3789371422775,13426836.0
2022-06-14,423.7989196777344,424.8865478061158,419.3065187827337,420.867031215852,11351101.0
2022-06-15,426.8726806640625,430.75033785355936,424.2718169087689,424.6028417046836,9920926.0
2022-06-16,417.65142822265625,432.92558565795474,416.2800521790949,430.4665814742764,10780703.0
2022-06-17,417.0839538574219,423.27872666107095,413.5373215967295,416.13818525457054,14326050.0
2022-06-20,411.1256408691406,419.4011164996582,407.3425662951897,417.55685609982976,12368534.0
2022-06-21,426.30517578125,430.27741525368896,413.868325066745,415.665279547109,13801891.0
2022-06-22,423.373291015625,426.7307867283347,420.5359853295658,424.41364220635995,11066447.0
2022-06-23,426.919921875,431.6960704167751,421.8127774275385,424.6500831053022,12229833.0
2022-06-24,429.6153564453125,435.38455027355786,428.62231102992564,431.08128612756275,10833364.0
2022-06-27,436.1884765625,439.64052607470876,433.2092824733034,435.0062658485541,9509175.0
2022-06-28,439.07305908203125,440.491711938516,433.1620055133448,434.0131914547224,13261290.0
2022-06-29,434.2023620605469,437.6071347305486,433.1620108471343,435.05354801240566,11800876.0
2022-06-30,440.6335754394531,443.84918283740706,433.7294763537707,434.10777801307705,16926328.0
2022-07-01,441.5320739746094,443.37630541575845,435.57371451361155,438.22188389491066,9405495.0
2022-07-04,447.7741394042969,448.4361600833809,441.5320610921888,441.5320610921888,9186358.0
2022-07-05,446.54461669921875,453.96890561565453,445.45698863536103,449.3819223593166,12003244.0
2022-07-06,453.921630859375,454.91467630003484,448.1997137671677,449.3819244644131,12059857.0
2022-07-07,460.3528747558594,461.7715276826879,455.48217214626163,457.7520110566737,11497832.0
2022-07-08,462.05523681640625,463.33203019569055,458.8396293570521,462.4808442303567,9057231.0
2022-07-11,461.7242431640625,464.6561027409874,458.6977720918318,458.6977720918318,7704792.0
2022-07-12,458.6504821777344,464.7033952876818,456.9008045407598,458.69775906147703,7364457.0
2022-07-13,460.11639404296875,465.74372839283694,458.27213384761626,461.2986047162549,8208853.0
2022-07-14,453.35418701171875,462.38626565305754,450.9424597491278,460.21100940450947,9385630.0
2022-07-15,453.1177062988281,458.13026793850156,448.9563305595152,456.3805903939709,6945602.0
2022-07-18,463.7103271484375,464.8452609990571,455.9550420444267,458.272157767472,9934786.0
2022-07-19,470.9454650878906,471.5129031327425,461.53505638903056,461.53505638903056,11724183.0
2022-07-20,481.0179138183594,482.9094510108322,473.26259978419387,473.8300667144491,19280117.0
2022-07-21,484.2807922363281,485.55761446071546,479.2682302825926,482.15281292081585,13814893.0
2022-07-22,485.84130859375,491.98880407908524,483.47688725323644,485.60486645969866,14699129.0
2022-07-25,489.7189636230469,490.85389747437273,481.5380711043207,485.55761646836356,10229778.0
2022-07-26,486.314208984375,492.556258440218,485.2738289249796,489.624398970835,8862656.0
2022-07-27,499.5549621582031,501.2100571289965,484.46994216508864,487.3545247120165,15101546.0
2022-07-28,503.57452392578125,508.35064401287485,500.83177177965706,504.2838504057992,12160734.0
2022-07-29,499.6968078613281,507.8777291963506,498.1836012182079,506.0334689140187,11921058.0
2022-08-01,504.8039855957031,505.98619633480314,497.85260953984863,500.35886167166035,8295631.0
2022-08-02,512.701171875,515.349370325729,502.2977165261426,503.0543776407157,16845027.0
2022-08-03,511.5188903808594,516.7679519437197,505.655171628876,512.511993525269,24262125.0
2022-08-04,504.3311462402344,514.4981595024614,495.7719512714804,514.1671635560723,18072293.0
2022-08-05,502.25042724609375,513.4578203213883,500.3116130693966,506.5063861474402,21110734.0
2022-08-08,492.177978515625,495.58272221944645,485.98314830777673,495.58272221944645,32566317.0
2022-08-10,486.7870788574219,495.10983046053855,485.5575913010178,493.2655702633671,16904151.0
2022-08-11,496.2920837402344,497.47429451617586,489.15154219857493,491.7996827916567,13862195.0
2022-08-12,501.91937255859375,502.9596948559826,496.67036873971307,497.1905298884075,12154012.0
2022-08-16,497.427001953125,504.8985391865189,496.52851024669945,504.3783780065253,10721167.0
2022-08-17,499.5077209472656,501.7775310056564,495.9137540024929,500.16971280275317,12054183.0
2022-08-18,503.4798889160156,505.79703352089945,497.6634466865571,498.27816163878566,9013662.0
2022-08-19,492.1306457519531,504.7094137454508,490.38099701081967,503.14887253569157,11087222.0
2022-08-22,483.57147216796875,491.7051167383744,482.3419845367255,490.853901910903,9676954.0
2022-08-23,493.5966491699219,495.5827401146792,480.68688485359866,480.68688485359866,8597965.0
2022-08-24,491.13763427734375,494.63698972674746,484.5172539177123,490.85391523552954,11930650.0
2022-08-25,492.177978515625,499.64951545599195,490.38099517324997,493.6439082290722,15473450.0
2022-08-26,495.3935546875,500.7844469647244,493.88034809833897,495.3935546875,12855886.0
2022-08-29,486.928955078125,488.9623807185564,481.1597895368773,483.57148799346,9421339.0
2022-08-30,502.4395446777344,503.62175537109374,489.8608344454169,490.0972765840888,14835308.0
2022-09-01,504.37835693359375,511.5662325595548,493.92762598529777,493.92762598529777,16670228.0
2022-09-02,507.593994140625,508.68159334192575,502.4395439797127,507.8777131616108,10017930.0
2022-09-05,509.6747131347656,511.4716388097338,507.21568018067234,507.8777297346641,7819994.0
2022-09-06,508.6343078613281,513.2685967845732,505.1349527279727,508.8234731138315,8657868.0
2022-09-07,503.95281982421875,508.30339040263664,502.72333208091305,505.4188074634972,8445359.0
2022-09-08,515.1128540039062,516.6733374465072,506.4590488467253,506.9319331126886,12240707.0
2022-09-09,523.3410034179688,526.7930817113361,518.2811647716557,519.8417059673161,18587927.0
2022-09-12,524.8070068359375,528.3063043931888,521.3549284374099,524.8070068359375,9677415.0
2022-09-13,527.7388916015625,529.6304288474462,523.7193749540595,529.6304288474462,16707275.0
2022-09-14,540.7431640625,543.6750234535912,519.4633718606526,520.1726982673808,21632641.0
2022-09-15,541.1215209960938,547.1271284429683,537.1020044950002,541.4997937964107,12749947.0
2022-09-16,531.332763671875,542.871151610006,529.9141108366572,538.2368625915752,14739280.0
2022-09-19,541.2161254882812,543.2495512341687,529.2048517436883,530.2925088124447,11194003.0
2022-09-20,542.91845703125,546.6069776867555,541.7835231583919,546.6069776867555,8484017.0
2022-09-21,538.8043823242188,545.9922005856165,534.7375888940823,543.8169443532304,9392526.0
2022-09-22,536.5345458984375,542.8712074256107,531.5219835769916,536.0143846837367,11869435.0
2022-09-23,520.7401733398438,537.1965702364364,519.6998509593694,534.1700991407816,12563239.0
2022-09-26,513.8360595703125,519.2269520381395,504.09465471098065,516.2004810276811,16158750.0
2022-09-27,507.40484619140625,521.0239369145561,504.2838214038483,515.0182717607147,11066799.0
2022-09-28,496.3865966796875,510.52584794188544,492.13063823639163,504.0000796305769,12233485.0
2022-09-29,493.45477294921875,506.64825662197285,491.37407045931724,500.3115953811916,17310168.0
2022-09-30,501.82476806640625,507.7831560940152,488.15845873914054,495.5827187447877,17466950.0
2022-10-03,491.5632019042969,502.817870694515,490.3809912215064,498.98746190216895,9351162.0
2022-10-04,503.8109436035156,506.74280316670263,499.17665438414605,504.0946626378347,8745887.0
2022-10-06,508.16143798828125,512.4173965270862,505.6078513199719,505.6078513199719,9507322.0
2022-10-07,501.4465026855469,506.5536182808691,497.99442434716724,506.45906451480334,11065307.0
2022-10-10,501.9666748046875,504.94586892749584,493.88036497509313,497.1905550114877,9649292.0
2022-10-11,498.7983703613281,504.75670084855227,497.0013869758343,501.9666720027099,10825440.0
2022-10-12,504.85125732421875,505.9861911671905,497.4742739326023,501.2573482590859,8522604.0
2022-10-13,493.1710510253906,504.8512702166341,491.9888402681743,504.0946668770426,12972765.0
2022-10-14,498.6091613769531,505.84425571800364,497.4742276395939,501.4464668577873,8545479.0
2022-10-17,514.1671142578125,515.1601597269055,495.77190373695043,497.852606168704,13485349.0
2022-10-18,531.947509765625,532.940555155672,517.0989326199887,517.4299285082948,20440781.0
2022-10-19,523.3883666992188,532.8933295908961,521.6386601529041,532.4677221755691,9540583.0
2022-10-20,525.2799072265625,526.6039486407994,515.7276096642603,522.0642708738797,11225588.0
2022-10-21,530.434326171875,535.1158925512549,527.0295821096737,527.0295821096737,11767639.0
2022-10-24,539.5609741210938,541.4525112783982,535.2104617493467,536.250784095811,3692065.0
2022-10-25,547.1744384765625,554.4095917069079,537.1965908085093,541.4525497145627,19899324.0
2022-10-27,548.2147216796875,553.274559949862,546.2758501185651,552.2815145924133,13613533.0
2022-10-28,539.79736328125,551.0520313525482,536.2507314594284,548.4984448958112,10043644.0
2022-10-31,542.6820068359375,546.1340852886444,537.5748910714758,543.769663807375,9894639.0
2022-11-01,545.6138916015625,553.9839200565388,543.438577788287,545.0936727265695,12069579.0
2022-11-02,542.7293090820312,547.552763764299,538.9935691471632,544.6681809673819,10241440.0
2022-11-03,553.1801147460938,556.064697626696,537.1966012320565,538.1423698961975,17557998.0
2022-11-04,561.7392578125,564.5765635432895,548.9241051401274,554.2203860808812,25759031.0
2022-11-07,580.8438110351562,588.9301210515242,574.7435919964456,579.7561540508798,44265903.0
2022-11-09,582.1677856445312,587.3222354881241,577.4389431687815,587.3222354881241,18939854.0
2022-11-10,572.8993530273438,581.742266711215,569.541885904196,579.8507294333699,11618405.0
2022-11-11,568.6906127929688,585.9508886854824,566.0424724202394,583.7756325837807,15525267.0
2022-11-14,560.4152221679688,571.1970082557938,559.564064987439,571.1970082557938,12957268.0
2022-11-15,568.2650146484375,569.447225345239,560.5097586575258,562.0702421422246,10286417.0
2022-11-16,567.2246704101562,570.7713023635337,563.6780384567788,567.4138356593622,11555749.0
2022-11-17,566.5626831054688,570.062038562034,563.8199887288042,566.6099599916786,8167131.0
2022-11-18,570.0147094726562,572.8992919689098,564.7657056310915,568.4068914128185,12933675.0
2022-11-21,565.6641845703125,569.4472590238177,563.0633208835276,569.4472590238177,7412419.0
2022-11-22,566.6099853515625,568.1232498539574,563.8200139638168,565.7115512979567,8048595.0
2022-11-23,574.6962890625,576.5404915759619,568.4069050431018,568.9270662065175,12435924.0
2022-11-24,576.3040771484375,578.1483374757161,572.9466101411601,576.6824076810045,8960032.0
2022-11-25,574.4598388671875,580.4181691716772,573.3721819474615,577.4389751568668,9994513.0
2022-11-28,575.5947265625,577.7700404458606,569.6836730210467,572.7574208626024,7934274.0
2022-11-29,575.5474853515625,578.6212333836287,574.1761092999211,574.1761092999211,6942919.0
2022-11-30,569.7783203125,578.2429610607289,565.9479689220002,575.500208955112,15606230.0
2022-12-01,575.121826171875,576.7296442351469,568.927053778954,574.8853840368389,14209313.0
2022-12-02,574.6016845703125,576.5404985985498,571.4806598266704,574.5544076867228,7533838.0
2022-12-05,583.8229370117188,584.4849865674205,574.6016932916017,575.5001849939731,11585602.0
2022-12-06,575.9258422851562,586.1874092493424,574.8381852262181,581.411289017972,12996244.0
2022-12-07,574.1287841796875,579.6615648076655,571.717085932937,577.7226931086815,7613892.0
2022-12-08,578.4793701171875,580.512737911779,574.2234115434572,576.6823867404484,10020015.0
2022-12-09,583.0663452148438,584.484998122909,576.067634445001,581.0802542336061,11202267.0
2022-12-12,579.8034057617188,585.147021230506,577.864591753399,581.4585007462825,9285187.0
2022-12-13,583.3027954101562,583.9175681021829,579.2832787818738,580.2290474002932,7455415.0
2022-12-14,591.5782470703125,592.7604577958726,584.0120984267273,584.9578670071755,14010673.0
2022-12-15,582.5462036132812,595.4086339888136,580.985662271887,591.6255594401115,10622271.0
2022-12-16,570.6294555664062,582.2151207914691,569.447244829155,578.8103769582387,9435071.0
2022-12-19,571.6697998046875,576.4459193386776,570.298423890439,571.2441924209372,8322012.0
2022-12-20,571.6697998046875,573.6086137471829,567.0355109151941,570.298423890439,6753785.0
2022-12-21,561.2190551757812,576.1149091618787,557.6250886688739,573.0411615139539,9217253.0
2022-12-22,561.2190551757812,566.5153357252311,555.6862747744393,564.6237987111235,8740149.0
2022-12-23,542.8711547851562,558.6655013213187,540.5067333792975,558.003451782652,13047046.0
2022-12-26,564.7184448242188,569.0690153032233,539.7501867898378,542.8712118284932,13201587.0
2022-12-27,569.2581176757812,570.39299376433,561.1244734486816,567.8394648399637,9638618.0
2022-12-28,568.4542236328125,574.0815585274914,566.0898020573286,568.3123929733651,7988631.0
2022-12-29,578.6212158203125,584.4849926639092,564.7657405160301,567.4611579261255,20130392.0
2022-12-30,580.418212890625,586.8967048392173,578.1956220014096,581.8841427047076,13052895.0
2023-01-02,578.9995727539062,585.6199532316294,578.0538041142315,581.6004365130118,6726084.0
2023-01-03,579.1886596679688,583.1608412370937,576.9187921497869,581.1747504525312,6818062.0
2023-01-04,572.3792114257812,581.6004559711173,571.2442774751737,578.6685384549529,7011191.0
2023-01-05,572.2845458984375,578.4320416816555,569.3054095001119,574.0815292943545,8241475.0
2023-01-06,568.075927734375,574.5071426133578,564.6238492843752,574.4598657287963,7972036.0
2023-01-09,574.7435913085938,575.9730789468689,567.555715294209,572.1900045367088,8878905.0
2023-01-10,562.874267578125,575.9731410455076,558.5709737925,575.4529798030562,10622660.0
2023-01-11,564.3401489257812,566.9882895253261,560.1314670081308,564.103706770016,7419630.0
2023-01-12,562.6377563476562,565.4750621129492,558.0980209430805,565.4750621129492,8183715.0
2023-01-13,567.5557250976562,570.2039234106185,561.455563686012,565.4750803162366,7877610.0
2023-01-16,570.2984619140625,573.2303214640315,568.0285941994754,570.2984619140625,5483191.0
2023-01-17,560.7935180664062,573.1357870848398,554.2676914600394,570.2984812081821,13461999.0
2023-01-18,559.3748168945312,564.7657091403643,555.7335733650482,563.5834984603628,11538075.0
2023-01-19,557.861572265625,559.6585556526618,555.686316082724,558.9492292196419,7475688.0
2023-01-20,560.0841674804688,564.2455146186342,558.7600683716555,561.597374126141,6750607.0
2023-01-23,567.8867797851562,569.116267446911,560.7935151306456,566.0425194299563,6604469.0
2023-01-24,562.1175537109375,571.811682022892,560.888066055424,570.7713596355657,7609623.0
2023-01-25,537.8585815429688,563.5361628309502,536.6290939830234,563.5361628309502,25686294.0
2023-01-27,510.6677551269531,537.7167133619173,503.3853255328834,537.1965521891551,40163464.0
2023-01-30,509.01263427734375,524.2867613983544,496.7176433900897,506.93193196678243,40797825.0
2023-01-31,523.48291015625,526.7931001933717,508.6816087573524,515.4438772089544,21911943.0
2023-02-01,498.7510070800781,534.3592150301004,472.2695173216822,530.9544714403144,38218810.0
2023-02-02,499.4603271484375,503.7636200499666,475.2486763772784,491.98879055290683,39287056.0
2023-02-03,514.687255859375,516.3423508199595,490.99576525431956,506.931942213324,32317232.0
2023-02-06,515.8222045898438,528.4954688768345,507.45211805473997,528.4954688768345,25338586.0
2023-02-07,517.429931640625,521.4967824365973,511.7080436679747,518.2811463944632,16195947.0
2023-02-08,519.936279296875,524.4286800729735,515.9167628129974,520.1727214429854,15502847.0
2023-02-09,520.9293823242188,522.064316295977,513.3632328126829,522.064316295977,15061047.0
2023-02-10,523.0573120117188,527.0295516716327,516.8625392347192,516.8625392347192,13824475.0
2023-02-13,508.35064697265625,526.6985817860033,504.3784071164007,523.95582962391,18488732.0
2023-02-14,511.5188903808594,515.065522396235,501.96665124283317,510.6677333322475,18559909.0
2023-02-15,512.843017578125,515.1128852826321,507.68856722110974,510.7150382520747,12796579.0
2023-02-16,510.8095703125,517.1935080193455,509.2963637238928,517.1935080193455,12767016.0
2023-02-17,502.2031555175781,510.38407746870104,499.1294073905873,509.29642042601847,14192008.0
2023-02-20,496.67041015625,504.9931624047725,493.8331043175399,503.1489020645839,12570032.0
2023-02-21,495.0625915527344,500.264318919326,494.0695460550484,498.514612351846,10223218.0
2023-02-22,488.34759521484375,493.596657143169,484.7064091822601,492.50900015934036,14763050.0
2023-02-23,492.74542236328125,495.58272805827136,483.6187614835763,488.915071220071,15535085.0
2023-02-24,492.792724609375,498.89294371259393,489.5298113471756,495.7719188324995,12253035.0
2023-02-27,499.0820617675781,501.06815257835507,490.8538640619757,492.8399548727526,11048799.0
2023-02-28,494.4478454589844,499.7914614948557,492.79275029877584,498.6565275542565,15768010.0
2023-03-01,507.593994140625,508.2560436730128,494.7315071796655,494.8733955527241,13510198.0
2023-03-02,504.8039855957031,510.62048552212866,503.62177485660317,506.8846880415459,10376913.0
2023-03-03,530.765380859375,533.6972406005289,512.3701689701492,512.6066111339563,27656538.0
2023-03-06,531.2382202148438,537.1019969258892,528.6846335168734,534.2646912003962,16162268.0
2023-03-08,534.1701049804688,534.8321545594332,526.2729600942696,529.630427149925,12637578.0
2023-03-09,528.590087890625,535.0685796402279,527.7388730698138,534.122811050497,8993423.0
2023-03-10,517.6663818359375,524.8542572994388,515.4438488803586,523.1045508837578,11522371.0
2023-03-13,501.2573547363281,523.151920773827,499.7914249608996,517.3354208316443,14373729.0
2023-03-14,496.9068298339844,503.9054826178335,491.79965646525375,499.0348091167667,14750800.0
2023-03-15,489.4825134277344,503.1488808530747,487.5909762816702,501.06817844737753,11282329.0
2023-03-16,496.0556640625,500.6426189909445,486.40881214866874,490.28649830454526,20040008.0
2023-03-17,501.06817626953125,502.7705481485633,491.8942096059672,499.9805770503511,18787379.0
2023-03-20,491.0430908203125,498.04174414100294,487.07085097606284,498.04174414100294,14275315.0
2023-03-21,493.54931640625,495.0625807877978,488.4422006470023,493.69120478503487,29485180.0
2023-03-22,493.2655944824219,498.42004482113964,491.8942184876975,493.88036715337415,11619538.0
2023-03-23,484.9428405761719,492.7454313801766,483.7606298482924,491.2322247385441,22097792.0
2023-03-24,477.94415283203125,487.02353688053415,476.14719832075485,486.5979294788206,14416984.0
2023-03-27,482.48382568359375,486.26692879064547,474.3502102854361,479.50466048857436,15674218.0
2023-03-28,480.5450134277344,483.99706291588154,476.5254970283352,483.7133438915386,15833599.0
2023-03-29,488.4894714355469,489.90812430515643,478.8426203771755,481.39620708749925,24203789.0
2023-03-31,495.3462829589844,496.4339398922883,491.1848782077965,492.4144235150555,17356345.0
2023-04-03,498.18359375,499.8386887458472,493.78574681383884,496.29205661188894,14210949.0
2023-04-05,494.636962890625,498.9874752294379,490.90116548820276,498.4200371765954,13574801.0
2023-04-06,499.0348205566406,504.7567089920419,493.3602090058029,495.58274210649415,25125879.0
2023-04-10,497.75799560546875,501.6356814457874,495.9610699259261,500.54802448109393,17335453.0
2023-04-11,503.243408203125,506.64820952238887,498.56190019247276,502.0611975488937,26414406.0
2023-04-12,499.5549621582031,505.0404082306634,497.47425979275084,504.2838049318985,21292441.0
2023-04-13,504.0473937988281,505.27688145059244,498.56194738894,500.5953152716292,28597560.0
2023-04-17,514.4981079101562,515.4438764908734,499.36581061868105,499.36581061868105,32476990.0
2023-04-18,516.247802734375,518.7541127868462,511.1879634663453,515.7749184018437,22283456.0
2023-04-19,510.998779296875,517.8083249786072,509.0599651502015,514.4981347732645,21156372.0
2023-04-20,515.2547607421875,515.8695334687824,507.5467807037376,511.85001661448604,25588577.0
2023-04-21,513.6942138671875,516.7679616717087,510.43130080659256,515.4438626043238,22599418.0
2023-04-24,524.523193359375,525.421684990277,514.0251859723464,514.3089049807553,23335611.0
2023-04-25,531.332763671875,537.1019865035063,524.9015490305807,524.9015490305807,38142390.0
2023-04-26,535.6360473632812,536.250820070701,526.2729724415733,531.521976860201,23143882.0
2023-04-27,534.122802734375,536.6291125481928,530.6707243455518,534.3592448781264,17845169.0
2023-04-28,546.9379272460938,548.971352667809,534.8321016537752,537.0073577193658,16183423.0
2023-05-02,544.1006469726562,549.3496509930271,542.0672791815007,548.5457707982896,13667511.0
2023-05-03,539.5609741210938,543.8169327250288,538.1423212531155,539.7028624979448,9699527.0
2023-05-04,548.5457153320312,549.3023185667743,537.6693778728617,539.2771958248946,12533761.0
2023-05-05,545.2355346679688,556.3483144291979,543.864158811983,548.7348896271685,18163461.0
2023-05-08,551.9505004882812,555.733574673191,546.0394470743597,546.3232238183328,12990869.0
2023-05-09,542.3982543945312,554.6459684581436,541.0741553565239,553.2745925384495,18959065.0
2023-05-10,541.1687622070312,543.8169025352203,532.7041223529789,543.8169025352203,18561315.0
2023-05-11,542.3510131835938,548.5457859453637,540.9796371737035,541.1688024380219,16016715.0
2023-05-12,546.796142578125,549.2551178633527,540.5540351442528,543.5332293428207,11319335.0
2023-05-15,550.3427734375,552.3288644146909,543.4859510624889,547.3635792465793,11410243.0
2023-05-16,554.5040893554688,558.3817750457957,550.4372961352346,552.3288332353558,22178229.0
2023-05-17,554.5040893554688,558.4763288107494,548.0728747600833,554.2203703354769,23739774.0
2023-05-18,543.0603637695312,561.6920174929332,540.4122231267693,558.287215759265,45656620.0
2023-05-19,543.9588012695312,554.4568090197679,538.9935164126377,547.599987074534,42293962.0
2023-05-22,545.850341796875,548.8294780947019,542.3509866163723,546.1813376993675,21484049.0
2023-05-23,550.0589599609375,552.0451085306911,545.5192825124204,547.5054310821739,16120548.0
2023-05-24,551.099365234375,553.5110635776405,546.8906834921327,548.3566132517542,17616658.0
2023-05-25,549.7279663085938,551.2885074965544,545.7084499957997,550.4372927167339,16479436.0
2023-05-26,554.2203979492188,555.875492994289,549.0659475495447,549.7279971125996,9788076.0
2023-05-29,562.7322387695312,564.05633771551,556.1591363682904,558.0033964269302,18432231.0
2023-05-30,560.6516723632812,563.2052593916974,559.4221846014929,562.7323750429217,15031640.0
2023-05-31,559.0607299804688,563.8332703864224,556.7950076008431,562.8691231871136,28797643.0
2023-06-01,561.8568115234375,565.3759725346222,560.169553831175,560.9408598639765,17820226.0
2023-06-02,566.1472778320312,567.7863399289043,562.0978476064854,563.7369097033585,11323908.0
2023-06-05,566.1472778320312,568.6540371470996,564.9902893608927,567.4006574895654,12920507.0
2023-06-06,564.3635864257812,567.7863563449595,562.0978638580726,566.9186002547972,11199940.0
2023-06-07,568.0755615234375,569.4253323416787,564.9902786080794,566.9185730743186,11113781.0
2023-06-08,567.400634765625,572.6552488450642,565.3276947192347,568.7986599936411,15971917.0
2023-06-09,557.9520263671875,567.9791224774418,556.0719274568654,566.9185840392489,18870272.0
2023-06-12,557.9038696289062,560.651665949061,556.9879179065606,559.2054449706885,8786066.0
2023-06-13,555.7344970703125,560.5552333084419,553.6615569491656,558.6751344061959,12612098.0
2023-06-14,555.8790893554688,557.8073838698208,554.6257096905156,556.3129673905737,8948696.0
2023-06-15,546.189453125,556.023767492567,544.9842689830649,555.348852603707,17934877.0
2023-06-16,550.7691040039062,554.0954237099354,546.7196738768654,548.3587359338673,12660226.0
2023-06-19,548.4551391601562,552.215336970729,545.6109518525627,550.7691160969515,17903691.0
2023-06-20,547.0571899414062,549.0336800950572,542.3810403275806,548.4551564192141,14549152.0
2023-06-21,546.0447387695312,549.0818259637434,545.3698828124838,547.0571403988516,14946871.0
2023-06-22,542.7667236328125,548.5998029137497,540.9348202600779,546.0447890802325,14979063.0
2023-06-23,534.716064453125,541.9471691410787,533.9447583891194,541.8507779506582,12215712.0
2023-06-26,537.0781860351562,538.4762112446472,534.6196224443274,536.0658432444474,8360264.0
2023-06-27,545.8037719726562,547.5874798151365,535.7284795993684,538.2352390818655,10694768.0
2023-06-28,549.37109375,553.4205239875774,548.1659096820828,551.7332662924933,18028934.0
2023-06-30,552.3117065429688,553.4204993748917,549.7567517407397,553.4204993748917,8718232.0
2023-07-03,564.4600219726562,565.3277191936658,553.3241329514472,553.9025977654534,15421985.0
2023-07-04,568.123779296875,574.5835777803604,561.3747484015366,567.1114364319501,24799250.0
2023-07-05,569.4253540039062,572.4142458484074,567.1114358645187,568.6540479574438,13598114.0
2023-07-06,571.2572631835938,572.2214104632285,567.9791388940837,569.2325774351127,11323509.0
2023-07-07,572.3178100585938,574.1497134555585,564.5082405175979,568.8469033396802,11707209.0
2023-07-10,571.3536376953125,578.2955096754295,569.0879151930579,573.3301866383733,11417363.0
2023-07-11,567.4488525390625,574.5835657318489,566.2918640690325,573.6676140744553,13221177.0
2023-07-12,568.123779296875,573.1855524683788,567.1114364319501,567.8827424791843,16029716.0
2023-07-13,564.65283203125,576.5600264296337,562.4352463905591,573.571193644083,20024503.0
2023-07-14,563.4476928710938,570.1002737819823,559.88033617268,565.71341543592,12190152.0
2023-07-17,579.5488891601562,581.2361468497637,563.2548359229304,565.9544364569268,19378986.0
2023-07-18,571.1126098632812,582.3931446524997,567.6417032420812,581.4289973858464,25757209.0
2023-07-19,579.8864135742188,580.8023652915784,570.7752096906919,573.3302236106615,17556585.0
2023-07-20,588.1780395507812,588.9011500146614,577.2831869976956,579.8382008421577,34038351.0
2023-07-21,593.0469360351562,597.2892073744681,587.1656614867653,588.1298087141655,21040281.0
2023-07-24,595.5055541992188,599.6031798857839,592.2756257028592,592.9987361181354,11756364.0
2023-07-25,587.744140625,599.5067488556581,582.537780778133,599.5067488556581,18503305.0
2023-07-26,593.09521484375,594.2521444866661,587.310331241653,590.0581274138974,9999125.0
2023-07-27,594.4449462890625,598.9764499129095,591.1186266690645,594.3003595167257,17444742.0
2023-07-28,593.962890625,597.6748927770809,591.6007181367443,594.3003774643948,11930586.0
2023-07-31,597.9641723632812,598.7354784405272,592.4685209367213,594.5414611882713,8605483.0
2023-08-01,589.9134521484375,598.590777115643,588.7082681252145,597.9641167316927,13493453.0
2023-08-02,576.993896484375,588.6118583315358,572.7998209080405,587.9851391205248,14977497.0
2023-08-03,569.3289794921875,579.3078804881416,564.0261693529716,577.2349991054857,27774877.0
2023-08-04,552.74560546875,577.2349691049168,550.9137610058102,573.4747712992396,52725616.0
2023-08-07,547.539306640625,556.3130240355339,546.3341224464406,556.3130240355339,32736325.0
2023-08-08,552.552734375,553.6615271889215,548.0694852226486,550.528048802567,25038671.0
2023-08-09,553.1795043945312,554.3846884999659,547.9730855203012,554.3846884999659,15769111.0
2023-08-10,553.0831298828125,556.8914646933206,549.6603598426617,553.1795210754018,27325801.0
2023-08-11,553.565185546875,558.241276326227,551.492245351644,554.8185652442073,18221179.0
2023-08-14,540.6937866210938,552.456395288408,538.5726508209419,552.4081996934482,28084093.0
2023-08-16,545.0806274414062,546.0930291373386,534.1375796285616,538.7654746862926,15725767.0
2023-08-17,551.6368408203125,552.6009880147222,543.7790176471228,545.4662752373399,27910162.0
2023-08-18,552.408203125,554.6257301288466,547.0571974198606,549.5639568421426,18253227.0
2023-08-21,551.2030029296875,554.9149463595685,550.2870512589609,552.4081870104123,9380810.0
2023-08-22,548.11767578125,553.8543633129792,547.1535285942997,551.9742645290513,14073413.0
2023-08-23,556.2166137695312,557.2289566885623,545.7073844177855,550.5281210292501,18579297.0
2023-08-24,556.2647705078125,561.1337023758908,554.9149408121432,557.4217589831178,24131644.0
2023-08-25,549.5157470703125,554.6739114144629,546.8643420837741,553.2276905127146,12271885.0
2023-08-28,552.3117065429688,554.1918053746803,548.7926045292852,552.2635109517712,9711932.0
2023-08-29,554.2400512695312,555.6380766224023,551.3476093726454,553.0831215882818,13144855.0
2023-08-30,547.0571899414062,556.9878951511408,545.8037514005196,556.0237478716156,15281416.0
2023-08-31,541.2240600585938,549.8531901110308,539.3440199124148,548.8890428168341,27898476.0
2023-09-01,549.1300659179688,550.7209324523909,541.9471569863232,542.5256806565127,18121168.0
2023-09-04,554.9149169921875,555.6862229936563,548.0694953146975,551.4922061534426,12108655.0
2023-09-05,552.4563598632812,557.5181327939658,550.8654934034583,554.9631191092507,14444729.0
2023-09-06,550.0460205078125,553.6615727898534,547.6356523197853,553.6615727898534,20609936.0
2023-09-07,558.2894897460938,560.1695887755602,547.635673708293,547.635673708293,12390597.0
2023-09-08,562.53173828125,567.4006702412167,558.9161860069856,560.169565692688,14032068.0
2023-09-11,570.4859008789062,571.0643656508981,564.3635309487681,565.9543973420567,10946134.0
2023-09-12,567.2560424804688,572.9445351099214,563.6887445349923,572.3660702665688,16093060.0
2023-09-13,575.065673828125,576.560090386674,562.531758819719,567.304299765373,19377172.0
2023-09-14,575.8851318359375,582.0556976801864,573.8604461806968,576.9939246952075,13178911.0
2023-09-15,577.3313598632812,579.163263171742,573.8604533120565,577.8616290798742,11756389.0
2023-09-18,582.2967529296875,586.587220031729,575.6441132571398,577.331370972233,19305055.0
2023-09-20,579.5488891601562,585.0445402613964,577.9098859106114,579.3078523473552,21314600.0
2023-09-21,567.063232421875,584.8517022259392,563.6887170242877,578.4883538720975,23453425.0
2023-09-22,576.7047119140625,580.4166553572468,570.1967178548243,572.2214035789467,18784139.0
2023-09-25,572.7516479492188,579.9345565537149,569.2807414736828,579.9345565537149,9712784.0
2023-09-26,573.0891723632812,573.6676371981744,570.0520848628917,572.7034899087656,8327427.0
2023-09-27,568.6058349609375,572.9926931348808,567.1114185078637,572.1731915193855,9865347.0
2023-09-28,568.7987060546875,573.8604793320803,567.738108726534,570.052085763523,21960816.0
2023-09-29,577.09033203125,578.488357330842,570.1002643801689,571.5946808672312,12189735.0
2023-10-03,581.3325805664062,583.2126794228604,568.4611798159711,575.2102103849722,15322196.0
2023-10-04,565.2313232421875,578.9222259114165,563.4958699679197,578.48834788113,24914612.0
2023-10-05,570.9198608398438,573.0409378728881,566.0508697813017,568.8469205566893,13248028.0
2023-10-06,572.9445190429688,577.4760230117589,570.9680288955789,572.1250173967202,8216780.0
2023-10-09,564.12255859375,567.8827565818558,560.6998474669198,566.9186092871498,9189597.0
2023-10-10,570.437744140625,573.6676138901629,564.749251825484,565.9544358882783,10373508.0
2023-10-11,567.2560424804688,575.5959401945697,566.5329320028374,575.4995490029714,14220119.0
2023-10-12,565.0385131835938,571.7393486854555,564.0261702883498,569.6182128568753,11983797.0
2023-10-13,555.4934692382812,560.4587923356951,554.1918351248179,557.0360813206687,19064577.0
2023-10-16,555.0113525390625,558.0001852843412,551.0101181684682,555.3487805162515,11290293.0
2023-10-17,555.78271484375,559.1572303451123,554.6739219259789,556.9878989513794,10765224.0
2023-10-18,552.1189575195312,558.4823059606506,548.9372244520923,557.0360850561344,11777454.0
2023-10-19,550.720947265625,553.420547925152,546.6715168528941,549.371117512421,11441499.0
2023-10-20,542.9113159179688,549.5639557633297,541.9471686271559,549.4675645730006,11110988.0
2023-10-23,533.125244140625,545.7073542311729,531.2451451967778,542.9113036124381,11875035.0
2023-10-25,536.2587280273438,540.6937819693302,533.7519097953203,538.5726461874272,12134624.0
2023-10-26,527.3885498046875,533.0770421621733,523.7248019958954,531.6790168695493,19424825.0
2023-10-27,541.0313110351562,542.3328864238197,530.2810445032903,530.2810445032903,10415296.0
2023-10-30,544.93603515625,546.3822560251111,536.5479423474799,542.8148994458782,8593704.0
2023-10-31,545.2734985351562,549.0818921729843,542.95958030296,546.6715239018123,13039696.0
2023-11-01,546.093017578125,549.2264960926518,543.6343950507638,545.9483719540883,13575575.0
2023-11-02,551.588623046875,554.8185516709641,547.2499603836425,550.6244757883788,11148516.0
2023-11-03,557.4217529296875,558.7233281709723,552.8902491112981,555.3488128153236,11371371.0
2023-11-06,553.7579956054688,561.6158198859742,552.697457080918,561.1337462208361,16499138.0
2023-11-07,558.96435546875,560.3623807188147,552.0706792493585,554.1918149204695,17923281.0
2023-11-08,559.49462890625,561.7121557781876,558.2412492696659,561.0372997909418,15434808.0
2023-11-09,557.6145629882812,560.9890785114845,555.8309140361974,560.1695768517445,12434363.0
2023-11-10,558.7233276367188,560.1695485020424,554.7703474769183,557.0842655533097,6773038.0
2023-11-13,560.5069580078125,561.6157508400668,554.5774879637208,560.1695300224528,11282362.0
2023-11-15,563.7369384765625,566.9186127994279,561.7121938370072,566.1955023239185,11397676.0
2023-11-16,563.688720703125,566.9185904945721,562.0014629933197,563.7369162968865,8622660.0
2023-11-17,542.8630981445312,553.902595942704,541.9471464863035,553.902595942704,37173221.0
2023-11-20,543.5380249023438,546.4786623142577,540.5009374550467,543.7790617204822,12714585.0
2023-11-21,541.3687133789062,546.3340955532802,540.8866397249625,545.7073762644006,14280013.0
2023-11-22,538.9100952148438,544.2611004650989,535.246347583391,542.7666840578206,14909071.0
2023-11-23,539.874267578125,543.2969785663546,538.2834010675289,541.6097208689436,6376210.0
2023-11-24,540.2598876953125,542.2846322273022,539.1993492596594,541.802558602573,6529851.0
2023-11-28,544.2129516601562,544.9360621303805,540.9830229183594,543.3933911524404,8153314.0
2023-11-29,548.214111328125,548.5997937728681,544.8395959006997,547.6356465078894,10299034.0
2023-11-30,544.502197265625,549.7568119125536,543.4416587556975,549.3229338505354,19758998.0
2023-12-01,551.2511596679688,553.6133320690648,546.2375824761655,546.6714604840198,10614230.0
2023-12-04,573.37841796875,574.6317977044337,563.5922992174134,566.9186192117567,26077882.0
2023-12-05,586.4425659179688,589.3832032666363,573.7158104246026,573.7158104246026,36430152.0
2023-12-06,586.6354370117188,591.9864427624263,582.8752389993938,591.9864427624263,21439069.0
2023-12-07,589.7689208984375,590.5884225726319,583.3091221564198,588.1298587031671,10725706.0
2023-12-08,592.131103515625,594.6860586201612,583.6465599734173,588.1298685759048,17722136.0
2023-12-11,592.2274780273438,597.6749338019196,591.1186850954592,592.9505885011256,11706255.0
2023-12-12,590.44384765625,595.7948535613543,588.9011766221438,594.8789018296793,14494836.0
2023-12-13,597.6266479492188,598.2533671989761,589.7206875955662,592.4202881197557,13977914.0
2023-12-14,601.2904663085938,605.2434465626046,600.0852822254344,603.5561888461816,15813797.0
2023-12-15,625.0084228515625,626.6956804527815,597.6266188130294,605.4844420374566,29813572.0
2023-12-18,625.24951171875,632.1431883165444,619.3682368434937,623.4658627876797,16221796.0
2023-12-19,631.9021606445312,635.9515322057881,617.2953055873893,625.2495207706708,19964008.0
2023-12-20,613.6315307617188,636.7228692336894,611.2211626299238,635.0838071346933,22542056.0
2023-12-21,620.6697998046875,625.6833773355924,605.002406799909,609.4857151061817,19915516.0
2023-12-22,613.9207763671875,626.1172629150401,612.3781642684246,621.6339545547611,14998068.0
2023-12-26,615.1741333007812,618.3076118235898,612.8602152382182,615.9454393216356,10153089.0
2023-12-27,625.2976684570312,626.1654244947468,616.0900742651665,617.777331902043,14417646.0
2023-12-28,628.0455322265625,629.8773766643785,623.3211872377498,626.9367393678991,16982092.0
2023-12-29,619.03076171875,626.3100620587661,616.6203934706069,622.3570816705638,13221898.0
2024-01-01,618.3558349609375,623.7068994465233,615.1259651092256,619.1753954576906,8295548.0
2024-01-02,616.5239868164062,624.7674342489258,611.1247267678557,618.355831330922,15164482.0
2024-01-03,620.3805541992188,624.7674123778669,613.0048042643401,616.4275152016644,14571772.0
2024-01-04,619.7056274414062,623.2247883433014,615.7526473667616,619.4645906357115,13883388.0
2024-01-05,618.9343872070312,628.3830192250042,614.8849566716478,621.875024779636,15984585.0
2024-01-08,604.5203247070312,621.8749751770896,602.6402258033993,617.0542389354067,14739531.0
2024-01-09,602.9777221679688,611.6067930993104,602.1099660920149,609.3410705687005,13400235.0
2024-01-10,599.4585571289062,602.8812681223897,596.0358461354228,602.399194493818,12742464.0
2024-01-11,597.9641723632812,604.6650079251884,596.3251101698327,603.5562149819164,15533860.0
2024-01-12,610.8836669921875,613.6797175235832,598.8318265066497,601.4350358209014,16620797.0
2024-01-15,617.150634765625,622.3570534845726,613.2940457432574,615.9937051364175,16844018.0
2024-01-16,614.0654296875,621.7786079716733,610.7391097830742,617.054262733865,15025543.0
2024-01-17,603.5562133789062,613.9689925112747,600.6637714617549,601.627918767472,30016308.0
2024-01-18,605.773681640625,610.7390633220803,596.8553199279997,603.3633136101857,14695436.0
2024-01-19,605.2434692382812,612.7156108338156,602.3028317345762,610.3052425771916,11675202.0
2024-01-23,583.4054565429688,612.137090641516,579.1150485116219,604.5203041005418,30954343.0
2024-01-24,596.1322021484375,600.0369865400962,581.4771529351829,588.0815965650563,19221835.0
2024-01-25,590.78125,601.4350657500038,584.514292635659,596.3250968992248,22684904.0
2024-01-29,600.6155395507812,606.9306922520184,593.5290219741044,596.8071461540897,19572140.0
2024-01-30,604.279296875,610.7872908979857,601.8207331245812,603.0259172029118,16966577.0
2024-01-31,617.5363159179688,620.1395252720102,599.6995917267393,603.9418631812425,23270745.0
2024-02-01,624.4299926757812,629.5399613532924,610.5462486775638,619.7056475917949,26587707.0
2024-02-02,626.3582763671875,636.8674459475857,623.5140302472481,628.623998836513,27471811.0
2024-02-05,619.8984985351562,631.3236201370446,615.8490682349207,623.8996743944258,28339525.0
2024-02-06,626.936767578125,631.5164671490533,614.8367310074694,621.3447251345781,14079390.0
2024-02-07,651.0404052734375,653.6436145166939,631.5164242193285,631.5646198105808,41696232.0
2024-02-08,674.46923828125,693.1255240196265,654.1739491949825,656.0058526209428,74222434.0
2024-02-09,699.247802734375,702.2366357119648,669.3110419771705,678.4222453850707,43235061.0
2024-02-12,682.5198364257812,699.9708774628965,679.2417123589678,699.9708774628965,22873137.0
2024-02-13,687.8709106445312,692.2577691391986,676.9760578021069,683.1465652829623,23351472.0
2024-02-14,716.7470703125,721.6641976192514,680.2540625529531,680.2540625529531,36782182.0
2024-02-15,734.3909301757812,736.6084569548306,715.0597906860668,720.8928694462425,33941282.0
2024-02-16,727.6419677734375,746.8284634371934,726.3403336305333,736.0782565173563,27365121.0
2024-02-19,732.02880859375,737.5726553496461,723.1104464212216,731.4985393690836,13979584.0
2024-02-20,732.8483276367188,736.1264519437863,726.967052738199,731.8359847570562,12528399.0
2024-02-21,743.839599609375,749.6244830800896,732.3662238537067,733.3786255385841,21465311.0
2024-02-22,738.4403686523438,745.2857902765477,729.8594349797497,745.2857902765477,18799244.0
2024-02-23,731.8359375,742.8754349674641,727.9311530180862,738.4403812825284,14143636.0
2024-02-26,731.69140625,738.8742565255047,725.7136812472469,727.9312082579945,11355186.0
2024-02-27,722.9658203125,735.0176614115741,715.590128867995,731.6914003457339,13969393.0
2024-02-28,715.8793334960938,729.6184318157158,714.4331126203441,722.965792248516,11263318.0
2024-02-29,721.2785034179688,726.8706043069235,710.721138558327,717.2291322182092,19217113.0
2024-03-01,741.5738525390625,744.3216485578118,724.9905087033734,725.0387042946561,17348526.0
2024-03-04,744.369873046875,749.1424137066598,741.4292357019581,746.635654393883,9789141.0
2024-03-05,755.84326171875,758.7357035196916,741.525639495962,741.9113219415058,18088847.0
2024-03-06,755.7950439453125,761.9655509647814,745.1894243197579,755.5540071356407,26710525.0
2024-03-07,759.7962036132812,764.954426539321,754.9272719302329,761.6763024583448,15497868.0
2024-03-11,745.9607543945312,764.375943708488,742.9236669559873,761.6763431224929,16778340.0
2024-03-12,732.4627075195312,749.8655543236582,730.1969260813347,742.3934128308799,21529705.0
2024-03-13,720.4590454101562,736.3192797248611,716.3614195245849,731.450347794911,27950252.0
2024-03-14,714.4813232421875,723.8817591322932,707.7322923467271,723.0140618967187,19730882.0
2024-03-15,705.659423828125,719.7841462932436,697.0784894237145,712.7458828582031,29792241.0
2024-03-18,704.7434692382812,711.4443046336356,696.2107304639793,701.0314668855465,18145126.0
2024-03-19,697.8497924804688,708.0215345586139,695.294837485665,703.8275174114212,15205043.0
2024-03-20,709.8534545898438,712.4566640874273,693.9932196245381,699.1514430237444,25405455.0
2024-03-21,717.61474609375,723.6888616581621,713.999194109353,715.3972193126948,15161161.0
2024-03-22,719.9287719726562,721.9534576831707,714.8188032557894,717.1809169690966,15535921.0
2024-03-26,713.5172119140625,721.0375492356,712.0227953384497,716.4096538721063,14678342.0
2024-03-27,707.0092163085938,719.1092533764988,704.0203831624405,716.3614570597734,30088789.0
2024-03-28,725.3761596679688,732.3180316341789,710.480131739764,711.299633363139,21705116.0
2024-04-01,731.1128540039062,734.1981369990166,725.1351292346699,731.8359644474378,9949971.0
2024-04-02,738.9224853515625,741.1882078791733,726.3403165012812,731.0164660314755,15713063.0
2024-04-03,743.40576171875,744.9001782599978,732.8965914876521,737.4762911492417,19136981.0
2024-04-04,732.0770263671875,747.5033830248789,730.9200378484845,747.2141506069232,15889530.0
2024-04-05,737.3316040039062,740.1758501398218,725.6171914639816,730.7754145215962,9939620.0
2024-04-08,740.7543334960938,742.3933956194346,734.4873762603453,738.5850021452578,9797174.0
2024-04-09,736.8013305664062,744.7555452746966,733.8124388224375,740.8989563252226,7465892.0
2024-04-10,751.118896484375,752.7097629710994,736.2710642780829,739.0188603767406,14530669.0
2024-04-12,738.8259887695312,751.5527435992136,737.3797679672235,749.3834123957522,14408722.0
2024-04-15,730.341552734375,735.9335950981468,721.9052641714367,732.5590796729715,11356572.0
2024-04-16,724.74951171875,727.8347947397396,717.7112484453821,724.315633679616,13338991.0
2024-04-18,718.0968627929688,732.7037172254089,715.3972622519597,725.0869303823578,14589648.0
2024-04-19,723.5443115234375,725.0387279832828,705.8039786829678,708.166151201757,10886554.0
2024-04-22,738.6331787109375,741.4292292520696,723.5443096786286,727.1116662441453,17452186.0
2024-04-23,745.2858276367188,749.8173315016863,738.1029188222026,742.7308138738571,12292429.0
2024-04-24,745.3822021484375,750.5886207443748,742.5862104814081,750.5886207443748,7842615.0
2024-04-25,783.5625,785.2015621323537,742.0559716951439,743.0201189674838,36732974.0
2024-04-26,772.5712280273438,787.611961377191,770.257309790593,786.6478140668245,14964358.0
2024-04-29,796.8677368164062,801.4474364532822,770.0644538689087,778.0668646229158,27302732.0
2024-04-30,796.626708984375,804.91835225018,790.5043971499949,796.8677458100889,27449073.0
2024-05-02,800.2904663085938,804.0024687760509,795.4215341417088,797.2534375772727,19943724.0
2024-05-03,801.6401977539062,806.2198969341655,790.6007005921169,804.8700673212338,22667634.0
2024-05-06,778.838134765625,806.0270989146577,774.2102397469739,805.0629516671522,35283557.0
2024-05-07,773.149658203125,785.4425349233778,764.7615658481657,782.8875213212029,16725013.0
2024-05-08,781.7305297851562,792.5289900811847,770.8356783088896,773.8245110587671,27908322.0
2024-05-09,790.4078979492188,809.5462560286481,774.7405052523084,782.7911700385396,49290254.0
2024-05-10,788.0457763671875,802.2187535230167,786.3585185830859,797.3498214011286,20543142.0
2024-05-13,779.8023071289062,790.456122787604,769.9679931182314,790.456122787604,15398505.0
2024-05-14,788.8652954101562,792.9147256484775,778.9345904580701,783.8517179173241,10912462.0
2024-05-15,790.8899536132812,795.7106897182591,788.7206223660413,791.5648684373534,9755062.0
2024-05-16,782.8394165039062,796.5303200119738,768.7628305348695,795.7107594941345,20536990.0
2024-05-17,788.5277709960938,792.9628834636741,782.1162273671808,785.2979013861104,12492509.0
2024-05-21,800.8689575195312,806.3163543151672,790.2150830532505,791.5649127770058,14037801.0
2024-05-22,802.6334838867188,810.3780018937406,797.5358302513197,810.2799344229562,19239277.0
2024-05-23,815.7206420898438,819.0537392891404,805.8194777925474,808.4663420586099,17497488.0
2024-05-24,812.28955078125,824.6905681013441,810.7210696223614,813.6620166705683,12252075.0
2024-05-27,817.2891845703125,822.876995845969,806.7997949535047,816.2108014350272,12295193.0
2024-05-28,814.7894287109375,824.151431802395,807.093914464433,819.2498532378913,13818893.0
2024-05-29,806.4567260742188,818.0244392460639,803.1726326134542,812.0935412900568,14518232.0
2024-05-30,809.5936889648438,819.5439171556648,803.1726331596147,805.2313320096405,17818705.0
2024-05-31,814.005126953125,818.5636189442075,801.0159437782618,814.3482733523172,22267336.0
2024-06-03,887.8229370117188,894.0479177688353,839.8854753820721,846.5516101706216,64269020.0
2024-06-04,759.9407348632812,879.3431739398783,717.542081270305,879.3431739398783,122381193.0
2024-06-05,774.2042846679688,779.3509418310036,729.4038474915685,775.1846003180706,74256082.0
2024-06-06,800.868896484375,816.9460375302097,780.3312712846982,784.2525339544707,40555649.0
2024-06-07,813.613037109375,815.1325144961712,794.545884544975,803.7608761709042,25061284.0
2024-06-10,815.4265747070312,828.8079077389773,812.877777859861,817.7303524667053,16725508.0
2024-06-11,819.102783203125,823.0730498797147,812.730731059502,819.5439372413512,14754408.0
2024-06-12,822.5828857421875,828.905934018559,816.6029838634709,820.5242466911467,15071442.0
2024-06-13,827.2884521484375,829.2490835697314,819.6419417384134,828.3667754966601,12523972.0
2024-06-14,822.680908203125,833.1702976600134,818.6615781244269,828.3667270254315,12903496.0
2024-06-18,828.2687377929688,834.7387973148866,823.7102459704445,824.9846443812804,14929083.0
2024-06-19,835.817138671875,843.6596642417119,824.4455005291003,830.1313196004876,32925140.0
2024-06-20,827.141357421875,836.3072851232247,825.7688915323681,836.209277488426,13985352.0
2024-06-21,819.8380126953125,831.3567222370788,812.2895697948148,828.2687636644131,18990090.0
2024-06-24,816.3088989257812,819.543928783181,804.8881970373593,815.1325081138934,12715254.0
2024-06-25,825.6708984375,829.2000110244921,817.8773766546938,820.5242410117988,20917530.0
2024-06-26,828.7098388671875,832.0919399410025,819.5439111626723,823.3181026095383,16281760.0
2024-06-27,827.3864135742188,830.7195107377448,821.7495985528304,827.288405942117,20378887.0
2024-06-28,832.239013671875,846.992752780768,827.386439058991,830.2293784821371,23636388.0
2024-07-01,825.3768310546875,833.7585184800706,823.4161996179325,832.6311314704473,10967797.0
2024-07-02,809.8878173828125,829.6411422984175,806.9468703630849,827.3864282167037,21142840.0
2024-07-03,823.4161987304688,827.2393941277866,808.760466789776,812.6817296590598,23598009.0
2024-07-04,822.7789306640625,828.2687343216311,817.8773523092979,826.4061106133324,13372587.0
2024-07-05,842.826416015625,844.2968895533086,820.5242340274244,821.5045497192135,24873722.0
2024-07-08,839.3953247070312,847.9730871492928,836.6994565108919,842.8264296839359,10359800.0
2024-07-09,844.3458862304688,852.8256408262188,839.1502250746712,842.9734801738035,13585081.0
2024-07-10,832.2880249023438,843.3165764690709,826.8962885808327,843.1695051813592,17343236.0
2024-07-11,839.8364868164062,841.4049680302959,833.0232806157347,837.5817726337938,8501366.0
2024-07-12,842.7774047851562,846.0124345728623,838.4639918457344,839.8364577356562,11446064.0
2024-07-15,864.001220703125,869.8831149197468,842.7774216383809,842.7774216383809,25392820.0
2024-07-16,863.364013671875,870.6183136551655,857.0899695148005,864.9324947942838,11893692.0
2024-07-18,875.9610595703125,877.2845216320075,860.2270049507774,863.315023261012,19435183.0
2024-07-19,871.84375,881.3038205050954,865.912851939986,877.3825576774864,14562742.0
2024-07-22,859.540771484375,877.382528728047,850.914005515022,864.0992633045507,14614111.0
2024-07-23,846.8947143554688,867.0891928212089,832.385994861864,865.618719345537,18279212.0
2024-07-24,835.2289428710938,850.9139934414429,830.5234396667329,847.1888058977289,19624845.0
2024-07-25,831.7978515625,834.0035618347636,824.6415590903446,830.8175358859385,9522375.0
2024-07-26,845.4732666015625,847.2378228513442,827.386430415429,828.0236595382181,12081506.0
2024-07-29,854.443115234375,871.5986394833856,846.208499495082,849.0023752250042,26582781.0
2024-07-30,855.6195068359375,863.2169532964333,851.8943192478578,857.4821305468374,13528447.0
2024-07-31,855.2274169921875,857.727209991399,850.9140040978348,856.6488268509507,11636874.0
2024-08-01,845.6693725585938,864.0502921513843,842.5323503146797,860.5211196893349,11787203.0
2024-08-02,831.16064453125,841.4049555903533,829.494155703777,839.8364743996533,12609331.0
2024-08-05,795.6732788085938,814.9854506435058,784.2525767265245,813.6620483537691,27676951.0
2024-08-06,781.9978637695312,810.2799484288843,779.988228505242,806.4567530115417,17900930.0
2024-08-07,792.7322998046875,794.7419349850848,784.7917068840424,793.0753863597355,17692355.0
2024-08-08,792.1441040039062,801.7021822548979,786.9974464841414,796.01636305695,14769069.0
2024-08-09,808.07421875,813.6130263830515,793.6145621891944,799.9376104147318,15320885.0
2024-08-12,796.6044921875,806.799799123275,795.2320861451166,804.4470175738744,16120449.0
2024-08-13,781.8507690429688,803.8588683191833,779.3999798102883,797.4868163142143,17585172.0
2024-08-14,787.1934814453125,793.2224467373169,784.6446846418667,785.183846292551,11788665.0
2024-08-16,796.1143188476562,798.85925054641,787.1934703278642,787.1934703278642,11427335.0
2024-08-19,797.682861328125,809.1525664711355,796.6044782061931,798.9572597142997,10151482.0
2024-08-20,804.1529541015625,806.7998184496117,797.3397480422,801.8492361476191,10347493.0
2024-08-21,799.4964599609375,804.8391925113443,795.2321105845307,804.1529595522029,14607257.0
2024-08-22,804.1529541015625,807.6821265102021,801.0159319051235,802.8785556624933,7832917.0
2024-08-23,799.3003540039062,805.8194771135562,798.4671096216442,805.3293192807621,5537747.0
2024-08-26,799.0062866210938,807.2409623037237,797.7808920155667,801.8982298568817,8523795.0
2024-08-27,799.839599609375,803.3197083604263,795.0850325876467,801.702163529934,12833290.0
2024-08-28,793.467529296875,801.1139795760346,790.6245899129868,798.7121942115388,10371300.0
2024-08-29,798.4671020507812,799.937575535221,791.0657308125117,793.6145275853862,18247268.0
2024-08-30,799.5454711914062,804.5451172254517,798.3200765507661,801.0650084127782,8911426.0
2024-09-02,805.966552734375,809.1525786646832,797.04564422928,801.2119858304522,11813750.0
2024-09-03,808.5643920898438,809.6917790988241,800.3297759604034,805.966591337859,10548350.0
2024-09-04,800.427734375,802.5354369721819,797.6338586845211,799.3984149013352,10789570.0
2024-09-05,802.6334838867188,805.9665812189434,798.369134501237,802.2413336710257,8395074.0
2024-09-06,767.0970458984375,796.8986675256167,761.7053094735923,795.5262015930762,40220096.0
2024-09-09,768.8125610351562,772.6848198824725,755.8233784610844,769.5477977846319,21322103.0
2024-09-10,767.2440795898438,773.2729850328517,762.1954299786836,772.4887444671417,12824701.0
2024-09-11,753.4706420898438,772.4887910829905,750.3336796377038,764.6952691046852,20060665.0
2024-09-12,772.24365234375,774.3513549221617,757.5389176117205,759.7446278215249,17578964.0
2024-09-13,775.2826538085938,779.3509879306515,769.6458384870828,775.429725098296,12950936.0
2024-09-16,770.0869750976562,779.3509702962235,768.9596479590956,775.2826362662203,9553736.0
2024-09-17,767.4891967773438,771.9986251303302,765.1854189481497,770.1360013393838,10665630.0
2024-09-18,777.145263671875,779.1058950529456,766.6068699986203,768.3714262748396,18324412.0
2024-09-19,774.400390625,785.5759535812824,768.6165041254203,779.3999767062683,10645478.0
2024-09-20,766.3128051757812,779.203920907502,764.1560986394321,779.203920907502,21372244.0
2024-09-23,786.0661010742188,789.1541193879206,769.0576480246257,770.5281215390131,17309545.0
2024-09-24,782.5369873046875,788.4188813527027,780.8214348740164,783.5173029793567,15180653.0
2024-09-25,777.4883422851562,782.2919130531816,773.1749891911104,782.1939054186181,18465571.0
2024-09-26,786.0661010742188,787.193488035404,776.0178653925714,780.331278301596,23198842.0
2024-09-27,786.8504028320312,792.095067775522,782.7330650179391,786.0661024227028,15193681.0
2024-09-30,772.3907470703125,786.8013396781569,770.9692773696576,786.1151665701419,15484573.0
2024-10-01,781.2625732421875,784.5956105690549,772.4887361629332,772.4887361629332,13280535.0
2024-10-03,778.4686889648438,788.1738385219239,768.861606879953,774.3514108096929,15944135.0
2024-10-04,780.968505859375,793.9086248930724,769.7928832389414,776.4100140404223,20097454.0
2024-10-07,755.4802856445312,788.1737888998624,750.3336284408941,784.2525262685198,24267990.0
2024-10-08,766.0676879882812,768.9596311652928,757.0487719081607,757.0487719081607,8560960.0
2024-10-09,781.7037353515625,788.5168813576186,766.6558539907494,771.214345767345,18758697.0
2024-10-10,781.4096069335938,788.6149631033948,779.3509679329196,783.2722306646576,10241015.0
2024-10-11,784.0074462890625,786.8993894424932,777.3903156076607,781.5076533317213,14322720.0
2024-10-14,789.3012084960938,793.3204789260238,785.036799307843,786.2131901126612,8967564.0
2024-10-15,788.81103515625,791.6049109083206,785.821024467886,789.6442795500336,6252104.0
2024-10-16,789.5952758789062,793.0753845737652,786.2621786357137,786.9974153952073,6494240.0
2024-10-17,795.0850219726562,803.3687014528558,790.1344397449686,793.5655446321986,18580553.0
2024-10-18,804.2510375976562,806.4076843065691,787.0955125621578,795.1340535689559,11704698.0
2024-10-21,797.927978515625,810.1819248045383,793.0754038184709,808.4663723240905,10359618.0
2024-10-22,774.841552734375,800.7708551163644,771.9986132726441,797.9769793065807,16645356.0
2024-10-23,770.5281372070312,776.9981968684108,764.4501679238956,774.4493999917999,13866198.0
2024-10-24,778.9097900390625,781.3115753553931,769.2047009756573,770.5771069894755,5607500.0
2024-10-25,765.5775756835938,784.9878150281925,756.8037379978327,782.2919467905059,9717125.0
2024-10-28,776.4590454101562,788.1248262816986,768.1263618829754,768.3714408102454,13757251.0
2024-10-29,816.3088989257812,818.4165417897631,774.9395642381633,780.3313006117369,28274791.0
2024-10-30,806.2606201171875,816.6029382811352,804.8881542706223,811.701360020144,15977682.0
2024-10-31,804.054931640625,811.7013819677803,797.5358084437482,803.8588565381399,13402324.0
2024-11-01,805.0352783203125,809.3486315724846,802.7805641392085,806.2116691468042,1637141.0
2024-11-04,813.5149536132812,821.0143925955531,791.2127716054617,806.5057323110566,14498161.0
2024-11-05,832.4840698242188,834.6407762413705,809.9858134770826,813.5149259169897,26254561.0
2024-11-06,837.9738159179688,844.4439351874554,829.543125158185,832.48407214421,15002433.0
2024-11-07,842.6793212890625,845.4242530166981,830.0332851169691,844.0517871528804,15283847.0
2024-11-08,826.55322265625,846.5026236103943,817.7793850018238,842.6793683716584,26139105.0
2024-11-11,830.964599609375,837.1895801654074,825.4257921537154,829.3470548242794,12621337.0
2024-11-12,810.427001953125,836.6014431355901,808.0742203373242,835.7191350712344,11350729.0
2024-11-13,792.7322998046875,815.3775681145983,788.8110370785578,807.1428924562375,13756706.0
2024-11-14,788.4188842773438,801.8982248540469,785.2818621400214,792.732297195377,9461484.0
2024-11-18,798.2710571289062,800.623838726437,783.5173179107193,795.0360273075926,9322451.0
2024-11-19,787.1934814453125,804.1529305358586,784.3505420744752,802.8785321341356,13677029.0
2024-11-21,765.3814697265625,782.7820731049121,746.5593966407021,782.7820731049121,29486577.0
2024-11-22,799.9866333007812,803.8098885516449,768.6165301838633,770.5281578092952,20665405.0
2024-11-25,827.8275756835938,832.8761654605977,809.3976531392633,810.721055354177,23434605.0
2024-11-26,822.8770141601562,830.0333067307656,819.1027628532369,827.3864424008906,8893744.0
2024-11-27,817.6812744140625,825.9159499554146,815.7206430788567,821.9946872850031,8375108.0
2024-11-28,822.3377685546875,829.1509743675217,814.1521567162539,817.6812691634748,13505677.0
2024-11-29,822.4358520507812,827.4354380874087,815.181492082223,824.5434948634407,10822949.0
2024-12-02,819.93603515625,825.4257788732257,816.308855277593,822.4358281017708,6651119.0
2024-12-03,837.1405639648438,839.7383645454308,820.4261940455666,821.5045173305319,12186182.0
2024-12-04,842.7774047851562,846.9927502560289,833.562413429901,837.1405896069477,10749716.0
2024-12-05,848.4142456054688,854.2961398822408,838.7580999342011,843.0715130039896,14716036.0
2024-12-06,846.649658203125,858.2173712226388,840.1305350189066,848.2181393525192,14520568.0
2024-12-09,841.1598510742188,849.7866170280626,840.0815277676334,842.0911629301171,9630346.0
2024-12-10,850.423828125,851.8452977871689,841.1598332466929,844.8360169417576,7379849.0
2024-12-11,844.6399536132812,852.7275578551114,844.0027843308235,850.4238399742597,7006973.0
2024-12-12,836.8955078125,847.2868300848979,834.3957147957527,844.5419581482005,8845103.0
2024-12-13,844.5909423828125,845.91440442009,818.5635736543202,835.8171052852829,9379370.0
2024-12-16,844.0028076171875,849.3455401092758,840.9147892516194,842.8754206370667,6432713.0
2024-12-17,833.8074951171875,845.6202871717958,830.37639021472,841.6500206085419,8791216.0
2024-12-18,821.651611328125,835.2289595659852,820.5242243623587,834.2486438857434,8295338.0
2024-12-19,816.4068603515625,821.5045136920517,804.0549071102052,808.3682600646816,9453398.0
2024-12-20,796.016357421875,819.5439344885314,794.0557259996536,818.4656111397987,10244198.0
2024-12-23,804.9862670898438,807.780142922531,796.2124295415985,801.2120157160039,4933200.0
2024-12-24,796.0653686523438,809.9368600271976,793.2714927831553,808.0252324059893,10602771.0
2024-12-26,796.45751953125,806.6527671299033,792.0951026058469,796.9966812110812,8318714.0
2024-12-27,783.9094848632812,802.1923370345046,781.507699396533,800.2317056059302,10649800.0
2024-12-30,772.7828369140625,792.0460639180922,769.5478071437691,786.2131736679016,21515438.0
