Date,Close,High,Low,Open,Volume
2014-01-01,89.89635467529297,91.73429447990401,89.63611956927512,91.73429447990401,2362703.0
2014-01-02,89.93701934814453,90.56322229047981,88.8310085371857,89.89635699132333,4882590.0
2014-01-03,90.53070068359375,90.82347099884257,88.85541013021358,88.96926341441517,5907534.0
2014-01-06,90.75841522216797,91.8644328334452,90.27046685997712,91.06745315582278,9896413.0
2014-01-07,89.48973846435547,90.87226529238046,88.64396271847374,90.7584053922893,6572222.0
2014-01-08,88.99366760253906,89.6036030209134,88.39185936183145,89.29456510467003,5747161.0
2014-01-09,87.97708129882812,90.06712204693991,87.43220318003799,88.96923863421239,8731480.0
2014-01-10,90.0020980834961,90.57950497019208,86.46447245071678,88.33494117609435,14175420.0
2014-01-13,91.31954193115234,92.38489033667551,90.2704478784605,90.2704478784605,10086509.0
2014-01-14,90.04275512695312,91.57165726050748,89.39215734787078,91.49846633400529,7789176.0
2014-01-15,91.19756317138672,91.7343010112355,89.73371164109139,90.63641732718082,6949390.0
2014-01-16,92.9623031616211,93.33639817533923,90.27045376375081,90.27045376375081,9157779.0
2014-01-17,89.89635467529297,93.66982658566047,89.34334928406082,93.52343813394235,13427479.0
2014-01-20,93.2062759399414,93.96259975144984,89.79877174529571,89.88009645933604,25131145.0
2014-01-21,92.9623031616211,94.0113972827099,92.44996010293953,93.48278001547047,11808637.0
2014-01-22,94.499267578125,95.30045236777407,92.88053792012239,93.19937649342589,11182482.0
2014-01-23,94.5892105102539,94.89169569764277,92.38185038672339,94.1804413490712,10879074.0
2014-01-24,93.6653823852539,95.97901968545563,93.27296667619628,94.11502843457319,11475341.0
2014-01-27,93.28932189941406,94.67096702588873,92.49631369612855,93.19939135077605,10395826.0
2014-01-28,92.80697631835938,93.67356830190866,92.23469947209117,93.00318419216538,6148830.0
2014-01-29,93.44464874267578,94.14773301953018,92.38184894024168,92.38184894024168,6084537.0
2014-01-30,93.3956069946289,93.98423061857864,91.83410740532342,92.87237712470359,10363080.0
2014-01-31,94.02511596679688,94.77725398239436,93.1667006167354,93.51006941801789,5582318.0
2014-02-03,92.53717803955078,93.85340927450373,91.91584765073873,92.08753201060226,6035459.0
2014-02-04,90.8530502319336,91.84227285113913,88.94818210584585,91.84227285113913,11247314.0
2014-02-05,91.62972259521484,92.45543766273103,90.06004629551785,91.23730019371851,8453357.0
2014-02-06,92.9623031616211,93.47735629236136,90.74677299560469,91.417157075688,14235009.0
2014-02-07,91.83409881591797,93.82889088571325,91.00020711022101,93.19121368945808,7360232.0
2014-02-10,92.08753967285156,93.13398603876344,91.74417092455411,92.05483281823753,5573545.0
2014-02-11,92.07937622070312,93.42831461406618,91.61337665991984,92.54536912834173,7277715.0
2014-02-12,91.96490478515625,93.39559675004753,91.2454671194963,92.3082668648441,7565582.0
2014-02-13,90.77947998046875,92.5453574222621,89.89653460642822,92.3818497589002,5810537.0
2014-02-14,92.18565368652344,92.58624618237788,90.37071572976944,91.0002229755012,6368686.0
2014-02-17,91.72782135009766,93.1176365226835,91.07379068064549,92.38185201954981,4568244.0
2014-02-18,91.08194732666016,92.36548489391726,90.6568248239254,91.44166278497434,4919684.0
2014-02-19,92.47178649902344,92.87237897046681,90.9102868786844,90.9102868786844,3981935.0
2014-02-20,92.41455841064453,93.30567386266152,91.74417431657083,92.3736814940094,5843662.0
2014-02-21,93.45282745361328,94.01692756863974,92.46360474727022,92.46360474727022,7218552.0
2014-02-24,94.45023345947266,95.15331780037603,93.19939574000466,93.70627219936729,5553262.0
2014-02-25,97.49147033691406,97.77760874616789,94.83447082241426,94.83447082241426,8808392.0
2014-02-26,98.60330963134766,99.90320077147817,97.07451709559737,97.45058602125955,14611623.0
2014-02-28,97.65496826171875,98.92215251920034,96.38778400423715,98.59513722694703,9710274.0
2014-03-03,95.79915618896484,98.10461671769247,95.34133343784562,98.10461671769247,4983902.0
2014-03-04,96.17524719238281,97.25439393937529,95.6765474142414,95.81553161005199,7483320.0
2014-03-05,96.55130004882812,97.4505921807492,95.88909269378478,96.97641597385002,8959256.0
2014-03-06,95.62749481201172,97.26257170679362,95.40676342310311,96.79657878366773,6639689.0
2014-03-07,92.43907928466797,96.14253181894237,91.5561405715813,96.14253181894237,10568786.0
2014-03-10,91.11466979980469,93.4855310338745,90.76313096773477,92.2347000095712,11057661.0
2014-03-11,91.5397720336914,92.6352718570633,90.48514911905087,91.07377261289683,9583357.0
2014-03-12,92.66799926757812,93.19939923714402,91.40081472476716,91.54797563130296,6463502.0
2014-03-13,92.15293884277344,93.98422328518826,90.02733928477645,91.89132392822404,10502872.0
2014-03-14,89.53680419921875,92.2183267715043,89.04628129064388,92.2183267715043,11916583.0
2014-03-18,88.36772918701172,90.09273624691991,87.84450603103429,89.9292285948555,9710850.0
2014-03-19,89.12804412841797,89.9210522523134,86.4465146316213,88.38408297782932,11407527.0
2014-03-20,90.3134765625,91.53160727109731,89.2752002839157,89.43870794018764,9020099.0
2014-03-21,92.90509033203125,94.42571310751369,90.58327592167473,91.34359063598825,18198139.0
2014-03-24,92.02215576171875,94.01694839085188,91.75237071530415,93.36291758437247,5577475.0
2014-03-25,89.68397521972656,91.55614332752958,89.29973619454515,91.13102073249483,12271442.0
2014-03-26,89.20162963867188,91.18825179834424,88.94819142244074,90.07639832442783,7171944.0
2014-03-27,90.48515319824219,91.55612958591338,88.29414679958222,89.2751926533617,11772455.0
2014-03-28,90.26441955566406,91.47438015866405,90.00280465416587,90.59143485596515,6043870.0
2014-03-31,88.81737518310547,90.59961258154878,88.04889054943881,90.25624385113818,14219916.0
2014-04-01,91.73600769042969,92.05484634461621,89.43054667742923,89.43872339228422,10062365.0
2014-04-02,92.52901458740234,93.60816121965112,91.40080767028353,92.30009985706292,9579730.0
2014-04-03,91.71964263916016,92.88054297606676,91.18006605712083,92.38184330701307,4926777.0
2014-04-04,90.48515319824219,93.02769836658261,90.16630797324946,92.38183785699671,5485662.0
2014-04-07,91.05744171142578,91.66241873546103,90.16631962325691,90.41975783219088,6074761.0
2014-04-09,90.65684509277344,91.96491308907152,89.84748346732567,91.40080631232111,7705870.0
2014-04-10,91.7605209350586,92.36549792573517,90.01098371039072,90.74676815522145,7707032.0
2014-04-11,92.88872528076172,93.33019463695254,90.09274160298028,90.84487950844891,9419266.0
2014-04-15,96.23245239257812,96.69027516078572,92.39002247004106,92.39002247004106,12562215.0
2014-04-16,93.54276275634766,97.23803884369495,92.88873206146454,97.23803884369495,10558973.0
2014-04-17,95.7909927368164,96.39596979558699,93.77984703061642,94.32760039578983,10124914.0
2014-04-21,89.30789947509766,92.92142129912169,88.95636067934382,92.54535236331819,30447885.0
2014-04-22,86.74901580810547,90.73043024302136,86.00505457726534,89.76573099591583,22678964.0
2014-04-23,85.79249572753906,88.08160317823906,85.18751866048292,87.14961076108293,24026852.0
2014-04-24,85.79249572753906,85.79249572753906,85.79249572753906,85.79249572753906,24026852.0
2014-04-25,84.90137481689453,86.43835085627273,84.53348257148424,86.25031305006559,16380214.0
2014-04-28,86.59368133544922,86.92069666292187,84.69698977485025,85.03218181613849,17001873.0
2014-04-29,85.80885314941406,87.72189170589338,85.51453798999924,86.82259945126984,12142039.0
2014-04-30,85.40824890136719,86.6427330661476,84.63158751564262,86.49557218012407,12933250.0
2014-05-02,86.41381072998047,86.78987964579788,84.72968064828908,84.72968064828908,11406002.0
2014-05-05,85.1466293334961,86.49556745608092,84.86866765704669,85.6780291999689,9324157.0
2014-05-06,84.18195343017578,85.84155375564465,83.98574554069909,84.86050765511652,6864216.0
2014-05-07,82.75125885009766,84.14925083427609,81.75385934829573,83.40528956520855,19753024.0
2014-05-08,83.54425811767578,84.32091950836401,82.01546547736523,82.67766618270018,8245048.0
2014-05-09,84.03478240966797,84.68064300396907,83.06191314102415,83.06191314102415,7870920.0
2014-05-12,83.70777893066406,84.36998639318584,82.04000185504445,83.9366936841929,15789041.0
2014-05-13,86.52826690673828,86.72448140902148,83.79769048558775,84.20645961010558,10280002.0
2014-05-14,85.76798248291016,86.97793676155689,85.36738996181394,86.82260578233328,7430344.0
2014-05-15,84.45173645019531,86.16039037092838,83.87945957174873,85.89060536091851,7792808.0
2014-05-16,82.21168518066406,86.82260055988984,81.34509312087803,85.18752371242363,25742985.0
2014-05-19,78.81889343261719,82.54686963068772,77.61710939961847,82.28525469803066,19265787.0
2014-05-20,80.87908172607422,81.54128908305088,79.03962054177445,79.46474312118123,16365750.0
2014-05-21,80.62565612792969,81.44319449243221,79.49744919302965,81.09982571808345,12196572.0
2014-05-22,79.05598449707031,81.26333821218529,78.81889968792763,80.9199694174651,12029212.0
2014-05-23,80.11875915527344,80.69103586381519,78.55725994848099,79.08865974926977,14296044.0
2014-05-26,82.73490142822266,83.37257868342405,80.13512546923386,80.60930170669248,14282455.0
2014-05-27,83.09461975097656,84.80328029137223,82.2852580836622,83.66689661820915,11082119.0
2014-05-28,84.08383178710938,84.32091655691846,82.28524757689165,83.7159395622921,10316232.0
2014-05-29,81.72113800048828,84.09199872938235,80.94447672722987,84.04294510781116,13870204.0
2014-05-30,82.7676010131836,83.29082422548251,79.30123974691622,81.75385479188995,12537148.0
2014-06-02,81.60669708251953,82.89840495672276,81.4268359922738,82.84935132727902,6344137.0
2014-06-03,80.80550384521484,82.39152680960675,80.46214175261206,82.39152680960675,9857490.0
2014-06-04,80.45394897460938,81.2714871077722,79.33391907091936,81.09980276917953,9311779.0
2014-06-05,81.90917205810547,82.16261023435823,80.1759883880637,80.69104145331472,11030386.0
2014-06-06,83.24995422363281,83.50339246329534,80.93632316693876,82.40789231616613,11962813.0
2014-06-09,83.67506408691406,84.38632506171241,82.58774082057452,83.38892568491485,8521507.0
2014-06-10,85.84154510498047,86.05410640263635,83.68324523194977,83.68324523194977,16908369.0
2014-06-11,86.28302001953125,87.88539658917685,85.62898930972851,86.0704653613609,15362652.0
2014-06-12,87.01062774658203,87.304936220612,85.47365170607127,86.99427431884973,10738871.0
2014-06-13,86.7244873046875,87.58290252453138,85.84154194381898,87.02697248550814,8781208.0
2014-06-16,87.65647888183594,87.9671407736398,86.50374855169015,86.88799421278665,10475762.0
2014-06-17,87.65647888183594,88.62117141166365,87.26405650713541,88.13064843314577,8907992.0
2014-06-18,86.74085235595703,88.17154469048967,86.3566132637125,87.9426365782225,7503672.0
2014-06-19,87.83633422851562,88.28598029683135,86.3075415881284,86.33206507605175,9614216.0
2014-06-20,87.77093505859375,88.83373487136474,86.85528948171812,88.37591208292693,6430521.0
2014-06-23,86.88800048828125,87.80363945576055,86.49557808523797,87.32946987020378,5227870.0
2014-06-24,86.87163543701172,87.31310475986842,86.20125141305441,87.31310475986842,5683054.0
2014-06-25,86.52010345458984,87.31311162483314,86.00505032647507,86.83894206543587,6327177.0
2014-06-26,87.55020141601562,88.27781587739193,86.51193169289832,86.82259360778352,15367004.0
2014-06-27,89.26702880859375,89.76572852011523,87.68918249424004,88.29415952731713,9975757.0
2014-06-30,89.34060668945312,90.4197532211243,88.89096063797092,89.75754588740362,7637256.0
2014-07-01,87.99984741210938,89.58587714785041,87.64013186551176,89.58587714785041,7511603.0
2014-07-02,88.43314361572266,89.70850473882858,88.03255116538107,88.6211747700226,8601720.0
2014-07-03,90.82853698730469,91.24548290555029,88.97272879509363,89.43872169524906,11954487.0
2014-07-04,89.39784240722656,91.49074200458018,88.93184951941278,91.48256529009691,6069662.0
2014-07-07,91.17190551757812,91.4008136096482,89.76573680016315,89.76573680016315,10440258.0
2014-07-08,89.88836669921875,91.37628924284499,89.60222826030174,91.23730505411321,6899800.0
2014-07-09,89.16075897216797,90.73043535751933,88.50672825379566,89.80661297593173,5230830.0
2014-07-10,89.07081604003906,91.237292493583,88.29415466990066,89.27520061112811,8830440.0
2014-07-11,90.39525604248047,91.02476335902286,89.44691003635828,89.98648678580241,8164419.0
2014-07-14,88.09793090820312,90.7467531407038,87.80361584833807,90.25623025864284,7536115.0
2014-07-15,87.61560821533203,88.68658479210232,87.34581656602057,87.99167718964412,5002286.0
2014-07-16,87.52567291259766,88.24510396540545,87.10872704313559,88.24510396540545,4709188.0
2014-07-17,87.86087036132812,89.05447770015769,87.31311699767696,87.61560885279373,8838776.0
2014-07-18,89.44688415527344,90.74676868476438,88.98088467623728,89.12804555794827,18881307.0
2014-07-21,89.92544555664062,91.31983547011558,89.52115789036446,90.7670294452278,10758551.0
2014-07-22,92.20264434814453,92.57393008319663,89.53764053568707,89.7934164960701,9952509.0
2014-07-23,94.20759582519531,94.50462577026184,91.48483363869398,92.32641064944977,11906023.0
2014-07-24,95.18944549560547,95.70924961341638,92.67295300074471,94.7191474910881,16010123.0
2014-07-25,90.9320297241211,91.58384116143576,87.45844381828738,87.45844381828738,37826694.0
2014-07-28,91.92212677001953,92.21090458932885,89.93368387130114,91.11355156175905,8974499.0
2014-07-30,90.88253021240234,91.93038389945596,90.59375237741278,91.89738206121717,10444200.0
2014-07-31,89.83466339111328,90.92376409944544,89.28185754332574,90.76700036656197,19032640.0
2014-08-01,88.44855499267578,90.12347064212864,88.28353906944979,89.7686823784837,9160120.0
2014-08-04,90.53600311279297,90.75877056238502,88.44854782445088,88.48154966351845,13701191.0
2014-08-05,90.68450927734375,91.03104535294267,89.72741571501192,90.72576325231914,5606233.0
2014-08-06,90.98979949951172,91.17956511553089,90.065707691775,90.065707691775,10141154.0
2014-08-07,91.19607543945312,91.50135087305163,88.28354032440355,90.2637314312639,11688173.0
2014-08-08,90.43699645996094,91.02280431897736,89.29013715864184,90.90729451785799,5295833.0
2014-08-11,89.59539794921875,90.84126928488656,89.14160424324473,90.79176317405935,7036227.0
2014-08-12,89.7274169921875,90.01619482112567,89.29012753702969,89.93368687000047,6273417.0
2014-08-13,90.8000259399414,91.01454796896031,89.55415445844183,89.6201648521094,7116979.0
2014-08-14,90.09046173095703,91.10531368350789,89.68617406354909,91.03930328576848,5863006.0
2014-08-18,90.3709716796875,90.54423298365937,89.29836844989045,89.93367556498526,6409262.0
2014-08-19,90.3297348022461,91.15481436591064,89.76867667024541,90.23072256880049,6288387.0
2014-08-20,91.11357116699219,91.58386254521037,90.32974548877975,90.32974548877975,5953427.0
2014-08-21,90.94853973388672,91.40233347024615,90.37922949302434,90.9897937099194,6576259.0
2014-08-22,91.90563201904297,92.08714548230728,90.47824043982067,90.96503600720864,7688910.0
2014-08-25,91.64159393310547,92.60693953951409,91.42707194117983,91.93862386696301,8394749.0
2014-08-26,90.90727996826172,92.45017454491317,90.12345447356022,92.19440528141118,6642617.0
2014-08-27,92.1696548461914,92.5409406309187,90.42873571267836,90.42873571267836,7728291.0
2014-08-28,93.27525329589844,93.73729913738873,92.1696481600382,92.1696481600382,16372438.0
2014-09-01,93.37425994873047,94.5623729599138,92.99472207605031,93.39900964530189,5776318.0
2014-09-02,92.57394409179688,93.67130390349287,92.26041655389199,93.5640395350937,7273342.0
2014-09-03,95.24720764160156,95.7092535270444,92.45843476684826,93.06074685993937,15111425.0
2014-09-04,95.23894500732422,96.09702629171487,94.40561342060768,95.70099084184649,6938174.0
2014-09-05,96.02278900146484,96.33631656686265,94.96668307396402,95.87427735775327,6107427.0
2014-09-08,97.80496978759766,98.18450777944055,95.38748232107623,96.18781228834243,6592137.0
2014-09-09,97.02938079833984,98.01947624671006,96.02278107335765,97.86270576243986,4390430.0
2014-09-10,95.98151397705078,97.35939930683472,95.79174839452384,97.02936753582189,5302196.0
2014-09-11,94.71915435791016,96.83135939061081,94.33137099044518,96.53433611834477,7183838.0
2014-09-12,94.88416290283203,95.5277289432992,93.93532147523914,94.9666708530575,6343166.0
2014-09-15,93.77030944824219,95.04918944407898,92.82146798145465,94.88416682229712,6813182.0
2014-09-16,92.31817626953125,94.87592287189577,91.74886600900622,94.05908874662578,8629875.0
2014-09-17,93.6218032836914,94.32312093052484,92.15316430906968,92.73896544245984,7400472.0
2014-09-18,96.00627899169922,96.5178310041917,93.15150237406122,93.27526430793702,8558883.0
2014-09-19,97.09539031982422,97.83796195079645,95.18945512409249,96.02278685286431,9152573.0
2014-09-22,95.95677185058594,96.60033116902942,95.23069786836565,96.60033116902942,4569012.0
2014-09-23,96.15480041503906,97.93697366272791,95.04919511330634,95.5854968439132,10665090.0
2014-09-24,97.81320190429688,98.34950358105822,96.7158421369844,97.02937637672262,11015709.0
2014-09-25,96.1300277709961,98.62177038452751,95.11518273789335,97.68943329605145,9049005.0
2014-09-26,97.12837982177734,97.5244220033601,95.2141994449265,96.3693107241433,5670969.0
2014-09-29,97.82970428466797,98.82805187502753,96.4188169226321,97.06238299515586,5676633.0
2014-09-30,98.48151397705078,98.84455434108744,97.06238121718836,98.84455434108744,13164455.0
2014-10-01,101.60856628417969,101.92209380529185,98.69603164910326,98.69603164910326,14933617.0
2014-10-07,102.0623550415039,102.62340638289926,100.83298128676162,101.31978353491455,11137186.0
2014-10-08,97.94519805908203,102.12010120855159,97.21913086548446,101.81482585614704,12409324.0
2014-10-09,96.90562438964844,99.3231048947114,96.20430674042025,98.47327560557027,14277697.0
2014-10-10,96.48482513427734,98.89405331771033,95.74225356204192,95.74225356204192,21075376.0
2014-10-13,96.46006774902344,96.6993461803915,93.4155256764023,96.33630582156312,12509735.0
2014-10-14,95.71749114990234,97.85445235659975,95.42046791123124,97.35940467279599,10770471.0
2014-10-15,95.71749114990234,95.71749114990234,95.71749114990234,95.71749114990234,10770471.0
2014-10-16,94.60364532470703,96.46832650255215,93.34127626384856,95.70100518548361,11741991.0
2014-10-17,93.38252258300781,95.95677332537439,92.42542901394772,94.93366936718112,17418992.0
2014-10-20,91.81486511230469,94.88415662904042,91.31981744368468,93.56402951272042,8591699.0
2014-10-21,94.60364532470703,94.8841710366184,92.04589864845894,92.24391640307198,8013187.0
2014-10-22,96.31155395507812,96.8231059295444,95.04918500918906,96.17128775463972,6701528.0
2014-10-27,91.55084228515625,92.16139976877692,90.28847334314983,90.7587646267635,15869937.0
2014-10-28,91.36931610107422,93.15148903661685,90.7670107949227,91.64984848263774,12304604.0
2014-10-29,91.88087463378906,92.45017814605566,91.51784099658386,91.69110903453826,8714024.0
2014-10-30,92.45016479492188,92.93696700137683,92.06238151451645,92.07887907343039,16102619.0
2014-10-31,93.01950073242188,93.56404790332708,92.35118490552043,93.23401605937724,15541249.0
2014-11-03,93.2175064086914,94.05908347293004,92.63995075666885,94.05908347293004,17221563.0
2014-11-05,92.24391174316406,93.89407080576909,91.88087809229384,93.89407080576909,20365973.0
2014-11-07,91.32807159423828,92.90397483284784,90.49474664403631,92.85447543286647,16182107.0
2014-11-10,92.21915435791016,92.40891994848977,91.0970449459473,91.41882459343675,9631533.0
2014-11-11,91.96339416503906,92.57395172920728,91.55910650190843,92.49144376879225,6780963.0
2014-11-12,91.75711059570312,92.58219007694814,91.22080893289386,91.41882666548986,9857442.0
2014-11-13,92.21089935302734,93.13499100814717,91.42707388798391,92.24390118760013,10238813.0
2014-11-14,93.052490234375,93.72905139604549,92.52444069698204,92.72245843419013,11654013.0
2014-11-17,93.09375762939453,93.39903305986424,92.24392159270128,93.08550549029748,8023832.0
2014-11-18,93.4402847290039,93.72906258864992,92.78847318870591,93.22576940487885,10522589.0
2014-11-19,93.2175064086914,94.22409937350791,92.45843058022751,93.89406757235217,8782771.0
2014-11-20,94.37261962890625,94.88416490237572,92.92873046953271,93.89406947880528,7056403.0
2014-11-21,94.40562438964844,95.15644811867153,93.58879698281619,94.55413602197629,9837416.0
2014-11-24,95.60198974609375,96.14654358891079,94.4221286820856,94.51288206045966,7734355.0
2014-11-25,95.96503448486328,96.93038035017369,95.26371679035161,96.36932888037049,21391759.0
2014-11-26,95.67623138427734,96.3693034712571,94.63662996832124,96.3693034712571,7530686.0
2014-11-27,96.03927612304688,96.53432379967055,95.54422844642322,95.66799036557913,10689266.0
2014-11-28,96.66632843017578,97.35940052961817,95.73399135116033,96.61682903551302,10470797.0
2014-12-01,97.78843688964844,99.15807008658508,96.87259737928929,97.02936784262694,16086603.0
2014-12-02,97.51617431640625,98.18449007278753,96.28680717031796,98.18449007278753,4880788.0
2014-12-03,97.99473571777344,98.34952400632972,96.5838481322232,97.62344986444525,6027475.0
2014-12-04,97.80496978759766,98.341271574143,97.30992198463272,97.97823786153849,5007316.0
2014-12-05,95.51947784423828,97.52442508523139,95.16469634021585,97.52442508523139,5534057.0
2014-12-08,93.78681182861328,95.75050511410247,93.3082683930187,95.37921933025738,5169513.0
2014-12-09,91.89737701416016,95.00792263722046,91.67460286788305,93.89406533486296,8176680.0
2014-12-10,91.11357116699219,92.28518025729518,90.98980921780075,91.74887847746562,6930787.0
2014-12-11,90.1482162475586,91.4188374557458,89.88418809659107,91.07230806143008,7026376.0
2014-12-12,89.62841033935547,91.40233126598048,88.94359032501964,90.14820773902596,5749913.0
2014-12-15,89.3643798828125,90.08220171555595,86.6086157650573,88.67956660084978,7921518.0
2014-12-16,88.57229614257812,90.70925050379752,88.28351834472379,88.94358188267655,9925832.0
2014-12-17,88.30828857421875,89.60365944143719,87.07066924689978,88.28353215896362,11679591.0
2014-12-18,88.77030944824219,89.11684547424632,87.62345045096292,88.76206402603849,7240270.0
2014-12-19,90.84951782226562,91.50958136843452,89.76866242251133,89.83467280583639,9080637.0
2014-12-22,91.60859680175781,91.90562675086271,90.56899533714757,91.74885628153385,8270136.0
2014-12-23,91.1548080444336,91.831369211011,90.57725238992121,91.831369211011,7233075.0
2014-12-24,90.01618957519531,91.55083871959098,89.12510644077916,91.15480326307578,10663885.0
2014-12-26,90.3297348022461,90.51124827754349,89.29013320912586,90.19772072915684,3878548.0
2014-12-29,90.78351593017578,91.15480168216222,90.32972223330349,90.42872773845828,5040377.0
2014-12-30,91.17955017089844,91.56734019252593,90.44523081405305,90.75875831465689,4333129.0
2014-12-31,91.61685180664062,91.83136710177817,90.79176560463118,91.08879556303233,3576239.0
2015-01-01,91.1548080444336,91.4848398470121,90.84127380327548,91.17955774382129,1082549.0
2015-01-02,91.96339416503906,92.45018978858474,91.25382436256682,91.31983475960784,4198953.0
2015-01-05,92.1283950805664,93.23400022715067,91.66634923459442,91.9221252131248,3838601.0
2015-01-06,89.97494506835938,91.81487649351322,89.45514763768071,91.58385019081138,12396695.0
2015-01-07,89.29013061523438,89.93368997039134,88.83633686840166,89.63665999319794,8305581.0
2015-01-08,89.9336929321289,92.22741815673008,89.63666294515357,91.77362439495282,7792131.0
2015-01-09,91.33631896972656,92.40892229830868,89.64490602850093,90.62674927099252,13587116.0
2015-01-12,91.75711059570312,92.24390614673487,90.37922517621834,90.75876308049385,4421790.0
2015-01-13,92.98648071289062,93.5145369697228,91.58384554902291,91.93038162825475,6312675.0
2015-01-14,91.0805435180664,93.9765738650291,90.75876386051813,93.39901822319379,9723858.0
2015-01-15,92.326416015625,93.06898756419403,90.96503484324845,92.408923965466,6993422.0
2015-01-16,91.59209442138672,92.96997983668832,91.23731293133406,92.54093582193786,8304680.0
2015-01-19,96.40231323242188,98.76204191931123,96.09703113498162,97.5409202440643,32334205.0
2015-01-20,97.4254150390625,98.01947498625125,96.1877957445146,96.71584530061882,13390593.0
2015-01-21,97.1448974609375,98.1844990981473,95.15645428527307,97.29340910288963,17701408.0
2015-01-22,98.95065307617188,99.47490991700067,97.311327025278,98.19340448169437,19458651.0
2015-01-23,100.15725708007812,100.52340725991819,98.23500249607355,99.72454460613346,19277835.0
2015-01-27,99.61637115478516,100.81466863871557,99.02555201194079,100.25712726016373,15764550.0
2015-01-28,101.06430053710938,101.85484034589106,99.15036205269055,99.19196941104748,16769969.0
2015-01-29,100.30706024169922,102.27092920386094,99.82441074945541,101.18913772501267,13488321.0
2015-01-30,100.94778442382812,101.53028738258942,99.38335061482422,101.00603742851638,9393192.0
2015-02-02,104.03506469726562,104.46778394478892,101.35555480923654,101.85484312313365,15948657.0
2015-02-03,103.44425201416016,104.52604342790897,102.81181875633145,103.85200280801301,8465539.0
2015-02-04,103.0531234741211,104.8339169288596,102.56215803535181,103.71884115978263,8923261.0
2015-02-05,106.22361755371094,107.03080304945348,103.33606405041678,103.34438687685324,12263607.0
2015-02-06,107.05577850341797,108.96139448862299,105.84916490410068,106.18202382805028,11074311.0
2015-02-09,107.8130111694336,108.17915455414321,105.78256674398524,106.49821463393583,6794574.0
2015-02-10,106.94759368896484,108.51202780023475,106.07383230997225,106.68130386184028,11140578.0
2015-02-11,106.24858093261719,108.01273573958925,105.37482635569857,107.51344740992145,14166503.0
2015-02-12,107.6465835571289,108.67844466671549,106.72289886801954,107.09736508479111,9639757.0
2015-02-13,109.95994567871094,110.49251847872284,107.6465794042699,107.84629335777055,9239165.0
2015-02-16,110.09310150146484,111.05007078019003,109.8434573417974,109.99324112878537,5117465.0
2015-02-18,111.34133911132812,111.67419804114337,109.09454133507523,110.17633285697477,6045571.0
2015-02-19,109.7602310180664,111.34131052880859,109.01129861824116,111.34131052880859,7382040.0
2015-02-20,108.17916107177734,110.00988487765456,107.76308747953253,109.76024072230766,4849774.0
2015-02-23,108.13755798339844,109.51060089203406,107.1056967882846,108.17916534426618,5689865.0
2015-02-24,108.67845916748047,109.81018079468866,108.11260173989224,108.59524444153915,8433603.0
2015-02-25,110.47589111328125,110.77546546076877,108.52866801265922,108.769989347124,9829069.0
2015-02-26,109.49394989013672,111.3246736788874,108.4121585604204,110.47588762186707,10478408.0
2015-02-27,108.89480590820312,109.61045382091956,107.96279837926578,109.3441640206429,12264620.0
2015-03-02,110.5923843383789,112.24003300169225,108.84487530733651,109.86009754846874,9859640.0
2015-03-03,111.91549682617188,112.672752093093,110.3427400545855,110.67559891722944,9609805.0
2015-03-04,109.7602310180664,112.13185028417969,109.22765822148567,111.88220615090461,8693384.0
2015-03-05,111.14160919189453,111.49110695493161,109.05291835200683,109.82681254418942,7213278.0
2015-03-09,109.86009979248047,111.00846018466676,109.18605922661848,111.00846018466676,7593752.0
2015-03-10,108.89480590820312,110.14302664944194,107.34701083466082,108.34558742765186,9328397.0
2015-03-11,108.9697036743164,112.77261911317012,108.26237854947286,109.43570746391372,12190748.0
2015-03-12,109.06122589111328,109.33583172158112,107.59664566054735,109.144440599986,6275689.0
2015-03-13,106.39004516601562,109.57716619000193,105.17510891607776,109.57716619000193,10007634.0
2015-03-16,107.55504608154297,108.33726304708895,105.94899802097592,106.71457610676269,8820568.0
2015-03-17,107.08072662353516,108.41216215035173,106.39004715281158,108.17916364197134,7882840.0
2015-03-18,105.08357238769531,107.84630378979122,104.64253708221858,107.6798743504368,8925624.0
2015-03-19,105.69104766845703,106.96423021604681,105.26665122858329,106.13208298964004,7848403.0
2015-03-20,108.62020111083984,109.29424171409724,105.95733000426752,106.29851171920338,12037719.0
2015-03-23,107.36367797851562,109.92668903810487,106.71459899992169,108.62853785294926,6133273.0
2015-03-24,108.55363464355469,109.59381869448826,107.03080790180056,107.34702114447174,7011000.0
2015-03-25,110.02653503417969,110.50085488553677,107.60498527378057,108.34559494388756,5859475.0
2015-03-26,105.16679382324219,109.49395952278664,104.05171786276591,109.49395952278664,12227282.0
2015-03-27,101.87979888916016,106.78115096906537,101.28065023860897,106.46493099215138,13652951.0
2015-03-30,103.75215148925781,104.0101185110053,102.55386071149938,103.18629402454839,6814467.0
2015-03-31,104.6591796875,105.61614899784414,102.88670880410997,103.69389432251717,9010840.0
2015-04-01,105.38314819335938,105.92404387875708,103.21956545176852,103.75213831067693,6354889.0
2015-04-06,103.37767791748047,104.6758289903086,102.75356747593153,104.6758289903086,7872158.0
2015-04-07,102.36245727539062,104.50107846647767,101.38052620634977,103.75214592404697,9890882.0
2015-04-08,102.57048034667969,103.68556295581895,102.037907520064,102.18769807169494,9541026.0
2015-04-09,102.71194458007812,103.90191903855779,101.86315179912145,103.43591529160179,7049918.0
2015-04-10,102.8034896850586,103.50249197092373,102.27923289163635,103.22788610677244,5738526.0
2015-04-13,103.88526916503906,104.1432361191224,102.32915138720595,103.00319188915586,4619465.0
2015-04-15,100.96443176269531,103.68555548151055,99.98250089603236,103.68555548151055,7315918.0
2015-04-16,100.18222045898438,101.22240438959808,98.2017061918774,101.02269042932642,13076860.0
2015-04-17,97.66912841796875,99.30846091824671,97.36123805334827,99.20027773173375,8342621.0
2015-04-20,95.76354217529297,98.36816069259575,94.94803370261867,97.66915826746958,7922147.0
2015-04-21,96.22120666503906,97.9271084525141,91.62775133824496,94.53194375861327,21048960.0
2015-04-22,90.6291732788086,93.741402454336,90.20477685213866,93.53336565420673,33440956.0
2015-04-23,88.91494750976562,91.36145889236825,88.63201881975586,91.36145889236825,16233670.0
2015-04-24,87.07591247558594,89.64725305144877,85.29511860713552,89.1313190163877,19017589.0
2015-04-27,88.84004974365234,89.16458577167904,86.23543192165747,87.97461807823757,9816226.0
2015-04-28,88.58208465576172,89.4641619913802,87.37547128523546,88.70690672857478,16379558.0
2015-04-29,90.14651489257812,90.98697800092474,88.24089271805028,88.70689642348952,15025078.0
2015-04-30,89.6389389038086,90.21311924227653,88.83175323544732,89.38097186129903,16950219.0
2015-05-04,90.06331634521484,90.63749656205938,88.96487932618344,89.72213463687696,5264457.0
2015-05-05,90.68741607666016,91.26159622593521,90.07994462548935,90.71237778105149,8626659.0
2015-05-06,88.59873962402344,90.49603262147534,88.11609016184246,90.49603262147534,14824806.0
2015-05-07,89.56402587890625,90.32127439944571,87.39212037218245,88.37405134142928,12131047.0
2015-05-08,89.95513153076172,90.62084928258164,89.22284471257227,90.05499190234717,8303757.0
2015-05-11,90.1215591430664,90.58756291430645,89.38927233971135,90.3628804688063,11205821.0
2015-05-12,88.8483657836914,90.60419745767264,88.31579301272866,90.28797750751681,7637918.0
2015-05-13,90.24637603759766,90.4377739395984,88.14936934546155,89.03976270614368,8023000.0
2015-05-14,89.2894058227539,90.33791254284868,88.71522566737812,90.33791254284868,5469907.0
2015-05-15,89.61392974853516,90.13818642384058,89.03974967065463,89.20617907131738,5391273.0
2015-05-18,90.5792465209961,90.70406860579844,89.10634998354733,89.70549192737968,5679331.0
2015-05-19,91.96893310546875,92.3267536986345,90.4710681204433,90.70406663152362,12356226.0
2015-05-20,93.86622619628906,94.01601675825289,91.9772560808905,92.32675384807665,7847779.0
2015-05-21,93.90782928466797,94.21572644911507,92.95086003066831,94.19908079675481,7785822.0
2015-05-22,93.28370666503906,93.68314132100913,92.30177583333588,93.29202949012743,10580120.0
2015-05-25,93.7164306640625,94.11585856852321,92.78442319094681,93.36692616863648,8279640.0
2015-05-26,92.90924072265625,93.83292532517055,92.55142019121017,93.29202972943148,6425326.0
2015-05-27,91.92732238769531,92.81772258286772,90.87881558206148,92.57639448202377,8946008.0
2015-05-28,92.29346466064453,92.81772144303898,90.0799518252737,92.11871239984637,12361740.0
2015-05-29,93.48342895507812,94.0326406117471,92.30177738945333,92.30177738945333,17654976.0
2015-06-01,93.79134368896484,94.52363737489942,92.99248092795987,93.20051775259492,4461161.0
2015-06-02,91.33649444580078,93.53336160566934,90.87881350532687,93.52504555164913,5428366.0
2015-06-03,90.8039321899414,92.90926205249541,90.54596518449803,91.57782643423978,9938402.0
2015-06-04,91.98556518554688,93.35029193307143,91.03691878624217,91.03691878624217,12418162.0
2015-06-05,92.50150299072266,94.02433640637035,91.63607127052443,92.25185883458676,9048973.0
2015-06-08,92.36836242675781,93.48344512752072,91.61942992315784,92.50150733735966,6071763.0
2015-06-09,90.4627456665039,92.75947334074249,89.97178016268516,92.0687870871393,6360473.0
2015-06-10,93.65817260742188,94.35718156058327,90.1548321046684,90.28797698965296,9516498.0
2015-06-11,90.87881469726562,94.1990805727541,90.3795263920183,94.03265113767165,10654536.0
2015-06-12,89.43087005615234,92.26849296426232,88.04118171840018,90.87880462651016,11815543.0
2015-06-15,90.02169036865234,91.20333509176155,88.51550288519557,89.20618221346216,5508510.0
2015-06-16,89.92184448242188,90.94538278840372,89.04808995759753,90.37120259792535,6020206.0
2015-06-17,90.96202850341797,92.1936036018759,90.0549894457129,90.20477322697394,7280782.0
2015-06-18,92.55142974853516,93.2670776573589,90.65413016895377,91.12013393088766,9528344.0
2015-06-19,93.4584732055664,96.15463553685548,92.66793336976983,92.94254600752842,27555342.0
2015-06-22,93.23380279541016,93.7913373847379,92.04382817526317,93.18387260644742,8081059.0
2015-06-23,92.76779174804688,93.8662219593773,92.36835703953766,93.8662219593773,5694782.0
2015-06-24,94.09922790527344,94.53194037754733,92.70121657354031,92.86764601026822,7592163.0
2015-06-25,91.89403533935547,93.84958116708438,91.49460063898377,93.78300533100696,11733234.0
2015-06-26,92.975830078125,93.4251882070926,92.21857477951471,92.21857477951471,4171246.0
2015-06-29,91.93563842773438,92.36003481440603,90.24637570667475,92.05213767042075,4477214.0
2015-06-30,90.98699188232422,92.29346566746189,90.7040631947237,91.86906925004556,8373885.0
2015-07-01,91.99390411376953,92.5347998574917,90.07996532829102,90.54596916959655,6424723.0
2015-07-02,92.49317169189453,93.28371144724328,91.37809591770346,92.5264629939547,5362553.0
2015-07-03,91.46131896972656,92.26850444971771,91.20335198741786,92.10207501236128,4578990.0
2015-07-06,91.54454803466797,91.82747676810641,90.4877182330227,90.62918598575803,3867641.0
2015-07-07,92.16863250732422,93.58328254725386,91.98555744040357,92.11870232797948,4165118.0
2015-07-08,91.99390411376953,92.99248087141048,91.36979364024393,91.71929821423109,5195982.0
2015-07-09,90.68741607666016,92.60967724773793,90.41280346820305,91.98556014561923,3664431.0
2015-07-10,91.31153106689453,92.26850028853602,90.79559712554504,91.53620673397447,5939475.0
2015-07-13,93.14226531982422,93.53337046094762,91.3864332820937,91.3864332820937,4831150.0
2015-07-14,94.09922790527344,94.43208677872926,92.51814825635827,92.78443129190426,3293913.0
2015-07-15,96.15462493896484,96.49579983392243,94.29061000869756,94.53193131441041,8716285.0
2015-07-16,95.74687957763672,96.86196225578293,95.23095237106216,96.34602827717704,4637732.0
2015-07-17,94.5901870727539,96.51244829300444,94.06593709088133,96.02980566753543,5034174.0
2015-07-20,95.81184387207031,96.5027162317843,94.69970955069589,95.03671912002423,3991263.0
2015-07-21,97.15989685058594,98.59218773695041,95.60122735660106,95.6349269473375,8343864.0
2015-07-22,98.50792694091797,99.18194612414679,97.05878981086259,97.73280899409143,5474926.0
2015-07-23,99.25776672363281,100.0581644618873,96.83130053341017,99.01343615377692,11890199.0
2015-07-24,95.5001220703125,98.74384653401073,95.2389450988099,98.24675185707231,12045388.0
2015-07-27,94.6407470703125,96.00563185758237,94.32058383146305,95.2052340451757,5267502.0
2015-07-28,93.79822540283203,94.74184820716891,93.26743114744427,94.61546960204966,8265859.0
2015-07-29,95.1799545288086,95.71074187798156,93.84876942221379,93.8571891765836,6008291.0
2015-07-30,94.69972229003906,95.99721479167827,93.63814748902976,95.71075113403128,5578062.0
2015-07-31,96.02249908447266,96.38478172033287,94.85981851947477,94.86823827565094,7047102.0
2015-08-03,96.11515808105469,97.0419344374494,95.8792472582677,96.21625684241123,3455284.0
2015-08-04,94.3374252319336,96.1994044387475,93.94143625282977,96.1994044387475,7786595.0
2015-08-05,96.94926452636719,97.3958063811388,94.33744000421147,94.57334399265362,5696430.0
2015-08-06,96.3173599243164,97.69067805742989,95.87924473387388,97.56429946670347,5022969.0
2015-08-07,95.89610290527344,97.04193689163505,95.3821619051615,96.31736489610655,4219929.0
2015-08-10,94.94406127929688,96.62910937983249,94.37956742302613,95.71917929165629,3854564.0
2015-08-11,95.39901733398438,95.61807494557998,93.52861130883142,95.37373750006303,6672931.0
2015-08-12,97.35366821289062,97.95185472215927,94.74183715529134,94.74183715529134,7323971.0
2015-08-13,96.24996948242188,97.64856071795205,95.34003943276802,97.319970867076,5510921.0
2015-08-14,96.93241882324219,97.36210748797072,95.48328147692476,96.24997978356134,4568222.0
2015-08-17,97.03351593017578,97.56431018341695,95.85398228716623,97.02508931857295,2212863.0
2015-08-18,96.24153900146484,98.99659516102462,95.7949971777943,97.34524678750931,7479918.0
2015-08-19,98.53321075439453,98.87022035962235,96.38476766458923,96.67123131421525,5814979.0
2015-08-20,97.18516540527344,98.8028072811605,96.67964417699173,98.57532992773508,6423955.0
2015-08-21,97.05879974365234,97.22730455670398,94.98618917182162,96.85658848280768,7385267.0
2015-08-24,91.7256088256836,96.72177327420118,90.33544426154711,95.87082954133615,11884861.0
2015-08-25,91.21167755126953,92.93042527886077,89.02111497425678,92.56814267217695,15297276.0
2015-08-26,92.83773040771484,93.7897865559675,91.51497196057898,91.8182819445929,11044007.0
2015-08-27,92.9051513671875,93.93303346252479,92.10475351054106,93.93303346252479,12857543.0
2015-08-28,94.9693374633789,95.28107411509025,93.07365828629815,93.40224130569645,5714915.0
2015-08-31,96.35105895996094,96.8902729060169,94.48065994178457,94.96932108054337,8954392.0
2015-09-01,95.06201934814453,96.38477807768342,94.36272022786005,96.26682607440614,7103043.0
2015-09-02,93.39380645751953,95.91295871586718,92.5428558417768,95.3990177018857,6572206.0
2015-09-03,95.5675277709961,95.71075274575327,94.11838366094645,94.19420945422709,3285449.0
2015-09-04,93.35167694091797,96.31736407365007,92.20584296434066,95.71074406943924,7928355.0
2015-09-07,93.03152465820312,93.82349585768644,91.69191285126631,93.33483467362682,5709214.0
2015-09-08,94.9693374633789,95.37374627856472,92.67766922671656,92.72822204273442,4094153.0
2015-09-09,94.5480728149414,96.64595634172325,94.0594116053701,95.50854886686196,4099134.0
2015-09-10,93.03152465820312,94.32058365315633,92.7366412541897,93.52018584226276,8775869.0
2015-09-11,94.2110595703125,94.84295258760561,93.48648753918746,93.52018712881414,4084660.0
2015-09-14,96.32579803466797,96.67123426185489,94.22791454945303,94.53121771822383,10684962.0
2015-09-15,96.23310852050781,96.72176966708616,95.38215796290021,95.8792457202425,4937700.0
2015-09-16,97.82547760009766,98.06981503034221,96.29208812772926,96.70492349119469,9941709.0
2015-09-18,99.75486755371094,100.26038194625046,97.73280998355284,97.8507619705165,9898909.0
2015-09-21,99.78857421875,100.59739867546922,98.49108855717868,99.38415856215127,11840733.0
2015-09-22,100.41203308105469,101.81905087671021,99.41785752267812,99.75486711622648,18028038.0
2015-09-23,99.54423522949219,100.49628458015586,98.09509124761072,99.26619820341615,7529166.0
2015-09-24,101.61683654785156,101.92857315500302,98.91234012698212,100.0918736685622,11094738.0
2015-09-28,99.91495513916016,101.43992507140551,99.42628706651575,101.43992507140551,5322644.0
2015-09-29,99.13138580322266,100.74903446299857,98.57532550437205,98.6764242603098,8118296.0
2015-09-30,100.7406234741211,100.92598150679905,99.75487445436539,100.10873043973479,9590429.0
2015-10-01,101.06078338623047,103.34401798985559,100.65636774369878,100.7743197349246,18667659.0
2015-10-05,101.15345764160156,102.7711065323327,100.61424363018389,101.17031086490262,9100269.0
2015-10-06,100.99337768554688,102.7879579637417,100.79959990335365,101.50731870953163,8106115.0
2015-10-07,99.22408294677734,101.06920928712387,98.57534352734727,101.06920928712387,4985700.0
2015-10-08,99.3841552734375,100.58896873511824,98.68486307989656,99.68746529173018,5878542.0
2015-10-09,99.81385040283203,100.53842247808731,98.609043719072,100.3783442752524,7196840.0
2015-10-12,98.39840698242188,101.1029104752883,98.06982398380703,101.1029104752883,5656995.0
2015-10-13,98.63431549072266,100.04133342028268,98.34785868024028,98.57534292012596,5195476.0
2015-10-14,98.22147369384766,100.16770552675173,97.90973706779538,98.08666848105537,5600910.0
2015-10-15,97.24414825439453,99.07242816840272,97.075643445969,99.07242816840272,4486078.0
2015-10-16,97.2188720703125,98.09509567393955,95.30633981514977,97.56430828749107,4888068.0
2015-10-19,97.3199691772461,98.44895682238797,96.23311458858056,98.052967799811,5330665.0
2015-10-20,96.35105895996094,97.71595047459768,96.0477489726553,97.5642989091835,7156819.0
2015-10-21,97.37052154541016,97.64855857802159,96.249967373141,96.85658053647191,5404803.0
2015-10-23,95.66862487792969,96.68808033300586,95.14626408938358,96.68808033300586,9916189.0
2015-10-26,95.88768005371094,96.7723302691457,95.32319307774888,96.14886386956347,5681966.0
2015-10-27,96.9071273803711,97.29468976602443,95.37373105923385,96.08987641185162,15674230.0
2015-10-28,97.39580535888672,97.94344597875205,96.0056338519812,96.873437717347,7496963.0
2015-10-29,96.82288360595703,97.71596043767352,96.21626356949504,97.57272861180726,8150157.0
2015-10-30,96.52800750732422,97.5727359990133,95.90454105716125,96.46902807891914,6049662.0
2015-11-02,96.9155502319336,97.28625938173171,95.7949893156509,96.63751322722715,9695048.0
2015-11-03,96.76390838623047,97.67383848045824,96.27524717641656,96.91556683017426,5637257.0
2015-11-04,96.56169128417969,97.55587365323822,96.29208773564659,97.24413705097466,4350852.0
2015-11-05,96.19099426269531,96.87344011564151,95.93823704726918,96.5954030647858,3277977.0
2015-11-06,96.0393295288086,96.49429108299839,95.4916889703541,95.75286590535822,3659753.0
2015-11-09,94.40483856201172,95.54224600770542,93.72239957977801,94.95247918401239,7082536.0
2015-11-10,93.69711303710938,94.66601560667002,92.92198823886982,94.52279064505633,7630478.0
2015-11-13,92.93042755126953,93.56232061778245,92.74507636564623,93.35168959561148,3326617.0
2015-11-16,93.2674331665039,94.01728505829351,91.3717540486773,92.66081996268638,5924403.0
2015-11-17,93.66342163085938,93.85719941910672,92.84617056255729,93.85719941910672,7816195.0
2015-11-18,93.41065979003906,93.83192179273598,92.87144579788259,93.26742796653095,6561801.0
2015-11-19,93.81507110595703,94.69972133553358,93.12420551674602,93.5960203438158,5367129.0
2015-11-20,95.9972152709961,96.89028526913249,94.0257035301849,94.649176805609,9887773.0
2015-11-23,96.06461334228516,97.08406879125675,95.63492471510958,96.71335958885203,5929566.0
2015-11-24,95.01143646240234,97.29467743321469,94.78395228369749,96.58695878104346,5441907.0
2015-11-26,95.96350860595703,96.5448556780158,94.19420812415986,94.19420812415986,10273112.0
2015-11-27,96.0393295288086,96.11515531176067,95.18837898206847,95.96349688937917,7137918.0
2015-11-30,96.0393295288086,97.01665180948395,95.57594136396249,95.87924449577079,22234597.0
2015-12-01,98.06140899658203,98.98818553439592,97.59802072767509,97.59802072767509,9200387.0
2015-12-02,97.35366821289062,98.64272709214376,97.06720458952118,98.54162147725133,3787604.0
2015-12-03,96.4774398803711,98.57533001029775,95.92979931045782,98.57533001029775,6974419.0
2015-12-04,95.9298095703125,96.44375060833961,94.73342954197207,96.44375060833961,5513331.0
2015-12-07,97.06721496582031,97.29469919540725,95.69390354617826,96.35949615535154,6213411.0
2015-12-08,95.49169158935547,97.54744867848672,95.09570258594455,96.7554775281424,3736804.0
2015-12-09,95.25579833984375,96.69651594714234,94.7924100768019,95.03674069874639,4223545.0
2015-12-10,95.22207641601562,96.04774711212511,94.3037267177362,95.55065937236625,6014387.0
2015-12-11,95.35689544677734,95.66862522741665,94.46381859386602,95.54224662152765,3691311.0
2015-12-14,95.55066680908203,96.04775458752927,94.36270662229951,94.90192745635521,3973023.0
2015-12-15,94.17736053466797,96.04775976297104,93.75609852066123,95.77815618789359,6393961.0
2015-12-16,93.51177978515625,94.1689458677725,93.05681126713688,93.05681126713688,10970066.0
2015-12-17,93.70555114746094,94.09311359414146,93.20003670130681,93.94145514640812,10163672.0
2015-12-18,93.38538360595703,93.91617786398797,92.75349057721412,93.35168401571971,14961660.0
2015-12-21,93.66342163085938,94.23633524031275,92.42490853899503,93.31798540024268,6207683.0
2015-12-22,93.59601593017578,93.94144528025308,93.18317369065902,93.4864836977922,6653875.0
2015-12-23,93.73924255371094,94.3627089448961,93.35168014087328,94.3627089448961,4221929.0
2015-12-24,93.89089965820312,94.32900801985365,93.43593121765534,93.77294081422241,2154842.0
2015-12-28,94.60704803466797,95.03672979866025,93.61286557955344,93.61286557955344,5220702.0
2015-12-29,95.04515838623047,95.74445744958784,94.18578798390062,94.68287579355389,4268569.0
2015-12-30,94.04255676269531,95.71075162118203,93.68869392290567,95.35689563787058,2678249.0
2015-12-31,94.34585571289062,94.9356224723182,93.85718771262134,94.02569250102921,7054776.0
2016-01-01,93.76451873779297,94.32900568417891,93.36852972904059,94.32900568417891,3165524.0
2016-01-04,93.97515106201172,94.36270660877685,93.68868742278154,93.85719221928036,3431636.0
2016-01-05,93.84034729003906,95.2052320486868,93.39380545859481,94.69971765145182,4687529.0
2016-01-06,93.53703308105469,94.32900422987167,93.18317027628575,93.85718944233894,6123539.0
2016-01-07,92.65238952636719,93.93302877569477,92.18900131669284,93.18317691485751,11168290.0
2016-01-08,93.65499114990234,94.00042736624796,92.60183613450593,93.03152475208326,4648302.0
2016-01-11,90.56293487548828,93.34326441065666,90.04900065871587,93.01468138234158,9954184.0
2016-01-12,92.4923095703125,92.84616553706466,89.50976911974531,90.40284593265332,6982168.0
2016-01-13,92.087890625,92.99782062781624,91.06843524851476,92.17214302212312,3587567.0
2016-01-14,91.87726593017578,92.66081739101807,90.31859647655476,91.83513972872656,5838665.0
2016-01-15,91.51497650146484,92.48387906239154,90.4870945203255,92.1047432776811,3334175.0
2016-01-18,92.19742584228516,92.81246561861975,89.43394301322523,90.48709801138575,9031923.0
2016-01-19,91.32962799072266,93.0146760981265,90.65560874776112,92.34065685516497,5106281.0
2016-01-20,91.42230224609375,92.99782488704481,89.84677960514269,90.83253543922106,6238110.0
2016-01-21,92.81246185302734,93.52018061178204,91.25379251898819,91.25379251898819,9300264.0
2016-01-22,92.69451141357422,93.63814101195275,92.18899702654522,93.63814101195275,4445262.0
2016-01-25,93.02610778808594,93.49374646010273,92.47344390297518,93.1706534180935,4242825.0
2016-01-27,93.96138763427734,94.36951281961832,92.4309337578306,93.52775765207682,11160519.0
2016-01-28,93.06010437011719,94.15692809231467,92.57546487021854,94.07190289029366,6459529.0
2016-01-29,95.70441436767578,96.19756481896846,93.28969938764652,93.28969938764652,7734574.0
2016-02-01,96.61418151855469,97.59197153967716,94.76913149355819,96.18055151661767,8037187.0
2016-02-02,96.46111297607422,97.19233110130936,95.94246477641747,96.94575939797984,6855160.0
2016-02-03,94.85415649414062,96.33359392142431,94.21646735140024,96.33359392142431,3213476.0
2016-02-04,95.21976470947266,95.50884905701575,94.15694260106967,95.27927820843668,5609982.0
2016-02-05,94.87115478515625,96.21455034330181,94.44602873265838,95.22825651763286,5742094.0
2016-02-08,92.67752075195312,95.2622932597551,92.38843635603,94.89668062191834,4384750.0
2016-02-09,91.1895751953125,91.81026349368688,90.80696168019138,91.81026349368688,4267924.0
2016-02-10,90.33081817626953,91.25759866182443,89.78665812157718,91.18957433038132,5157374.0
2016-02-11,87.9500961303711,90.51786022645923,87.25289356370155,90.3308019977066,5269476.0
2016-02-12,87.96712493896484,90.0332352564345,86.42816689490769,89.24250338663029,9598621.0
2016-02-15,89.40403747558594,89.71863354990042,88.1116583137456,88.91939788465955,5214324.0
2016-02-16,89.54856872558594,90.21176255160778,88.62179538226916,89.61658612130192,3685887.0
2016-02-17,89.60809326171875,90.11824455057435,87.95860547829297,88.93639544859951,5763710.0
2016-02-18,92.04832458496094,92.47345068159395,89.80366017861273,89.80366017861273,4740372.0
2016-02-19,93.0771255493164,93.44273120278065,91.51266299125953,92.06532688378944,5768537.0
2016-02-22,92.29491424560547,93.20468703667615,91.23209879779925,93.05163746056921,4520996.0
2016-02-23,91.8187484741211,92.45643758260256,91.07903325990438,92.19286495325929,5036873.0
2016-02-24,90.79844665527344,92.20986661098485,90.21177405446795,91.84426095349774,5189321.0
2016-02-25,90.78144073486328,91.61468502963149,88.78334828903424,90.87496985024404,5119049.0
2016-02-26,90.2117691040039,92.15034805514146,89.56557612029138,91.8612568039287,5250574.0
2016-02-29,88.46876525878906,90.44135319944996,86.36863948367258,89.95670666077066,11091282.0
2016-03-01,91.05353546142578,91.65721596026775,89.01293000237965,89.27650959138059,9201448.0
2016-03-02,91.750732421875,92.14184979804578,90.15226113414893,91.82725373214608,9548461.0
2016-03-03,92.286376953125,93.26416681138672,91.01950278151187,91.85275394278231,6511139.0
2016-03-04,91.30859375,92.7880379614787,90.99400461994706,92.66050014458358,8533469.0
2016-03-08,92.0738296508789,92.42243443500617,90.84096396705647,91.4361405040742,8277325.0
2016-03-09,91.51266479492188,92.167354805816,90.67941352737056,92.167354805816,10597186.0
2016-03-10,91.12153625488281,91.81024180326638,90.58587330864273,91.66569618617724,6464851.0
2016-03-11,91.6572036743164,91.7932454038916,91.09603586442486,91.11304367538543,5963203.0
2016-03-14,91.97180938720703,92.33741508687473,91.23208716212895,92.33741508687473,5552606.0
2016-03-15,90.67091369628906,92.3374093869075,89.8546771223593,92.08233372771191,10384866.0
2016-03-16,91.56367492675781,91.91227969791503,90.13525405880848,90.99401012842901,10071645.0
2016-03-17,91.69120788574219,92.49894739877939,91.07903051169356,92.0993330544774,9839474.0
2016-03-18,93.74031829833984,94.17394826947468,91.91227621478885,91.9207801199816,13512583.0
2016-03-21,94.62458038330078,95.63637897576571,92.13333763447545,94.2759756462346,5891875.0
2016-03-22,94.01241302490234,94.6501022003051,93.71482474304773,94.63309438787954,7905422.0
2016-03-23,94.50553894042969,95.09221840796098,92.81353869422864,93.54475686295893,7693379.0
2016-03-28,94.57357788085938,95.84045228523472,93.40872958968738,94.98169617241312,7775976.0
2016-03-29,94.06343078613281,95.05822176128795,93.18766682204834,94.71812086324438,8018333.0
2016-03-30,95.55985260009766,95.84893690840477,93.74030770793476,93.98687941445057,7883464.0
2016-03-31,95.95098114013672,96.92877116618307,94.7521310784803,95.54286285353497,20671520.0
2016-04-01,95.5938720703125,97.35388983119103,94.75212384386019,96.41861248638412,7355416.0
2016-04-04,96.29107666015625,97.11582401267222,95.7639244792459,96.40161359117998,3719124.0
2016-04-05,95.0582046508789,96.3505905985641,94.76061641865645,96.2910701843719,4395422.0
2016-04-06,94.92217254638672,95.56835861920464,93.99539220423108,95.22825777272386,5808793.0
2016-04-07,93.83384704589844,95.228259152804,93.58727531250037,94.88815830139437,3246500.0
2016-04-08,93.45124816894531,93.76584427333239,92.9325929057477,93.1876685841035,5016142.0
2016-04-11,96.2060546875,96.690701196651,92.2013655457168,93.35770989153485,5949523.0
2016-04-12,96.85224914550781,97.22635872539071,95.41532432767912,96.12953478370467,4493886.0
2016-04-13,99.46251678466797,100.6528697392321,98.72279468086964,99.1394237504626,10674994.0
2016-04-18,100.09170532226562,101.09500699784053,98.66328449658867,100.15972964500287,13105324.0
2016-04-20,102.24283599853516,103.22062584942262,100.26174458381139,101.69017216977267,25034223.0
2016-04-21,95.03270721435547,97.88955584877388,94.69260635119542,96.92876675872486,30976914.0
2016-04-22,94.8796615600586,95.6788971790565,94.3950150778034,95.22825939815598,11492685.0
2016-04-25,93.94436645507812,95.52583661956888,93.71480255790014,94.90515540352584,9151325.0
2016-04-26,94.28447723388672,94.88815762470762,93.56176292979524,93.93587939917347,9657501.0
2016-04-27,95.22826385498047,95.44082689760741,93.91037299069342,93.91037299069342,4790110.0
2016-04-28,94.05491638183594,95.90846330154089,93.6978077110008,95.14323636635395,14505825.0
2016-04-29,94.26748657226562,94.68410877360616,93.24718391459729,94.3780165924316,6830286.0
2016-05-02,93.2726821899414,94.02940522424733,92.72852219445006,93.69780826757055,5296409.0
2016-05-03,92.48194122314453,93.48523589846762,91.66569785168777,93.35769808790779,9210403.0
2016-05-04,91.8272476196289,92.40542319963784,91.31709635928712,92.25237366991372,6997112.0
2016-05-05,92.35440826416016,92.72851781091464,91.31709791603372,91.65719876205951,5824718.0
2016-05-06,90.65390014648438,92.96658164866248,90.39882452290354,92.96658164866248,6870419.0
2016-05-09,91.6572036743164,91.84426191740353,90.38182543336734,90.62839717607686,5356158.0
2016-05-10,91.59769439697266,92.18436703097848,90.88347701362284,91.61469528934711,5211513.0
2016-05-11,91.45314025878906,91.73372069091619,90.65390464907985,90.87497158437036,3859455.0
2016-05-12,92.21836853027344,92.37991505174504,91.09603294644094,91.4871503116777,5328180.0
2016-05-13,91.76774597167969,92.28639428449065,91.31710814857762,92.28639428449065,4528516.0
2016-05-16,91.96330261230469,92.4224374290036,91.18106779913595,91.9462948000909,6225662.0
2016-05-17,91.85275268554688,92.2353661031079,91.49564406140905,92.16734178836467,6809208.0
2016-05-18,91.750732421875,91.97179936661237,90.97700157497907,91.64020240919119,7621128.0
2016-05-19,92.32890319824219,92.49895363350143,91.35961710113848,91.8272557981014,6685262.0
2016-05-20,92.40542602539062,93.17914992507399,92.25237649098625,92.40542602539062,4706510.0
2016-05-23,91.80174255371094,92.58397033230727,91.53816301943758,92.50744902735546,4875689.0
2016-05-24,91.42761993408203,91.8952585211126,91.07051133623865,91.80172941983282,5286206.0
2016-05-25,92.86457061767578,93.00910934286748,91.65720970242374,91.82726014573416,6641075.0
2016-05-26,92.66899871826172,93.32369562395705,92.33740177252584,92.86456085914048,6586563.0
2016-05-27,92.74552917480469,93.69780742854483,92.33740399231345,92.36291570836461,6460681.0
2016-05-30,93.55328369140625,93.95289811314908,92.58399055242778,93.05162930849357,5706643.0
2016-05-31,92.75403594970703,93.86786776454514,92.3969341616309,93.6978173170697,11040471.0
2016-06-01,94.29297637939453,94.51404330394946,92.77953044555615,92.77953044555615,5452990.0
2016-06-02,91.8952865600586,95.0497237389244,90.88348086390454,94.54806938427845,13762753.0
2016-06-03,91.96330261230469,92.4224374290036,91.65721042804864,92.08233653969027,7088563.0
2016-06-06,90.99401092529297,92.15035526247691,90.70492657083946,91.99730571997571,10304205.0
2016-06-07,91.80174255371094,92.02280948308116,91.35110479011601,91.8272473489051,10313858.0
2016-06-08,92.60948944091797,92.68601075197932,91.82725468049783,91.99730511368745,8129181.0
2016-06-09,92.64349365234375,93.03461101359252,92.20135977973739,93.03461101359252,9430088.0
2016-06-10,92.73701477050781,93.04310689288049,92.3373935386089,92.59246915402466,6359182.0
2016-06-13,92.03131103515625,92.62648753333295,91.6316966808594,91.92928492994774,3480377.0
2016-06-14,92.35440826416016,92.50745087712399,91.8272491850724,92.03130830881399,5602446.0
2016-06-15,93.02610778808594,93.14514170254357,92.21836826369329,92.81354475535103,2263231.0
2016-06-16,93.51075744628906,93.69780876982671,92.09083357164852,92.79654009654784,3681988.0
2016-06-17,93.8763656616211,94.20796262909805,93.35771044614688,93.74882783417841,8613805.0
2016-06-20,94.72660827636719,95.03270041518566,92.69450714824768,93.52775143562695,7409230.0
2016-06-21,95.3983154296875,95.71291150428472,94.10593626668562,94.8371545259389,5277033.0
2016-06-22,95.763916015625,95.90845471660057,95.14322784991046,95.57685779157534,7391587.0
2016-06-23,95.8574447631836,96.05299997173546,95.1177226937814,95.73840393776692,3580004.0
2016-06-24,94.40351104736328,94.84563796654771,93.0686125466058,94.08041111322996,7210062.0
2016-06-27,93.18766021728516,94.36951628971778,93.05161848383572,94.36951628971778,5685011.0
2016-06-28,92.23538208007812,92.97509733054132,92.03981992560603,92.66900515959757,5295833.0
2016-06-29,94.3014907836914,94.71811296518067,92.1673564425486,92.57548163779167,4993854.0
2016-06-30,94.8796615600586,95.59387196598504,94.38651117262233,94.83714895352286,7785230.0
2016-07-01,95.04121398925781,96.07851750159199,94.72661791358868,95.18575270884283,2872943.0
2016-07-04,95.5173568725586,96.0785177798444,95.22826559381136,95.56836646822458,5305017.0
2016-07-05,96.07002258300781,96.75872133102719,94.5565695120554,95.50885474589894,4831470.0
2016-07-07,95.16023254394531,96.58015622895708,94.81162782110248,96.41860280467145,7614019.0
2016-07-08,95.50885009765625,95.81494225930687,94.38651447806055,95.16024532798109,4648377.0
2016-07-11,96.90575408935547,97.27201187854347,95.84956222750671,96.249889380294,5509102.0
2016-07-12,97.23794555664062,97.42533745986623,96.24989239108318,96.5054230236388,3498900.0
2016-07-13,97.77454376220703,98.43040142402494,97.06757166642645,97.76602468987991,5638382.0
2016-07-14,97.20387268066406,97.77456051210802,96.33506578867423,97.02499985799417,2713977.0
2016-07-15,94.4611587524414,97.93637880746257,94.2396975295898,97.08461020550307,18280203.0
2016-07-18,94.02677154541016,94.36747904477285,92.80874500787328,94.2908212437586,8784787.0
2016-07-19,93.56681060791016,94.33340242248912,92.67245349090138,92.84280722747448,14877681.0
2016-07-20,91.79515075683594,92.20399702424304,88.24327194835075,88.24327194835075,50777299.0
2016-07-21,92.33174896240234,92.80874082636153,91.80365652121056,91.80365652121056,7703480.0
2016-07-22,91.60773468017578,92.16138427594778,91.13926194529178,91.99103055417177,7330024.0
2016-07-25,92.47654724121094,92.62134375478699,91.1392676686073,91.59922135994428,3908543.0
2016-07-26,93.03020477294922,93.82234692354571,92.15287881716992,92.33175163780156,8752205.0
2016-07-27,93.54977416992188,94.16304342831634,92.42543679863235,93.03019391604246,7535086.0
2016-07-28,94.34192657470703,94.84446873831058,92.67245848006992,93.23462722736866,6127465.0
2016-07-29,92.851318359375,94.20562906295913,92.44247219925136,94.08638284389896,7435123.0
2016-08-01,95.00630187988281,95.69622894332605,92.84280395626378,92.85132302913453,12123703.0
2016-08-02,93.6264419555664,95.22776438820348,93.35387319048657,95.05741064295648,6216329.0
2016-08-03,93.34535217285156,94.57190465845477,93.14944814258212,93.35387124627881,7703918.0
2016-08-04,93.387939453125,94.03528504991687,92.90243545431466,93.31980072997275,6132105.0
2016-08-05,93.21759796142578,94.12047428623488,92.94503610129343,93.00465575895723,3108623.0
2016-08-08,93.52422332763672,94.1800879942195,93.05575054628083,93.05575054628083,5468510.0
2016-08-09,93.92455291748047,94.12045693495133,93.06426519176074,93.30275764187405,4676916.0
2016-08-10,92.44247436523438,93.8649238182644,91.99955190496357,93.6945700922696,3369775.0
2016-08-11,92.50211334228516,93.27722434389378,91.99105205749427,92.14437460195892,2665604.0
2016-08-12,92.62986755371094,93.60940156541082,92.07621789492404,92.07621789492404,4163470.0
2016-08-16,91.3947982788086,93.013158737513,91.10519831990898,92.6298628393988,4939065.0
2016-08-17,89.9127197265625,91.67588358221704,89.70829663951683,91.42886513150465,5300457.0
2016-08-18,89.45277404785156,90.29602368964896,89.12909777701344,90.27898554265849,4851732.0
2016-08-19,88.60099792480469,90.2534277079737,88.42212512320613,89.75940466709288,5503785.0
2016-08-22,87.81736755371094,88.58395932948902,87.64701382576025,88.24325187358765,5422857.0
2016-08-23,88.51583862304688,88.66915423671625,87.73220854232878,87.77479698298275,6156019.0
2016-08-24,88.52433776855469,88.92466486155136,88.08141531278093,88.60099555813186,5587134.0
2016-08-25,85.85830688476562,88.7969089384286,85.5601878358433,88.75432050286827,25798062.0
2016-08-26,83.47335052490234,86.20752934422987,83.13264305661758,85.85830280289574,17698571.0
2016-08-29,81.56537628173828,83.73738602438321,81.27576943735095,83.6436901001232,27176665.0
2016-08-30,83.37966918945312,83.55002295343445,81.4546702701217,81.58243559310769,24165572.0
2016-08-31,83.75444030761719,84.49548190251383,82.83453281824582,83.77999752947923,14992145.0
2016-09-01,82.44270324707031,83.42223714947782,82.02533801412578,83.42223714947782,10604872.0
2016-09-02,82.38306427001953,82.71525952358853,81.65054892037932,82.45120990765072,8611208.0
2016-09-06,82.26383972167969,82.68972407506149,81.76981664444138,82.621585351205,8491053.0
2016-09-07,82.06794738769531,83.43077751274038,81.77834737246573,83.09858905610314,11453063.0
2016-09-08,80.73917388916016,81.71018881369055,80.1003473688492,81.25875417868869,11891858.0
2016-09-09,81.88054656982422,82.28088064821229,80.7988044347166,81.36096625480303,10113106.0
2016-09-12,81.83795166015625,82.34901286105784,80.43253335767689,80.88397491083333,10068429.0
2016-09-14,81.43762969970703,82.61306776349512,81.06284591662181,82.53640996485008,9826386.0
2016-09-15,81.50577545166016,81.73575579913418,80.79029104976968,81.73575579913418,9677981.0
2016-09-16,81.66758728027344,82.16161720243622,81.42909485696056,81.9912634910098,12324284.0
2016-09-19,81.76129150390625,82.10199896132939,81.12246502123789,81.76981057668402,11299922.0
2016-09-20,81.94869995117188,82.19571152141614,81.44615080447032,82.19571152141614,5829321.0
2016-09-21,82.42567443847656,82.53640852944835,81.81240512827016,82.27235884385283,8668616.0
2016-09-22,82.06794738769531,82.65566649277851,81.70168263256197,82.62159712599487,7633032.0
2016-09-23,81.80387115478516,82.40010914127201,81.6079671604807,82.32345135792289,12300882.0
2016-09-26,81.65056610107422,81.94016605974204,81.105428612157,81.83795104764229,11939239.0
2016-09-27,82.48529052734375,82.62157488951165,81.5994525708183,81.82942593349794,9878285.0
2016-09-28,82.40011596679688,82.57046969133276,81.82942821691735,82.51936218762984,4245028.0
2016-09-29,80.4410629272461,82.44271955863495,80.06628605069017,82.40013111966923,26351076.0
2016-09-30,81.59095001220703,81.76982284052372,80.57734656069515,80.57734656069515,11216973.0
2016-10-03,81.59095001220703,81.78685405692264,80.79880782757714,81.76982284052372,5336686.0
2016-10-04,82.07644653320312,82.61305799195912,81.59945471891402,81.59945471891402,7095976.0
2016-10-05,81.69315338134766,82.3064226501587,81.19912340545184,82.07644927374619,7538366.0
2016-10-06,81.42910766601562,81.87202322637017,81.26727300104548,81.76981514246283,7396014.0
2016-10-07,81.250244140625,81.71871697428163,81.02026379505415,81.42911697254542,5566297.0
2016-10-10,81.25875091552734,81.72722367827595,81.10542839778296,81.29282027556684,3538004.0
2016-10-13,81.47169494628906,81.5994602481466,80.81583029073587,81.2587527765265,7329358.0
2016-10-14,80.91804504394531,81.97423681621913,80.7987988156051,81.39503688901739,6884195.0
2016-10-17,80.43254089355469,81.02877901713589,80.33884494493529,80.9265709264062,8298392.0
2016-10-18,82.23828887939453,82.46826226964525,80.5773399123898,80.5943711273835,5801342.0
2016-10-19,84.32511901855469,84.64878834006113,82.40863951347694,82.6215816807078,12378636.0
2016-10-20,84.39325714111328,85.37279110343125,83.848126583209,84.81914147255587,6252382.0
2016-10-21,85.04059600830078,85.34723408911229,84.03551183800201,85.15133008477441,10617160.0
2016-10-24,82.44270324707031,83.4733446524673,81.36095433868383,83.4733446524673,18579446.0
2016-10-25,82.00829315185547,82.55342363176626,81.63351638014868,82.45121556586994,18599248.0
2016-10-26,80.33032989501953,81.89758294821617,80.15997615159138,81.89758294821617,7329390.0
2016-10-27,78.65235137939453,80.68807745038079,78.36275137013375,80.28775026842722,10042829.0
2016-10-28,78.7204818725586,79.4530043593483,77.35765191823786,78.65234314752719,12320247.0
2016-11-01,78.49049377441406,79.46150854864045,78.36272849012875,79.22301612399197,3786724.0
2016-11-02,78.00498962402344,78.50753173238458,77.06804412542405,77.970920264962,7523630.0
2016-11-03,76.2503433227539,78.35421458198894,75.98629366482037,78.02202620729676,8053976.0
2016-11-04,77.0850830078125,77.29802516862101,75.67114567370182,76.27590279674017,6547449.0
2016-11-07,76.6592025756836,77.58762905757244,76.39515289654166,77.51097126213415,7134574.0
2016-11-08,76.95732116699219,77.66428639993737,76.05444497827949,77.17026333736257,6916238.0
2016-11-09,76.13109588623047,76.73585298171655,69.52137012952635,72.40034523980904,11558738.0
2016-11-10,75.79891967773438,76.89769996738859,74.97270122619955,76.85511153033445,8316376.0
2016-11-11,75.35599517822266,75.66263330329178,73.94205771886224,75.27933737988327,10485629.0
2016-11-15,76.30996704101562,76.8976859791097,74.87899165727518,75.21118695123793,37705734.0
2016-11-16,75.85852813720703,77.42578793490996,75.31339760969375,76.48884245797095,8829107.0
2016-11-17,74.68309783935547,75.79891622569943,73.89946786056284,75.48375903316705,11076418.0
2016-11-18,74.47015380859375,75.29637220191832,73.69504292247578,74.94714565633645,5763107.0
2016-11-21,75.26229858398438,75.59449392677715,74.47867552857623,74.52978303759907,8909576.0
2016-11-22,76.72735595703125,77.17027853129247,74.80235697153078,75.29638706308563,5891539.0
2016-11-23,76.4718017578125,76.9743438377643,75.31339509323364,76.72733233389414,6756803.0
2016-11-24,76.7869644165039,77.4939296216979,76.0799922795989,76.39514945206042,7374200.0
2016-11-25,79.17192077636719,79.55521668805686,76.82955687159698,77.17026434865447,6822590.0
2016-11-28,78.4649429321289,79.72556466516882,77.61317430103878,79.72556466516882,6135518.0
2016-11-29,79.24005889892578,79.47003921688224,78.4479167934514,78.6012323842815,3333673.0
2016-11-30,79.2571029663086,80.2281179547662,78.70345327892265,79.21451452881738,11587709.0
2016-12-01,79.77668762207031,80.22812231130635,79.08675351090534,80.01518011228706,3302127.0
2016-12-02,78.4308853149414,80.23663785587203,78.10721595935568,80.15146098001138,4041268.0
2016-12-05,77.79205322265625,78.36274102308786,77.17878391902954,78.36274102308786,3176116.0
2016-12-06,77.98795318603516,78.8482339044786,77.66427696735694,77.68131511160173,3357785.0
2016-12-07,77.22987365722656,78.3201415968532,76.99990030003244,78.09016130794863,3144911.0
2016-12-08,78.12423706054688,78.26904050344666,77.35764527705368,77.51096779277893,5596430.0
2016-12-09,78.03907012939453,78.56716953126327,77.76650828626218,78.03907012939453,5430270.0
2016-12-12,77.26395416259766,77.66428125735936,76.91472763997217,77.51096567752906,3831332.0
2016-12-13,79.00157165527344,79.05267916616143,77.51949542979217,77.76650697875375,6269049.0
2016-12-14,79.43596649169922,79.78518609287975,78.91638622878361,79.06970181312086,5507907.0
2016-12-15,79.40189361572266,80.38994667870463,78.46494806028845,78.46494806028845,5511310.0
2016-12-16,78.95896911621094,80.09181856862959,78.35421203075377,79.43596091312267,8818851.0
2016-12-19,78.96749877929688,79.47004092863266,78.78010689161368,78.83121440022833,4144553.0
2016-12-20,79.49559020996094,80.04923986089722,78.64382151621282,79.53817864464834,4334313.0
2016-12-21,78.78010559082031,80.15145456882726,78.56716341820157,79.81074709263729,5486622.0
2016-12-22,78.65235137939453,79.41894330893254,78.24350512299252,78.8056669926172,4312617.0
2016-12-23,78.14979553222656,79.2145063597074,77.57910775601239,79.15487978068403,3585124.0
2016-12-26,77.69835662841797,78.44791723551793,77.2213717068314,78.09017161261666,3316809.0
2016-12-27,79.24858093261719,79.3848653138414,77.3576516059462,77.51097413421527,2952121.0
2016-12-28,79.95553588867188,80.99469636337096,79.2230204309808,79.38485508019835,6353966.0
2016-12-29,80.46661376953125,81.25876289875099,79.05268313154664,79.89593284250589,10907890.0
2016-12-30,80.82434844970703,81.17357499050996,80.24514852718839,80.68806407625819,2779631.0
2017-01-02,80.33032989501953,81.49724887847539,80.15145707807767,80.92656799701804,2460948.0
2017-01-03,79.55521392822266,80.76472127079113,79.33375268947569,80.57733632393686,3686937.0
2017-01-04,81.02024841308594,81.36095586378812,79.40188802225056,79.55521053409304,6050638.0
2017-01-05,81.83795166015625,82.7748971951425,81.27578295282228,81.27578295282228,5216996.0
2017-01-06,80.05775451660156,81.78684209681488,79.89591986006171,81.51428028888222,8381720.0
2017-01-09,80.406982421875,80.8243476795699,78.66937573916475,79.89592122509487,3922249.0
2017-01-10,81.173583984375,81.57391114432939,80.27922678239491,80.5092001895912,3528383.0
2017-01-11,81.12246704101562,82.02534321200882,80.91804394781424,81.41206700069353,4507028.0
2017-01-12,82.31494903564453,82.49382185432998,80.79028440344314,81.08840345734833,3741476.0
2017-01-13,82.56195831298828,82.86859643207166,81.82943584287561,82.63861610983126,4322788.0
2017-01-16,82.57898712158203,83.08152921262624,81.735737588242,82.26382996477413,3227332.0
2017-01-17,82.17864990234375,83.08152597559182,81.85498061745783,82.68119197380784,2948943.0
2017-01-18,82.27235412597656,82.96228812564232,81.76981200384856,82.17865818720769,2863620.0
2017-01-19,81.5994644165039,82.52789093775336,80.96063787458296,82.34901811967318,4785278.0
2017-01-20,81.41206359863281,81.73573983674437,80.91804056639785,81.18209022778309,4077220.0
2017-01-23,81.72722625732422,82.5023371483105,80.36439635904902,80.50068073521881,6108473.0
2017-01-24,82.02533721923828,82.28086779999875,81.08839175644995,82.22124122513705,3921167.0
2017-01-25,80.69658660888672,82.45123152945105,80.27070225592021,82.11052404707783,10906509.0
2017-01-27,79.30819702148438,80.69657707544835,79.09525487015796,79.98109283333372,10272157.0
2017-01-30,79.34227752685547,79.72557345309566,77.93685913064142,79.0441584731131,9853933.0
2017-01-31,78.02202606201172,79.35078649001689,75.86704730336513,79.35078649001689,14628407.0
2017-02-01,77.68132019042969,78.53308882415006,76.65919782996525,78.53308882415006,8750755.0
2017-02-02,77.96363830566406,78.35717931507558,76.32959198191543,78.02352755401361,8171731.0
2017-02-03,78.32294464111328,78.63948313759573,77.6984103235071,78.02351238208507,4682452.0
2017-02-06,78.89615631103516,79.1870389949573,77.76687286884138,78.47695245077578,6599518.0
2017-02-07,78.4598388671875,79.05014685698353,77.9465263608872,79.05014685698353,4459769.0
2017-02-08,78.79349517822266,79.58912682428026,78.21173679329357,78.42561701666892,7007704.0
2017-02-09,79.73457336425781,79.88000774829545,78.25451794456927,78.41707249473974,5274137.0
2017-02-10,80.29066467285156,80.79542065742714,79.46080653928419,79.96556252385976,4093449.0
2017-02-13,81.18038177490234,81.44559459434049,79.94843331295071,80.07676142278413,4523470.0
2017-02-14,81.56537628173828,81.7364804495324,80.79540752666483,81.64237176479635,4619060.0
2017-02-15,81.22319030761719,82.01027248105935,80.17945181182411,81.53973589008265,5640489.0
2017-02-16,82.26692199707031,82.45513244054044,80.93230783881494,80.93230783881494,5667011.0
2017-02-17,81.33439636230469,82.75456258302633,81.11196647707216,82.4722434442327,4210692.0
2017-02-20,81.3857192993164,81.68515160688621,80.94085261970358,81.27450436997488,3054543.0
2017-02-21,81.41138458251953,82.25834881302421,81.12905853085374,81.27449985706761,6829411.0
2017-02-22,81.18897247314453,81.71084173142883,80.4532229419772,81.29163082677931,5558777.0
2017-02-23,83.17375946044922,83.71274181032534,80.68419918571303,81.18895512944059,8693864.0
2017-02-27,83.79830932617188,84.28595911883508,82.07015398744264,82.13004324697961,7528200.0
2017-02-28,83.63574981689453,84.21750127427916,83.33631748630742,83.84107345113338,5401139.0
2017-03-01,83.59297180175781,84.72225524461003,83.12243529334096,83.49886310762503,5426302.0
2017-03-02,83.87528991699219,84.77358687684362,83.5159683481528,84.52548720419121,5423075.0
2017-03-03,84.49982452392578,84.80780648381149,83.3619775285808,83.97795537284628,3947295.0
2017-03-06,84.16617584228516,84.29450399496929,83.60153057802535,84.06351749748656,3143300.0
2017-03-07,84.72225952148438,85.48367875243028,84.16617089255611,84.43994038708131,8801080.0
2017-03-08,84.71370697021484,84.9019173992661,83.72130128947671,84.63670451598088,3064671.0
2017-03-09,82.89999389648438,84.3543793878834,82.70321991735882,84.3543793878834,3759439.0
2017-03-10,83.33631896972656,83.66141414953763,82.74600393769204,83.002660225621,2914404.0
2017-03-14,85.78311920166016,86.3392078831652,83.73841832602004,83.8410836367356,6553246.0
2017-03-15,84.6623764038086,86.56162875593319,84.25172216603356,86.52740931001377,9607608.0
2017-03-16,85.646240234375,86.04833097700322,84.69661041389362,85.09015151525736,8848888.0
2017-03-17,86.27931213378906,86.74984867504712,85.37245849818764,86.23653608458378,8875816.0
2017-03-20,85.1243667602539,86.27932019672866,84.73082567833879,86.23654414352589,3751881.0
2017-03-21,85.32112121582031,85.89432302895909,84.37149854480273,84.37149854480273,5951390.0
2017-03-22,85.646240234375,86.1338830876367,84.18329775009273,84.43995408199318,10620082.0
2017-03-23,87.2631607055664,87.60536909701278,85.70610973958642,86.06543133550413,14922870.0
2017-03-24,87.81925201416016,87.9475801648578,87.16905465817591,87.16905465817591,8062056.0
2017-03-27,86.23651885986328,87.68234764176503,86.0311952571384,86.98082475226789,5232713.0
2017-03-28,86.84394836425781,87.43425638958695,86.01409031088782,86.40763131518953,3323252.0
2017-03-29,87.64813232421875,87.93045838321008,85.928534016305,86.99793508313611,5380707.0
2017-03-30,88.28121185302734,88.75174829839322,86.64716571394383,87.39147160333017,14290321.0
2017-03-31,88.23844909667969,88.57210783251325,87.22893717408567,87.63958443969237,8061645.0
2017-04-03,86.76695251464844,88.37532900627167,86.51884588623854,88.36677240490462,4160286.0
2017-04-05,87.37437438964844,87.60536783544732,85.91143910708033,86.57874267589219,6502814.0
2017-04-06,88.06735229492188,88.21279365157257,86.65574262792133,86.76696453660945,7980291.0
2017-04-07,87.58824920654297,87.86201868370105,87.07493665855684,87.84491244278306,12196978.0
2017-04-10,86.30496978759766,88.59777006444857,85.97987461808944,88.11012034793907,13798807.0
2017-04-11,87.28882598876953,87.50270623939906,85.586340586208,86.20231849292014,6303993.0
2017-04-12,85.6804428100586,87.23749370180158,85.43234313053837,87.21182389631846,7258323.0
2017-04-13,84.7650375366211,86.2279798175796,84.23461870176173,85.68044777807255,9674765.0
2017-04-17,84.234619140625,84.82492723257917,83.85818433439553,84.82492723257917,7798259.0
2017-04-18,84.52548217773438,85.16712282518625,83.94372381336336,84.01216965977287,6285310.0
2017-04-19,85.252685546875,85.47512239152354,83.89240859703037,85.12435740137556,6543459.0
2017-04-20,85.50933074951172,86.4247408536016,84.87624670625867,85.20989844884168,5025646.0
2017-04-21,84.05494689941406,86.13385984185174,82.64333745492641,85.55210843144643,8445800.0
2017-04-24,84.10629272460938,84.69660082872514,82.91711295158532,83.39620610936328,6887352.0
2017-04-25,84.57682037353516,85.55211282923011,83.69562964917928,84.43993563397777,11770706.0
2017-04-26,83.98651885986328,87.69092194401792,83.60152745394959,86.0654320707611,60514032.0
2017-04-27,84.87625885009766,85.23557348496341,83.56730757111133,84.5083806507202,19864101.0
2017-04-28,84.5682601928711,85.15856820984237,83.84962404341705,85.03879667864116,12086663.0
2017-05-02,84.67947387695312,85.20134300048771,84.45704402038626,84.89335409461103,5568494.0
2017-05-03,84.94468688964844,85.50077545654322,84.56825909835362,85.22701295480456,4065380.0
2017-05-04,85.5435562133789,85.77454964648409,84.5083745085973,85.06446310613113,4048926.0
2017-05-05,85.43234252929688,85.72321825366134,84.92758657198101,85.50078141894245,2722905.0
2017-05-08,85.94564819335938,86.28785653862782,84.88480371547651,85.55210720385134,5002041.0
2017-05-09,87.07494354248047,87.22038489414024,85.64622768164996,86.23653576605287,7581832.0
2017-05-10,85.49223327636719,87.28882741092636,85.32112907307584,86.81829085187515,4459065.0
2017-05-11,86.3477554321289,86.53597284313194,85.62056255854581,86.03977343193914,3393796.0
2017-05-12,86.75840759277344,86.88673574381413,86.27075783391967,86.51885753348213,6031102.0
2017-05-15,86.63007354736328,87.26315765697235,85.8344348876981,87.26315765697235,3549668.0
2017-05-16,88.17855072021484,88.32398507588617,86.49317199386212,86.49317199386212,7146846.0
2017-05-17,87.35726928710938,88.54644205332215,86.92095219615788,88.46088995557666,7362627.0
2017-05-18,89.89816284179688,90.31736669783507,86.54451806899729,86.74128509461306,17123643.0
2017-05-19,88.93142700195312,90.31737377825803,88.64055126040388,90.17193242635962,5097614.0
2017-05-22,89.17951965332031,89.54739782403367,86.67284615784735,89.26507174480058,5733070.0
2017-05-23,90.06925964355469,90.51412630569507,89.00840822574708,89.31639712245747,8735341.0
2017-05-24,89.82972717285156,91.06167603804006,88.94854331513459,90.29170712701627,6636990.0
2017-05-25,91.78886413574219,92.17384857127814,89.94094441496759,89.94094441496759,20100101.0
2017-05-26,92.22517395019531,93.23469279001912,90.95900580249749,91.3696530497922,7765843.0
2017-05-29,91.47232055664062,92.23373278397844,90.68523852432128,92.22517618231792,3166943.0
2017-05-30,91.737548828125,92.39629587056812,90.58259539082721,90.68525374123806,6637379.0
2017-05-31,91.62631225585938,92.39628109089398,91.19855179195126,91.97707722871345,15642998.0
2017-06-01,92.59305572509766,93.25180266674572,91.47232190942066,91.6177562908118,4250820.0
2017-06-02,94.3896484375,94.77463285260046,92.53316525089446,92.91814966599492,6428073.0
2017-06-05,95.05695343017578,95.45905105479173,93.51701574615299,94.37253668172121,9633970.0
2017-06-06,95.91248321533203,97.1872081344947,94.37254538922329,95.13395769968305,11049943.0
2017-06-07,94.00467681884766,96.07503355564614,91.58354810140095,95.85260365532957,13762215.0
2017-06-08,93.40580749511719,94.62064313322979,92.67861464783407,94.09022429256012,8001795.0
2017-06-09,91.87442016601562,93.08926277728446,90.95901686856456,93.08926277728446,9384610.0
2017-06-12,90.06070709228516,91.64342072701676,89.0854146773864,91.64342072701676,12396076.0
2017-06-13,88.63199615478516,91.26700500226475,87.86202725766896,88.97420455350347,8946043.0
2017-06-14,87.63958740234375,89.41907519203843,86.33919970913153,89.41907519203843,8080517.0
2017-06-15,89.26507568359375,89.62439726856462,87.28027125102093,88.97419995217545,8317803.0
2017-06-16,87.34870147705078,90.03503560912227,86.51029381162128,89.00841056790412,8030288.0
2017-06-19,87.10917663574219,88.25557344572718,86.69852235602869,87.60537605786689,3891671.0
2017-06-20,87.00650787353516,87.72514413171396,86.74985156973932,87.263164177331,2063458.0
2017-06-21,87.5711441040039,87.77646773341806,86.23653006944127,87.00649890142967,4895705.0
2017-06-22,87.28028106689453,88.58066888367212,86.64718992100816,87.6053762805269,3843239.0
2017-06-23,87.896240234375,88.93997855852733,86.57873938875038,86.92094776227611,6051953.0
2017-06-27,87.7935791015625,88.3068916454911,86.73272760764581,87.4342575359137,9540496.0
2017-06-28,88.42666625976562,88.76887463430346,87.00650011298421,88.28978151750105,4448070.0
2017-06-29,88.73466491699219,89.28219698382743,87.62248757781985,88.97420802053011,12944967.0
2017-06-30,88.40956115722656,89.26508217196367,87.67381865435092,87.87914230543826,7242552.0
2017-07-03,88.83731079101562,89.1110802671216,86.23652861699699,88.97419552906861,5572713.0
2017-07-04,88.97420501708984,89.29930717491474,87.26316301458317,88.28978821608717,5868339.0
2017-07-05,88.22135162353516,89.11109209561202,87.75937166324985,88.97420733938914,5030668.0
2017-07-06,88.20423889160156,88.99132102242187,87.55404151773885,88.22135209706424,4398852.0
2017-07-07,88.18711853027344,88.37532894899208,87.26315179041583,87.29737123361497,3889807.0
2017-07-10,91.79742431640625,92.03697437409323,89.05975711253932,89.05975711253932,1769468.0
2017-07-11,90.06925964355469,93.59400134830604,89.69282490188284,91.09588465775835,10827743.0
2017-07-12,90.27459716796875,90.95901394959367,89.4190761909376,90.24037772133701,3170908.0
2017-07-13,90.36015319824219,90.97612415116382,89.47041273585684,90.30882054493676,4331508.0
2017-07-14,88.92286682128906,90.66813512484747,88.63199109144509,90.39436563661356,6545345.0
2017-07-17,91.31832122802734,93.76511241772693,90.53124616989645,91.16433024946284,20717986.0
2017-07-18,92.05406951904297,93.30313142267416,91.19854862097326,91.47231809325432,7342675.0
2017-07-19,92.772705078125,93.09780719462708,91.47231749885721,92.39627727786977,7928152.0
2017-07-20,92.10540008544922,93.85066128565053,91.79741117664976,92.65293205540009,7137662.0
2017-07-21,97.88873291015625,99.54844219698239,95.90392147787608,97.1529834846258,43712663.0
2017-07-24,99.7708740234375,100.43818452280945,98.98379894916809,99.30889411602436,17479614.0
2017-07-25,99.08647155761719,100.2499815765987,98.89826110420354,100.21576212709151,8993269.0
2017-07-26,99.01802062988281,99.75377003502516,98.48759485908903,99.24045746803012,7921576.0
2017-07-27,99.13778686523438,100.3526293270198,98.2993722066546,99.24045215803905,15748342.0
2017-07-28,98.91535949707031,99.53133738830309,98.52181845335201,99.2404616472061,6488043.0
2017-07-31,98.71003723144531,99.41156723056893,98.35071562950439,99.24046303197758,6801080.0
2017-08-01,100.88304901123047,101.27659002084583,98.89824468461113,98.89824468461113,10760455.0
2017-08-02,100.54084014892578,101.87545414948073,100.26707763743177,100.60928599848448,6469635.0
2017-08-03,98.9324722290039,101.08838091352504,98.76136803361743,100.84883782488299,9722197.0
2017-08-04,99.03511810302734,100.33551260917889,98.89824033374542,99.17200283455593,6796056.0
2017-08-07,98.47048950195312,99.20623896572398,98.24805960832867,99.10358062149297,3921329.0
2017-08-08,98.35072326660156,99.77088961763764,97.49520220721215,99.68533751169869,7279766.0
2017-08-09,98.042724609375,98.74425459368551,97.8374009678504,98.24805521314711,2906265.0
2017-08-10,98.60736846923828,99.05224215487318,97.78606695235322,97.8716190486486,7222248.0
2017-08-11,99.13778686523438,100.79749601726395,98.4533701458616,98.55603543866629,9466389.0
2017-08-14,98.72713470458984,99.54842915716158,98.29936731402611,99.2575534583552,4292153.0
2017-08-16,99.22335052490234,99.27468317729023,98.55604693060302,99.03513312022935,5363422.0
2017-08-17,98.6758041381836,99.58265765775748,98.55603260818252,99.54843125297428,7032915.0
2017-08-18,98.59025573730469,99.58266138145218,98.5218098874256,98.57314253427317,7948899.0
2017-08-21,98.453369140625,99.65109838729819,98.3164844056987,99.01801432079174,7613358.0
2017-08-22,99.32600402832031,100.26707701537687,98.86401717396777,99.41155611805273,7238720.0
2017-08-23,99.24044799804688,99.85641884231377,99.10356326746093,99.6168757854733,6223409.0
2017-08-24,99.03511810302734,99.58265702914167,98.8297944868578,99.39443965300904,7413579.0
2017-08-28,99.47999572753906,99.85642353264659,99.13778736612369,99.24045265944707,5715785.0
2017-08-29,99.49710845947266,99.9248689092168,99.27467163315633,99.51421470011428,4691806.0
2017-08-30,99.65110778808594,99.92487728376513,99.44578414745028,99.73665988520474,4899684.0
2017-08-31,102.35455322265625,102.83364634854792,100.64351131750551,100.95150025288211,27585715.0
2017-09-01,101.44770050048828,102.08078461843628,101.22526365843969,101.97812628058513,8535629.0
2017-09-04,101.73857116699219,101.97812120120805,101.19103917231558,101.61879963100779,8020043.0
2017-09-05,101.72147369384766,102.1150077799674,101.43059098706676,101.77279938351708,7789014.0
2017-09-06,101.70436096191406,101.94390405564378,101.32793311651837,101.63592206720492,8243296.0
2017-09-07,102.30321502685547,102.62831018631069,101.80701568616131,101.97811986740025,8910077.0
2017-09-08,102.83364868164062,103.24429596329465,102.14923190405227,102.66254448724354,12046586.0
2017-09-11,103.05606842041016,103.82603721940649,102.74808647060907,103.14162050918753,14275591.0
2017-09-12,102.01233673095703,103.65493265195587,101.80701311111302,103.38117014624612,20911485.0
2017-09-13,101.25947570800781,102.55987025711579,101.05415208505573,102.01233827516128,17684075.0
2017-09-14,96.99899291992188,98.8640258549533,96.22902404472124,96.33168238406616,15503769.0
2017-09-15,97.78607177734375,98.29938438044401,96.38301872131925,98.2138322799273,15001278.0
2017-09-18,99.00092315673828,99.2404732367474,97.01611146408385,97.01611146408385,4860657.0
2017-09-19,98.98379516601562,99.73665076693352,98.38492357868735,99.00090140652698,4557233.0
2017-09-20,99.8906478881836,99.97619998274423,97.95716915866389,98.84691651189227,5712945.0
2017-09-21,99.8906478881836,100.23285626642613,99.13779224094895,99.44578117381668,4954436.0
2017-09-22,100.76329040527344,100.93439460860368,99.39445677863148,99.46289567506443,8097163.0
2017-09-25,99.8906478881836,100.79750148297573,99.27467698469542,100.33552156479779,3578780.0
2017-09-26,99.32600402832031,100.02752698677797,98.9153498202566,99.58266029751755,4138670.0
2017-09-27,98.65869903564453,99.51421998052837,98.31649065769099,99.46288733138589,6102854.0
2017-09-28,97.83740234375,99.32601443079477,97.49519394898066,99.12068382413507,10644440.0
2017-09-29,95.90391540527344,98.52181079617698,95.54460079852011,98.29937396595042,4236150.0
2017-10-03,96.82787322998047,97.75183294746012,95.90390655025443,96.29744752704998,3430145.0
2017-10-04,96.75942993164062,97.95715913290377,96.36589590673714,96.81076257557265,2334927.0
2017-10-05,97.05033111572266,97.5294173178667,96.48568584919815,97.05033111572266,1547076.0
2017-10-06,98.07694244384766,98.21382021806592,97.10164304793767,97.52940349798699,3982263.0
2017-10-09,98.14539337158203,98.3164975725931,97.3754244670323,97.8545176223128,1350306.0
2017-10-10,98.21382141113281,98.65869506948705,97.52940468273984,98.14538252319231,2435394.0
2017-10-11,99.462890625,99.87354486949101,97.94006607757888,98.19672236954294,5113769.0
2017-10-12,100.42107391357422,100.95149968609181,99.20623138283898,99.58266616965652,4607998.0
2017-10-13,99.8906478881836,101.20815571421512,99.51422006456627,100.79750148297573,4222649.0
2017-10-16,99.47999572753906,100.07886036001597,98.29937270330785,99.89064297633874,6938446.0
2017-10-17,99.18913269042969,100.1473120475122,97.92295741401118,99.92488215396037,9840952.0
2017-10-18,100.8659439086914,102.35454891101624,99.10356942817593,99.10356942817593,14532324.0
2017-10-19,99.94198608398438,100.8830591763793,99.61689089151064,100.8830591763793,739517.0
2017-10-23,101.60169982910156,101.77280403514722,100.02754252593115,100.16442728321728,7465974.0
2017-10-24,101.5674819946289,102.28611827899286,100.98573046972666,101.44771044094293,3978687.0
2017-10-25,102.2861099243164,103.29562885092258,101.29371116433569,101.73857789343971,4602841.0
2017-10-26,103.44960021972656,104.0142453478832,101.6872259552209,101.90966275870638,10070656.0
2017-10-27,101.61880493164062,102.64543008605266,100.95150136617178,102.45721268951148,3277807.0
2017-10-30,100.3526382446289,101.39636965707305,99.94198399916525,101.39636965707305,3809919.0
2017-10-31,100.62641906738281,101.44772074532744,100.1644390492417,100.35265648290046,2886132.0
2017-11-01,100.4552993774414,101.51614402378586,100.28419517763592,101.2937141338369,2277490.0
2017-11-02,100.3526382446289,101.19104601546499,100.2499729427011,100.4381903421529,2564335.0
2017-11-03,100.79751586914062,101.2423896092487,100.47242064831043,100.52375330482265,2107524.0
2017-11-06,102.61121368408203,103.0047547307309,100.42107856391443,100.57506955674556,3876529.0
2017-11-07,103.43251037597656,105.65686483892253,102.06367686031751,102.61120887413168,15161185.0
2017-11-08,103.48383331298828,104.92111264358373,103.02185340617967,103.94582018204399,5255548.0
2017-11-09,103.51806640625,104.1853699856044,102.5256606772185,103.68917060221241,2553036.0
2017-11-10,103.56938934326172,104.03137622988265,102.06367802859931,103.535169897428,4214004.0
2017-11-13,102.1834487915039,104.16825321945622,101.99523139748163,102.76520025298622,2073570.0
2017-11-14,102.14922332763672,102.71386155194227,101.10548504454741,102.59409001836978,3545721.0
2017-11-15,101.4648208618164,102.5769981882639,100.64351928983638,102.1492376780918,3918684.0
2017-11-16,101.85834503173828,102.37165759390466,100.8488331110433,101.97812353270821,4846150.0
2017-11-17,101.00282287597656,102.26899802472279,100.780393004853,102.04656119135211,4640212.0
2017-11-20,100.72906494140625,101.60169214892753,100.0617544109221,100.98572123107382,5142518.0
2017-11-21,100.60928344726562,101.97811685676602,100.31840077794939,101.68723418744977,5494382.0
2017-11-22,100.71194458007812,101.19103767919354,100.26707788695069,101.19103767919354,3391791.0
2017-11-23,100.4552993774414,101.01994462924904,100.30130838251556,101.01994462924904,1803850.0
2017-11-24,100.16442108154297,100.74617256117989,99.58266960190605,100.74617256117989,4289313.0
2017-11-27,100.88304901123047,101.07126639564342,99.58266141011717,99.66821350080542,2796903.0
2017-11-28,100.9001693725586,101.25948400159241,100.36974358776193,100.95150202306269,4009460.0
2017-11-29,102.20055389404297,102.38877128596737,100.43818632532917,100.95149888994419,6735475.0
2017-11-30,99.8906478881836,102.81653230705608,99.01802070101353,102.44010448343876,18265488.0
2017-12-01,99.03511810302734,100.55794942763201,98.57313822608421,99.9248653768398,3808745.0
2017-12-04,99.22335052490234,99.61689157687917,96.75944587051342,98.19672532613555,8790643.0
2017-12-05,96.99899291992188,98.76136751560837,96.74233662818833,98.76136751560837,4956230.0
2017-12-06,96.67388916015625,97.34119968487869,96.02369880174358,96.94765865167018,5759926.0
2017-12-07,96.22901916503906,97.44385470695953,95.81836494174078,97.03320744590837,6731998.0
2017-12-08,96.81077575683594,97.87162037280176,96.36590902742962,96.74233686377266,4843796.0
2017-12-11,99.03511810302734,99.24044868144355,97.25563747989575,97.25563747989575,4125876.0
2017-12-12,98.48760223388672,99.70244485164187,97.5978617769206,99.41156910101323,3314548.0
2017-12-13,98.28227233886719,99.05224119808811,97.61496181686064,98.6929196122194,2911417.0
2017-12-14,98.76136779785156,99.41156513121753,96.62256536062637,98.69292194251184,3375145.0
2017-12-15,99.13778686523438,99.49710842780384,98.11116178617522,98.76135906202873,4930972.0
2017-12-18,101.22527313232422,101.892583720925,97.27276314231729,98.21383628639055,6890507.0
2017-12-19,100.0617446899414,101.61879548088977,99.42866062938155,100.95149197748148,10183834.0
2017-12-20,101.4648208618164,102.1492376780918,100.06176081865358,100.90017559593964,7081611.0
2017-12-21,101.892578125,102.32033862154077,100.74617442447263,101.22526757304782,3711281.0
2017-12-22,103.21006774902344,103.82603861917687,101.31080856766151,101.97811904646969,4689556.0
2017-12-26,103.6549301147461,105.05798990087149,102.02944047387817,103.09029191455768,4948094.0
2017-12-27,104.92109680175781,105.400189839619,102.67962953296765,103.99713016540137,4841953.0
2017-12-28,105.40021514892578,106.0504125019918,103.51806894714123,104.68157193844623,13459388.0
2017-12-29,107.53900909423828,108.27475848884296,103.68916489691432,104.5104594225457,10069992.0
2018-01-01,108.32609558105469,109.5067187698944,105.89641726869674,106.59794729230794,8934389.0
2018-01-02,109.06182861328125,110.87553569316185,107.60744309372032,108.08653618673094,7665379.0
2018-01-03,106.06751251220703,109.64359426281827,105.65686524084612,109.64359426281827,5860470.0
2018-01-04,106.6492691040039,107.11124901691133,105.21198975443427,106.1188433388805,3905556.0
2018-01-05,105.93062591552734,107.41923791323953,105.29754181564537,107.1112489839802,4301878.0
2018-01-08,106.4781723022461,107.07703699887605,105.77664230129479,106.08463125201116,4760660.0
2018-01-09,108.54851531982422,109.50670149916196,104.8526622992321,106.97435827855232,12201522.0
2018-01-10,111.79949188232422,112.19303287330727,107.82987645478107,108.27475009019612,10163032.0
2018-01-11,109.88313293457031,111.57706852601463,109.16449675740319,110.72154760980447,5643897.0
2018-01-12,109.0960464477539,110.78998196996322,108.5485144762077,109.84890900059585,8433768.0
2018-01-15,107.795654296875,110.96108142272571,107.2481223486366,109.11315500545547,3187225.0
2018-01-16,113.59609985351562,114.29762983624057,108.13787883093964,108.44586777365419,16443849.0
2018-01-17,111.4572982788086,114.12652651987831,111.21775518943589,113.95542232396994,8113347.0
2018-01-18,111.33753967285156,112.32994551689889,110.24247547667765,111.90218497741714,4722081.0
2018-01-19,112.56947326660156,112.92879485561251,109.67781519936125,111.90216970100684,4288268.0
2018-01-22,110.0371322631836,112.56946863727266,108.48008139116517,108.48008139116517,12193514.0
2018-01-23,107.8812255859375,110.51622747217083,107.24814144051757,110.22535172559925,8613403.0
2018-01-24,107.43633270263672,110.6702056717804,106.83746811156342,108.30896674881353,17542056.0
2018-01-25,106.75193786621094,108.82230151808498,105.65687374626387,108.0352193953276,22129831.0
2018-01-29,106.4781723022461,108.17210108781461,105.94774650033192,107.48768429166608,9397269.0
2018-01-30,105.16065216064453,106.87169395187469,104.27091182165422,105.9306209666981,6079993.0
2018-01-31,104.6113510131836,106.07048503003908,103.52987381545978,105.09200832161399,7530432.0
2018-02-01,103.25520324707031,106.121970640814,102.99770904430932,104.73149915191368,5872873.0
2018-02-02,103.2037124633789,103.83886349137619,101.34975263667441,102.75738634371706,6713662.0
2018-02-05,102.56856536865234,104.90317558608527,101.60725075942936,102.31107113242956,5851054.0
2018-02-06,101.16091918945312,101.67590763423944,99.59879176458801,100.14811137536451,6489310.0
2018-02-07,99.34130096435547,102.37973149626856,98.87781274507688,102.37973149626856,6662763.0
2018-02-08,99.49578094482422,101.16090867964428,98.55163556080514,99.59878141707169,14125508.0
2018-02-09,97.84783172607422,99.22114131836673,97.50450607424567,99.22114131836673,8405269.0
2018-02-12,99.20397186279297,99.89062316382686,98.15682583472498,98.84347713575887,6722288.0
2018-02-14,100.7489242553711,101.88190154948538,99.40995299459351,99.564453708324,8063123.0
2018-02-15,100.42278289794922,101.48709104067973,99.71896250510667,101.48709104067973,4415065.0
2018-02-16,99.90779113769531,101.59008121867888,99.58162758231703,100.5772733548232,8209045.0
2018-02-19,99.54729461669922,100.59444061429751,99.15246873309766,100.59444061429751,4420870.0
2018-02-20,100.0622787475586,100.68026766775641,99.25546492422869,99.5644593843276,9160624.0
2018-02-21,100.31977081298828,101.22958509847707,99.75328214579885,100.93775971991815,13748271.0
2018-02-22,100.47425842285156,101.02358496662855,99.92493886405175,100.56008982219457,12838500.0
2018-02-23,101.28108215332031,101.6072386864573,100.35409882207556,101.45274495707186,9779768.0
2018-02-26,100.11378479003906,101.52141853986511,99.70178982437267,101.21242406185985,13418935.0
2018-02-27,100.165283203125,101.05792846828656,99.95928223156785,100.40560835663764,10467034.0
2018-02-28,100.5257568359375,100.86908242708168,99.22112378057585,100.59442614515257,13724575.0
2018-03-01,100.42278289794922,100.97210255371544,99.97645674858882,100.52577640435504,10895423.0
2018-03-05,99.89061737060547,100.85193193029215,99.49579149841352,100.80043168870576,9996650.0
2018-03-06,98.51731872558594,100.23394694617602,98.24265541630028,99.99362178928465,12604231.0
2018-03-07,97.96800231933594,99.85629342419068,97.60750758714507,99.03231045416749,4868340.0
2018-03-08,97.91649627685547,98.79197245537742,97.21267593090631,98.34565332073228,5387353.0
2018-03-09,97.864990234375,98.84346683942664,97.53883369435029,97.84782115964633,2681455.0
2018-03-12,99.80477905273438,100.25110513561029,98.22548265829072,98.29414498566669,4658262.0
2018-03-13,101.83039855957031,102.79170603967856,100.42276500960588,100.42276500960588,8546243.0
2018-03-14,100.88626098632812,101.83040645074666,100.59443560341248,101.28108685026233,5547337.0
2018-03-15,100.73176574707031,103.68437185720072,100.25111543609844,101.43558610738751,13181140.0
2018-03-16,101.53858184814453,102.01923213665101,99.92494721466018,101.28108762859702,12891090.0
2018-03-19,99.10096740722656,101.79607924389795,98.39715404282322,100.78326442442294,3963271.0
2018-03-20,100.80043029785156,101.3497499022453,97.72766175534353,98.50014441354723,8064555.0
2018-03-21,101.36692810058594,101.72741584920503,99.97645639668528,101.10943385801014,8382829.0
2018-03-22,99.03230285644531,101.28108852096491,98.58597674463938,100.86909357507224,5036841.0
2018-03-23,97.7276611328125,98.74047591365897,97.17834153191795,97.52166715559926,8771707.0
2018-03-26,94.07124328613281,98.05382616988847,93.50475460137638,97.71050054094248,18744243.0
2018-03-27,94.08841705322266,96.40586516416593,93.81375374237886,95.77071411594007,14239615.0
2018-03-28,96.52603149414062,97.33284539675083,93.72792597297988,94.07125163238663,13853121.0
2018-04-02,99.44429016113281,99.8391160289745,95.71920850710174,97.33283615917748,6543819.0
2018-04-03,97.47016906738281,98.6546466862255,97.17834367780517,98.63747761067124,4300609.0
2018-04-04,96.68052673339844,98.36281678083279,96.13120012160647,97.84782832101133,4358041.0
2018-04-05,98.27698516845703,98.43148589707208,97.16117684114192,97.16117684114192,2813628.0
2018-04-06,97.48733520507812,98.19114853696978,97.26417215448706,98.19114853696978,1802274.0
2018-04-09,97.864990234375,98.20831584912838,97.24700133382791,97.74482766620682,2986425.0
2018-04-10,98.19114685058594,99.01512972362889,95.35871052667287,96.33719411746121,11673823.0
2018-04-11,98.08815002441406,99.28978963615621,97.45299905520294,98.87780170612125,3468465.0
2018-04-12,98.48297882080078,99.73611870764911,97.88215899689874,98.29414693929772,5989886.0
2018-04-13,100.9892578125,101.26392111428807,98.4829848698401,99.39279919891288,8491437.0
2018-04-16,99.53012084960938,100.93776149740697,98.68897586395465,99.22113337568084,6256147.0
2018-04-17,97.76200103759766,99.15247273179894,97.26418163274839,98.91214756772929,5854046.0
2018-04-18,100.47425842285156,100.86908425682483,98.36280460201814,98.9464623085369,7066675.0
2018-04-19,100.4056167602539,100.86910501509387,99.44430209578844,100.59444867165988,2552252.0
2018-04-20,102.3282241821289,102.99771332813894,100.90342147059623,101.21241592375644,8937349.0
2018-04-23,102.0879135131836,103.34105359335223,100.86910460268152,102.92905860241783,10660490.0
2018-04-24,98.51731872558594,101.50424903542144,98.24265541630028,101.07509198027391,9443424.0
2018-04-25,98.58596801757812,100.86908464590415,97.2126656227928,98.84346221660037,17195110.0
2018-04-26,96.59468078613281,97.1611624186997,94.07123212479893,94.41455771301013,25550129.0
2018-04-27,94.80940246582031,95.89087968160561,94.19141348966347,94.89523388000997,6519427.0
2018-04-30,95.70204162597656,96.93801949885847,94.79222729704102,94.8093963727669,5648769.0
2018-05-02,94.6033935546875,95.78786408978347,94.1913986405405,95.78786408978347,6354939.0
2018-05-03,93.19576263427734,94.67205857664854,92.5434425737052,94.41456436734197,8949440.0
2018-05-04,92.66360473632812,93.6077501663285,90.65515130950463,93.55624992769663,8256123.0
2018-05-07,94.32874298095703,94.63773746193236,91.73663852300321,92.697946148842,5265878.0
2018-05-08,93.64208984375,94.74073608952772,92.69794432791409,94.4832418579361,5221180.0
2018-05-09,92.78376007080078,94.20856264200842,92.56059704410951,93.7279054272065,5165820.0
2018-05-10,92.85244750976562,93.24726642064944,92.14862713083855,93.00694125880901,4808846.0
2018-05-11,93.60774993896484,93.93390647454542,92.11428493213266,93.21292409038273,4066852.0
2018-05-14,93.50475311279297,94.05407969834357,92.69793929460984,93.17859656447777,4104721.0
2018-05-15,93.04126739501953,94.01974405099165,92.06279073904741,93.65925632772712,4501617.0
2018-05-16,94.31157684326172,95.77071078834253,92.69794217183265,93.00693663955124,8413891.0
2018-05-17,95.56470489501953,96.40584979983477,94.19139554464488,94.4145585760174,6949715.0
2018-05-18,92.3202896118164,94.92956315411095,92.02846420639143,94.92956315411095,12844244.0
2018-05-21,90.9298095703125,92.50911300257219,90.67231535657159,92.38894344817768,8120387.0
2018-05-22,90.96414184570312,91.65079303800194,90.32898390484502,90.63797833837491,3966732.0
2018-05-23,90.44917297363281,91.22165573169828,90.15734056593628,91.17015548416485,9401189.0
2018-05-24,90.75814819335938,91.32463686952437,89.93417228436778,90.6723167874246,6267787.0
2018-05-25,90.84398651123047,91.20448123757609,90.51782993785356,90.98131816817063,6265014.0
2018-05-28,90.39765167236328,90.89547098429344,90.17448864167918,90.17448864167918,3131052.0
2018-05-29,90.2946548461914,90.80964325241533,89.83116667758534,89.83116667758534,4768596.0
2018-05-30,89.55651092529297,90.44916315906835,88.76686616038583,90.26033126692866,7799451.0
2018-05-31,89.91699981689453,90.80964500794377,88.57802853783195,89.88266865281138,13729428.0
2018-06-01,89.47067260742188,90.80964386970128,88.93852210835954,90.27749337063894,3800052.0
2018-06-04,89.3161849975586,90.10583674055971,88.59520257154504,89.76251111055537,4223321.0
2018-06-05,87.63388061523438,89.951328422118,87.20472361395963,89.3333465312687,6572043.0
2018-06-06,89.00719451904297,89.4363515757648,87.03307205812253,88.28621206074591,5079518.0
2018-06-07,90.84398651123047,91.27314357355706,88.5952076956261,88.5952076956261,5339491.0
2018-06-08,90.63798522949219,90.98131085174431,90.12299679611401,90.84397920584793,5026132.0
2018-06-11,90.77530670166016,91.4104576346459,90.38048088332516,90.80963786304213,5541131.0
2018-06-12,91.47914123535156,92.40611766238294,91.17014676468177,91.5821347355895,6065963.0
2018-06-13,92.28594970703125,92.69793765392463,91.61646056210755,92.35461203652096,4100905.0
2018-06-14,91.46195983886719,92.3889361410278,90.8611400543246,91.71945403224258,6231142.0
2018-06-15,91.63362884521484,92.26877983492815,90.98130878078868,92.26877983492815,12894495.0
2018-06-18,91.2387924194336,92.35460053706159,90.60364150331762,92.35460053706159,8318768.0
2018-06-19,89.60801696777344,91.30748315210738,89.29902248107832,91.30748315210738,9780146.0
2018-06-20,89.16168212890625,90.14015867723819,88.69818698787475,89.71100168367356,5125212.0
2018-06-21,88.80120086669922,89.71101522740696,88.26904332034803,89.60801473941055,10174400.0
2018-06-22,88.66386413574219,89.12735233523875,87.54805584789077,88.83552694925778,6965470.0
2018-06-25,88.4063720703125,89.69384320306074,87.89138361721321,88.5437037214679,4371876.0
2018-06-26,88.44068908691406,89.24750978899917,87.9428697892238,88.40635792586247,5289660.0
2018-06-27,87.90853881835938,89.2303409090318,87.27338090513496,88.95567765007114,8530568.0
2018-06-28,88.26903533935547,88.90419331627419,87.78837808046192,88.02871020239746,10412698.0
2018-06-29,89.7796859741211,90.12301165297075,87.54806906159834,88.92137177699695,9652752.0
2018-07-02,89.47067260742188,90.0371612551144,88.61235859121423,89.50501075605206,10055613.0
2018-07-03,89.91699981689453,90.22599426359781,88.76686041775547,89.7625060860316,10490968.0
2018-07-04,89.9341812133789,90.14017521107868,88.61237184276703,89.9685123821658,10224848.0
2018-07-05,90.67231750488281,90.91264963438844,89.31618407437398,90.12299789954928,12472818.0
2018-07-06,90.22599029541016,90.7753098515136,89.77966422702649,90.29465262055668,7580592.0
2018-07-09,90.96414184570312,91.06713533356167,90.00282738249393,90.39765321506118,5832667.0
2018-07-10,92.90394592285156,93.48760375323398,90.53500438623031,91.32464923677784,13242228.0
2018-07-11,93.41893005371094,94.34591351091836,92.49195358148181,93.71076244772595,10556522.0
2018-07-12,95.94236755371094,96.64618086831034,92.64643608591216,93.53908826634452,11900279.0
2018-07-13,96.42303466796875,99.49579641988886,95.53038239625776,96.06253994401023,20625128.0
2018-07-16,97.19551086425781,98.53447521217545,95.73637695975161,95.87370162160532,12543791.0
2018-07-17,97.47016906738281,99.20396629925011,96.73201756317265,97.1611746022509,14471569.0
2018-07-18,97.77915954589844,98.63747358906008,97.38433368904857,98.191147492625,6125915.0
2018-07-19,98.12248992919922,98.99797308973938,96.68052506063911,98.19115226199622,7434390.0
2018-07-20,97.16117858886719,99.77045908150656,96.30286447549322,98.70614399294033,13966393.0
2018-07-23,94.91239929199219,96.98951524419118,90.4148277741362,96.98951524419118,23582642.0
2018-07-24,93.71075439453125,95.61620742036013,92.42328330208834,95.51321392395133,9224277.0
2018-07-25,94.31157684326172,94.99822811153504,93.5905874235924,94.41457034251597,6629507.0
2018-07-26,93.17859649658203,94.44889850854238,92.57777665592933,93.86524774304226,11554893.0
2018-07-27,94.242919921875,94.58624560117168,93.3846057236333,93.3846057236333,4829553.0
2018-07-30,93.77941131591797,94.07123668304256,92.52627146123052,94.00257435606406,7272923.0
2018-07-31,94.89521789550781,95.1870432576008,93.10992757507532,93.89957226162241,7436176.0
2018-08-01,95.22138214111328,95.61620099494843,93.968242298351,94.75788699099854,4219572.0
2018-08-02,95.82221984863281,96.40587068638527,94.27724736786166,95.10123036261344,8010016.0
2018-08-03,95.44454956054688,96.285701575576,95.13555508533166,96.285701575576,4362841.0
2018-08-06,95.11837768554688,96.02819188864967,94.50038883457748,95.78785978661625,4540062.0
2018-08-07,95.2557144165039,95.95952771697435,94.62055645818295,94.62055645818295,4592433.0
2018-08-08,95.61620330810547,95.94236682848336,94.2085697045695,95.94236682848336,3821153.0
2018-08-09,95.68488311767578,96.25137183312637,94.60340593090251,95.47888912614235,6388521.0
2018-08-10,95.73637390136719,96.09686160468362,94.92955312137384,96.09686160468362,3598180.0
2018-08-13,96.76634979248047,97.65899498214056,95.2728777999017,95.44454060502778,6481139.0
2018-08-14,97.864990234375,98.53447238915308,96.4745187006328,97.84782115964633,5241916.0
2018-08-16,95.94236755371094,97.84782051199353,95.46171029924216,97.84782051199353,6015278.0
2018-08-17,96.14836120605469,96.47451774284133,95.25571601355351,95.92519816168503,7277246.0
2018-08-20,97.864990234375,98.32847841729657,96.13119308587942,96.40585637167312,4291894.0
2018-08-21,99.20397186279297,101.10943201715331,97.50450570174715,97.79633809266915,16189619.0
2018-08-23,99.4786376953125,100.62877725666225,99.01514246739953,99.5644691101144,7277960.0
2018-08-24,100.30260467529297,101.22958806283307,98.5001451264391,99.11813405146582,11267031.0
2018-08-27,101.57290649414062,102.07072582598806,99.92494080082271,100.25110431563422,6811390.0
2018-08-28,101.48707580566406,102.31105865810811,100.9720873960087,101.88190165006198,4051198.0
2018-08-29,101.88190460205078,102.15656090417197,100.62876470525136,101.81323528778732,4285462.0
2018-08-30,102.63722229003906,102.99771699572555,100.93776321460926,102.13940292026044,9067763.0
2018-08-31,103.4268798828125,105.22933954322818,102.82605999600727,102.99772282080878,18087318.0
2018-09-03,105.86448669433594,112.26751122032124,105.1606663446113,112.26751122032124,68625769.0
2018-09-04,107.58111572265625,108.14760442505019,106.19064408814184,106.5854699707181,21828613.0
2018-09-05,109.46940612792969,109.86423200829604,107.97594100087069,107.99310309176958,30871477.0
2018-09-06,110.27620697021484,110.7225330405805,109.17756785312928,109.86421904755204,26924326.0
2018-09-07,111.47785186767578,112.69666058979193,109.55522982875556,110.51654434070441,22940730.0
2018-09-10,111.58084106445312,112.6108178009874,110.96285222854185,111.37484711414163,16966961.0
2018-09-11,111.2203598022461,112.61083135795384,110.9457034970911,112.25033666277697,12710847.0
2018-09-12,112.86833190917969,113.46915177821761,111.59802983720499,111.59802983720499,16704169.0
2018-09-14,113.36615753173828,114.32747216909816,111.30620358166288,112.86833812112809,11404741.0
2018-09-17,113.26314544677734,115.35743022216815,112.64515656913149,114.06995921455365,12352938.0
2018-09-18,114.17295837402344,114.51628397209929,111.5808473145599,113.09148134308909,7248678.0
2018-09-19,114.22445678710938,114.51628914664235,112.28467265831131,114.46478890760844,7797531.0
2018-09-21,115.08277893066406,116.009762343664,112.61083713262019,113.94980851696812,17700584.0
2018-09-24,114.22445678710938,116.04408533312414,113.38331182780637,113.38331182780637,9975645.0
2018-09-25,112.71382141113281,114.97976889768827,112.01000116088758,114.32744888270096,9037680.0
2018-09-26,109.60672760009766,112.93698318262615,108.6282510204869,112.67948897825609,20972861.0
2018-09-27,109.50373840332031,111.11737310789792,108.73125571064388,110.51655323581625,47992758.0
2018-09-28,111.2375259399414,112.1473402063816,108.2849270813805,109.52089788438536,18433179.0
2018-10-01,113.3489761352539,114.13862082397743,110.89419669916049,111.23752229903432,10879266.0
2018-10-03,112.43917083740234,113.29748490532212,110.72254270156279,113.07432185066743,9550589.0
2018-10-04,111.80400848388672,113.43480504752304,110.4135370409007,111.61517661410642,12296495.0
2018-10-05,111.68385314941406,112.59366044000909,110.27621254174683,111.51219034213538,8937680.0
2018-10-08,109.00591278076172,111.03153534487858,107.35794700334992,110.3448841017866,9465389.0
2018-10-09,110.43071746826172,110.82554333704667,107.0146232822277,108.83425190272645,9932090.0
2018-10-10,108.4737548828125,110.12172065429077,106.48247047600202,110.00155808417786,9764277.0
2018-10-11,107.47810363769531,108.30208648089123,104.66283649050132,105.74431353563487,7138056.0
2018-10-12,108.59392547607422,109.84706547978527,106.25931527646796,108.5424322172054,8960733.0
2018-10-15,109.84706115722656,110.5680505727561,107.8557766816542,108.9544159105922,8342805.0
2018-10-16,109.53807067871094,110.10455938940079,108.52526282094583,109.86423423212783,8320912.0
2018-10-17,110.9457015991211,112.98848621023664,108.6625848670065,110.79120088169796,12641962.0
2018-10-19,110.9457015991211,111.95850936732577,109.00591048131012,111.01436392799081,7051648.0
2018-10-22,110.61953735351562,112.35333448843883,109.86422380096188,111.44352021946901,4842137.0
2018-10-23,106.12198638916016,109.95006883528427,104.74868377063873,109.48658059852896,10176672.0
2018-10-24,106.01898193359375,106.99746560067693,102.99772047683098,106.15631358730525,12479882.0
2018-10-25,109.36640167236328,110.9457051364962,101.62441301395877,101.62441301395877,37804166.0
2018-10-26,110.07022857666016,110.72254870061808,108.49093200311549,109.45223962028356,11805695.0
2018-10-29,113.12581634521484,114.0527926974889,108.71408365720829,109.5208974430731,6600369.0
2018-10-30,112.43917083740234,114.89395046864847,111.80401982413726,112.95415927815421,9880349.0
2018-10-31,113.70947265625,114.58495579792029,110.5852108517238,112.67949577662745,8013245.0
2018-11-01,113.17733764648438,114.31030817845055,110.72255768308956,114.31030817845055,6681864.0
2018-11-02,109.31491088867188,113.84680645046997,108.85141569612021,112.95416120162827,9761930.0
2018-11-05,111.27186584472656,111.75252313503452,107.83860946392403,108.18193510200429,6810854.0
2018-11-06,111.54652404785156,112.2160062174996,110.2418838888202,111.51219288260918,6109153.0
2018-11-07,111.7010269165039,112.52500987457718,111.42637058713163,111.71819599301764,380109.0
2018-11-09,111.52935791015625,112.61083504612921,109.05741615791334,112.61083504612921,12329274.0
2018-11-12,111.01436614990234,112.09584325359961,110.48221562806744,111.49502341654309,6897542.0
2018-11-13,111.97566986083984,112.5078203312429,110.20754168568018,111.06585565566283,6101731.0
2018-11-14,111.42636108398438,111.95851160580824,109.4007385220975,111.58085481951893,4883777.0
2018-11-15,110.9457015991211,113.46914346725721,110.43071317766565,111.28902721342472,8942797.0
2018-11-16,111.99284362792969,113.43481543885635,111.0658672376736,111.0658672376736,7275846.0
2018-11-19,114.27595520019531,115.15143829485044,110.37921094521501,111.75251337762938,7513344.0
2018-11-20,110.31056213378906,113.6064869784333,109.89856716259713,113.6064869784333,6907315.0
2018-11-21,107.85578155517578,109.86423519710061,107.54678707526931,109.86423519710061,6943816.0
2018-11-22,105.4353256225586,109.45223262743377,105.05766883333594,108.14759944784845,8239488.0
2018-11-26,109.33206939697266,109.82989573951845,103.90752177909515,104.16501599541887,18657115.0
2018-11-27,107.13479614257812,110.65389114881896,106.77430838992369,108.78276210750214,11458234.0
2018-11-28,106.53397369384766,108.33643336903566,106.17348594979703,107.78711372216449,16926705.0
2018-11-29,108.1132583618164,108.71407814839499,106.2936299284733,107.80426393172344,7793384.0
2018-11-30,111.46070098876953,112.06152087292404,107.70128095121592,108.16476917913945,16991251.0
2018-12-03,112.69666290283203,113.12581992858573,110.91137246968769,111.58085463587241,7115262.0
2018-12-04,114.99693298339844,117.15988702198139,111.8211712353862,112.69665429504528,15925097.0
2018-12-05,115.51192474365234,116.28440735353465,112.66232641818401,114.3274542024904,10264210.0
2018-12-06,113.86396789550781,115.5119266325518,112.95415363199554,114.41328747452248,6232265.0
2018-12-07,114.43045806884766,115.47759700228835,111.39202079195393,114.25879526156452,9264269.0
2018-12-10,112.13018035888672,115.52910558557646,111.61519189984216,112.7138381367907,8528293.0
2018-12-11,112.61083984375,114.6021313848213,111.51220057038674,111.71819456102008,11795237.0
2018-12-12,113.31465148925781,113.98413365352445,112.59366210007516,113.22882008435299,7028448.0
2018-12-13,116.26726531982422,118.08688714599184,112.95417126895246,113.64082259618066,13728244.0
2018-12-14,114.36178588867188,117.76071078468567,114.08712959488912,116.38740836083987,12792082.0
2018-12-17,116.5934066772461,117.33155815459736,114.80811625363253,115.34026677173965,9162003.0
2018-12-18,115.0312728881836,116.18141224993118,114.17295888912163,115.09993521411766,9864405.0
2018-12-19,116.9710693359375,117.50322686575059,113.77814511199279,115.03128508043997,9978008.0
2018-12-20,114.41329956054688,116.7307476728928,114.10430508190512,115.44327649936729,6421739.0
2018-12-21,110.58522033691406,114.94546035895898,110.12173209832484,114.39613372139421,26209361.0
2018-12-24,112.16449737548828,113.46913743446954,110.34487590740898,110.79119499128784,11285031.0
2018-12-26,111.97566986083984,112.37049568402725,109.64105306849625,111.82116915525678,6281385.0
2018-12-27,112.42200469970703,113.76097607764557,111.23753404901791,112.54217426033811,13527065.0
2018-12-28,113.31465148925781,114.29312810817736,111.8555176058757,111.99284226574134,5945206.0
2018-12-31,113.58930969238281,114.60212447817352,112.97132775772629,113.64080993318196,5696321.0
2019-01-01,112.1473388671875,114.24162367296172,111.71818185842321,113.55497245893888,4036542.0
2019-01-02,111.76968383789062,113.74380610896401,110.89420073238014,112.88549207806254,8822139.0
2019-01-03,111.75251007080078,112.59365499177362,110.91136514982794,112.26749846771735,9446080.0
2019-01-04,111.39202117919922,112.21600405401834,109.7440624145385,111.40919025397822,6414073.0
2019-01-07,111.3233642578125,112.18167833890656,110.65388206855027,111.95851528082653,5076276.0
2019-01-08,111.76968383789062,112.43916598800278,110.75686909044042,111.58085195710132,5559089.0
2019-01-09,112.95416259765625,114.19013349478794,111.4263663058512,111.4263663058512,10474346.0
2019-01-10,111.8383560180664,113.65798471785722,110.89421050090624,113.57215330720629,8265043.0
2019-01-11,112.85115051269531,113.26314542604288,111.06586017645427,111.78684254359095,4263836.0
2019-01-14,107.30644226074219,113.67513506719271,106.89445432616431,113.31464737068141,18435523.0
2019-01-15,113.22881317138672,114.08712716803232,108.16475360620052,109.52089391188687,40188776.0
2019-01-16,115.5462646484375,116.66207287967282,112.97132257635602,113.91546800278589,26390100.0
2019-01-17,115.15144348144531,116.25008268287023,113.84680331789774,115.70076308215776,14104487.0
2019-01-18,118.84219360351562,119.30568880926391,114.46479864292758,115.35744391718465,26911902.0
2019-01-21,115.97542572021484,118.41302925180834,114.39612227273881,116.73073929380782,41658250.0
2019-01-22,118.96236419677734,120.02667928662503,115.35744491626629,115.63210822686791,17817926.0
2019-01-23,120.6961669921875,122.15530105305423,119.47735810029566,119.70051419221016,26499796.0
2019-01-24,120.76481628417969,121.19397331454311,118.96235675665328,120.23265877253795,11281453.0
2019-01-25,121.34845733642578,123.03076114273982,119.47733562783277,119.56316702703387,13964137.0
2019-01-28,121.93211364746094,124.52421054923485,121.6231122495998,121.65745039490216,18399880.0
2019-01-29,123.73966979980469,124.22167723646045,121.55339076272905,122.5690582960112,12320260.0
2019-01-30,125.06523132324219,126.58013826856688,123.25768192930337,123.60197705195839,19757160.0
2019-01-31,127.11378479003906,127.87124526912503,125.0824491655198,126.01204319692006,20517517.0
2019-02-01,127.92285919189453,128.23271913929543,125.15128118240217,127.42363416134788,8977608.0
2019-02-04,127.81957244873047,129.00738763549177,126.73504858460107,127.38920361226607,8383256.0
2019-02-05,126.85555267333984,128.1466592765738,125.94317627748248,127.38921287122386,6550401.0
2019-02-06,128.1466522216797,129.09346367859285,126.95883701397823,127.09656344971617,5811361.0
2019-02-07,128.62864685058594,128.93850674978444,127.26868438948215,128.0777692415669,5982481.0
2019-02-08,128.3188018798828,129.07626226545304,126.94162155615909,127.90565058464624,3735809.0
2019-02-11,128.4392852783203,129.93697418697437,127.2858913822856,127.69905660494872,7927406.0
2019-02-12,129.11068725585938,129.5410561199829,126.82113050248356,128.81804483389726,7939320.0
2019-02-14,129.14511108398438,130.2812875878714,128.74916335794697,129.5926974654431,8199603.0
2019-02-15,129.48939514160156,129.91976393154786,127.44084250333736,129.1967387606778,9393792.0
2019-02-18,129.3172607421875,130.41900215431878,127.64742406406518,130.41900215431878,9280197.0
2019-02-19,125.13407135009766,129.24840874084003,124.70370250248047,128.2671621645118,8171619.0
2019-02-20,128.1466522216797,128.76638615899427,124.35940639402706,125.04799654450936,11761287.0
2019-02-21,128.9557342529297,129.73039807010377,127.66462789097285,128.35321795068316,6861558.0
2019-02-22,130.40179443359375,130.83216329964915,128.59424519616107,129.11068783542754,8519101.0
2019-02-25,132.69134521484375,133.13893156998685,130.57392230722863,131.1075824226146,12475916.0
2019-02-26,133.46603393554688,133.9136203741216,131.26253685694962,132.3814959486846,10140096.0
2019-02-27,128.90411376953125,132.15769945833196,128.21552361277332,130.91823157240663,21357373.0
2019-02-28,127.01048278808594,129.6959730217042,126.21860135612596,129.0762531274241,25142033.0
2019-03-01,129.35169982910156,130.26409028883575,125.83989246051611,127.69909448581717,18763773.0
2019-03-05,125.18570709228516,128.99016999273636,124.63482943805305,128.76636981659178,36042630.0
2019-03-06,127.36622619628906,131.24527550918043,125.36931202451319,125.96608453129586,43014120.0
2019-03-07,123.41830444335938,128.67453391681423,122.79857053783016,128.53682149754184,16200268.0
2019-03-08,118.2997817993164,120.3884994461954,117.7718515284471,119.86058318472719,54689738.0
2019-03-11,119.24085235595703,119.76876863091735,118.18501980603637,118.89655730584359,14708454.0
2019-03-12,119.97534942626953,120.89346954583631,119.42447175076896,119.81467560346509,12580708.0
2019-03-13,118.39159393310547,121.92636221565418,117.61120018888448,120.50327314049554,14439446.0
2019-03-14,117.90958404541016,119.21790807191212,117.06032009772278,119.05723424244665,8978946.0
2019-03-15,120.93936157226562,121.30660396537364,118.07023659673645,118.43747898984446,17440194.0
2019-03-18,118.25387573242188,121.53615240046928,117.54232422490858,121.53615240046928,11497228.0
2019-03-19,118.18502044677734,118.85064914163118,117.10622648202623,118.34568026351347,10103694.0
2019-03-20,120.06715393066406,120.73279662608935,118.62111753341055,118.62111753341055,12229124.0
2019-03-22,119.60811614990234,121.07711422962525,118.6670484487512,120.48034164002755,6396058.0
2019-03-25,117.7489013671875,120.27373161092837,117.51937134502924,120.27373161092837,6747924.0
2019-03-26,117.06031799316406,118.7129370490655,116.32581907838546,118.02434694322336,7701032.0
2019-03-27,116.85374450683594,117.70300145013955,116.48649504270692,117.15213075629649,6715462.0
2019-03-28,116.945556640625,118.39159310633231,116.64717038728888,117.47347293643534,14209672.0
2019-04-01,120.11307525634766,121.14596050622733,117.49643402425947,117.51938843075263,14133132.0
2019-04-02,120.11307525634766,121.14596050622733,118.98838638989815,120.91643045069851,7413134.0
2019-04-03,120.11307525634766,120.77871802114234,118.52932627884053,120.45737033964089,7538708.0
2019-04-04,118.91950988769531,120.38850776928922,117.0373677345423,119.81468266076067,12838396.0
2019-04-05,120.31966400146484,121.12301923648687,119.12610485040857,119.814695051856,7229104.0
2019-04-08,121.05414581298828,121.88044833352275,119.69991300552186,121.05414581298828,7274928.0
2019-04-09,125.69063568115234,126.2415133431373,120.89346657975366,120.96232278515156,27982768.0
2019-04-10,128.99588012695312,129.3631225804934,126.24151969719611,127.61869991207462,37061332.0
2019-04-11,129.1335906982422,130.64849731858834,128.60567442530092,130.14352844513962,18883256.0
2019-04-12,130.09762573242188,130.69441225060578,129.1795055592793,129.63856564585058,11578108.0
2019-04-15,132.0715789794922,132.8978814469044,130.4419074334839,130.83211126897325,14134384.0
2019-04-16,128.94998168945312,133.7930742402837,127.6187101765424,133.74716542754828,40734118.0
2019-04-18,130.74029541015625,132.92083062720718,128.62863040748022,132.6683532058353,54851156.0
2019-04-22,132.32406616210938,132.66836121717125,130.87802973272989,131.06165096021587,16824108.0
2019-04-23,133.63238525390625,133.9766802962938,131.61252380711278,132.98970397666304,12355568.0
2019-04-24,134.52757263183594,135.10139782478765,133.21926239942934,134.06851247747457,18298138.0
2019-04-25,135.51454162597656,135.85883668700862,134.43574763286242,134.5275512434965,20781632.0
2019-04-26,135.33090209960938,136.180166025137,134.73412961648262,136.0654010084279,12393102.0
2019-04-30,137.0523681640625,137.46553340404327,135.4227106397846,135.4227106397846,14679834.0
2019-05-02,134.80300903320312,137.190127395495,134.34394888733192,137.05240094609132,9078250.0
2019-05-03,133.5405731201172,134.82594973676404,132.46177914114267,134.73413211793152,14816616.0
2019-05-06,133.5176544189453,134.87187352669542,132.76020793367425,133.08154164985348,8608690.0
2019-05-07,134.8948211669922,135.39979010874566,133.26514930994253,134.34394341064237,8707688.0
2019-05-08,133.5176544189453,135.07845620877148,133.15039787407727,135.07845620877148,7904232.0
2019-05-09,133.60943603515625,134.55051764251488,133.2651409613573,133.95373110895522,7497994.0
2019-05-10,133.28811645507812,134.2291841524671,133.1274426017814,133.81603282213544,6133344.0
2019-05-13,132.7142791748047,134.73414083518935,132.32407528362293,133.35696052000856,8563900.0
2019-05-14,130.6485137939453,132.6683755330523,129.95992360951772,132.6683755330523,16740848.0
2019-05-15,129.9140167236328,131.26824971020235,129.59266902903562,131.06166704804653,8631244.0
2019-05-16,130.9927978515625,131.75024418874634,130.3042077251405,130.3042077251405,7191096.0
2019-05-17,131.4748077392578,133.0815180636083,130.96983883543865,131.5207165504054,6713562.0
2019-05-20,133.24220275878906,133.81602792140228,131.93387858615026,132.89790766122113,8366922.0
2019-05-21,131.70433044433594,133.586479521258,131.2911791858412,133.40285829630494,5029334.0
2019-05-22,129.95993041992188,131.9797922648775,128.99590130932373,131.75026219137337,15300108.0
2019-05-23,129.5467529296875,131.24526672498922,129.22540528791095,131.107554312457,9712568.0
2019-05-24,129.8680877685547,130.46487425034093,128.53681640057187,130.32714782712816,9855298.0
2019-05-27,128.76638793945312,130.41900748494223,128.62867548124808,130.3730986624053,10900622.0
2019-05-28,129.89105224609375,131.1764148367086,128.3761456113675,128.99587950696454,88274856.0
2019-05-29,131.1534881591797,132.43885095288115,130.14355024312584,130.6026103850769,11011746.0
2019-05-30,132.20932006835938,133.12744034661188,131.06166972054376,131.29119979010687,23151914.0
2019-05-31,131.4748077392578,133.12742687475594,130.83212641139806,132.27816290143306,14648962.0
2019-06-03,133.72418212890625,134.0684771539646,131.86499459735128,132.43881963911522,11706676.0
2019-06-04,134.8489227294922,135.85886069071736,133.49468964640448,134.96368777011304,22163334.0
2019-06-06,133.81600952148438,135.2390985309688,133.58647948799984,134.96365968890706,17201760.0
2019-06-07,135.4456787109375,135.83588260303154,134.0455509909913,134.27508104405806,13569768.0
2019-06-10,136.38674926757812,136.79990052769423,135.652250355482,135.76701537270324,14963786.0
2019-06-11,136.66217041015625,137.48847282336484,135.92767159319322,136.3408227997975,14468168.0
2019-06-12,136.79991149902344,137.16715397982352,136.27199517934733,136.57038144617272,12445080.0
2019-06-13,136.9835205078125,137.21305054016787,136.40969542692403,136.79989928380846,10004562.0
2019-06-14,137.1671600341797,138.45253679251988,136.79991753717005,137.1442126316428,15931606.0
2019-06-17,137.3278350830078,138.06233409286384,137.1901226477738,137.7180389953754,12357208.0
2019-06-18,136.79991149902344,137.94756176327698,135.8817912876206,137.48850165757557,16803584.0
2019-06-19,134.98660278320312,137.35077326021164,134.11439148566066,137.2589556459857,23805922.0
2019-06-20,131.72731018066406,132.1175000844512,129.63857817918682,130.39602459337826,19120844.0
2019-06-21,131.22230529785156,133.12740151769032,130.46485909109634,131.75022150199007,12954516.0
2019-06-24,130.3271484375,132.0256762659372,129.98285339195743,131.06164733653773,6343478.0
2019-06-25,130.96983337402344,131.4288934475523,129.38608452598984,130.37306088219657,5619496.0
2019-06-26,131.3600616455078,132.2093257412124,130.62556258950912,130.90100148668415,4663538.0
2019-06-27,129.50083923339844,132.1174730385332,128.85815798350922,131.91090442753338,10178400.0
2019-06-28,128.76638793945312,130.28128101733145,128.53685783617425,130.28128101733145,6298778.0
2019-07-01,129.4549560546875,130.09763743180173,128.97294852420265,129.27133480542676,3471842.0
2019-07-02,130.4878387451172,130.83213383415443,129.31724104615176,129.661536135189,5218738.0
2019-07-03,129.8451690673828,131.1075845074752,129.47791253371335,130.78623679168996,2516552.0
2019-07-04,130.30419921875,130.7862066720187,129.4549353163899,129.91399537070336,3256662.0
2019-07-05,124.79548645019531,130.6255411026141,124.40528257749989,130.37306366055338,9170926.0
2019-07-08,122.52313995361328,124.52005422415775,122.13293606015475,122.91334384707183,7149570.0
2019-07-09,121.88046264648438,124.29052829203633,121.30663749278153,122.79858289240893,5240124.0
2019-07-10,122.54609680175781,123.7166944291447,120.87051626337752,121.51321159780392,5561126.0
2019-07-11,122.91334533691406,123.9462305918461,122.15589895184446,122.79858030858827,5383786.0
2019-07-12,118.87361907958984,123.32649366570557,118.4604537800491,123.02810740112811,15190556.0
2019-07-15,119.30970764160156,120.27373657634567,117.47346738852758,119.35561644980868,9494898.0
2019-07-16,119.35562896728516,120.59509687186039,117.63415354948776,118.89656885587252,9723314.0
2019-07-17,119.1719970703125,120.64098088986024,118.4834069647553,120.2737384373237,11637538.0
2019-07-18,123.5330581665039,125.85130573848265,119.14902642852562,119.8146690827455,42054706.0
2019-07-19,121.51321411132812,123.78555320138916,120.96233638739683,123.53307575007209,8459390.0
2019-07-22,121.5591049194336,122.24769504701966,120.45736351717629,121.9263613931207,8839780.0
2019-07-23,121.42137908935547,123.94620927835908,121.10003146154028,121.6050003012211,9361236.0
2019-07-24,121.28369140625,122.04113781547495,120.2737535210145,121.4214038408715,4498944.0
2019-07-25,120.38850402832031,121.85750186426637,120.04420897390185,121.85750186426637,9982362.0
2019-07-26,121.00825500488281,121.53617136094387,119.72287821468676,120.36557361448659,5438744.0
2019-07-29,120.45736694335938,122.63790240940317,119.47039053429373,120.73280580410855,5764526.0
2019-07-30,120.41143798828125,121.55908804157939,119.81466556432623,120.68687680295281,4830174.0
2019-07-31,121.78863525390625,122.24769534006407,119.60809984465665,120.5032726164252,5698432.0
2019-08-01,124.12983703613281,126.76943237292487,123.28057312589338,124.63480590244284,35302414.0
2019-08-02,121.03119659423828,124.35938243008832,120.13603777506519,123.90032231479864,9957332.0
2019-08-05,120.27375030517578,121.83455189656846,119.49334250477796,119.88354640497687,7665468.0
2019-08-06,118.85063934326172,120.59507586845211,118.34567050677501,120.27372824266956,7906452.0
2019-08-07,120.52621459960938,121.30662231476103,118.89655697075915,118.89655697075915,7992066.0
2019-08-08,121.99522399902344,122.56904913542525,119.97536232076963,120.73280869893946,7250870.0
2019-08-09,120.96234893798828,123.34946731016555,120.6639626438171,122.1099993074189,7060998.0
2019-08-13,118.66703796386719,121.60501985432224,118.43750790977847,121.60501985432224,4380900.0
2019-08-14,115.24703216552734,119.40152720685593,114.87978270797826,119.26380077998664,8706726.0
2019-08-16,114.39777374267578,115.22408331078499,112.49267715913888,114.76502321791334,9944870.0
2019-08-19,115.72904205322266,116.23400390822256,114.7650131409584,114.90273255766765,5540152.0
2019-08-20,116.27993774414062,118.94248802305404,115.7749687757477,116.27993774414062,15930242.0
2019-08-21,115.86676025390625,117.01441044265215,115.26998775951907,116.3717291388348,6826530.0
2019-08-22,115.70608520507812,116.37172086629239,114.0764206519671,115.6831308019948,6739804.0
2019-08-23,115.40771484375,118.02436321035982,114.55845779897989,116.11925945213159,9793938.0
2019-08-26,114.35187530517578,116.11925251198039,113.77805017218053,115.8667680525222,6529420.0
2019-08-27,114.81092834472656,115.52246586208305,113.43374811030618,114.16824003250984,8045102.0
2019-08-28,114.42072296142578,116.23400884513009,113.89280668043494,114.81092682455872,5363314.0
2019-08-29,114.21414184570312,114.87977751729079,113.41078675816962,113.41078675816962,5438102.0
2019-08-30,116.78488159179688,117.1750854618165,114.3748161709368,114.81092885085317,8368026.0
2019-09-03,116.44058990478516,117.22099766743166,115.93562800479751,116.64717255060403,4411118.0
2019-09-04,117.54232788085938,117.90958435050243,115.3617995055488,115.4536101206091,6606662.0
2019-09-05,117.33576965332031,118.85066244787578,116.83080071866746,118.85066244787578,8811234.0
2019-09-06,115.68313598632812,118.11614871878798,114.21414518426727,117.22099000072507,22872104.0
2019-09-09,117.33576965332031,117.56529971367132,114.92570401963464,115.40771154261053,11581912.0
2019-09-11,113.91575622558594,117.06032058030992,113.548513764781,116.60126049960283,19598224.0
2019-09-12,112.26314544677734,114.07643138577194,112.01066099850443,112.79106174386528,9329514.0
2019-09-13,112.6303939819336,113.57146154678546,111.64341060227537,112.46972015126568,7620240.0
2019-09-16,113.43375396728516,113.77804904366741,112.05657366175616,112.51563376359917,7950382.0
2019-09-17,112.07952117919922,113.57146651173458,111.87294553409612,113.36489086663148,6329530.0
2019-09-18,112.14838409423828,112.9058304591361,111.68932399316051,112.65334600260307,5052560.0
2019-09-19,110.86299896240234,112.85991292571703,110.2891739160131,112.58447410157008,5137674.0
2019-09-20,112.90582275390625,114.1682379457169,110.40394677471258,111.04662807048133,12392500.0
2019-09-23,109.87604522705078,113.84691256086143,108.56772105098277,113.70919312053294,13553962.0
2019-09-24,110.49577331542969,111.52865862125367,109.94490255326392,110.58758394167369,11536662.0
2019-09-25,109.62355041503906,110.79415504037605,109.25630094369987,110.40395116369672,7209996.0
2019-09-26,108.8431396484375,110.38098659886892,108.59065522233671,109.80716154168546,10777480.0
2019-09-27,108.6136245727539,109.71536603228543,108.24637508467627,108.98086705613017,6383350.0
2019-09-30,110.08260345458984,110.47280030158433,108.22340881629658,108.79723388955372,6597906.0
2019-10-01,107.19054412841797,110.38101074329131,106.59376453746926,110.17443507845958,8754660.0
2019-10-03,108.2693099975586,109.99078509606949,106.75441050992899,107.51185675139374,9570460.0
2019-10-04,109.11857604980469,110.58756685686784,108.45294035649333,109.25629547024513,5951042.0
2019-10-07,108.82019805908203,111.27616539020374,108.42999417236956,109.27925815888436,4447336.0
2019-10-09,109.14151763916016,109.99078146157616,108.52178382229444,109.830107655811,4556276.0
2019-10-10,109.80717468261719,109.99080292571145,108.24637314217287,109.14153893756598,4135724.0
2019-10-11,109.92192840576172,110.35803405563124,108.56770264892454,108.79723267566645,5316578.0
2019-10-14,111.7581787109375,112.40086704666692,109.25630259448306,110.08261216630594,7184274.0
2019-10-15,111.8499755859375,112.699239459098,109.83011421828593,112.44675503696647,17103786.0
2019-10-16,114.26005554199219,115.54542521678877,112.01066386462406,112.88287524857468,32571658.0
2019-10-17,113.77804565429688,114.83387825332223,113.20422054408698,114.26005314311233,10324480.0
2019-10-18,114.26005554199219,115.08636511898293,113.77804804305701,113.77804804305701,5528778.0
2019-10-22,116.39468383789062,116.80783510500359,113.4337477443787,114.30595908815091,12546576.0
2019-10-23,116.76193237304688,117.31280305972378,114.78797265814558,116.05038785893468,5348508.0
2019-10-24,114.58140563964844,116.69307793143392,114.39777739381839,116.55535849823673,7834196.0
2019-10-25,116.14219665527344,116.371726688189,114.19119137549117,115.70609099367401,6530578.0
2019-10-27,116.44058990478516,117.175088856205,116.14220364591525,116.85374819172175,630698.0
2019-10-29,117.15213775634766,117.47347842989839,115.77495743710055,116.44059319046305,6382884.0
2019-10-30,116.945556640625,119.76877336117774,116.32582272406415,118.43750191670755,8119090.0
2019-10-31,119.03427124023438,119.35561889486581,116.5094478452361,116.60125845883044,6992524.0
2019-11-01,118.71295166015625,119.81469316322479,117.8636876232106,119.44745066533638,5061842.0
2019-11-04,117.7948226928711,119.676971876486,117.40461881185057,119.03427653861584,3841070.0
2019-11-05,118.66703796386719,119.08018925934634,116.92260815185266,118.11616023029318,3169448.0
2019-11-06,117.90958404541016,119.10314305220848,117.54232757671738,118.89656041298117,3255238.0
2019-11-07,119.19493865966797,119.58514250234273,117.79481111704773,117.978432334365,4253934.0
2019-11-08,117.7030029296875,119.72286450073572,117.40461667647617,119.42447824752439,3079708.0
2019-11-11,117.7259521484375,118.20795958375668,116.32581062928084,118.07024717635136,3804758.0
2019-11-13,116.18810272216797,118.8965542447828,115.75199006615833,118.1161465475238,3722946.0
2019-11-14,116.02743530273438,116.94555546338906,115.4077013924121,116.60126040314356,5796412.0
2019-11-15,115.93562316894531,116.6930694896831,115.52246489924218,116.60125887576046,2425834.0
2019-11-18,114.51254272460938,115.912677457211,113.98462640143727,115.912677457211,5756874.0
2019-11-19,114.94863891601562,115.2929339690844,113.70917812590818,113.93870816128737,4061312.0
2019-11-20,114.26005554199219,115.5683796226193,114.03052549308927,115.5683796226193,2988298.0
2019-11-21,113.64032745361328,114.5354932342635,113.38784300145525,114.03052432994741,3488196.0
2019-11-22,111.5975112915039,112.76810892364816,111.13845119899209,111.68932190906604,8183112.0
2019-11-25,111.5516128540039,111.91886236310559,110.77121202510143,111.57456726170435,3782394.0
2019-11-26,109.04972076416016,112.28609565072735,108.56770629089259,112.10246742035358,15380804.0
2019-11-27,110.19737243652344,110.58756929756565,109.27925228625821,109.71535795669402,3894494.0
2019-11-28,110.08260345458984,110.40394409467372,109.37105896281086,110.15145966150045,3198740.0
2019-11-29,109.11857604980469,110.72528627730829,108.72837919737422,110.19737000443739,5333922.0
2019-12-02,109.53174591064453,110.0367078328012,108.1316111631756,109.37107206899837,7259920.0
2019-12-03,108.70543670654297,109.48583750163108,108.06274834228694,109.48583750163108,5730370.0
2019-12-04,111.1843490600586,111.43683350292093,108.56770802653264,108.6136168360352,6671932.0
2019-12-05,111.87293243408203,112.42380309141862,110.67938051063615,111.41387238551813,5226290.0
2019-12-06,110.63348388671875,112.2401942336213,110.33509762417448,111.87294475338905,2735116.0
2019-12-09,110.35803985595703,110.93186495297157,109.53173732001679,110.54166808982221,2414590.0
2019-12-10,109.32514953613281,110.35803466214804,108.84314208108614,110.35803466214804,4411226.0
2019-12-11,110.19737243652344,110.5416674928729,108.49885155947295,109.09562405338465,4775320.0
2019-12-12,109.92192840576172,110.7482379029727,109.57763336564885,110.33508665671746,2811896.0
2019-12-13,111.94180297851562,112.40086305715674,110.17441887386698,111.0925390311492,8623666.0
2019-12-16,111.62045288085938,113.11239810384478,111.36797544688397,111.96474793231754,5685154.0
2019-12-17,112.35494995117188,112.90582062353678,111.80407927880698,112.12541992062812,4422758.0
2019-12-18,113.984619140625,114.71911106500339,112.69924951708668,112.85992334679182,10598214.0
2019-12-19,114.39777374267578,115.06340947639946,113.6862291977845,114.12234188977347,4968422.0
2019-12-20,115.59133911132812,116.50945934731214,113.5255685803641,113.8469092620182,10423252.0
2019-12-23,116.53241729736328,116.92261420669966,115.499532000476,116.05040275787553,3701304.0
2019-12-24,115.79791259765625,116.57831338270613,115.26999627371993,116.14220767971072,3088960.0
2019-12-26,114.90274047851562,115.86676245253446,114.55844541535869,115.68314122073114,4052868.0
2019-12-27,113.64032745361328,115.10931835066762,113.08945674280555,114.76502328082515,5022240.0
2019-12-30,114.28300476074219,114.55844360880454,113.2042177826832,114.05347472225718,4333614.0
2019-12-31,112.83697509765625,114.12234479131743,112.60744504538465,113.70918649440779,4329828.0
2020-01-01,113.70918273925781,114.14528842323155,113.02059260518314,113.15831203293828,2827732.0
2020-01-02,113.984619140625,114.71911106500339,113.08945338654148,113.20421840641632,2887932.0
2020-01-03,115.2699966430664,116.00448861764858,113.54852122727809,114.53549766378283,6762808.0
2020-01-06,115.75200653076172,116.80784620838288,114.83388629016967,115.22409019430191,9133390.0
2020-01-07,117.15213775634766,117.68006108154653,114.85683722426914,116.25697194977731,8805574.0
2020-01-08,116.968505859375,117.58823274375587,115.93562071403953,116.60125640676003,5588820.0
2020-01-09,116.44058990478516,117.74891397303264,115.98152981132304,116.71602876274288,4990046.0
2020-01-10,115.56837463378906,117.15213050191174,115.22407957529714,116.5783054044252,4113154.0
2020-01-13,116.968505859375,118.39158785679457,116.07334013435774,116.60125640676003,13927198.0
2020-01-14,118.07024383544922,118.5981600614325,116.85373056842242,117.90957002508905,14593554.0
2020-01-15,113.96166229248047,117.51937783232628,113.20421597942587,116.60125769301123,20280902.0
2020-01-16,114.97160339355469,115.9585868349787,113.38784741162011,113.84690752259833,17623672.0
2020-01-17,115.2699966430664,116.55535934976056,114.6043538785338,115.68314794097505,8281636.0
2020-01-20,113.8469009399414,115.13227057730029,113.47965147145301,115.13227057730029,3817166.0
2020-01-21,113.43375396728516,113.9387158764917,112.92878505337735,113.80099644499855,3015884.0
2020-01-22,112.85992431640625,115.66018662258955,112.65334167509599,114.1223395458752,6800848.0
2020-01-23,114.1682357788086,114.35186400604353,112.6303887771571,113.13535064147673,3393088.0
2020-01-24,114.1221694946289,114.97485513090119,113.49993354323001,114.60612297573817,3421554.0
2020-01-27,113.0851058959961,114.26042944369432,112.80855504184335,114.26042944369432,3306994.0
2020-01-28,112.48592376708984,113.43079770324557,111.44886855171958,113.33860939105026,4272362.0
2020-01-29,113.73037719726562,114.02996808287085,112.1171803575881,112.73941623751288,4009378.0
2020-01-30,110.94184112548828,114.12214743697264,110.71138445217693,114.12214743697264,4294930.0
2020-01-31,109.14429473876953,110.22743701108692,108.31464921056066,109.69738941324867,11107276.0
2020-02-03,109.42083740234375,110.68834924140324,108.42987641408935,109.55911282774629,8463660.0
2020-02-04,110.73444366455078,111.1953570616977,109.65129436806336,110.15830191811712,6329512.0
2020-02-05,111.65626525878906,112.00195029055001,109.37474545576273,111.35667437778822,7751206.0
2020-02-06,112.30154418945312,113.3616463886044,111.37971741331813,111.88672495338444,6112396.0
2020-02-07,112.43981170654297,113.84559884790043,111.97889835088345,113.84559884790043,5519024.0
2020-02-10,111.0340347290039,113.22337336879399,110.36571170871667,113.10814501933135,4517992.0
2020-02-11,111.19535064697266,111.9558548952004,110.52702766626041,110.87271269417846,5460620.0
2020-02-12,112.67028045654297,113.91474524356715,111.40276859267047,111.40276859267047,6838800.0
2020-02-13,112.3476333618164,113.29250717207073,111.77149165226864,113.29250717207073,4829910.0
2020-02-14,111.95584869384766,113.08509201554722,111.54102949651524,112.37067492415959,3619586.0
2020-02-17,112.37068939208984,112.9237840707382,111.51799678081252,111.95586310836828,2035556.0
2020-02-18,112.48592376708984,112.85465591692876,111.19536475914404,112.34764833177765,2505274.0
2020-02-19,114.1221694946289,114.46785457141031,112.69333503074004,112.69333503074004,3570768.0
2020-02-20,113.24642181396484,114.5600278269071,112.96987799170043,114.30652404842942,4241614.0
2020-02-24,112.5550537109375,114.21434480596066,111.72540816342591,112.92378584682938,7043950.0
2020-02-25,112.50896453857422,113.68428809039443,111.74845320347718,112.53200458235078,5059572.0
2020-02-26,110.5731201171875,112.20936406818892,109.88175002800213,112.02500152426491,7988388.0
2020-02-27,106.7475357055664,110.1352446410418,106.24052820247121,110.1352446410418,9733628.0
2020-02-28,102.06925964355469,105.77961350647804,101.2626612834835,105.31870015786593,11274618.0
2020-03-02,101.76968383789062,104.62734561550658,100.66348741776211,104.07425092193262,11532350.0
2020-03-03,103.1063232421875,104.07424416786255,101.67749596259593,103.24459866485253,10346226.0
2020-03-04,105.48004150390625,105.89486077863894,102.53019132553977,103.65942782496174,9036356.0
2020-03-05,105.87179565429688,107.80763032804813,105.38783522761415,105.57220478838737,5941556.0
2020-03-06,103.03718566894531,104.16642202322053,102.57627229716115,103.70550865143638,5868566.0
2020-03-09,98.81981658935547,101.86184742520025,98.17454073107537,101.4931153491919,17462228.0
2020-03-11,98.22064208984375,98.81982384525075,93.88805218633676,93.88805218633676,12270332.0
2020-03-12,91.76786041259766,95.3860263693807,91.03039616214261,94.02633325102325,10764010.0
2020-03-13,90.98430633544922,94.23374735449683,78.00959636984585,91.72177062097089,13043196.0
2020-03-16,82.84918212890625,89.39415088214592,82.29608746565702,89.39415088214592,11201148.0
2020-03-17,79.78410339355469,85.52247317254813,78.7009542119986,82.29607973486738,12175374.0
2020-03-18,78.33222198486328,82.27303251177091,77.66389903772212,81.44338707984622,12733198.0
2020-03-19,74.82927703857422,78.97749673693235,73.46957717772932,76.05069446989926,11980172.0
2020-03-20,82.59567260742188,85.63770359300504,74.89842091114897,75.1749717400128,20319490.0
2020-03-23,78.42440795898438,81.58166739156754,76.05070689044432,76.05070689044432,10720786.0
2020-03-24,81.28207397460938,83.77100330925788,77.4564916741106,77.66390127983468,12061562.0
2020-03-25,80.49852752685547,86.65172461453756,78.44746417528837,81.76603945605748,13456292.0
2020-03-26,84.16277313232422,86.09860762573038,79.50754589293746,81.5586087137247,10247690.0
2020-03-27,84.57760620117188,87.34308651292682,83.65577943058689,84.41628370312745,13535120.0
2020-03-30,84.87718963623047,86.37515800690993,82.66481120745672,83.4714095608995,7334804.0
2020-03-31,90.66165161132812,92.09048576338903,85.56855785166637,86.19079366726888,10615252.0
2020-04-01,87.34308624267578,90.2007478160512,86.19080278300987,90.2007478160512,9875668.0
2020-04-03,82.96440887451172,87.38918016101104,81.92735376358031,86.65171593560113,13147474.0
2020-04-07,88.44927978515625,88.81801191649792,84.37020036244641,86.76694866669666,9562862.0
2020-04-08,88.91018676757812,92.18267452645941,87.02044615957367,88.26491085908488,10275308.0
2020-04-09,90.66165161132812,93.5423599558224,89.90114742157338,91.4452028744347,6930346.0
2020-04-13,87.20481872558594,91.26085827786497,84.30106273742136,91.26085827786497,12384376.0
2020-04-15,85.98338317871094,89.23282356409753,85.63769818096723,87.59657983484817,22652006.0
2020-04-16,86.58258819580078,87.45832087490002,82.9644150591937,82.9644150591937,43380846.0
2020-04-17,86.19080352783203,89.30196889581526,85.52248052204648,88.72582716100356,13212894.0
2020-04-20,83.4714126586914,87.11262540474547,83.03353933847423,87.11262540474547,16203026.0
2020-04-21,82.06564331054688,82.9183289954046,80.1067610971698,82.50350969282314,18086618.0
2020-04-22,82.29609680175781,82.73396316679647,80.68289974836624,81.58167955723106,10621898.0
2020-04-23,83.37921905517578,84.16277734698889,81.62775401765765,82.68784905626725,11104460.0
2020-04-24,81.92736053466797,83.33314787448907,81.65080966903801,82.94136865367673,9282278.0
2020-04-27,83.90928649902344,84.30105867214134,80.89030230003296,82.96441261541842,18283250.0
2020-04-28,82.82613372802734,84.32410222656672,82.04258238154122,83.93233006981372,13329834.0
2020-04-29,83.26399993896484,84.09364543608886,82.68785820943151,83.01050320435425,10060582.0
2020-04-30,88.01140594482422,88.77191721949478,84.60064984520909,85.26897282017667,17667854.0
2020-05-04,87.59658813476562,88.17272985226214,84.37019451678516,85.03851750248512,17140740.0
2020-05-05,84.9002456665039,89.41719832888921,83.97841887960814,88.24186776900106,13864778.0
2020-05-06,86.2138442993164,86.65171057915771,83.42531710014651,85.59160845802953,10885580.0
2020-05-07,84.85415649414062,85.45333826474317,83.51750346569017,84.80806234271886,11402138.0
2020-05-08,84.80806732177734,85.7298941404923,84.13974428480508,85.36116200641023,8227344.0
2020-05-11,85.13069915771484,87.55049438220121,84.85415535184725,85.26897457713864,8787666.0
2020-05-12,86.2138442993164,86.65171057915771,84.16278127996951,84.90023842681285,7030818.0
2020-05-13,87.43526458740234,88.26491005719915,85.33810735438206,88.26491005719915,10560968.0
2020-05-14,85.7298812866211,86.35211710915125,84.39323541308599,85.15373961130778,10324394.0
2020-05-15,84.71588134765625,85.72988938540371,84.18582673650683,85.72988938540371,6849030.0
2020-05-18,83.9784164428711,85.26897531367406,82.78004587446695,83.90928224905203,14454486.0
2020-05-19,84.99242401123047,85.72988822853894,82.04258120795662,84.00146306264098,11486668.0
2020-05-20,85.24591827392578,85.68378452721907,83.97840662687828,85.26896534683158,15415706.0
2020-05-21,87.15870666503906,88.35707700905301,84.53149526416888,84.53149526416888,14258230.0
2020-05-22,87.11263275146484,87.96532535613959,85.9373021728252,87.13567982810099,9177652.0
2020-05-26,87.02045440673828,89.04847062532902,85.59162000297168,87.11263568340503,11822268.0
2020-05-27,92.75881958007812,94.7177014842537,86.51344174958118,87.38918140888308,36165936.0
2020-05-28,91.8830795288086,93.79586712630052,90.3620640607051,93.79586712630052,24695246.0
2020-05-29,98.0823745727539,99.0502885092106,90.40816211416615,91.88309064530478,61260422.0
2020-06-01,99.11942291259766,101.86185609312425,98.35891162243114,99.32683252519581,26749248.0
2020-06-02,99.48815155029297,100.73261621546062,97.22967186693415,99.14246653035865,12812554.0
2020-06-03,97.41404724121094,100.22561468459253,97.045315124691,99.60338583138406,16844202.0
2020-06-04,99.67252349853516,101.37790168474638,96.86094892422824,97.41405063476628,14794936.0
2020-06-05,100.8248062133789,101.51617631312779,99.0963809640067,101.40094796316964,14491168.0
2020-06-08,104.37382507324219,104.76560422782441,99.48814785921984,100.94002207588669,24427392.0
2020-06-09,100.64043426513672,104.30469404490654,100.0873326106223,103.29068606659622,15690504.0
2020-06-10,100.01819610595703,101.88489656430006,99.37292023459428,101.40093614428824,14787292.0
2020-06-11,98.12844848632812,100.31778687840291,97.87495177257676,100.01819601688975,12497490.0
2020-06-12,95.82388305664062,96.56134723294807,95.08642591331281,95.8699772050272,12418688.0
2020-06-15,98.54328155517578,100.4330221838872,95.93911675148003,97.69058899327062,28511450.0
2020-06-16,97.89800262451172,100.4330263058082,96.60745074041775,100.22561668393453,15921712.0
2020-06-17,100.3869400024414,100.82480632617616,97.27577455009083,97.71364087382558,27938908.0
2020-06-18,100.54824829101562,101.07830288334462,98.935051505021,99.92601946477703,12408426.0
2020-06-19,102.3458251953125,103.29069910254752,99.09638421334844,100.47912445818586,22447354.0
2020-06-22,100.50215911865234,102.20753713665906,99.92601742115144,101.93098630866673,12961806.0
2020-06-23,101.677490234375,102.46104154136025,98.17454587811423,99.09637259997446,14850298.0
2020-06-24,100.57130432128906,103.24460349700401,100.27171341897655,103.24460349700401,16492172.0
2020-06-25,100.57130432128906,102.32277668006647,99.23465824992182,99.9951625607031,10193692.0
2020-06-26,103.91291809082031,106.0100753355766,100.6173903011889,101.07830367221315,38389012.0
2020-06-29,101.2626724243164,104.12033409351305,100.80175902499501,102.34582172591384,13374148.0
2020-06-30,101.2396240234375,102.29972623460559,100.47911973769747,101.21658398015708,11001386.0
2020-07-01,100.96308135986328,102.5071370252312,100.6404433874715,101.86186108044764,7905234.0
2020-07-02,103.33678436279297,103.91292612109687,101.1935398350946,101.86186286813104,14359882.0
2020-07-03,103.61331939697266,105.31869733452444,102.62235150423436,103.33676858202723,10838912.0
2020-07-06,102.62235260009766,104.74255678270839,102.13839921824427,104.12032095892627,15175628.0
2020-07-07,103.65941619873047,105.2726130263949,102.32277021185767,102.8758648604609,18235138.0
2020-07-08,102.82978057861328,104.94997796223589,102.5532297301937,104.46601749399174,14152368.0
2020-07-09,102.13842010498047,103.52116041127724,101.23963327950285,103.3598378956836,13417996.0
2020-07-10,102.36886596679688,102.99109481885645,101.17048834856487,101.8618584283956,9097518.0
2020-07-13,104.90390014648438,105.54917613938434,102.57628590362667,103.22156189652664,24694620.0
2020-07-14,103.70552062988281,106.79363917093207,103.29070136055557,105.27262346176431,27877134.0
2020-07-15,121.10499572753906,123.84743608115019,108.31464889047261,108.77556229000653,260735176.0
2020-07-16,120.71321868896484,123.73220994961481,117.55596606534046,120.9897695468355,104555854.0
2020-07-17,120.459716796875,121.61200026716085,118.45474074538555,119.19220497956057,37713024.0
2020-07-20,124.8153305053711,126.08284222753626,119.37655856028248,120.45970775423365,42789980.0
2020-07-21,125.06885528564453,129.79321768786542,124.1700685193255,128.36438331887962,65998100.0
2020-07-22,122.60298156738281,125.76024161266773,121.51983211252356,125.57587904004464,25167708.0
2020-07-23,122.8795166015625,123.73220921411134,121.0128088715025,123.663060950584,20736656.0
2020-07-24,124.7000961303711,125.27623779437384,122.39552947436012,123.06385943098674,44244246.0
2020-07-27,123.91656494140625,125.92154095622642,123.13300656955833,124.70010924729408,27980494.0
2020-07-28,126.95861053466797,127.5577923701848,124.12398167367229,124.12398167367229,28087614.0
2020-07-29,127.67301940917969,128.13393283664965,125.52977478463667,126.1980908148912,21567278.0
2020-07-30,130.9454803466797,132.18993790267095,129.10182701991462,129.10182701991462,51694590.0
2020-07-31,129.49362182617188,134.03360743963572,128.4104725525082,133.48051981429023,33401320.0
2020-08-03,129.77012634277344,131.2680944795156,128.82525975982648,130.4384562147796,17817526.0
2020-08-04,129.53970336914062,130.59981261174025,128.24915149619207,129.77016006545006,16239042.0
2020-08-05,128.2261199951172,131.1068288908921,127.85738081688116,129.6319003098708,14690906.0
2020-08-06,128.89442443847656,131.01462880846344,128.01869182603596,129.37839192906017,20305210.0
2020-08-07,127.85738372802734,129.90845413490385,127.39647029420897,129.5397149482721,14642400.0
2020-08-10,127.85738372802734,129.60886321611423,127.48865860735734,129.05576146914748,12621492.0
2020-08-11,128.89442443847656,131.19899134803617,128.27218855970344,128.59483355342584,20157816.0
2020-08-12,127.30427551269531,129.37838563032167,126.54375721679807,129.24010318290425,17807334.0
2020-08-13,127.67301940917969,129.90845234560132,126.65900424236116,128.08783868071035,19307912.0
2020-08-14,127.44256591796875,129.40144803424855,127.16601504130158,128.36439279621806,13163422.0
2020-08-17,129.9545440673828,132.00560034162922,127.97260792680838,128.4104813010877,29094008.0
2020-08-18,130.30023193359375,132.46651660913489,129.83931850484524,131.2450988361436,24108414.0
2020-08-19,128.94052124023438,131.79818989321177,128.71006454454138,131.5907732407039,18745042.0
2020-08-20,126.38245391845703,128.59483250725154,125.92154054029484,128.59483250725154,19783530.0
2020-08-21,125.99064636230469,128.57176351196958,125.69105554715537,128.57176351196958,15939272.0
2020-08-24,125.69109344482422,126.49769191817322,125.32235427457374,126.0598185491136,12309628.0
2020-08-25,124.42357635498047,126.6129149768024,124.1470255053477,126.45159247568658,15592276.0
2020-08-26,125.3915023803711,126.61293431396426,123.52480847568701,124.42359535777204,19265334.0
2020-08-27,125.5297622680664,126.84336821856847,125.13798308058892,125.82935315285737,12380336.0
2020-08-28,125.3915023803711,126.75120272691764,125.04581728202496,126.61293431396426,15199568.0
2020-08-31,125.04579162597656,129.97757031023093,123.52478313170883,126.29026335107544,41141934.0
2020-09-01,125.18407440185547,128.77919306999135,123.98569682382359,124.90752356600815,24586106.0
2020-09-02,126.1520004272461,127.44255229243086,124.99971695263099,125.78326127579304,16863810.0
2020-09-03,130.36935424804688,132.67392118166637,126.52072465571025,126.98163804243416,49790330.0
2020-09-04,127.21210479736328,128.82530177848926,126.79728552969459,128.45657666633073,21415428.0
2020-09-07,128.47962951660156,128.82531461843996,125.13800686549713,127.4425742110864,16651534.0
2020-09-08,130.23106384277344,132.25909387333002,128.36437036687414,130.06975542003505,44589722.0
2020-09-09,130.36935424804688,133.41138541361667,128.36437820260585,128.9635599789628,45588720.0
2020-09-10,131.15289306640625,132.21300225099495,129.56275038846275,132.1208139511317,19035804.0
2020-09-11,135.18588256835938,137.5595976199777,130.20802391754157,130.20802391754157,83871852.0
2020-09-14,141.59259033203125,142.21481211752086,135.11674916096354,135.16284331032264,76179084.0
2020-09-15,141.66172790527344,143.4592872455193,139.5415235777702,141.59259371256397,56312624.0
2020-09-16,143.87413024902344,144.49636621817933,140.14072850005027,141.5004288005775,29986974.0
2020-09-17,143.66668701171875,145.9712536043613,141.59257707834047,141.6156171178836,53623304.0
2020-09-18,145.87908935546875,147.03137284168886,143.9202074288945,144.7268058692486,36975462.0
2020-09-21,143.75888061523438,149.56639202476552,142.86010796251986,145.60253413788172,45477692.0
2020-09-22,143.92018127441406,145.99429117268426,140.0946064217656,145.3720553900116,47020668.0
2020-09-23,145.1185760498047,148.3219155028586,143.41319096979063,145.18771024148964,44278872.0
2020-09-24,140.4403076171875,144.4502454438408,139.40325254833516,144.4502454438408,35838302.0
2020-09-25,144.6807098388672,145.30294572654248,140.20985840993438,141.17776527302888,44013790.0
2020-09-28,143.59756469726562,146.10954836333502,142.69879200337675,145.18772155978084,24921524.0
2020-09-29,143.57452392578125,146.82395776545397,143.11361052634052,145.18772082382372,29660738.0
2020-09-30,144.51939392089844,145.57950320231444,142.69879439296818,143.80498376256494,24786634.0
2020-10-01,144.28892517089844,146.50131779136223,143.82801179988013,145.83298777700173,18514618.0
2020-10-05,153.92202758789062,154.8668943825909,145.2799017852907,145.2799017852907,77811262.0
2020-10-06,152.12445068359375,154.5442458528935,148.87501708263224,154.40597746960307,55159848.0
2020-10-07,154.5442352294922,155.12037689686423,150.02729018367887,150.71866018452533,35479916.0
2020-10-08,165.67532348632812,169.50089899289026,159.68344942267734,161.78059971857098,214540492.0
2020-10-09,172.38160705566406,173.3495279833398,164.66130780918712,166.85064640147164,110861504.0
2020-10-12,173.99481201171875,175.05490722673028,170.1231421867694,173.76435530706746,105931918.0
2020-10-13,173.28038024902344,175.93063202207884,171.89764019351628,173.9026020212343,72176286.0
2020-10-14,161.527099609375,168.2333836604129,160.5361245898401,168.2333836604129,148263902.0
2020-10-15,157.44802856445312,163.27858056904026,156.22661080316988,161.7806119399665,77922358.0
2020-10-16,156.5492401123047,160.4439641332732,156.06528664823793,158.04720872560623,50488458.0
2020-10-19,158.1854705810547,159.7064790407735,156.0883063560951,157.8397855614859,25693748.0
2020-10-20,159.8217315673828,161.08924349762162,157.5632585776042,158.89990470902734,33993548.0
2020-10-21,158.3007049560547,161.36577609989374,156.2957289529251,161.13531941139516,19934922.0
2020-10-22,158.76162719726562,160.49005245750894,157.1023361342399,157.17147033145747,19082496.0
2020-10-23,157.81674194335938,159.98304050302562,157.30973440110125,159.89085219862946,17346096.0
2020-10-26,156.6183624267578,158.96902350090048,155.1895421875756,158.41593587907647,17390338.0
2020-10-27,153.96810913085938,156.5953210261142,152.58536898934844,155.92699099799987,19821156.0
2020-10-28,154.70558166503906,156.64142359354935,154.12943990845397,154.75167581875806,17969178.0
2020-10-29,155.5352020263672,156.71052534003428,152.63143973490355,153.78372300946262,14479922.0
2020-10-30,157.03317260742188,159.01509424261323,155.99611764497004,156.364842671903,22991068.0
2020-11-02,154.3137969970703,157.51715067671913,153.80680352198377,157.51715067671913,9662266.0
2020-11-03,154.70558166503906,156.4570610446343,153.32284144923483,154.63644746744103,9515596.0
2020-11-04,158.07025146484375,162.03409533442792,155.5582678830154,155.7887245761754,30763800.0
2020-11-05,159.19949340820312,160.85878454333235,158.5772574742845,160.37483107581863,11204872.0
2020-11-06,159.36080932617188,160.8587778881677,158.2776600143058,159.54517187445612,10915586.0
2020-11-09,162.21847534179688,162.61024047561202,159.9369484053081,161.31968859325025,14214570.0
2020-11-10,157.77066040039062,161.6653844840532,157.2406127726516,161.6653844840532,18099240.0
2020-11-11,159.8217315673828,160.28264499656055,157.40193606419967,158.78467635173288,15275758.0
2020-11-12,159.26861572265625,161.64233092549705,158.69247398720177,160.3978591505312,10228848.0
2020-11-13,158.6233367919922,159.59125770244088,157.9550208310815,158.7846592880603,9455776.0
2020-11-14,159.22251892089844,160.19042568207976,158.1393697587644,160.00606315928138,1498484.0
2020-11-17,160.72048950195312,161.55012789901667,158.41592277015548,159.9369311867583,13307668.0
2020-11-18,159.1533966064453,162.4028446224525,157.5401996536075,161.20446693000932,14815616.0
2020-11-19,157.90892028808594,161.0892196657194,157.44800692709677,160.25958124232267,22113702.0
2020-11-20,159.6143035888672,160.6283186875978,157.65542165365258,158.46202009756448,12362786.0
2020-11-23,164.01605224609375,164.73046245958807,159.47605199883057,160.39787888899724,20666694.0
2020-11-24,163.85472106933594,166.5741074384477,163.6242643589712,165.46791804188916,20184882.0
2020-11-25,161.31968688964844,165.37571910506114,161.1122702372633,164.96089986625125,13624676.0
2020-11-26,163.5551300048828,164.26954017995558,160.02914515281813,161.78061052355469,14732740.0
2020-11-27,161.55015563964844,164.77654961818635,160.32873787525136,163.55513185378928,24804168.0
2020-12-01,162.63330078125,163.11725423908393,159.591269438685,162.56416658241102,21387134.0
2020-12-02,165.4217987060547,166.06707458365958,163.25551439795547,163.37074273559773,18868154.0
2020-12-03,166.06707763671875,167.7724626915607,165.0069825373042,167.7724626915607,21394090.0
2020-12-04,166.2975311279297,167.0349953014511,165.4678927239426,166.43581357256699,14854786.0
2020-12-07,165.2144012451172,167.1963230874474,164.776527922157,166.85063806383448,16784766.0
2020-12-08,167.6342010498047,168.233382814266,165.19135170909004,166.06708431328735,23626602.0
2020-12-09,165.6983642578125,169.50089973799874,164.77653747473707,169.50089973799874,36275376.0
2020-12-10,164.0390625,165.0069833720784,162.58718822486216,164.17734494798808,13794794.0
2020-12-11,162.93287658691406,165.92881349728165,162.5410974085202,164.73043591994266,11727232.0
2020-12-14,161.0200958251953,163.4168370168268,159.98304069630737,162.93288358306324,23003678.0
2020-12-15,162.56414794921875,163.11723554249647,160.1673928471368,160.99703127003312,14463562.0
2020-12-16,165.19134521484375,165.44485600211868,162.79460418526264,163.11723509730425,13332544.0
2020-12-17,164.49996948242188,165.5831186528417,163.85469361471183,165.19133949767382,8330742.0
2020-12-18,167.56504821777344,168.6021032890136,164.7765279859338,165.4448579915613,34796162.0
2020-12-21,163.1403045654297,169.36263550391567,160.55918669627297,167.08110853341984,19330126.0
2020-12-22,167.86463928222656,168.55600927257188,161.0661677104976,163.16331772149502,16372078.0
2020-12-23,177.7051544189453,178.6500353214783,171.32151512929954,172.38161031501298,89748866.0
2020-12-24,176.16110229492188,178.235212538272,174.52485133003614,178.11998419141923,24480344.0
2020-12-28,176.48373413085938,178.0969309950646,176.06891489325582,176.73724493481072,9451758.0
2020-12-29,177.45164489746094,179.9866683959961,176.5759123202498,176.9907315340909,22918252.0
2020-12-30,177.1750946044922,178.18910963337058,176.43763040766785,177.45164543654627,14376870.0
2020-12-31,178.02781677246094,178.65005273165417,175.70020951936112,175.70020951936112,12789210.0
2021-01-01,178.88047790527344,180.10189549660103,177.47468371709982,177.47468371709982,10084672.0
2021-01-04,182.7060546875,183.42047884131912,178.74219694366744,179.75621197091283,19511442.0
2021-01-05,187.26910400390625,188.88230086264616,181.3694182611845,181.64596910730342,50313494.0
2021-01-06,187.31520080566406,192.3852481477099,185.8863664688045,186.66992486623215,44972600.0
2021-01-07,187.47654724121094,190.35725632604823,186.1399010390389,190.01157123586776,24689510.0
2021-01-08,198.2849578857422,199.4141873193301,187.70698932501958,187.82221767942414,81986460.0
2021-01-11,205.9360809326172,207.87192264572383,200.49730898201744,200.9582223359991,94668036.0
2021-01-12,210.9600830078125,212.36586334606264,203.90809907351004,206.46617705529135,44268930.0
2021-01-13,211.55923461914062,215.45395818132346,208.70156612862021,212.48106134950723,58380386.0
2021-01-14,209.41600036621094,214.78563851591682,198.19275657048118,208.33285109269184,143103614.0
2021-01-15,202.133544921875,211.74359112562937,201.23477232492309,209.60034685171732,50615558.0
2021-01-18,198.90716552734375,205.1064561775203,197.77793617448185,203.26280263884595,43021174.0
2021-01-19,198.3079833984375,202.59447224179303,197.132659896022,199.57549520400568,31355580.0
2021-01-20,205.08343505859375,206.42008118427864,199.57551397718072,200.03642740437974,48839358.0
2021-01-21,205.47515869140625,209.0011569496265,203.8619620222446,208.14846446844933,31822754.0
2021-01-22,205.45208740234375,208.80122204802558,203.465709734283,206.69935697838957,22797624.0
2021-01-25,201.98748779296875,208.33929558520046,201.0173906924564,205.63688726862492,14760338.0
2021-01-27,206.2373809814453,210.07155658407927,201.98743950827634,202.3339016686679,59180420.0
2021-01-28,199.51605224609375,207.23061708771084,197.39108102347006,204.7591836254502,29624870.0
2021-01-29,193.04872131347656,202.19533120259112,191.96313701103952,202.05673787388184,31264842.0
2021-02-01,194.71177673339844,195.77425528531793,188.5678520508327,192.21725145241626,30163704.0
2021-02-02,197.87612915039062,201.2021580668426,195.70496022489706,197.71444395847786,26620996.0
2021-02-03,200.25515747070312,203.23473811708604,198.730729385046,198.730729385046,19795332.0
2021-02-04,198.59213256835938,201.8257798065895,197.82991853886463,200.2551539675372,14386598.0
2021-02-05,196.58265686035156,200.2089642283824,194.2729087402789,199.5622375742788,17358052.0
2021-02-08,201.086669921875,202.19536032088453,196.9291232183414,198.80002769348195,25032680.0
2021-02-09,202.9575653076172,208.68573768976762,201.04047723302756,203.37331713983443,58949660.0
2021-02-10,202.7958984375,205.17493633997196,200.9480998184795,204.18174740176536,21215470.0
2021-02-11,201.8719940185547,203.48881776927539,200.20897248401081,202.7958933046808,18474052.0
2021-02-12,204.18170166015625,207.50774406831357,203.073025556631,203.2578025576216,38561668.0
2021-02-15,203.11924743652344,205.5213769296382,201.77958230079776,205.38279768684464,15689754.0
2021-02-16,202.12603759765625,206.8610208982529,200.39372663402332,206.02951727474218,24907596.0
2021-02-17,198.73072814941406,202.79587908427973,197.94540817224114,201.36383247168501,14780384.0
2021-02-18,200.0010986328125,201.71030381111854,198.33807713959757,198.77692083105086,16771472.0
2021-02-19,198.61524963378906,201.29455185652913,196.83674073361217,200.09347999552762,16957332.0
2021-02-22,193.4182891845703,199.95487273278584,192.17101971565228,198.9616839840603,21332174.0
2021-02-23,191.9400634765625,196.79053439474276,191.38571830402284,193.88025748286796,17984706.0
2021-02-24,195.45086669921875,196.6981220848557,191.5935849541634,192.9563418303627,10120594.0
2021-02-25,194.61936950683594,198.17638722425343,194.22672360741888,195.45088728241095,18220784.0
2021-02-26,189.5379180908203,193.94954529570245,188.47543963387832,193.07184386202212,23463882.0
2021-03-01,191.43191528320312,193.4183070618344,189.0297857732827,189.8612894310276,12843392.0
2021-03-02,198.82310485839844,200.07037441641484,193.21042004249063,193.88025260097777,29750468.0
2021-03-03,201.17904663085938,201.7102858403336,197.82991210026526,200.02417265479244,17564904.0
2021-03-04,202.7034912109375,205.244214165985,197.4834660514189,198.13019271136878,25927594.0
2021-03-05,194.41151428222656,203.25784731755314,192.63300529868104,203.25784731755314,87862344.0
2021-03-08,192.5867919921875,196.39787632223442,191.9631571913904,196.37478448047966,24709676.0
2021-03-09,193.64927673339844,195.31228400480663,189.4224266420844,193.92643521357786,23811258.0
2021-03-10,197.11390686035156,198.96170532504638,195.40468764147548,196.83673427113064,34582736.0
2021-03-12,196.4209747314453,199.9317803985867,194.98892815796242,199.33125156015015,17920252.0
2021-03-15,196.9522247314453,197.99161138396516,193.00254699331964,196.23619435671475,15034204.0
2021-03-16,198.31495666503906,200.92498317026127,196.6288434528532,197.36796562873252,21347294.0
2021-03-17,193.85714721679688,201.1790512112821,192.95635395350513,198.17637880514354,24269624.0
2021-03-18,189.46864318847656,195.9359381881399,186.7662349583861,195.52018632910696,20165862.0
2021-03-19,189.63031005859375,191.0854484733879,184.5257726375844,188.9142938204264,33750804.0
2021-03-22,191.45501708984375,192.28652072964144,189.4917312926042,189.8843771739857,13245968.0
2021-03-23,191.9400634765625,195.58946258596242,190.6466102040811,192.95635826035743,23150388.0
2021-03-24,189.86129760742188,191.9169790964628,189.0297939138682,190.02298279716396,10280694.0
2021-03-25,184.6181640625,190.18466547970982,183.74046259807872,189.72271585658453,25474258.0
2021-03-26,186.58143615722656,188.33685305378464,185.08009999314035,186.99718796776466,18066738.0
2021-03-30,193.1411590576172,194.22674359720008,187.08961558581817,187.08961558581817,26339126.0
2021-03-31,191.31643676757812,193.92644936196228,190.94688270198856,193.92644936196228,14890268.0
2021-04-01,192.3558349609375,195.33541589700295,191.4088438001397,193.48761726318494,15193886.0
2021-04-05,196.53648376464844,197.66825194590913,192.2634495122993,192.37893692452496,42432790.0
2021-04-06,197.32177734375,198.13018917866916,195.1044248070052,197.69134549826322,16641040.0
2021-04-07,202.3339385986328,202.79588823013654,195.58947115916158,196.32859338908435,27735300.0
2021-04-08,204.22793579101562,206.00644469951743,203.25783874114336,204.15864616550704,25833228.0
2021-04-09,207.92352294921875,208.50095996357584,203.25782905369678,204.59748010748856,23398770.0
2021-04-12,199.8394012451172,207.92351930440523,198.3611568752427,207.8773215245498,30172534.0
2021-04-13,193.5338134765625,202.12606577595753,190.60043034968595,199.56225083139364,40840640.0
2021-04-15,198.96170043945312,200.69401145756683,191.7090860045838,193.51068664390544,53517782.0
2021-04-16,216.7467803955078,218.80244786974978,201.41004644889745,204.0431650804971,218723272.0
2021-04-19,218.3866729736328,220.7888165279762,213.0049629636564,213.8826643824262,87619710.0
2021-04-20,217.1625213623047,220.6040376073149,216.10002876708475,219.88802132815795,35461382.0
2021-04-22,224.8077850341797,228.43409245587773,217.85544872890395,217.85544872890395,85241858.0
2021-04-23,219.74942016601562,225.13112993686985,219.12578541542615,223.3757130797446,27192006.0
2021-04-26,221.87440490722656,223.51433457635213,220.34997674488054,221.45865305363984,18629288.0
2021-04-27,224.0686492919922,224.96945665685885,222.19775903890988,222.38253606058984,14418934.0
2021-04-28,226.03192138671875,227.8335360071112,222.31323294735947,224.43820381167143,19231068.0
2021-04-29,226.28604125976562,227.64878428309444,224.3689530115536,227.60260059567474,15282266.0
2021-04-30,227.6256561279297,236.4257900104331,226.0319244338153,227.04821915145092,58231142.0
2021-05-03,225.1311492919922,229.12701067066345,223.2371530374962,225.4083218824815,17199462.0
2021-05-04,222.63662719726562,225.5699960351749,220.71952497726136,225.1080464106117,16204858.0
2021-05-05,226.63247680664062,229.12700182962396,223.26023626471127,223.9531606654057,23713182.0
2021-05-06,236.65679931640625,237.81167343779723,225.0849662591024,228.06454713132493,48827088.0
2021-05-07,238.01954650878906,238.6200753878757,234.4394368815341,237.44210947213503,29333162.0
2021-05-10,242.96240234375,244.1403682069451,237.09563667401054,239.10510619386298,25088944.0
2021-05-11,239.47470092773438,241.73823721141167,237.465203107902,239.26681795393543,15298998.0
2021-05-12,234.48562622070312,241.391764471861,233.21526478580702,240.19070675693501,15742214.0
2021-05-14,230.2587890625,234.85517922981717,227.62567064281913,234.4394273997579,13599758.0
2021-05-17,230.88241577148438,232.68403057796473,228.66506322170136,230.2587950589467,11505300.0
2021-05-18,234.69349670410156,237.81165661122913,231.3905597701424,231.89870716711692,18761492.0
2021-05-19,236.35650634765625,239.19749352399256,233.35383399431583,234.80897239218734,14980792.0
2021-05-20,234.78590393066406,238.82796327034592,232.63784092966424,238.36601363152513,12584608.0
2021-05-21,236.84156799316406,238.3198123673899,235.20163843775995,235.5942984213121,10395006.0
2021-05-24,237.8578643798828,239.52087169021502,235.43261484088467,236.4720014586339,14873624.0
2021-05-25,239.0819854736328,242.45421157090095,238.22739007879994,239.01270995779302,15909128.0
2021-05-26,243.5629119873047,245.0411562576498,237.78854233374128,237.85784604764976,17646380.0
2021-05-27,249.8685760498047,251.7625583298146,242.54665720696465,243.56295207228393,58822252.0
2021-05-28,248.85227966308594,249.59138781779822,246.05748994692104,248.99085891769838,11757252.0
2021-05-31,249.013916015625,249.7068403871712,245.3183193673785,248.85224494033014,10772410.0
2021-06-01,250.7462615966797,252.68645574416956,249.29113713243882,250.33052383339748,11930088.0
2021-06-02,250.83863830566406,251.76253752594275,246.2191422042706,250.35359685405106,9427136.0
2021-06-03,249.013916015625,254.0260858869082,248.6674538298519,252.08589200754582,11275982.0
2021-06-04,250.00714111328125,251.99351884922794,249.66067889671493,251.06961960505112,9543432.0
2021-06-07,253.26388549804688,254.62664255015704,250.70007068197026,251.62396994507304,8696866.0
2021-06-08,254.3494415283203,256.6130058734978,253.67963715643077,254.07228304306716,10859468.0
2021-06-09,251.3929901123047,255.5736285553791,250.46909086763995,255.45814114979598,12413798.0
2021-06-10,256.0355529785156,256.6129899495993,252.0165860207401,252.0165860207401,11441488.0
2021-06-11,256.05865478515625,258.20673167926526,254.76520155861527,256.3820251405829,11224718.0
2021-06-14,259.430908203125,259.98525341369975,255.45815255181523,255.87391850853845,11904318.0
2021-06-15,257.7217102050781,260.53959167383795,257.30594425944633,259.3847175972695,7674490.0
2021-06-16,256.4975280761719,259.86975468379495,255.68911623621995,258.6456051003968,10994538.0
2021-06-17,258.0912780761719,259.3847314720834,253.86442745176475,255.22718457404466,8798696.0
2021-06-18,253.97991943359375,259.59261912496186,252.24760819492087,258.691811641818,20014232.0
2021-06-21,250.44601440429688,251.6470722180455,247.235458692908,251.6470722180455,10781642.0
2021-06-22,257.09808349609375,258.668723653974,250.51530069099883,251.8780578581052,11505842.0
2021-06-23,249.52206420898438,259.0843974719225,248.71365248515005,258.69175162698264,22485404.0
2021-06-24,253.63340759277344,254.32633195275469,249.08321557362893,250.33048506062806,17337360.0
2021-06-25,252.9174346923828,254.53425847580442,249.68378712553954,254.00300509746964,10079644.0
2021-06-28,252.87124633789062,254.44185820998084,251.41609368160164,253.95681672294077,6519660.0
2021-06-29,250.65380859375,255.80455723187893,249.9147006093842,253.05595183568227,15855760.0
2021-06-30,252.0628204345703,253.14839075921176,250.37669305016928,251.69323818389762,8586644.0
2021-07-01,249.1525115966797,252.17830410707205,248.52889089944108,251.76253817880186,8658748.0
2021-07-02,248.8060760498047,250.51529543394284,246.49632774560982,249.49900054106317,8314614.0
2021-07-05,247.7666473388672,250.79243966089996,247.39709331183593,250.79243966089996,6878338.0
2021-07-06,246.0343780517578,248.66749675722062,245.68791580617508,247.85908485086088,8386882.0
2021-07-07,245.82650756835938,247.78979350133645,242.56974011163956,246.7041949507072,10755374.0
2021-07-08,245.2952880859375,248.04389441068056,243.90943900070621,246.6349534797298,9131020.0
2021-07-09,242.89309692382812,245.27214867013112,241.71513106888023,243.63223320970042,11449216.0
2021-07-12,242.91619873046875,245.82650392053594,241.69204914281957,245.17976316826156,7731112.0
2021-07-13,242.45425415039062,244.60233122676658,241.41486747378963,243.90940677569924,8344716.0
2021-07-14,259.47711181640625,260.2162199435088,242.80071332016524,243.1009918565825,58696166.0
2021-07-15,266.0367736816406,267.76908460196256,258.2298145226572,259.15371368016224,62132402.0
2021-07-16,266.8913879394531,272.2038084696197,262.52595847345685,267.9307745649205,73815654.0
2021-07-19,265.0666198730469,269.7785104549566,263.31121739610484,264.4891829927922,21715702.0
2021-07-20,262.43359375,267.07621044542856,259.40782907934585,265.9444281256715,21047054.0
2021-07-22,269.8709716796875,270.2405257339655,263.7732311010159,266.59111248444856,24086770.0
2021-07-23,276.7771301269531,278.0012797206588,269.64000275510597,270.93345607088656,28114910.0
2021-07-26,272.75811767578125,277.4007050183209,271.74182302585723,277.2159139200936,12199806.0
2021-07-27,273.2200927734375,274.6983371119889,269.8478663791945,272.042126948792,7966274.0
2021-07-28,273.4510498046875,274.0977622766118,269.3165955715461,272.98910024109995,9147860.0
2021-07-29,272.75811767578125,276.2458311423079,271.5801519612806,274.2132418424598,11668940.0
2021-07-30,271.23370361328125,273.93609734272803,270.24050075125785,272.0189953328371,6356412.0
2021-08-02,273.5896911621094,275.0448438959151,268.97019447722784,271.7188006437664,9247796.0
2021-08-03,276.8926086425781,279.01756557918736,274.46737318017625,279.01756557918736,10331214.0
2021-08-04,275.6915283203125,279.01757123231397,274.5366542671986,278.7865964216912,9018712.0
2021-08-05,277.58551025390625,283.868013181318,276.0148704244711,276.0148704244711,22588728.0
2021-08-06,276.245849609375,280.1262373702482,275.46052968215486,278.9020597017728,10540400.0
2021-08-09,275.6915283203125,279.94147047480504,275.09099945172676,277.1697727473317,9293502.0
2021-08-10,278.9482727050781,281.30423273439885,273.9823141842223,276.43066977854596,14055564.0
2021-08-11,277.7471923828125,280.1724277424961,276.4537391633477,278.04747089588716,8565026.0
2021-08-12,279.8721618652344,281.2811307415578,277.4700464328473,278.0936671325695,7905016.0
2021-08-13,284.33001708984375,286.6166735568139,279.9414952988551,279.9414952988551,16729368.0
2021-08-16,283.6601867675781,286.8245588967725,282.0202710923161,284.6071779438418,7144852.0
2021-08-17,293.29180908203125,294.2849837939735,282.3435980437951,283.52156387176484,23645544.0
2021-08-18,290.7510986328125,295.2781992156992,288.53371792716706,293.68446740670413,13847154.0
2021-08-20,286.4318542480469,291.92906596584635,285.48486317267253,287.5636364482017,12341386.0
2021-08-23,290.4969787597656,294.23878723177637,288.0255598132908,289.180433749992,14072750.0
2021-08-24,292.66815185546875,293.79993396969945,288.3027226692445,293.79993396969945,8967436.0
2021-08-25,291.79046630859375,296.94118725833613,290.82035526410755,293.3379861385025,12815436.0
2021-08-26,290.5431823730469,294.95479504677326,289.18042552745504,292.0445184480696,8416702.0
2021-08-27,293.3149108886719,293.79995234076716,288.85708586832783,290.7972798718757,8743108.0
2021-08-30,292.1600646972656,295.4168041232338,291.2823490754385,293.77688848840137,8743710.0
2021-08-31,296.08660888671875,296.8257169864449,290.52012171175005,293.15321193900354,15591816.0
2021-09-01,296.59478759765625,299.0431152724675,293.45353540005857,297.4031995409071,9450444.0
2021-09-02,300.93707275390625,303.50088739653324,295.99420639167226,297.9574921929436,9077556.0
2021-09-03,302.62322998046875,303.36236639995855,300.0363230001832,301.6531469116545,7549940.0
2021-09-06,317.10528564453125,318.14467216942364,303.3391941983228,303.3391941983228,24676832.0
2021-09-07,311.4695129394531,318.7452190259142,310.77658855026635,318.7452190259142,12812218.0
2021-09-08,305.903076171875,312.0008174361484,304.8867812619677,312.0008174361484,13432462.0
2021-09-09,305.9723205566406,306.98861536308766,302.11505249475164,305.3025161615247,11611460.0
2021-09-13,309.8526916503906,310.3608249281431,303.8935305813589,305.9723037642538,11177578.0
2021-09-14,311.0999755859375,312.13936222545124,309.50624376631635,309.96819338387803,7322676.0
2021-09-15,311.3771667480469,314.37983957723765,309.50627623966204,311.3540749037794,8290832.0
2021-09-16,308.5130615234375,314.4722232681359,307.1965163030634,314.0102736195599,9315692.0
2021-09-17,307.3119812011719,311.5388314540462,306.1571071643392,310.15298260984696,10815562.0
2021-09-20,306.04156494140625,309.7371611973025,301.837835478389,303.84730466446786,9092860.0
2021-09-21,308.3975524902344,309.0442932309669,303.54708152024165,305.1177214933537,7367102.0
2021-09-22,308.6516418457031,311.5850105782696,306.2725900865719,309.0442877344142,9583304.0
2021-09-23,311.4926452636719,312.7399149653445,310.15300818756884,310.8459326668126,6462586.0
2021-09-24,312.5089111328125,322.9720810763015,311.8159867178839,314.3567095726222,24253176.0
2021-09-27,302.06884765625,313.3634925560691,300.72918256950254,313.22491331834203,16798164.0
2021-09-28,295.4629821777344,302.06888466885687,293.4535124965575,302.06888466885687,16224924.0
2021-09-29,295.9942321777344,298.6504426108549,289.80409571639484,291.00518169890694,17679132.0
2021-09-30,292.9222717285156,298.7659462774136,292.2062553857483,295.0703489519875,12027918.0
2021-10-01,293.9154052734375,295.5322287209142,291.12061609611766,293.24557277759305,8417708.0
2021-10-04,296.1327819824219,297.31074780963115,293.77685032800326,295.6015568657257,10494244.0
2021-10-05,298.8121337890625,300.03631169684064,292.8991836317616,294.0078741216426,10912148.0
2021-10-06,293.6844482421875,300.47511277097306,293.0608275813987,300.4520209307892,9673198.0
2021-10-07,297.010498046875,299.59740450344424,294.21570863331084,295.1857915057329,7448686.0
2021-10-08,305.41796875,308.3744290738005,297.95747193435324,298.48872521664293,22091966.0
2021-10-11,301.56072998046875,307.7970503402471,293.3380317377209,299.782235081859,20422932.0
2021-10-12,304.4709777832031,305.99543405789547,296.8257173488576,301.1911468183097,18680432.0
2021-10-13,310.7073059082031,311.67741703596545,303.0389534258002,307.1965000429224,18925882.0
2021-10-14,327.1758117675781,341.7734081871542,321.05497942600323,321.97887864737305,118377606.0
2021-10-18,327.8687438964844,332.9732815755998,324.47342545614464,332.14177789583977,21198892.0
2021-10-19,328.70025634765625,337.2001408890994,327.060340786419,331.2640711766518,21865148.0
2021-10-20,324.2655334472656,333.87407966863725,321.40144023445777,329.6472294712098,16108782.0
2021-10-21,321.655517578125,327.52228344243196,314.9110643452477,327.4991916002636,15916912.0
2021-10-22,315.234375,325.9053980155704,313.31727314537295,324.17308725361664,10758302.0
2021-10-25,308.4437255859375,316.0658932946749,305.2562623569456,315.3960607963895,17621916.0
2021-10-26,308.6516418457031,313.57138825352325,307.1964893025193,309.991278791727,12193966.0
2021-10-27,310.0143737792969,311.6081055820136,306.48047615953385,308.65164497807785,12631178.0
2021-10-28,303.4547119140625,310.24534866581325,302.5769963717114,309.96819017621124,10357542.0
2021-10-29,298.76593017578125,304.6096044097414,297.61105607382615,304.07835104477465,13522634.0
2021-11-01,302.78485107421875,303.4777754287123,299.11234635637027,300.77535352908905,8802466.0
2021-11-02,302.0226745605469,305.3487176688939,300.7754048705206,303.500919074831,8079378.0
2021-11-03,301.422119140625,305.74133669622097,300.3596406815381,304.60958271305225,6871182.0
2021-11-04,301.9764709472656,303.80117757752976,299.06619399269056,302.5769998116752,1565810.0
2021-11-08,304.1244812011719,305.34865881184146,299.11233975895215,301.62997049711424,9504460.0
2021-11-09,304.17071533203125,307.7739165205558,303.3623035437971,306.3187640236682,8284130.0
2021-11-10,301.4682922363281,304.4247809009897,300.9832508041229,302.99274844492373,8091390.0
2021-11-11,296.4792175292969,300.15172211533513,294.1694697638845,300.15172211533513,12067796.0
2021-11-12,304.90985107421875,306.0416333194905,298.32706877262973,299.34336360910163,12126506.0
2021-11-15,304.3786315917969,307.6584627848593,303.57021971510994,305.6027812308216,9435996.0
2021-11-16,305.5566101074219,308.92883700693085,302.4153580393199,304.14766927487284,11327094.0
2021-11-17,305.7182312011719,308.58232428113763,303.96282840866553,305.55656012370144,8854994.0
2021-11-18,300.93707275390625,307.63534195824377,298.07297959301843,306.4573761165142,7842498.0
2021-11-22,297.5186462402344,305.0946312638489,294.7238566865505,303.9628490591696,11582434.0
2021-11-23,296.9411926269531,299.7821939008747,289.2035369471845,296.8950089457371,9134924.0
2021-11-24,294.0308837890625,299.15851243253496,292.4602440665626,297.63408458138065,7985552.0
2021-11-25,294.1233215332031,296.4792532597859,292.41410234177715,294.26190077679627,6661362.0
2021-11-26,287.0785827636719,293.06083568529266,286.24707912790524,291.9521453741599,8277074.0
2021-11-29,291.305419921875,292.34480656982913,278.99447943098545,284.8150333814616,10376060.0
2021-11-30,294.3774108886719,298.18849545490417,291.25925078902725,291.30543447539895,26850200.0
2021-12-01,293.2455749511719,298.39632382151956,292.52955877244335,296.8487758789375,9453644.0
2021-12-02,298.7889709472656,299.38949973860116,290.56627438587145,294.21568720232864,10210456.0
2021-12-03,295.9942321777344,302.0919730719317,295.60158626134046,297.84203073990517,13405010.0
2021-12-06,288.4875183105469,297.5879308522505,287.86389764350616,294.3773755698895,9409906.0
2021-12-07,292.1369323730469,293.130107075736,287.79459494334753,290.1043428963439,8557090.0
2021-12-08,296.4330749511719,301.6530999857043,294.8393431330409,295.18580534588824,15360658.0
2021-12-09,297.1259765625,299.15853780470337,294.6545293835221,296.45614403006056,6865604.0
2021-12-10,294.83935546875,298.3732814657142,293.3842028358428,296.640970329,8525212.0
2021-12-13,298.1423034667969,303.29302494124295,295.7401597438132,297.26458788882485,13123680.0
2021-12-14,298.835205078125,301.1449530592663,295.3012793889125,298.41943916345326,8609412.0
2021-12-15,293.9847412109375,298.74281652462037,293.49967156739154,298.74281652462037,7123544.0
2021-12-16,297.6341552734375,300.22109024285913,295.37061889475893,297.49557601681136,12437240.0
2021-12-17,309.87579345703125,312.64749112336455,300.31343086914796,304.88674329666463,104600018.0
2021-12-20,307.6353454589844,312.9708577641218,306.2725884835612,308.3744535498073,26298202.0
2021-12-21,319.1147766113281,322.02505343925685,309.9681802113382,312.2779282009905,27362096.0
2021-12-22,316.7357482910156,321.47073159792546,314.6800669723973,321.47073159792546,12327754.0
2021-12-23,320.8470764160156,324.2886064396287,318.3294455560482,318.791395137871,12944908.0
2021-12-24,322.6487121582031,324.47341876473695,318.8145360174253,322.32534179075196,13182426.0
2021-12-27,323.179931640625,323.826672364212,319.27648004343763,323.2954190416108,10188656.0
2021-12-28,325.88238525390625,326.8293763945315,324.08077034624336,324.7506029757677,10158044.0
2021-12-29,325.0739440917969,327.98422097692503,323.3878167481447,325.7899603436287,7898416.0
2021-12-30,329.8782043457031,332.5575346327114,325.21252457517704,325.7206578667591,18087350.0
2021-12-31,330.4556579589844,332.0493898283497,327.568472759108,330.6635409324091,8549558.0
2022-01-03,332.0032043457031,335.74498506641714,330.7559347070758,331.67983396603415,9280810.0
2022-01-04,333.296630859375,334.0357389290219,328.70022677675104,333.8740678497758,10228800.0
2022-01-05,329.6010437011719,332.9963620253529,324.7505728408183,332.6037161385336,14711264.0
2022-01-06,326.02093505859375,329.0236075033417,323.3416329776981,326.0440268999047,12883220.0
2022-01-07,328.6771240234375,333.29661979326795,326.8755093951378,327.06030050399687,13120326.0
2022-01-10,320.36212158203125,327.52234203555895,318.745297608654,327.52234203555895,27537820.0
2022-01-11,320.662353515625,322.64873132630896,318.2833015942911,321.05499943110647,15487458.0
2022-01-12,319.3688659667969,324.1731534050529,315.6039933929803,323.364741551175,23460682.0
2022-01-13,300.1517639160156,307.65844519902487,299.34335208553773,306.3649919092936,61505934.0
2022-01-14,295.5553283691406,299.9207574317077,294.0309004317012,299.9207574317077,26514548.0
2022-01-17,298.7196960449219,301.02944385878453,292.4371650741172,295.4167453930328,20457876.0
2022-01-18,292.5527038574219,300.26726854997025,291.5595290400886,299.7591352197224,14329980.0
2022-01-19,286.94000244140625,291.79047319277885,285.946799533297,291.4901946777228,17382766.0
2022-01-20,284.19140625,287.51744908734116,282.0202374398491,286.709037268308,16827124.0
2022-01-21,279.9577331542969,282.71081465719385,277.99125040095305,282.24811283287767,19646694.0
2022-01-24,265.01239013671875,280.16587032349753,263.022778539035,280.16587032349753,26150716.0
2022-01-25,260.3622741699219,264.6653946941826,254.80985330221176,260.26972817391214,34712370.0
2022-01-27,252.0567626953125,257.6785999059185,248.56337034747435,256.79945533895994,31351744.0
2022-01-28,255.48074340820312,261.403319252393,252.93588417318588,254.5321823732049,29899780.0
2022-01-31,264.9429626464844,265.77584823811185,260.2928165515506,263.2772479453664,26252174.0
2022-02-01,266.81695556640625,269.4774904307995,262.0973924196161,268.32073614193285,20920202.0
2022-02-02,272.0686340332031,272.9940375503229,266.0535111719248,269.2924234818439,16368826.0
2022-02-03,267.5572509765625,272.4387481347519,266.5855887285879,270.5416825111557,14082780.0
2022-02-04,264.5497131347656,267.3490529425465,262.8377110919755,266.97889720815,13633558.0
2022-02-07,257.7248840332031,265.4982680649843,257.07709026344025,264.61915165296284,15091358.0
2022-02-08,259.2286376953125,261.7966265838389,256.5449733772032,259.76075596782255,13953814.0
2022-02-09,263.254150390625,264.0870078420439,260.63987436479186,261.1488632036553,10207476.0
2022-02-10,265.4288330078125,265.93779356509776,261.98169980490525,264.85045590132034,11603824.0
2022-02-11,259.7839050292969,261.88919235852256,257.7711354578689,261.88919235852256,15442458.0
2022-02-14,250.64553833007812,257.7942858648255,249.8589397234748,254.4859571257614,16241546.0
2022-02-15,260.66302490234375,261.542169541771,251.3627308333783,252.45006867170875,13676992.0
2022-02-16,260.91748046875,263.87875418327343,257.9793079482192,261.49585755061804,14607822.0
2022-02-17,261.3802490234375,264.8505124027127,259.64511733379993,264.6654203927211,14228840.0
2022-02-18,260.2465515136719,261.75033189248376,256.961352818396,258.65022515564266,13411838.0
2022-02-21,264.1101379394531,264.98928250991236,256.9845483472181,257.1464826539002,17534002.0
2022-02-22,261.033203125,263.2772953123401,257.308431450833,257.37784800964704,21490124.0
2022-02-23,262.39813232421875,264.1564214410726,260.33913227713265,263.36982287422825,14408512.0
2022-02-24,248.54026794433594,257.67862793464803,245.7640573143677,253.56057087043186,26953888.0
2022-02-25,256.91510009765625,258.5345559289787,253.32916218544221,253.5605130184883,15922624.0
2022-02-28,257.16961669921875,259.15922849629743,251.75600079288088,254.94865403640827,18316874.0
2022-03-02,256.89202880859375,258.326393001712,254.6710659568631,256.79948280621437,16354110.0
2022-03-03,263.5317687988281,266.49307121361574,259.27490716797325,260.5010780680977,25911326.0
2022-03-04,266.19232177734375,268.36702573757003,256.3599091964414,259.57569213582207,26948372.0
2022-03-07,264.5959167480469,268.20501206757115,260.1539923808782,260.5010186045966,21112334.0
2022-03-08,271.8141174316406,273.3410273828568,264.66537056791213,264.66537056791213,22039998.0
2022-03-09,270.911865234375,275.95532543098284,269.36182572203353,272.0686195692784,23527232.0
2022-03-10,272.1842956542969,276.00158496861553,270.4954230248662,275.30753236601214,16161966.0
2022-03-11,271.23577880859375,272.9940398577679,269.4775177594196,271.6059345703555,9927188.0
2022-03-14,276.7650146484375,277.99115712682203,271.1431780728544,271.3282700369084,15006442.0
2022-03-15,271.9298400878906,279.3330685225253,270.3566427491006,279.3330685225253,13853244.0
2022-03-16,276.81134033203125,277.366588117143,274.1508050927347,275.42323498978953,11150296.0
2022-03-17,278.17626953125,282.7107405730787,277.15832013629154,279.9345303546851,16881290.0
2022-03-21,277.6210021972656,285.02422892252605,276.69559885660806,279.98076941951484,15592952.0
2022-03-22,282.27117919921875,282.7107514823074,275.8396422230696,279.1942296997418,15580500.0
2022-03-23,282.8033142089844,284.5615752043085,281.1838580899354,284.0757440168085,11393836.0
2022-03-24,282.5025329589844,284.00631356740854,280.30469976205666,280.8599474810739,7751490.0
2022-03-25,279.17108154296875,284.0988663352785,276.34861224551315,282.7107611251713,11986194.0
2022-03-28,277.7135925292969,281.7853622302217,276.2792001775697,281.3226604860013,11476810.0
2022-03-29,278.77783203125,280.0965208531415,277.2277923114072,279.00918292920124,9402006.0
2022-03-30,277.9911804199219,281.92414493653166,277.3896738479487,279.98079211540437,15488764.0
2022-03-31,273.8731384277344,279.1479206878517,273.08653991565285,277.62101077679324,14476178.0
2022-04-01,278.4538879394531,279.1942276320859,272.6701164707827,273.7806118891961,8567994.0
2022-04-04,280.2121276855469,280.62857049631384,277.1583078768211,279.9345179724153,8855948.0
2022-04-05,279.53564453125,284.36446365568736,279.02241840531246,282.4749269755239,12862488.0
2022-04-06,276.9229736328125,278.99914352316256,275.73326726118574,278.99914352316256,8235902.0
2022-04-07,270.9976806640625,276.1997653374939,269.43473730135594,276.1997653374939,15721530.0
2022-04-08,272.3040466308594,273.86698995306887,270.83439125682537,273.40043630749295,8636632.0
2022-04-11,266.44879150390625,272.5839836999468,265.0491304836241,272.46734528159,17164216.0
2022-04-12,260.66357421875,265.0025182053982,259.49718989566287,265.0025182053982,16338532.0
2022-04-13,260.8968505859375,263.83613337927704,258.7506863498412,261.2700878733778,11204576.0
2022-04-18,251.28582763671875,256.5345571002462,250.0727993289532,256.5345571002462,18930062.0
2022-04-19,247.48342895507812,254.5283788073693,245.43058117598665,253.80522622934143,13286008.0
2022-04-20,250.30609130859375,252.19562833432633,247.90332806306193,250.0728144294618,8660976.0
2022-04-21,251.56576538085938,253.10538692405572,250.70262393421308,252.40555636113206,13388782.0
2022-04-22,250.86593627929688,252.33556338429042,247.57673830963094,249.6062355634605,9782424.0
2022-04-25,246.97019958496094,247.81001905950163,244.1475552822722,247.25014890186753,9473768.0
2022-04-26,246.92356872558594,250.88927554498602,245.92046678667722,250.5393602373919,8718740.0
2022-04-27,242.11807250976562,245.87382447491478,240.0419026420183,245.87382447491478,16275078.0
2022-04-28,243.79762268066406,245.7105098770606,240.74170173565045,244.4741312199241,13241338.0
2022-04-29,237.3825225830078,246.57363638964566,236.54273159801392,246.57363638964566,24151260.0
2022-05-02,230.94407653808594,242.14136509750827,229.82435052976143,240.50842718259253,43822854.0
2022-05-04,229.42779541015625,235.07309835835966,228.2614110918535,233.27686366055542,17267854.0
2022-05-05,233.8134002685547,235.0031208296592,231.5506118175975,233.7434200562756,10869532.0
2022-05-06,226.32522583007812,229.0312318711814,224.41235261711662,228.61133634591923,18441782.0
2022-05-09,225.41542053222656,228.3080592088449,221.4263920353942,224.87888661716858,16675250.0
2022-05-10,222.849365234375,225.69534556613414,222.14953470548775,225.34543030169053,14969534.0
2022-05-11,220.16668701171875,224.8555602146406,215.80440709229592,223.96909679888287,21029342.0
2022-05-12,221.0531463623047,222.07957023931888,215.6177983836872,218.39379870691448,14573000.0
2022-05-13,218.65037536621094,223.7124855511166,217.88056465562346,223.7124855511166,16775318.0
2022-05-16,218.3471221923828,221.30974090735438,216.94746115268805,221.14644427177234,7314066.0
2022-05-17,227.04837036132812,228.14477447688205,218.4871065491891,219.7468073182238,11321450.0
2022-05-18,224.5289764404297,231.0607284823331,224.22571937181638,229.03121696455236,15390968.0
2022-05-19,210.48570251464844,221.0531411531335,209.94916859807122,217.48400813458414,22945978.0
2022-05-20,214.42808532714844,215.6411278058515,212.28193543991824,215.54781136976314,12731912.0
2022-05-23,217.4140167236328,218.25380765951874,213.44831041000432,216.38759292369357,14111568.0
2022-05-24,214.59140014648438,219.0936409263357,213.6816146508788,218.55710696860768,13779460.0
2022-05-25,207.5464324951172,215.01129227787538,206.77662167763825,214.68469896714367,15481506.0
2022-05-26,211.51214599609375,212.14199640795678,207.14986557389034,208.0829730764754,11583082.0
2022-05-27,217.8572540283203,218.32380772429008,212.86512378620822,214.61470014609486,11414472.0
2022-05-30,222.19619750976562,224.6456044114481,220.74987820591633,220.74987820591633,12291148.0
2022-05-31,223.0360107421875,224.29571154124338,219.46687746231618,222.0329230441713,31587004.0
2022-06-01,219.63015747070312,223.4559035616048,218.58041163042893,223.4559035616048,10514566.0
2022-06-02,221.2164306640625,222.28951270069805,218.39378651695768,220.12002663801505,10535040.0
2022-06-03,221.84628295898438,227.6782041724172,221.37972926190974,223.7824779542263,23269778.0
2022-06-06,220.77322387695312,221.84629172740193,216.57424043731777,220.2133537230993,13791156.0
2022-06-07,218.18385314941406,219.63017258762505,217.01746880216166,219.28025728344934,4701342.0
2022-06-08,219.46685791015625,220.21334667871886,216.62087748893634,219.77011496792227,5627652.0
2022-06-09,221.63633728027344,222.14954921593062,216.5975628383963,217.90390754907867,7402238.0
2022-06-10,215.0579376220703,217.9738983001107,212.88845148713685,217.9738983001107,17453098.0
2022-06-13,208.12960815429688,211.3488258326062,207.6163962373284,209.97248672411192,14130822.0
2022-06-14,208.03628540039062,211.67541268810686,204.35051413462133,205.28362150509906,13056384.0
2022-06-15,205.33030700683594,210.25244334495525,204.9570554661917,209.22603364388704,11391596.0
2022-06-16,197.02561950683594,208.4328630334488,195.83591328100758,208.08294776254766,17944686.0
2022-06-17,189.04757690429688,195.36937424430963,187.57792126577823,194.08635148807835,41550546.0
2022-06-20,193.4564971923828,194.972796782712,188.55768313131927,190.82047152142843,20750838.0
2022-06-21,198.3553009033203,199.1017896641487,194.38959448938883,195.95255221779135,12187804.0
2022-06-22,191.87020874023438,197.21225428975734,191.4269770308876,197.21225428975734,16202862.0
2022-06-23,195.5093231201172,196.32579209858483,191.89353192976046,192.4534020673739,19655010.0
2022-06-24,195.36936950683594,198.75188396396922,193.9697083521601,196.4191153728428,15362102.0
2022-06-27,198.23866271972656,200.9680046908298,197.81876724065427,199.21842832962116,12447870.0
2022-06-28,199.33506774902344,200.19819493914724,193.9463782248296,196.88566083110098,12091828.0
2022-06-29,196.30245971679688,198.19199641455745,194.73950205028137,195.95254445883467,16684176.0
2022-06-30,194.10968017578125,197.35223440317355,193.6198044381017,196.83902243535812,12123284.0
2022-07-01,196.8856658935547,197.4455360415683,191.94019371306555,193.61978991901705,8907248.0
2022-07-04,196.092529296875,196.76903790845307,194.0863539298553,196.39580061536245,6372716.0
2022-07-05,192.9666290283203,197.3755533128541,192.71001592937483,196.46578206592974,11513210.0
2022-07-06,194.10968017578125,195.29940077000214,192.73335516901523,195.29940077000214,10522910.0
2022-07-07,196.3258056640625,197.79546131732397,194.6462236113466,195.95256837192343,10706024.0
2022-07-08,195.53265380859375,198.14535731328965,194.34293335939248,197.81876403591943,9535432.0
2022-07-11,191.84689331054688,193.61979173237867,189.21085343022486,193.50315330362423,16689574.0
2022-07-12,190.89044189453125,193.54980365729767,190.3539079916823,190.82046168774033,9777472.0
2022-07-13,189.7473907470703,192.22011960008842,189.11754042018043,192.22011960008842,11956780.0
2022-07-14,187.2979736328125,191.56693679996349,186.85474195790195,191.56693679996349,13161242.0
2022-07-15,183.752197265625,188.5343732026177,182.42251623064797,187.06473173789172,22328354.0
2022-07-18,188.83761596679688,189.28084769086146,185.05852803127027,186.15493210809623,13632394.0
2022-07-19,189.25750732421875,190.2605949409654,187.18135188268994,188.02114285529433,12897178.0
2022-07-20,192.26678466796875,194.78617182721794,189.9340161430919,191.6602563086473,25237412.0
2022-07-21,193.15322875976562,194.78616668406315,187.83451951109998,190.75048009020273,45382342.0
2022-07-22,191.68360900878906,194.73953034374804,190.84380372481252,193.969719512004,15468542.0
2022-07-25,193.52647399902344,193.92304750175248,190.61051329967648,191.52029873310846,12535662.0
2022-07-26,189.04757690429688,193.80641640273717,188.62766715724018,193.52648131739602,15186298.0
2022-07-27,189.72406005859375,190.07397533507145,187.5312662021869,188.93092730809772,14084158.0
2022-07-28,194.0863494873047,194.55290321203378,191.70692264356833,192.12681814820658,15898464.0
2022-07-29,197.67881774902344,197.95873859181174,194.92613939816147,196.23249836289537,15919784.0
2022-08-01,200.1515655517578,201.03801485926394,197.16562429790457,198.84522070260044,10365748.0
2022-08-02,200.43145751953125,201.3878868384428,198.1220111803809,200.12820048461452,16912426.0
2022-08-03,201.71449279785156,202.01774985185898,199.45170453041504,200.15153507262704,12034938.0
2022-08-04,203.1841278076172,205.42357977822928,199.26507974000185,203.90728031697842,17789134.0
2022-08-05,205.28363037109375,206.21673778187144,203.48739575772885,203.48739575772885,12967586.0
2022-08-08,203.34742736816406,206.5899669506242,203.04417031916972,206.5899669506242,9557496.0
2022-08-10,200.68807983398438,203.41742194392327,198.8918451641552,202.9508682238684,11329742.0
2022-08-11,204.56048583984375,206.21674586364847,203.55738394347415,204.35053096895484,9154644.0
2022-08-12,203.4640655517578,204.58379155185838,202.9508536489359,203.9306192383071,7092398.0
2022-08-16,203.93063354492188,205.19032004412423,203.69735668528187,204.583805904296,4774208.0
2022-08-17,206.7066192626953,207.56974648944012,203.7206783122526,204.0006133909387,10401476.0
2022-08-18,202.97418212890625,206.100097623985,202.50762842743714,206.100097623985,16888260.0
2022-08-19,201.76116943359375,206.45002879922137,201.08466081912863,204.79376872668965,17253908.0
2022-08-22,195.9525604248047,201.03799307392578,195.5093287000366,201.03799307392578,12900580.0
2022-08-23,194.3896026611328,195.2527298821845,191.28702330154275,193.61979187839083,17028776.0
2022-08-24,194.1563262939453,195.71928409199992,193.31653529939422,194.92613707863205,7429170.0
2022-08-25,193.7130889892578,195.99919911885772,193.59645057205285,195.62594764094897,8753902.0
2022-08-26,194.6695098876953,197.1189165429629,194.22627822626907,195.25270194847332,7904194.0
2022-08-29,188.6510009765625,189.5841084237194,186.1549357077999,188.95425804927055,23519514.0
2022-08-30,192.94326782226562,194.0630080398237,189.53743166844336,190.8904344868897,19750992.0
2022-09-01,191.49697875976562,192.05683467708354,188.88427509801357,191.2403656726666,11778706.0
2022-09-02,190.21395874023438,192.57004934835203,189.93402365855462,192.4767329084289,9815080.0
2022-09-05,189.18751525878906,190.35389944657445,188.48768474611785,189.8873457714603,18018508.0
2022-09-06,188.69764709472656,190.0506499587135,187.2046695797893,189.8873533183159,18226162.0
2022-09-07,190.09730529785156,190.75047761146507,187.08802832408657,187.6012402269574,12248532.0
2022-09-08,192.5933837890625,193.31655064999018,191.10042032041068,191.28703897423082,14064948.0
2022-09-09,194.62286376953125,195.69594577089902,191.91685813459884,194.55288356550665,14671342.0
2022-09-12,196.8856658935547,198.00539195149258,195.04277304125844,195.88257826327884,11678424.0
2022-09-13,197.18893432617188,198.75189219456877,196.65240037561207,198.2386802356502,9408334.0
2022-09-14,194.22630310058594,197.21225822464672,190.82046672469625,190.82046672469625,17583964.0
2022-09-15,193.6431121826172,196.37245424137936,192.80332119750082,195.81259833066488,10640314.0
2022-09-16,187.39129638671875,192.57004545990898,186.7148020442499,192.57004545990898,20192486.0
2022-09-19,187.53128051757812,189.5141339023149,185.2218338212957,188.9542637219767,13584188.0
2022-09-20,188.90760803222656,191.00709987949577,188.69766739035384,189.42081999806598,8989822.0
2022-09-21,186.9713897705078,189.3741384071524,186.38819766267716,189.3741384071524,19290112.0
2022-09-22,185.66505432128906,186.78478037605223,184.28871518354333,185.68837631151962,16500324.0
2022-09-23,183.98544311523438,186.34153345994199,183.65884985010604,185.73501938251866,13966710.0
2022-09-26,184.19540405273438,186.248251823376,179.4365646233762,182.88905932422577,18994144.0
2022-09-27,185.875,187.27466116602122,182.88905902677266,185.12851119717075,12454694.0
2022-09-28,185.71168518066406,186.8547473829863,184.45199879733957,184.75525583935723,8921590.0
2022-09-29,183.26229858398438,187.50794035456798,182.67910642423635,187.08804484716737,11883068.0
2022-09-30,183.9387969970703,185.08185926210385,180.78955950885162,183.09900602878093,13570530.0
2022-10-03,184.05545043945312,185.68838852953698,182.2358937009777,183.7755153478207,8140834.0
2022-10-04,189.18751525878906,189.42079209634616,186.15491637054708,186.5981480571408,12591696.0
2022-10-06,191.3570098876953,192.6866908684247,190.0973233570753,190.98377259819824,11203878.0
2022-10-07,190.40057373046875,192.10349194073473,189.5374465110467,191.19370650224593,7580186.0
2022-10-10,191.89353942871094,192.9199633084172,186.50484965547707,186.76144850635885,18714926.0
2022-10-11,188.67431640625,194.972791455526,187.69455077318923,193.57313033346466,22723292.0
2022-10-12,190.33059692382812,191.10040771888006,187.36797793623825,188.6043424541204,12610118.0
2022-10-13,176.8705291748047,183.05236635189573,176.40397542559026,180.5563009459805,84896212.0
2022-10-14,176.03070068359375,180.78955399362926,175.54082500671743,180.5562771497665,27864794.0
2022-10-17,175.00430297851562,176.80053764565886,173.74460224101526,176.03071261824778,16909538.0
2022-10-18,176.9638214111328,179.2732680348594,176.54392590811608,179.0166691824852,22328480.0
2022-10-19,176.38063049316406,177.85028612115332,175.91407676696807,177.85028612115332,10198278.0
2022-10-20,177.99024963378906,178.50346158913229,175.424204095163,175.89075782945864,11868814.0
2022-10-21,178.48011779785156,178.83003308374833,177.38372795917982,178.45679580736086,8931540.0
2022-10-24,179.48321533203125,180.2763480846874,179.15662204452696,180.2763480846874,3472470.0
2022-10-25,179.4598846435547,180.29968987816483,178.9933309259122,180.29968987816483,5783256.0
2022-10-27,178.52676391601562,180.53295329536058,177.80361140274812,180.08972160136537,11723118.0
2022-10-28,178.80670166015625,180.01974410155455,178.22350954776175,178.59674680445875,7609676.0
2022-10-31,180.3463134765625,181.2094406042676,179.50652257495577,180.3463134765625,6638382.0
2022-11-01,183.07566833496094,183.35560340151233,180.36966258050498,181.02283491039893,11540196.0
2022-11-02,183.798828125,184.218723589825,182.25919243652388,183.2856162288413,6716614.0
2022-11-03,181.256103515625,183.7055103198902,179.87976447323115,181.8392956118786,10312476.0
2022-11-04,182.21253967285156,183.07566685520487,179.92642941765632,181.25611029446125,9023630.0
2022-11-07,182.65577697753906,184.2187347494858,180.83622036101283,183.3556075406714,8252598.0
2022-11-09,182.399169921875,184.00877160176617,181.55936474106824,183.84547496343527,6862546.0
2022-11-10,181.4427490234375,182.46917296016588,180.5562997534032,181.39609080120616,5494908.0
2022-11-11,186.4815216064453,189.35082404492692,185.33845933382045,185.92165146514148,28417046.0
2022-11-14,185.01187133789062,187.85785186777326,184.54531761948658,187.85785186777326,17623428.0
2022-11-15,185.29180908203125,186.41153517469067,183.82216769553517,185.71170458701732,12462712.0
2022-11-16,185.8050079345703,187.41462386803371,184.84857856071386,186.1549232037503,11039528.0
2022-11-17,185.1051788330078,185.68837095283456,184.28870986525035,185.64171273563065,6057616.0
2022-11-18,183.752197265625,186.10828800763886,183.26230728532266,185.61841226542703,9546202.0
2022-11-21,181.32611083984375,184.0321311140431,180.83623510095708,183.75219601835485,7904612.0
2022-11-22,181.3960723876953,181.6760074545769,179.38989717820712,181.4893888226855,8410828.0
2022-11-23,181.3727569580078,182.86573454331594,181.0228416712721,182.30586438930303,6717760.0
2022-11-24,185.8050079345703,186.5048384729303,181.55936648756878,181.90928175674875,13370266.0
2022-11-25,187.92782592773438,188.67431470036894,184.7086082237174,186.15492755105518,13648550.0
2022-11-28,189.25750732421875,191.0304199436234,187.55458915093874,187.92782641918757,13679200.0
2022-11-29,189.02423095703125,190.77380735285362,187.9744851195378,188.02114333771092,9102602.0
2022-11-30,189.84071350097656,190.35392546135805,187.85786011075407,189.84071350097656,13892346.0
2022-12-01,193.01327514648438,194.24963962795962,192.05683149999277,192.61670164613855,15852984.0
2022-12-02,192.40675354003906,193.106584128258,190.84379571206549,193.0599259080921,11726622.0
2022-12-05,192.3834228515625,193.5964653305863,191.5902758588691,192.8033183378929,9947062.0
2022-12-06,191.9168701171875,192.50006225061878,190.2605959153891,191.5202966188364,8832518.0
2022-12-07,189.56076049804688,191.05373801661125,189.0942068032566,190.82046116921612,6568616.0
2022-12-08,188.34774780273438,190.3539231604145,188.16111491896785,190.00400786048726,8940712.0
2022-12-09,183.84548950195312,189.42081220672185,182.53914476817715,189.42081220672185,15423336.0
2022-12-12,184.91854858398438,185.45508245289716,181.02282262068957,183.308932739158,10365880.0
2022-12-13,185.5717315673828,186.3182203245111,184.75526260385567,185.85166663106702,6813842.0
2022-12-14,186.64480590820312,188.72097561202602,186.27156863560296,186.99472119054928,9995152.0
2022-12-15,184.3820343017578,186.5048480148208,183.84548613776016,186.5048480148208,7766926.0
2022-12-16,181.83929443359375,184.19538479195603,181.04614749259295,182.60910514804263,18012634.0
2022-12-19,181.51271057128906,182.18921912884684,179.9497670729468,181.23278974286825,8838046.0
2022-12-20,181.46607971191406,181.90929721435086,178.69007931196222,181.39608526165935,8778558.0
2022-12-21,181.72265625,183.4722325296855,180.95284553455602,182.37582854679826,10215214.0
2022-12-22,181.3727569580078,182.86573454331594,180.08973423997688,182.00260732174996,9093800.0
2022-12-23,176.1940155029297,180.01976183228325,175.8907584222335,179.15663457330945,12120710.0
2022-12-26,177.523681640625,178.03689355474657,175.56415041873865,176.35729739857095,7261148.0
2022-12-27,180.3696746826172,180.71958997976216,177.40705565250505,178.45680154393997,7685840.0
2022-12-28,180.92950439453125,181.74597330287858,178.80669092806335,179.62315983641068,7676002.0
2022-12-29,182.3058624267578,182.93571278371957,179.52986215330276,180.20637072894488,9485398.0
2022-12-30,183.23898315429688,184.89524325205312,182.67911296565487,183.3556215904231,8256556.0
2023-01-02,183.37893676757812,183.77551028328767,182.18923045853936,183.35561477645572,5559512.0
2023-01-03,185.24513244628906,185.57172571663853,182.7490816555303,183.37891773135115,5994422.0
2023-01-04,181.8159942626953,185.45510766118835,181.30278231211557,185.45510766118835,8926522.0
2023-01-05,180.50962829589844,182.9823715119509,179.03998695095473,181.95594765048168,9568980.0
2023-01-06,178.22349548339844,181.39605462922913,177.94356044392217,180.55626374888794,8484754.0
2023-01-09,182.7957305908203,183.35560071572212,179.6698294013699,180.0897248760019,7347432.0
2023-01-10,183.37893676757812,183.77551028328767,180.71958906558265,182.88906104928918,7879496.0
2023-01-11,183.752197265625,184.7552849804005,182.65579310562322,183.35562373054898,7656600.0
2023-01-12,184.05545043945312,185.64173030791653,182.18923547935728,184.63864261448308,9510500.0
2023-01-13,183.7755126953125,185.0352134704315,180.3230179165845,184.7552783828395,13621860.0
2023-01-16,185.96832275390625,187.08804887712387,181.4894040229456,181.95595776079378,23867444.0
2023-01-17,184.91854858398438,187.57789594045616,183.70550620334154,186.64478860735983,14310032.0
2023-01-18,188.11447143554688,188.41772851533761,185.68838632104098,185.92166318827847,16080426.0
2023-01-19,188.20774841308594,188.4876834638677,186.03827668618132,187.60123433479885,9447456.0
2023-01-20,188.09112548828125,189.14087133661505,187.22799827647782,188.27774412481162,9265614.0
2023-01-23,189.88734436035156,190.23725961408684,187.7878528379398,189.0475534466221,8815290.0
2023-01-24,190.16798400878906,191.85171714417572,189.48980915866605,191.00984343990316,9552640.0
2023-01-25,187.80606079101562,189.84057090321454,187.08112713263955,189.41964122179755,6355554.0
2023-01-27,186.1691131591797,188.76487253257056,184.36846861075864,187.80607312913207,7410134.0
2023-01-30,188.13345336914062,189.32608981299487,184.76598746284168,186.16909587827342,7261256.0
2023-01-31,186.5432891845703,188.27378120841684,186.00543374841746,188.15685549302887,9566846.0
2023-02-01,188.20364379882812,188.90519814768547,186.30945276617726,187.78271404414568,7029896.0
2023-02-02,191.50094604492188,191.75817691444598,188.2036322438391,188.2036322438391,10835460.0
2023-02-03,190.77598571777344,193.1612730581105,189.9575057471882,192.95080107069683,8850236.0
2023-02-06,189.25595092773438,189.98089889200642,187.82946297819063,189.60672805694918,5958022.0
2023-02-07,187.3149871826172,189.6535013796536,186.63681235621345,189.6535013796536,6683580.0
2023-02-08,190.23814392089844,190.63569421826597,187.54885239650957,187.54885239650957,8300976.0
2023-02-09,190.96307373046875,191.2670920107048,188.74148512567146,190.23814000027207,5277374.0
2023-02-10,189.7938232421875,190.3550724081829,188.39071460035814,190.3550724081829,5160140.0
2023-02-13,187.3617706298828,189.72366438957843,186.70698947331798,189.72366438957843,4825356.0
2023-02-14,189.46644592285156,190.09784768674564,187.78271264352057,188.48426698714516,4638822.0
2023-02-15,190.54214477539062,190.75261677437803,187.24484527897997,188.34394986883643,5227672.0
2023-02-16,191.71141052246094,193.27821804850842,191.0800087703929,191.19693449214034,11189362.0
2023-02-17,190.0276641845703,190.82276474694595,188.95195332785823,190.2849093185899,5616244.0
2023-02-20,190.37844848632812,190.72922564060082,188.11010097389197,189.55996845969187,6497188.0
2023-02-21,188.36732482910156,190.82276481756284,188.063320828019,190.54214024996415,5761172.0
2023-02-22,184.8127899169922,187.2448505988294,184.48540646534894,186.84730029675768,6883372.0
2023-02-23,184.2515411376953,186.4731296471129,183.99429600955213,185.11677998073148,6078322.0
2023-02-24,183.94752502441406,185.44417985228344,183.59674788724075,185.18694899428633,5106634.0
2023-02-27,182.56781005859375,183.94752489998044,180.27606895191013,183.69029404215735,5554710.0
2023-02-28,181.02438354492188,183.90076750940707,180.3929961118967,183.26936580322354,10061602.0
2023-03-01,182.8484344482422,183.22259101802018,181.14130763158983,181.51547847452605,4542612.0
2023-03-02,181.49209594726562,182.5678211296639,181.14131878905818,181.79611423623936,4438972.0
2023-03-03,182.6145782470703,183.08228108363787,181.9831765630725,182.68473081792388,4393936.0
2023-03-06,184.1580047607422,185.51434022688795,183.38629788113846,183.549996740002,6727722.0
2023-03-08,183.62014770507812,183.8072259964988,181.86626196083674,183.17582427394015,4908842.0
2023-03-09,182.45089721679688,184.20478302520016,182.21704577567644,183.71368643495168,4157054.0
2023-03-10,181.98316955566406,182.35732610124776,180.81391250926833,181.42192046413118,4567396.0
2023-03-13,180.2760772705078,183.62014994230722,179.48097668083406,181.9364167526891,5982520.0
2023-03-14,177.4698486328125,181.07115194271225,176.4876698126006,180.79052738362913,8094852.0
2023-03-15,175.73934936523438,179.4575928055786,175.34179908023552,179.4575928055786,7687926.0
2023-03-16,174.38302612304688,176.18368511173645,173.05007002632033,175.55228335295445,7686620.0
2023-03-17,176.09011840820312,176.95537151264924,174.85070874283008,176.4175161038826,9044282.0
2023-03-20,171.71710205078125,175.83289577923483,170.7816963315634,175.38857235334294,8184754.0
2023-03-21,171.36631774902344,173.1669765379456,170.9220086148465,172.58234798785128,7211152.0
2023-03-22,171.36631774902344,173.05005082792675,171.10908689624512,172.04449257639607,5374846.0
2023-03-23,169.07460021972656,170.6647872426798,168.5367447334106,170.6647872426798,9485192.0
2023-03-24,169.19151306152344,171.57680055088574,168.8407359093572,169.93984050744322,7906696.0
2023-03-27,168.95765686035156,170.24383971534385,167.99887171407522,169.19150828853196,6227714.0
2023-03-28,166.5957794189453,170.2672357814983,166.2216085334106,169.7761534436113,7813096.0
2023-03-29,167.92869567871094,168.72379620028303,166.03450492335546,167.43761341566548,8823840.0
2023-03-31,170.8284912109375,171.06234267050073,168.98105897112387,169.93985851922932,7914212.0
2023-04-03,172.0912628173828,172.30172052797835,170.7816863233272,172.0912628173828,4053500.0
2023-04-05,172.9331512451172,173.93870964857035,171.7405145320011,172.90977180884437,6443110.0
2023-04-06,171.48326110839844,173.26054064750073,171.10910450709238,172.58236575032916,6429614.0
2023-04-10,174.59347534179688,175.10795135248588,171.92757755157743,172.11465584460282,5624940.0
2023-04-11,173.16697692871094,175.3184128525446,172.39527009547658,174.6870111623863,6784354.0
2023-04-12,174.0556182861328,174.66364057428706,172.74605597391533,173.33068455493364,5578210.0
2023-04-13,172.25494384765625,173.0032712184188,171.17923306498082,173.0032712184188,6724634.0
2023-04-17,169.00442504882812,169.28504960905408,164.63140061535125,168.3496439237396,13603290.0
2023-04-18,172.06788635253906,172.53558923160176,168.02225930327845,169.9866171046055,8024898.0
2023-04-19,168.7471923828125,172.06788566553118,168.5601140865662,172.06788566553118,7475944.0
2023-04-20,169.70599365234375,170.10354395682555,167.9053347013327,168.6068890245973,4423266.0
2023-04-21,172.13803100585938,172.4420492817828,170.08014128734465,170.29061328249801,5299988.0
2023-04-24,176.768310546875,177.07231456655046,173.30729779007976,175.38858133113965,17779044.0
2023-04-25,175.6925811767578,177.2126155121818,174.9676474337423,176.88523206537047,7528552.0
2023-04-26,175.17811584472656,176.62799769232976,174.6402603632563,176.62799769232976,7008146.0
2023-04-27,175.10794067382812,176.13689263245726,174.00883614373745,176.0433463550699,8491700.0
2023-04-28,180.0655975341797,181.46870608639406,177.72708328048904,177.72708328048904,27709406.0
2023-05-02,181.63241577148438,183.40968100102344,181.21148603534715,181.93641978796356,9746608.0
2023-05-03,180.11236572265625,181.63239994576995,178.68586350322406,181.63239994576995,4828488.0
2023-05-04,179.4575958251953,180.60345928575674,179.15357754303693,179.94867812641323,6253358.0
2023-05-05,177.44647216796875,179.78498659894663,177.2593938681224,179.0132796913558,7902194.0
2023-05-08,177.89080810546875,179.1302179862507,177.54003091620064,178.19481214820237,9613544.0
2023-05-09,178.8028106689453,179.34068041557904,177.7504791574335,178.8963569570102,5716698.0
2023-05-10,179.48097229003906,179.85512886828582,178.66249228611053,179.597898004886,3670402.0
2023-05-11,179.9019012451172,180.93085324066539,179.1769675254072,180.39299780928457,4049964.0
2023-05-12,179.2471160888672,180.18252178274255,178.45201553980985,179.87851778686468,4580358.0
2023-05-15,180.41636657714844,181.00099511433945,178.89633238045178,179.2471095027664,5089694.0
2023-05-16,180.97763061523438,181.84286950314498,180.76715861521575,181.23486148356042,4059352.0
2023-05-17,178.8028106689453,181.16471884756763,178.3585014835361,180.6268633740935,5376102.0
2023-05-18,178.943115234375,180.22929808603286,178.7794163804414,180.15914551239229,4237016.0
2023-05-19,180.62686157226562,181.56226735094506,179.36405806178456,179.97206610866243,7281582.0
2023-05-22,185.09341430664062,185.49096460829873,180.25268665586546,180.76716267723717,12197390.0
2023-05-23,185.98204040527344,188.06332385251395,185.23371297069488,185.67803639930176,12725634.0
2023-05-24,186.9408416748047,187.2916188251028,183.97092561431558,184.50878105680758,8256974.0
2023-05-25,184.32171630859375,186.61345767097376,183.64354139225486,186.61345767097376,13605054.0
2023-05-26,187.8762664794922,188.27380253832197,184.74265124281828,184.81280382536704,7926180.0
2023-05-29,186.9875946044922,189.88735799746058,186.77713688489249,188.9519522930396,7959308.0
2023-05-30,188.25039672851562,188.88179842931743,186.82390874828332,187.08113960597825,7378972.0
2023-05-31,188.78826904296875,189.32612451283143,187.31500779137633,187.89963640495742,11783582.0
2023-06-01,190.42523193359375,190.82278225124915,188.97535009617047,189.41967355822524,7065484.0
2023-06-02,189.3962860107422,191.6646335487828,188.95196256771783,191.15017180190293,6320754.0
2023-06-05,189.0454864501953,191.64123140424797,188.8116350390858,191.2436811507303,7252860.0
2023-06-06,187.05776977539062,188.64795668904193,184.99986571555587,188.64795668904193,13707400.0
2023-06-07,188.3907012939453,188.76487213590022,187.54884187757358,188.20362300954693,8215860.0
2023-06-08,186.8706817626953,189.30274247096838,186.49652516441913,188.9987384507241,10615052.0
2023-06-09,185.81834411621094,187.24484643033955,185.23371553004972,186.82391670293526,12018232.0
2023-06-12,185.02325439453125,186.9875978439515,184.55555153421807,186.9875978439515,11973622.0
2023-06-13,184.99986267089844,186.37959183287708,184.5087803715684,186.12236096621064,13016186.0
2023-06-14,185.4208221435547,185.7482056127121,183.66693625219742,185.35065528937247,18512564.0
2023-06-15,181.9130401611328,185.88851462530786,181.5856424371724,185.72481576332765,28702320.0
2023-06-16,178.3350830078125,181.77270165596752,177.32952477998478,180.32282003127847,41110648.0
2023-06-19,177.7972412109375,178.66249436550692,176.3707531824659,178.66249436550692,10629440.0
2023-06-20,178.89634704589844,180.0422247819919,178.00771445115188,178.5689493289692,11802658.0
2023-06-21,180.29945373535156,181.11793374582334,179.17696971847917,179.71482515644317,8829264.0
2023-06-22,178.8028106689453,180.5333170860286,178.4754272070374,180.5333170860286,9356174.0
2023-06-23,177.7036895751953,179.13017744611693,176.8384365161897,178.80277976763142,6470406.0
2023-06-26,178.1480255126953,178.61572839630605,177.2827723233836,177.72709577207752,4100400.0
2023-06-27,178.943115234375,179.71482209073804,178.42863923908018,179.71482209073804,5880750.0
2023-06-28,178.52218627929688,179.48097142716887,178.1012422893448,179.48097142716887,7140112.0
2023-06-30,182.00656127929688,182.28718584401554,179.13019160553674,180.06559730582677,9070810.0
2023-07-03,183.15243530273438,184.22814612725728,182.17025648247198,184.22814612725728,9036924.0
2023-07-04,185.1869659423828,185.84174713706614,183.80723670063333,184.15801386990933,12617234.0
2023-07-05,184.22816467285156,184.9297190046394,183.2693794620053,184.32171095968704,12366958.0
2023-07-06,185.3038787841797,185.65465592907162,183.877376497724,184.5087782131612,9037242.0
2023-07-07,185.14019775390625,185.88852525635644,183.90078791058934,184.74264743012085,9065220.0
2023-07-10,182.38075256347656,185.14019683396282,182.24043312881193,185.14019683396282,5630400.0
2023-07-11,183.3629150390625,183.71369221177324,181.3985714357782,182.40412980958368,9634838.0
2023-07-12,183.2693634033203,184.2515422363933,182.56780913300506,184.22814853015456,6848220.0
2023-07-13,184.4152374267578,186.426368347957,182.9887493709571,183.26937394986382,13595726.0
2023-07-14,189.44305419921875,189.6535262137754,183.50323592485336,184.62572003178258,31366784.0
2023-07-17,194.21360778808594,198.7503311265953,189.79381016167056,190.3550592889849,45759860.0
2023-07-18,195.12564086914062,196.57550833123594,192.81050597952864,195.49979745165064,17769026.0
2023-07-19,195.47642517089844,196.90291325122197,193.69914565604174,196.4352103693901,10830990.0
2023-07-20,195.33609008789062,196.4351946267433,193.93298155484246,195.73364036021923,8255710.0
2023-07-21,189.27935791015625,193.7926877679994,187.54885157538416,189.4196630624204,23514212.0
2023-07-24,188.975341796875,190.82277387081936,188.71811092371473,190.02767327042733,6808460.0
2023-07-25,187.26821899414062,189.65350639280013,187.08114070806423,189.65350639280013,6458200.0
2023-07-26,188.36732482910156,188.7648751104365,187.7359231202941,188.7181019703103,5329662.0
2023-07-27,187.05776977539062,190.1679910263714,186.6134463367538,188.95196070187603,8948358.0
2023-07-28,186.4965057373047,188.4140902183261,185.46755378949092,187.5722165501627,6760060.0
2023-07-31,189.44305419921875,189.88737766410065,186.59007792377858,186.96423453503505,6762180.0
2023-08-01,190.33169555664062,190.8227778786823,188.9753457659362,189.6535206612884,7181804.0
2023-08-02,188.3907012939453,189.84058297605944,186.61343618242358,189.84058297605944,5399618.0
2023-08-03,186.91744995117188,188.01655455506835,185.7014196292685,188.01655455506835,6821698.0
2023-08-04,191.22032165527344,191.75817710226997,187.2214535444893,187.47869868742427,12481540.0
2023-08-07,192.2960205078125,193.1612736195778,190.84613884392982,191.73478566167464,8822866.0
2023-08-08,194.72808837890625,195.26594381262066,191.7347929331768,192.88065637488867,15724284.0
2023-08-09,195.40625,195.73364771260594,192.95080997493147,194.33053912685247,9309388.0
2023-08-10,195.80380249023438,196.8093608000394,194.35392074734492,195.07886875536906,9901644.0
2023-08-11,193.18466186523438,197.44076077343814,192.85727842500864,195.8038007528335,7571468.0
2023-08-14,194.16683959960938,194.6579361668213,191.52432129353662,193.27820701966792,5792180.0
2023-08-16,195.80380249023438,196.5287504982585,193.6289870124796,193.6991395879248,8131780.0
2023-08-17,195.28932189941406,196.62227789423193,193.86283389725017,195.803797895872,6340960.0
2023-08-18,192.5532684326172,194.7280838234643,190.8227621839407,194.12006155653228,10602392.0
2023-08-21,193.90960693359375,195.19578978747012,192.52987779926298,192.60003037302454,7334260.0
2023-08-22,195.07887268066406,195.5465755572549,193.04436231286218,194.09669378519152,6350240.0
2023-08-23,194.21360778808594,195.47641118796412,193.90960379127327,195.14901348483772,6134234.0
2023-08-24,193.02098083496094,196.43520608866706,192.6935831155496,195.85057749911746,5776956.0
2023-08-25,191.6178741455078,192.3661873291236,190.40184381239362,191.758179299146,6598510.0
2023-08-28,190.8461456298828,192.90404962503564,190.65906734118488,192.43634676671155,3401974.0
2023-08-29,190.86953735351562,192.64680248741757,190.40183450005108,191.59447106712233,3998562.0
2023-08-30,190.4486083984375,191.85171696441864,190.19136326411257,191.75817068408986,4018182.0
2023-08-31,191.0098419189453,191.7581693368427,190.0978299213602,190.82276363276054,22061952.0
2023-09-01,194.72808837890625,195.38286952747853,190.5889152183064,190.79938721431395,8476130.0
2023-09-04,203.02980041503906,204.15228434719626,194.5643763767094,195.49978203236662,27634648.0
2023-09-05,201.9774932861328,204.6200117257883,201.252545252123,203.82491111381864,17973426.0
2023-09-06,200.7848358154297,203.70797874468505,199.19464891654653,202.86611929032304,13531912.0
2023-09-07,202.44517517089844,202.8427254356463,199.59218502013837,201.08883980278037,9322650.0
2023-09-08,201.1122283935547,202.7258089585338,200.78483068458084,202.7258089585338,5748410.0
2023-09-11,203.38059997558594,204.62000975144858,201.1590112982845,202.51534679400513,8253314.0
2023-09-12,203.4507598876953,206.4908287136034,199.6623635730856,204.4329388245437,14545328.0
2023-09-13,203.7781524658203,204.83048395584154,201.81379464185028,203.4273753024799,7445670.0
2023-09-14,204.12890625,207.30927979077018,203.59103657595352,205.0409182063355,14895010.0
2023-09-15,206.2803497314453,207.54315321803563,204.9707873753332,205.69572113083112,19835876.0
2023-09-18,203.9652099609375,206.2803304389511,203.54428026249482,206.2803304389511,6025196.0
2023-09-20,201.15899658203125,204.31599078723923,200.66790003065958,203.09996053504602,9102700.0
2023-09-21,200.62112426757812,201.69683501171113,197.86166629468946,201.065433369217,8893070.0
2023-09-22,195.733642578125,199.59219108772962,194.84501001842347,198.4930865364227,19818260.0
2023-09-25,193.67576599121094,196.31828441579106,192.69358708589854,195.7336558141955,9301132.0
2023-09-26,193.11453247070312,194.93857100083446,192.55329753159523,194.93857100083446,6480566.0
2023-09-27,194.40069580078125,194.8216255307516,191.89848258212575,192.81050889136057,7773994.0
2023-09-28,189.58335876464844,194.79824284327609,188.95195704365796,194.79824284327609,16876116.0
2023-09-29,189.91073608398438,191.4073909097072,187.78269383078177,189.4196538019094,12780272.0
2023-10-03,189.630126953125,190.86953665564275,188.7648738227475,190.0978298048795,5728104.0
2023-10-04,189.37289428710938,189.63013943640368,187.38515703630077,188.34395650940988,6905870.0
2023-10-05,190.2615203857422,191.94525355979877,189.41966093529328,190.79939010075213,8125304.0
2023-10-06,190.75262451171875,191.6646365736202,190.3316947698289,190.8227770898405,6365004.0
2023-10-09,189.70028686523438,192.22587950778518,188.67133484230385,189.0455057020781,6030450.0
2023-10-10,190.7058563232422,191.1735592204175,189.9809225418843,190.07445455742354,5128014.0
2023-10-11,196.97305297851562,198.2826295261048,191.2904661896171,191.2904661896171,19092228.0
2023-10-12,195.07887268066406,197.32384077903637,193.9563886314779,197.25368820217957,10234398.0
2023-10-13,192.249267578125,193.8160751171329,191.313861796408,192.64681788998664,10914054.0
2023-10-16,191.8517303466797,192.64681669230038,190.8929308624849,192.22588694777653,5277652.0
2023-10-17,192.4129638671875,193.55884164370562,192.24926500294788,192.5532832964612,5979388.0
2023-10-18,190.56553649902344,193.46528567447425,190.35506450222684,191.2904702245965,4881066.0
2023-10-19,184.8829345703125,185.56110942555463,182.4508882658702,183.31614141019887,25629102.0
2023-10-20,183.2693634033203,185.23370679630813,182.87181312884337,184.7660039494313,8429336.0
2023-10-23,179.20034790039062,183.80722392463468,178.7560387474196,182.8016656305693,8837826.0
2023-10-25,178.59234619140625,181.32841087272428,178.2415690341388,179.784982816852,6678294.0
2023-10-26,176.9086151123047,177.9843260316155,175.4119601806765,177.1658459881349,10995582.0
2023-10-27,178.82618713378906,179.7615928316008,177.28275916850478,177.28275916850478,6202812.0
2023-10-30,178.6624755859375,179.76158005739342,177.91414822623406,179.5978812172775,4688744.0
2023-10-31,178.56893920898438,179.64466430853128,177.32952953340813,179.2237346057338,6153536.0
2023-11-01,178.17141723632812,180.32283905844787,177.79724636971142,179.52775272906075,4241952.0
2023-11-02,179.43418884277344,180.13574309155777,178.70925516162606,179.50434141302034,4742730.0
2023-11-03,179.38742065429688,180.8606960359187,178.9664909480441,180.53329833485648,5291528.0
2023-11-06,179.9019012451172,180.74377495233622,179.13019438503528,180.53330295724183,4939936.0
2023-11-07,179.27049255371094,181.0009987679911,179.0600348399685,180.01881995105256,5692178.0
2023-11-08,178.7560577392578,180.46317050448314,178.42865999330883,179.8785418675457,7102052.0
2023-11-09,178.12464904785156,179.59791030115886,177.5867935773628,179.13020740974957,9231126.0
2023-11-10,177.3997039794922,178.56896122763848,176.3239930204615,177.8674068787507,10710700.0
2023-11-13,178.49879455566406,179.08342313358327,177.7270876874424,178.9431179841461,3585902.0
2023-11-15,183.17584228515625,183.45646688645974,179.71484359750707,180.32285167269782,10792518.0
2023-11-16,185.7248077392578,186.84729174366186,182.07671688349646,183.17582145426735,13843576.0
2023-11-17,184.92970275878906,186.61343586179783,184.50877305132641,186.1457330150264,7886928.0
2023-11-20,187.1746826171875,187.59561231932034,183.9007627312418,183.9007627312418,8610496.0
2023-11-21,187.38514709472656,188.29717337656265,187.10452252545713,188.29717337656265,5440248.0
2023-11-22,187.1980743408203,188.2971789436118,186.66021889316116,188.2504058018243,5318582.0
2023-11-23,188.25039672851562,189.41965385105297,187.31499103048571,187.31499103048571,9677360.0
2023-11-24,185.2103271484375,188.71809849594578,184.99985515832375,188.25039564961136,6250566.0
2023-11-28,185.60789489746094,186.4965275345296,183.8540090585782,185.67804747638434,8145314.0
2023-11-29,190.00428771972656,191.07999859324556,186.14573910757213,186.14573910757213,15544086.0
2023-11-30,193.18466186523438,193.86283672589119,188.9753360979653,190.33168581927893,19825958.0
2023-12-01,190.65907287597656,193.51206324920693,190.12121742792172,193.51206324920693,9830426.0
2023-12-04,190.56553649902344,193.16128166933584,190.23813878693062,193.0209765202438,10662472.0
2023-12-05,189.11566162109375,191.2904771497043,188.06333014533132,190.54214969008584,11165368.0
2023-12-06,195.8505859375,196.62229285432332,189.86399463183844,190.23815123600747,22082070.0
2023-12-07,195.61672973632812,197.1367640976983,194.86840227302176,196.4352097770659,11250552.0
2023-12-08,197.65122985839844,198.53986243042826,194.09668529712067,195.8739504411803,15479122.0
2023-12-11,196.71583557128906,197.4641630392035,195.1490280575968,196.43521098667622,10084242.0
2023-12-12,197.4641571044922,200.13005489529326,196.5053576586447,196.76260280062473,11903364.0
2023-12-13,196.27149963378906,198.44631504812236,194.09668421945574,198.09553790796673,9696816.0
2023-12-14,203.1701202392578,203.91844767250421,197.95523618666837,198.0721619020769,24681376.0
2023-12-15,208.8527069091797,210.23243605865005,202.74919028125652,203.94182686776517,41567234.0
2023-12-18,208.2447052001953,212.1032539209176,206.72467085566834,208.59548235662461,20182072.0
2023-12-19,205.18125915527344,209.2268862124446,203.45075279009401,208.40840617248446,16064694.0
2023-12-20,202.0242462158203,210.23242529852402,200.80821598460108,206.7246540199057,26449942.0
2023-12-21,202.9830322265625,204.1522893246418,199.80265862905006,200.5977448918492,10663008.0
2023-12-22,216.38272094726562,218.08983349710155,202.98303713395313,203.5910451303906,46080814.0
2023-12-26,219.86712646484375,222.53302431358006,209.6945888376961,212.33710725172563,54628644.0
2023-12-27,220.26467895507812,222.34594822522834,217.0609113446679,219.11880117987906,25262992.0
2023-12-28,219.56312561035156,223.28135499131406,218.72125185139373,221.01299313887566,16839956.0
2023-12-29,220.4283447265625,222.32254980916113,217.99629850101053,220.26466014964544,15961140.0
2024-01-01,223.16441345214844,226.13432942330124,219.025240348507,221.223449466849,20347278.0
2024-01-02,219.44619750976562,223.56197715396402,217.15444197396957,223.56197715396402,14282514.0
2024-01-03,213.22573852539062,216.9673615371041,212.80480879120466,216.9673615371041,19534364.0
2024-01-04,211.58876037597656,215.0731522171319,211.12105753948097,213.7401962784879,15170336.0
2024-01-05,213.55313110351562,216.54642658614375,212.10324936677364,212.82818309856526,16889130.0
2024-01-08,210.62998962402344,215.14331944913994,210.02196733125015,213.9740622782207,10082886.0
2024-01-09,210.8170623779297,216.31257093686628,210.4429058023293,214.2079080845076,14465048.0
2024-01-10,212.15000915527344,213.27249310646536,209.99857325614684,211.14445091302144,8874676.0
2024-01-11,209.6244354248047,213.69344189554823,208.92288110848762,212.7814298482315,8638818.0
2024-01-12,217.69229125976562,219.35263062237763,212.80479090230665,212.80479090230665,36086734.0
2024-01-15,231.32583618164062,247.41481162553117,228.7768498989195,239.44048361416074,127844264.0
2024-01-16,226.8358917236328,231.51292041896545,224.7312288107331,231.51292041896545,25912492.0
2024-01-17,225.61984252929688,229.87594114054895,220.75573594779064,222.2289970089124,28668932.0
2024-01-18,225.73678588867188,228.7067019485662,219.0720200343425,225.61986017192925,26144924.0
2024-01-19,226.85926818847656,230.7412105186871,226.18110760042512,228.23899734480392,15498620.0
2024-01-23,219.77357482910156,227.30359385889423,218.44061880060593,223.5853503488525,19972336.0
2024-01-24,224.0621795654297,224.5074505855251,219.37517642168177,220.7578480705268,11708750.0
2024-01-25,220.28916931152344,224.671520540462,219.60954806773944,224.0622014899936,12852980.0
2024-01-29,221.69525146484375,223.57005274573038,220.28915050417876,220.28915050417876,10051300.0
2024-01-30,221.4608917236328,226.33537198233284,220.9921914236886,222.35141943280718,11828014.0
2024-01-31,224.10903930664062,224.92926480866484,219.82043454249066,221.4608855465391,10584480.0
2024-02-01,220.92190551757812,223.89815550224205,220.5703802667186,223.82783900919088,7828120.0
2024-02-02,226.45254516601562,228.0226940184346,222.6326406140934,222.6326406140934,16296222.0
2024-02-05,226.07760620117188,229.42881068757399,224.5777594292722,226.38225855382683,11566604.0
2024-02-06,234.1861114501953,235.19381427499238,226.42912689474963,227.17905026562138,29024038.0
2024-02-07,232.10040283203125,235.1469548942664,230.858335548395,234.79542965631617,9103534.0
2024-02-08,229.12416076660156,234.39703951558627,227.36653451694,232.4284923945257,11303840.0
2024-02-09,229.8740692138672,231.88947479432915,226.2650711611165,230.0849757679538,7893788.0
2024-02-12,235.02978515625,239.41212177941034,230.1318610080605,230.1318610080605,48873500.0
2024-02-13,239.78709411621094,240.44327172413398,230.45996031550723,235.80314127087928,22373576.0
2024-02-14,241.1463165283203,242.31806733749582,232.96749015883574,236.20153383503916,22594656.0
2024-02-15,243.0211181640625,245.05995313201026,240.46669567503545,242.29463838279364,14570776.0
2024-02-16,254.5042724609375,255.44167309615275,244.16943617912892,244.8959159499813,34942644.0
2024-02-19,251.19993591308594,255.86350970133537,249.04389733094627,255.86350970133537,18602758.0
2024-02-20,249.3251495361328,252.23109734169898,246.65355189864138,251.12963438742884,10374126.0
2024-02-21,244.38037109375,251.3639890632972,243.4898289962164,251.17652608979455,13115574.0
2024-02-22,248.90330505371094,249.81727642059172,244.4037933190335,245.0365273229982,14596482.0
2024-02-23,251.29368591308594,253.68404608225237,249.9578728479189,250.75466910670673,19860994.0
2024-02-26,249.77041625976562,251.45772599786005,246.5598018483168,251.34055091584798,8820636.0
2024-02-27,249.09078979492188,251.8795624092717,247.26284711131186,250.28596988472975,10399260.0
2024-02-28,242.6461639404297,248.85644324582205,241.38066734166495,248.41117221569402,12789056.0
2024-02-29,243.06796264648438,245.71613076812264,240.53699820632337,242.4586579816602,14462764.0
2024-03-01,243.3023223876953,246.1614114772042,242.57584261994688,244.8490563149495,9420630.0
2024-03-04,243.95851135253906,246.72385462438982,243.04454002660896,245.1068328334668,5662370.0
2024-03-05,240.5838623046875,243.9585102427411,239.34180934956996,242.66958439611759,10521548.0
2024-03-06,240.51358032226562,241.3103479794192,234.3501596798078,240.771359776474,11091922.0
2024-03-07,241.61500549316406,243.91164841405705,239.27150398498594,240.7947799653017,9707982.0
2024-03-11,241.16973876953125,243.23203157624292,240.11516307211664,242.50555181724107,11131512.0
2024-03-12,239.435546875,244.8959024125703,237.9825731100145,240.32607456850798,11652760.0
2024-03-13,236.4124298095703,243.1148527200106,232.85030464850533,240.8182097940147,13580480.0
2024-03-14,242.76333618164062,243.20860720655952,232.0769603159742,234.88916223268663,12825472.0
2024-03-15,242.3180694580078,242.90394486772254,237.34984312290723,241.26349372052132,13649086.0
2024-03-18,239.1309051513672,243.04454131773954,238.56845905494563,242.78676186731207,6393960.0
2024-03-19,231.9363555908203,238.56846224031767,231.13955932751733,238.56846224031767,9617386.0
2024-03-20,231.30360412597656,234.93603154639464,229.28819850447428,232.49878420093285,8385344.0
2024-03-21,234.5610809326172,236.83426604238932,233.6236802923487,234.1861120943506,11644580.0
2024-03-22,228.30392456054688,230.01467783656372,224.7652286270561,229.31162736941172,28646502.0
2024-03-26,224.90585327148438,230.1084297272015,224.53088443022622,227.78835740258748,18273346.0
2024-03-27,221.36715698242188,225.42142622201567,220.87502736437574,224.8355508178661,14320668.0
2024-03-28,225.0230255126953,226.40568286851436,222.77325540433438,223.4294472923554,15455150.0
2024-04-01,227.29623413085938,227.9758410372939,225.70264154231137,226.71035870965764,6041008.0
2024-04-02,225.53860473632812,226.24165523201043,224.7886813468805,225.89012998416928,6932654.0
2024-04-03,226.4759979248047,228.58514934226153,223.07792064112422,224.976151195396,13794516.0
2024-04-04,228.4445343017578,230.57712935106778,224.78867750808175,227.69461092511693,16004046.0
2024-04-05,227.3430938720703,228.32736744538963,226.17134302373762,228.02271508554298,6414344.0
2024-04-08,224.92929077148438,230.41309048229016,224.13250877399244,229.66316707601598,26640770.0
2024-04-09,223.0076141357422,227.43683803215106,222.72640537703612,226.82753331682247,15801250.0
2024-04-10,223.71066284179688,224.71837999892492,221.74213002867953,223.80440862967825,10771534.0
2024-04-12,220.64068603515625,224.97616419941582,220.28916077859466,222.63266248900524,13170046.0
2024-04-15,215.2974853515625,219.51578804540725,214.7584828680686,218.62526033742628,12176472.0
2024-04-16,210.1417999267578,214.89910550859463,208.47790514055137,212.34468293868858,21439424.0
2024-04-18,208.26699829101562,213.46957490953062,207.56394778320546,212.08690318939765,21986258.0
2024-04-19,212.20407104492188,212.74307355516106,204.82204096439725,206.22814193211624,20470106.0
2024-04-22,216.53955078125,218.48465427495057,210.9151468648539,212.20407276236133,18881740.0
2024-04-23,216.58642578125,218.78930875443902,215.69589801321194,218.78930875443902,10322712.0
2024-04-24,215.55526733398438,217.78159378196187,214.9459626591351,217.43006855333385,5915168.0
2024-04-25,216.07086181640625,216.7973416390346,213.63361426970545,215.08658821856173,11805090.0
2024-04-26,217.75816345214844,223.0075982591932,216.35206254432603,216.49266691366904,21478294.0
2024-04-29,216.9848175048828,219.35174838460202,216.3520692161306,219.1877004129109,7249940.0
2024-04-30,216.72703552246094,218.76588487316099,216.30520807490902,217.0082585886953,8902956.0
2024-05-02,214.38352966308594,217.00825439117196,213.46957259500175,216.7270313303772,14937276.0
2024-05-03,214.36009216308594,216.53954576952708,212.41498871440405,215.78962240397783,9730626.0
2024-05-06,214.9694061279297,216.82077817555523,213.72735309892985,215.03970831757135,6918126.0
2024-05-07,217.43006896972656,218.10969013448153,212.78993880367014,216.44579546696352,9278528.0
2024-05-08,217.10198974609375,218.6018221589237,216.21144771244036,217.9456445843357,8205680.0
2024-05-09,213.6804656982422,217.66441828159637,212.81336727526312,216.42236533691735,9233484.0
2024-05-10,211.78224182128906,214.43039576067383,211.05574774529595,213.7507745772607,6654714.0
2024-05-13,211.82911682128906,212.43842152009475,208.57164385315423,211.78224392824276,7111608.0
2024-05-14,213.8914031982422,215.55528368519123,211.94629964633856,212.18064981653416,4909420.0
2024-05-15,214.8053436279297,215.48496479025175,213.0945903788409,213.89138661717723,4793424.0
2024-05-16,217.6878662109375,219.11739644491414,213.77421573457067,216.5395447220328,14621472.0
2024-05-17,216.07086181640625,217.66444014912622,215.6255907615053,217.66444014912622,6876820.0
2024-05-21,216.0239715576172,217.85189991892292,215.46153976376843,217.00824507635056,8467448.0
2024-05-22,216.21145629882812,217.21917345023442,215.06314907359607,216.96137968682393,7765884.0
2024-05-23,218.3206024169922,219.35174883809788,216.4223718504096,216.77389708893222,13171332.0
2024-05-24,217.31289672851562,220.52349672540754,216.53954407468288,218.88304563393268,8205526.0
2024-05-27,212.06346130371094,216.6098457354718,211.6650631788849,216.53954354958444,40983758.0
2024-05-28,213.7507781982422,214.31322431153265,212.36812081710127,212.78994825026973,15778126.0
2024-05-29,211.29010009765625,213.49299733939245,210.68079539858815,212.78994685419138,9756036.0
2024-05-30,204.79859924316406,210.680782213103,203.93150083829713,210.44643206603615,20724568.0
2024-05-31,205.38449096679688,207.23584869390075,204.11899435041784,205.0798243084693,21438004.0
2024-06-03,208.14981079101562,211.17291921212257,206.95461641686776,211.00888554629688,8964424.0
2024-06-04,205.36105346679688,208.99348114347896,195.448044022765,208.99348114347896,17730732.0
2024-06-05,211.6182098388672,213.25866107792817,205.78288470991038,206.08755138290144,12267428.0
2024-06-06,216.07086181640625,216.53956216741798,212.13378172862767,213.23523041422513,15425568.0
2024-06-07,227.10873413085938,227.97583258280136,219.49235393769075,220.28915020241553,72672440.0
2024-06-10,222.7498321533203,228.9132386409775,221.8593043857575,228.9132386409775,18311752.0
2024-06-11,223.12478637695312,224.6012038593448,222.32800439810572,224.6012038593448,9371714.0
2024-06-12,223.52317810058594,227.0384304746891,222.89042981252769,224.03875130950746,13875116.0
2024-06-13,226.19476318359375,227.48368898319572,224.1090411682533,224.9761395668869,12995932.0
2024-06-14,223.8043975830078,227.6008729472298,223.19509290265046,227.3196499010655,11322596.0
2024-06-18,230.53025817871094,231.06926069283247,224.99958575035404,225.44485678144505,31870984.0
2024-06-19,232.35818481445312,233.01436240505006,228.13988191313175,230.7177336861615,20880284.0
2024-06-20,229.8506317138672,233.17840681251423,228.84292889690465,233.17840681251423,12571126.0
2024-06-21,229.9209442138672,234.7954391534893,229.24133730850002,233.3893381448135,95171176.0
2024-06-24,229.9209442138672,231.95979353716695,229.40538528689868,229.71003764472528,9934518.0
2024-06-25,232.87374877929688,233.41275126789063,229.33505290381956,229.92092828350803,9258210.0
2024-06-26,232.10040283203125,234.30328574102677,231.4442109449787,232.873755494802,12812090.0
2024-06-27,239.412109375,239.95112616705805,229.28819425937598,230.67085157293852,42137138.0
2024-06-28,241.31033325195312,241.9899543949859,237.0920449387625,239.97454886618166,16405832.0
2024-07-01,247.16909790039062,251.12962125518663,240.95881877116275,242.73990284115155,30757528.0
2024-07-02,252.25450134277344,255.44165758756452,247.6143570372955,248.08305732644698,36276968.0
2024-07-03,252.6294708251953,255.65259359083234,250.9890197159408,253.98871318717073,16049384.0
2024-07-04,248.73928833007812,257.22275345628873,247.98935058506513,253.75438793490312,19524632.0
2024-07-05,250.80152893066406,251.4577208192969,248.1533892960466,249.04390273668014,10376090.0
2024-07-08,253.66061401367188,254.50426885196282,250.75466636427274,251.1999373811253,12176360.0
2024-07-09,253.56686401367188,255.41823593262316,251.97327154002355,254.9729649231747,8681444.0
2024-07-10,251.01243591308594,254.66829247294513,249.23138052312333,253.56685822850912,9233748.0
2024-07-11,250.33282470703125,252.88724712387784,248.41116487446595,251.55146268016742,8807618.0
2024-07-12,262.5425109863281,264.7219504369816,253.8246673621174,255.44168928176285,54186042.0
2024-07-15,262.33154296875,265.7061905843832,260.66766275624565,265.7061905843832,16099478.0
2024-07-16,262.33154296875,263.69075656737317,260.7848378220163,263.3392313700612,11239032.0
2024-07-18,268.6590270996094,269.2214732007658,260.7614096034311,260.8551553881567,25019786.0
2024-07-19,261.1598205566406,271.79932340076317,259.98806977220414,271.79932340076317,26523490.0
2024-07-22,237.068603515625,246.8878804183937,235.076627261656,244.19285372184743,76014568.0
2024-07-23,234.60794067382812,238.09976379741474,227.95240467739822,238.09976379741474,25847632.0
2024-07-24,234.3970184326172,237.32639525190206,234.27984335984578,235.52189627050302,12240276.0
2024-07-25,237.5607452392578,237.86539756754104,231.20984771711852,232.475344223646,21887890.0
2024-07-26,245.9739227294922,247.73154893317167,238.33411321893814,239.03716370040993,26153996.0
2024-07-29,245.78646850585938,248.66895841807988,245.05996009674521,247.47377827851537,12011554.0
2024-07-30,244.42723083496094,246.98165344623877,243.6070052281322,245.7864732834424,10816526.0
2024-07-31,244.6615753173828,246.02081773424754,243.46639518238695,244.56782952877174,7758508.0
2024-08-01,244.45065307617188,246.91132982564454,242.55242244801832,245.13027428079917,10759752.0
2024-08-02,235.3578643798828,243.3726427654742,234.81886186904686,241.3806663923336,15652228.0
2024-08-05,227.3196563720703,232.4050577310106,225.09332984059128,229.66315798415351,21938080.0
2024-08-06,229.42881774902344,234.04551898528544,228.06958961592886,229.54599283469707,11271584.0
2024-08-07,233.13153076171875,234.39702731705552,230.905204294677,233.7408497453839,7079826.0
2024-08-08,228.3976593017578,231.5379571546469,227.9524025816965,231.5379571546469,13160570.0
2024-08-09,230.2724609375,232.68627902253954,229.49910827209058,232.17070581106705,6065948.0
2024-08-12,229.21788024902344,231.53795249853513,228.44452760038564,230.38963102077716,7338468.0
2024-08-13,229.8975067138672,230.92865313820266,228.3273577828285,229.21788552915535,6289418.0
2024-08-14,232.07696533203125,232.873761613761,229.87408236515307,231.06926248414877,11121756.0
2024-08-16,241.966552734375,242.52899886895034,233.38934215549696,234.81887248411016,25931140.0
2024-08-19,243.6069793701172,245.22400111623534,240.77134829465552,241.8493532563357,11466562.0
2024-08-20,245.9036407470703,247.28628384138884,243.56013908592297,243.67731416898033,9543812.0
2024-08-21,246.7003936767578,247.520619209121,244.21628778589715,245.31775066510264,6454402.0
2024-08-22,243.25546264648438,248.6689455446344,242.81019162732986,247.3800196828274,11496506.0
2024-08-23,240.1620635986328,244.40379591780513,239.66991966369517,243.677316118477,11277706.0
2024-08-26,243.72415161132812,245.9739072893782,241.82592115194822,241.84935044508714,17351380.0
2024-08-27,242.3883819580078,245.2474424674489,241.84936514706857,243.72416642727842,7965796.0
2024-08-28,250.56719970703125,252.20765095848034,242.7164687179534,243.72418592958056,34375566.0
2024-08-29,252.48886108398438,254.01213708162365,250.30939321371423,250.75466422677115,25685318.0
2024-08-30,252.3482666015625,254.03557632987824,251.0827700017269,253.8949719537182,19434804.0
2024-09-02,249.5594940185547,254.03557640536468,249.27825665895344,252.34826667654755,15735982.0
2024-09-03,251.24679565429688,253.49655142265053,248.1768143427895,249.8172654290969,15056686.0
2024-09-04,243.32577514648438,247.5909364854662,242.20088296992836,247.47376140904146,20402128.0
2024-09-05,245.99734497070312,246.53636176725539,243.48980976823037,244.2866060124916,12069118.0
2024-09-06,244.00535583496094,248.3642913516887,242.99766739104254,245.99733203728675,14579954.0
2024-09-09,241.31033325195312,244.5443767010357,240.65417000921443,242.3649089061502,11919540.0
2024-09-10,246.41920471191406,247.47378048100927,240.91197569552796,242.22433093118448,10287272.0
2024-09-11,241.0760040283203,246.65354941522062,240.5604451066261,246.0676740009327,8261524.0
2024-09-12,248.43460083007812,249.34857218263818,242.66959257060324,243.93508916590199,15779474.0
2024-09-13,258.0663757324219,258.95691775218575,248.80954473585052,250.19221635298018,35919706.0
2024-09-16,258.67572021484375,260.99576393249436,257.31647783259405,259.19127912827776,11088578.0
2024-09-17,258.67572021484375,260.08182118660653,256.4025064795087,257.31647783259405,8728238.0
2024-09-18,252.23109436035156,257.33991079967575,249.65324254199962,257.33991079967575,16665520.0
2024-09-19,249.98130798339844,258.46480106712386,248.01278949559256,255.06672369609075,20969182.0
2024-09-20,252.6763153076172,253.44968223025484,248.87985439531266,252.11389784445763,16664232.0
2024-09-23,250.70782470703125,253.28567659140745,249.3485822705716,252.67634326025052,8544290.0
2024-09-24,252.88723754882812,253.98870040248872,248.1064888353461,249.4423018356755,12355694.0
2024-09-25,251.31712341308594,252.81697019497548,248.7627008855675,252.53573283182234,8065196.0
2024-09-26,253.9887237548828,254.5511412728415,251.08277594757047,252.4888769568637,11403400.0
2024-09-27,253.94183349609375,261.9566263167798,253.426274575113,257.2696230089627,26462384.0
2024-09-30,253.77780151367188,255.20733181063895,250.28597830464867,252.16077964026402,8199446.0
2024-10-01,256.26190185546875,257.5976863344701,253.19192045820077,253.19192045820077,9411274.0
2024-10-03,248.4814910888672,254.22307012435402,246.6535483612208,253.1450364809125,14035368.0
2024-10-04,250.07505798339844,254.01215223973594,247.49720614125317,247.49720614125317,11922754.0
2024-10-07,249.09078979492188,253.8949680558179,246.5129380451728,252.16077115727455,9878074.0
2024-10-08,246.98165893554688,250.19224493932543,243.86479011744396,249.13766913567852,11502804.0
2024-10-09,248.9501953125,252.4888771335919,247.70812797720893,248.31743269355616,8841688.0
2024-10-10,246.06765747070312,251.9732698071216,245.34117772722882,250.7546604701451,12620244.0
2024-10-11,247.6143798828125,250.4734690747405,243.88820651883304,243.88820651883304,8436982.0
2024-10-14,257.5742492675781,258.65225425758405,251.36397016903481,252.48886235429111,33136266.0
2024-10-15,249.7938232421875,259.1209417728941,248.809535476888,259.1209417728941,21601252.0
2024-10-16,249.4188995361328,252.53573965983412,247.94248200945412,249.81728338570707,12553622.0
2024-10-17,247.82528686523438,252.16076469691933,246.0910900111211,250.73123448466788,23755278.0
2024-10-18,257.1524658203125,261.72229436342735,245.9739449889885,249.34859332688254,74653054.0
2024-10-21,256.8946228027344,263.3627098238487,256.37906391598284,258.53507385155694,23966964.0
2024-10-22,255.652587890625,260.36302024930364,254.90265023594011,257.6914227809318,18478300.0
2024-10-23,256.4728088378906,259.8943152925298,254.12930734742596,256.6134132058793,12698576.0
2024-10-24,256.33221435546875,258.01952405079675,255.51198880217376,256.47281872887993,9576604.0
2024-10-25,254.7152099609375,258.7225922167683,253.3325382122523,257.668016433276,10124540.0
2024-10-28,261.81597900390625,262.378425091504,254.36366131662385,254.7151865454729,11185858.0
2024-10-29,263.5033264160156,264.0657725231426,259.3084528179905,262.37843420176176,12055630.0
2024-10-30,264.932861328125,271.26031577824386,262.9877435172464,263.6439354216193,20755492.0
2024-10-31,258.62884521484375,265.42500023219804,256.98839400375823,264.7219497131614,15680094.0
2024-11-01,258.41790771484375,260.08181672195786,257.7851737312912,258.58196998971823,1962810.0
2024-11-04,253.4730987548828,258.93346831009245,250.3796884345509,258.2538472012818,9855560.0
2024-11-05,254.83238220214844,255.60572060375378,253.2856767917391,254.5042862406195,6862260.0
2024-11-06,264.30010986328125,265.2140525599323,253.56686158084403,256.58998422870917,19554884.0
2024-11-07,264.0657653808594,267.01857160441347,259.8708918962945,265.2843747406764,11997142.0
2024-11-08,266.6904602050781,271.28371724288303,264.81565907885613,264.81565907885613,20852658.0
2024-11-11,268.79962158203125,273.34602020555536,265.3077986316712,266.6904702357032,16139444.0
2024-11-12,267.4638671875,271.7055996496908,266.71392946032864,269.5027022748737,11260890.0
2024-11-13,266.6904602050781,268.8464700573555,265.0734385122727,267.15916048663365,11391200.0
2024-11-14,265.61248779296875,269.29177401068847,264.4407369456442,266.66706355556084,9783520.0
2024-11-18,259.1209716796875,265.61248855685375,253.23878813064115,265.61248855685375,15289764.0
2024-11-19,263.4095764160156,267.06543314305475,259.9880698459302,260.5973745325706,12919778.0
2024-11-21,261.13641357421875,266.03430938588815,260.2693007553304,263.4095988473706,11672608.0
2024-11-22,267.9325256347656,268.8464682920417,261.4878968056946,263.38612721209114,14733232.0
2024-11-25,272.9945068359375,275.3848670226988,268.98712482533307,269.7370338937139,23297474.0
2024-11-26,276.0644836425781,276.6972176206119,271.5180848968043,274.1896823954299,15771340.0
2024-11-27,273.2054138183594,279.34537624941964,272.73671352263887,277.2362249186774,13659676.0
2024-11-28,268.1903381347656,274.6583970538431,267.41697113704186,274.54122196977573,11896556.0
2024-11-29,270.8384704589844,272.1977128398497,267.9090934374621,269.5026859800492,8540112.0
2024-12-02,273.9787902832031,274.4474906441725,271.00255443392757,272.99453096804734,11194000.0
2024-12-03,273.3929138183594,277.65810425168684,271.1900164085309,276.8613079195532,15445286.0
2024-12-04,275.5957946777344,278.40799666424186,273.533501778083,276.2050993867047,14036431.0
2024-12-05,280.5639953613281,282.0638420813867,275.50203771242764,276.53318412041773,13487264.0
2024-12-06,278.7360534667969,280.42336297882645,277.65804857815607,280.42336297882645,7894350.0
2024-12-09,284.7354431152344,286.56338579786535,275.3614367575312,276.5331875522441,9285213.0
2024-12-10,288.8131408691406,291.5315969845345,284.4542336453129,286.8445938175806,17028502.0
2024-12-11,289.6568298339844,290.5004847819637,286.4227858249966,288.8600334803149,8608406.0
2024-12-12,289.75054931640625,294.1563152478376,288.20384395103997,288.71940287042946,12958440.0
2024-12-13,290.5473327636719,291.5784505569044,285.1572792144073,289.75053651755866,7382211.0
2024-12-16,289.84429931640625,291.90656363113567,287.8757521831477,290.59420841136273,7221189.0
2024-12-17,289.5162048339844,292.70336141457693,288.06321662020946,291.53161056824155,10568517.0
2024-12-18,293.0314636230469,293.6407683546974,289.23497363562603,289.65681539218355,10965226.0
2024-12-19,293.17205810546875,293.7813628165425,282.2982046653291,287.17269956831524,12405595.0
2024-12-20,286.0946960449219,299.96821452376685,285.34475834429355,295.74991150702635,22214824.0
2024-12-23,288.62567138671875,291.20352332581405,285.9072150632945,287.40706191293526,6693583.0
2024-12-24,286.18841552734375,289.8443010570064,283.8449138325335,288.2507084616561,8837902.0
2024-12-26,285.95404052734375,287.73512454649966,284.96978134386995,286.282136457567,6516148.0
2024-12-27,289.75054931640625,291.43785905913353,285.62599213969685,286.09469246903194,8063921.0
2024-12-30,284.6885986328125,290.0317653571421,283.70431075216334,289.7505565953558,13709891.0
