2026-03-09 11:49:39 | INFO     | __main__:run_scan:194 — ============================================================
2026-03-09 11:49:39 | INFO     | __main__:run_scan:195 —   NSE INTRADAY SCANNER
2026-03-09 11:49:39 | INFO     | __main__:run_scan:196 —   Time: 09 Mar 2026 11:49:39 IST
2026-03-09 11:49:39 | INFO     | __main__:run_scan:197 — ============================================================
2026-03-09 11:49:39 | INFO     | __main__:scan_all_tickers:61 — Scanning 1 tickers across 3 timeframes...
2026-03-09 11:49:39 | INFO     | __main__:scan_all_tickers:62 — Market open: True
2026-03-09 11:49:39 | INFO     | __main__:scan_all_tickers:65 — [1/1] RELIANCE.NS
2026-03-09 11:49:39 | INFO     | src.intraday:predict_timeframe:357 — Predicting RELIANCE.NS [5min]...
2026-03-09 11:49:49 | ERROR    | src.intraday:predict_timeframe:455 — Error predicting RELIANCE.NS [5min]: 'Index' object has no attribute 'clip'
2026-03-09 11:49:49 | INFO     | src.intraday:predict_timeframe:357 — Predicting RELIANCE.NS [15min]...
2026-03-09 11:49:49 | ERROR    | src.intraday:predict_timeframe:455 — Error predicting RELIANCE.NS [15min]: 'Index' object has no attribute 'clip'
2026-03-09 11:49:49 | INFO     | src.intraday:predict_timeframe:357 — Predicting RELIANCE.NS [1hr]...
2026-03-09 11:49:50 | ERROR    | src.intraday:predict_timeframe:455 — Error predicting RELIANCE.NS [1hr]: 'Index' object has no attribute 'clip'
2026-03-09 11:49:50 | INFO     | __main__:scan_all_tickers:98 — 
Scan complete:
2026-03-09 11:49:50 | INFO     | __main__:scan_all_tickers:99 —   Strong Buys:  0
2026-03-09 11:49:50 | INFO     | __main__:scan_all_tickers:100 —   Strong Sells: 0
2026-03-09 11:49:50 | INFO     | __main__:scan_all_tickers:101 —   Total alerts: 0
2026-03-09 11:49:51 | INFO     | __main__:run_scan:194 — ============================================================
2026-03-09 11:49:51 | INFO     | __main__:run_scan:195 —   NSE INTRADAY SCANNER
2026-03-09 11:49:51 | INFO     | __main__:run_scan:196 —   Time: 09 Mar 2026 11:49:51 IST
2026-03-09 11:49:51 | INFO     | __main__:run_scan:197 — ============================================================
2026-03-09 11:49:51 | INFO     | __main__:scan_all_tickers:61 — Scanning 50 tickers across 3 timeframes...
2026-03-09 11:49:51 | INFO     | __main__:scan_all_tickers:62 — Market open: True
2026-03-09 11:49:51 | INFO     | __main__:scan_all_tickers:65 — [1/50] RELIANCE.NS
2026-03-09 11:49:51 | INFO     | src.intraday:predict_timeframe:357 — Predicting RELIANCE.NS [5min]...
2026-03-09 11:49:53 | ERROR    | src.intraday:predict_timeframe:455 — Error predicting RELIANCE.NS [5min]: 'Index' object has no attribute 'clip'
2026-03-09 11:49:53 | INFO     | src.intraday:predict_timeframe:357 — Predicting RELIANCE.NS [15min]...
2026-03-09 11:49:54 | ERROR    | src.intraday:predict_timeframe:455 — Error predicting RELIANCE.NS [15min]: 'Index' object has no attribute 'clip'
2026-03-09 11:49:54 | INFO     | src.intraday:predict_timeframe:357 — Predicting RELIANCE.NS [1hr]...
2026-03-09 11:49:54 | ERROR    | src.intraday:predict_timeframe:455 — Error predicting RELIANCE.NS [1hr]: 'Index' object has no attribute 'clip'
2026-03-09 11:49:54 | INFO     | __main__:scan_all_tickers:65 — [2/50] TCS.NS
2026-03-09 11:49:54 | INFO     | src.intraday:predict_timeframe:357 — Predicting TCS.NS [5min]...
2026-03-09 11:49:55 | ERROR    | src.intraday:predict_timeframe:455 — Error predicting TCS.NS [5min]: 'Index' object has no attribute 'clip'
2026-03-09 11:49:55 | INFO     | src.intraday:predict_timeframe:357 — Predicting TCS.NS [15min]...
2026-03-09 11:49:55 | ERROR    | src.intraday:predict_timeframe:455 — Error predicting TCS.NS [15min]: 'Index' object has no attribute 'clip'
2026-03-09 11:49:55 | INFO     | src.intraday:predict_timeframe:357 — Predicting TCS.NS [1hr]...
2026-03-09 11:49:55 | ERROR    | src.intraday:predict_timeframe:455 — Error predicting TCS.NS [1hr]: 'Index' object has no attribute 'clip'
2026-03-09 11:49:55 | INFO     | __main__:scan_all_tickers:65 — [3/50] HDFCBANK.NS
2026-03-09 11:49:55 | INFO     | src.intraday:predict_timeframe:357 — Predicting HDFCBANK.NS [5min]...
2026-03-09 11:49:56 | ERROR    | src.intraday:predict_timeframe:455 — Error predicting HDFCBANK.NS [5min]: 'Index' object has no attribute 'clip'
2026-03-09 11:49:56 | INFO     | src.intraday:predict_timeframe:357 — Predicting HDFCBANK.NS [15min]...
2026-03-09 11:49:56 | ERROR    | src.intraday:predict_timeframe:455 — Error predicting HDFCBANK.NS [15min]: 'Index' object has no attribute 'clip'
2026-03-09 11:49:56 | INFO     | src.intraday:predict_timeframe:357 — Predicting HDFCBANK.NS [1hr]...
2026-03-09 11:49:56 | ERROR    | src.intraday:predict_timeframe:455 — Error predicting HDFCBANK.NS [1hr]: 'Index' object has no attribute 'clip'
2026-03-09 11:49:56 | INFO     | __main__:scan_all_tickers:65 — [4/50] BHARTIARTL.NS
2026-03-09 11:49:56 | INFO     | src.intraday:predict_timeframe:357 — Predicting BHARTIARTL.NS [5min]...
2026-03-09 11:49:57 | ERROR    | src.intraday:predict_timeframe:455 — Error predicting BHARTIARTL.NS [5min]: 'Index' object has no attribute 'clip'
2026-03-09 11:49:57 | INFO     | src.intraday:predict_timeframe:357 — Predicting BHARTIARTL.NS [15min]...
2026-03-09 11:49:57 | ERROR    | src.intraday:predict_timeframe:455 — Error predicting BHARTIARTL.NS [15min]: 'Index' object has no attribute 'clip'
2026-03-09 11:49:57 | INFO     | src.intraday:predict_timeframe:357 — Predicting BHARTIARTL.NS [1hr]...
2026-03-09 11:49:58 | ERROR    | src.intraday:predict_timeframe:455 — Error predicting BHARTIARTL.NS [1hr]: 'Index' object has no attribute 'clip'
2026-03-09 11:49:58 | INFO     | __main__:scan_all_tickers:65 — [5/50] ICICIBANK.NS
2026-03-09 11:49:58 | INFO     | src.intraday:predict_timeframe:357 — Predicting ICICIBANK.NS [5min]...
2026-03-09 11:49:58 | ERROR    | src.intraday:predict_timeframe:455 — Error predicting ICICIBANK.NS [5min]: 'Index' object has no attribute 'clip'
2026-03-09 11:49:58 | INFO     | src.intraday:predict_timeframe:357 — Predicting ICICIBANK.NS [15min]...
2026-03-09 11:49:58 | ERROR    | src.intraday:predict_timeframe:455 — Error predicting ICICIBANK.NS [15min]: 'Index' object has no attribute 'clip'
2026-03-09 11:49:58 | INFO     | src.intraday:predict_timeframe:357 — Predicting ICICIBANK.NS [1hr]...
2026-03-09 11:49:59 | ERROR    | src.intraday:predict_timeframe:455 — Error predicting ICICIBANK.NS [1hr]: 'Index' object has no attribute 'clip'
2026-03-09 11:49:59 | INFO     | __main__:scan_all_tickers:65 — [6/50] INFOSYS.NS
2026-03-09 11:49:59 | INFO     | src.intraday:predict_timeframe:357 — Predicting INFOSYS.NS [5min]...
2026-03-09 11:50:01 | INFO     | src.intraday:predict_timeframe:357 — Predicting INFOSYS.NS [15min]...
2026-03-09 11:50:03 | INFO     | src.intraday:predict_timeframe:357 — Predicting INFOSYS.NS [1hr]...
2026-03-09 11:50:04 | INFO     | __main__:scan_all_tickers:65 — [7/50] SBIN.NS
2026-03-09 11:50:04 | INFO     | src.intraday:predict_timeframe:357 — Predicting SBIN.NS [5min]...
2026-03-09 11:50:04 | ERROR    | src.intraday:predict_timeframe:455 — Error predicting SBIN.NS [5min]: 'Index' object has no attribute 'clip'
2026-03-09 11:50:04 | INFO     | src.intraday:predict_timeframe:357 — Predicting SBIN.NS [15min]...
2026-03-09 11:50:05 | ERROR    | src.intraday:predict_timeframe:455 — Error predicting SBIN.NS [15min]: 'Index' object has no attribute 'clip'
2026-03-09 11:50:05 | INFO     | src.intraday:predict_timeframe:357 — Predicting SBIN.NS [1hr]...
2026-03-09 11:50:05 | ERROR    | src.intraday:predict_timeframe:455 — Error predicting SBIN.NS [1hr]: 'Index' object has no attribute 'clip'
2026-03-09 11:50:05 | INFO     | __main__:scan_all_tickers:65 — [8/50] HINDUNILVR.NS
2026-03-09 11:50:05 | INFO     | src.intraday:predict_timeframe:357 — Predicting HINDUNILVR.NS [5min]...
2026-03-09 11:50:05 | ERROR    | src.intraday:predict_timeframe:455 — Error predicting HINDUNILVR.NS [5min]: 'Index' object has no attribute 'clip'
2026-03-09 11:50:05 | INFO     | src.intraday:predict_timeframe:357 — Predicting HINDUNILVR.NS [15min]...
2026-03-09 11:50:06 | ERROR    | src.intraday:predict_timeframe:455 — Error predicting HINDUNILVR.NS [15min]: 'Index' object has no attribute 'clip'
2026-03-09 11:50:06 | INFO     | src.intraday:predict_timeframe:357 — Predicting HINDUNILVR.NS [1hr]...
2026-03-09 11:50:06 | ERROR    | src.intraday:predict_timeframe:455 — Error predicting HINDUNILVR.NS [1hr]: 'Index' object has no attribute 'clip'
2026-03-09 11:50:06 | INFO     | __main__:scan_all_tickers:65 — [9/50] ITC.NS
2026-03-09 11:50:06 | INFO     | src.intraday:predict_timeframe:357 — Predicting ITC.NS [5min]...
2026-03-09 11:50:07 | ERROR    | src.intraday:predict_timeframe:455 — Error predicting ITC.NS [5min]: 'Index' object has no attribute 'clip'
2026-03-09 11:50:07 | INFO     | src.intraday:predict_timeframe:357 — Predicting ITC.NS [15min]...
2026-03-09 11:50:07 | ERROR    | src.intraday:predict_timeframe:455 — Error predicting ITC.NS [15min]: 'Index' object has no attribute 'clip'
2026-03-09 11:50:07 | INFO     | src.intraday:predict_timeframe:357 — Predicting ITC.NS [1hr]...
2026-03-09 11:50:07 | ERROR    | src.intraday:predict_timeframe:455 — Error predicting ITC.NS [1hr]: 'Index' object has no attribute 'clip'
2026-03-09 11:50:07 | INFO     | __main__:scan_all_tickers:65 — [10/50] LT.NS
2026-03-09 11:50:07 | INFO     | src.intraday:predict_timeframe:357 — Predicting LT.NS [5min]...
2026-03-09 11:50:08 | ERROR    | src.intraday:predict_timeframe:455 — Error predicting LT.NS [5min]: 'Index' object has no attribute 'clip'
2026-03-09 11:50:08 | INFO     | src.intraday:predict_timeframe:357 — Predicting LT.NS [15min]...
2026-03-09 11:50:08 | ERROR    | src.intraday:predict_timeframe:455 — Error predicting LT.NS [15min]: 'Index' object has no attribute 'clip'
2026-03-09 11:50:08 | INFO     | src.intraday:predict_timeframe:357 — Predicting LT.NS [1hr]...
2026-03-09 11:50:08 | ERROR    | src.intraday:predict_timeframe:455 — Error predicting LT.NS [1hr]: 'Index' object has no attribute 'clip'
2026-03-09 11:50:08 | INFO     | __main__:scan_all_tickers:65 — [11/50] KOTAKBANK.NS
2026-03-09 11:50:08 | INFO     | src.intraday:predict_timeframe:357 — Predicting KOTAKBANK.NS [5min]...
2026-03-09 11:50:09 | ERROR    | src.intraday:predict_timeframe:455 — Error predicting KOTAKBANK.NS [5min]: 'Index' object has no attribute 'clip'
2026-03-09 11:50:09 | INFO     | src.intraday:predict_timeframe:357 — Predicting KOTAKBANK.NS [15min]...
2026-03-09 11:50:09 | ERROR    | src.intraday:predict_timeframe:455 — Error predicting KOTAKBANK.NS [15min]: 'Index' object has no attribute 'clip'
2026-03-09 11:50:09 | INFO     | src.intraday:predict_timeframe:357 — Predicting KOTAKBANK.NS [1hr]...
2026-03-09 11:50:10 | ERROR    | src.intraday:predict_timeframe:455 — Error predicting KOTAKBANK.NS [1hr]: 'Index' object has no attribute 'clip'
2026-03-09 11:50:10 | INFO     | __main__:scan_all_tickers:65 — [12/50] AXISBANK.NS
2026-03-09 11:50:10 | INFO     | src.intraday:predict_timeframe:357 — Predicting AXISBANK.NS [5min]...
2026-03-09 11:50:10 | ERROR    | src.intraday:predict_timeframe:455 — Error predicting AXISBANK.NS [5min]: 'Index' object has no attribute 'clip'
2026-03-09 11:50:10 | INFO     | src.intraday:predict_timeframe:357 — Predicting AXISBANK.NS [15min]...
2026-03-09 11:50:10 | ERROR    | src.intraday:predict_timeframe:455 — Error predicting AXISBANK.NS [15min]: 'Index' object has no attribute 'clip'
2026-03-09 11:50:10 | INFO     | src.intraday:predict_timeframe:357 — Predicting AXISBANK.NS [1hr]...
2026-03-09 11:50:11 | ERROR    | src.intraday:predict_timeframe:455 — Error predicting AXISBANK.NS [1hr]: 'Index' object has no attribute 'clip'
2026-03-09 11:50:11 | INFO     | __main__:scan_all_tickers:65 — [13/50] BAJFINANCE.NS
2026-03-09 11:50:11 | INFO     | src.intraday:predict_timeframe:357 — Predicting BAJFINANCE.NS [5min]...
2026-03-09 11:50:11 | ERROR    | src.intraday:predict_timeframe:455 — Error predicting BAJFINANCE.NS [5min]: 'Index' object has no attribute 'clip'
2026-03-09 11:50:11 | INFO     | src.intraday:predict_timeframe:357 — Predicting BAJFINANCE.NS [15min]...
2026-03-09 11:50:11 | ERROR    | src.intraday:predict_timeframe:455 — Error predicting BAJFINANCE.NS [15min]: 'Index' object has no attribute 'clip'
2026-03-09 11:50:11 | INFO     | src.intraday:predict_timeframe:357 — Predicting BAJFINANCE.NS [1hr]...
2026-03-09 11:50:12 | ERROR    | src.intraday:predict_timeframe:455 — Error predicting BAJFINANCE.NS [1hr]: 'Index' object has no attribute 'clip'
2026-03-09 11:50:12 | INFO     | __main__:scan_all_tickers:65 — [14/50] WIPRO.NS
2026-03-09 11:50:12 | INFO     | src.intraday:predict_timeframe:357 — Predicting WIPRO.NS [5min]...
2026-03-09 11:50:12 | ERROR    | src.intraday:predict_timeframe:455 — Error predicting WIPRO.NS [5min]: 'Index' object has no attribute 'clip'
2026-03-09 11:50:12 | INFO     | src.intraday:predict_timeframe:357 — Predicting WIPRO.NS [15min]...
2026-03-09 11:50:12 | ERROR    | src.intraday:predict_timeframe:455 — Error predicting WIPRO.NS [15min]: 'Index' object has no attribute 'clip'
2026-03-09 11:50:12 | INFO     | src.intraday:predict_timeframe:357 — Predicting WIPRO.NS [1hr]...
2026-03-09 11:50:13 | ERROR    | src.intraday:predict_timeframe:455 — Error predicting WIPRO.NS [1hr]: 'Index' object has no attribute 'clip'
2026-03-09 11:50:13 | INFO     | __main__:scan_all_tickers:65 — [15/50] HCLTECH.NS
2026-03-09 11:50:13 | INFO     | src.intraday:predict_timeframe:357 — Predicting HCLTECH.NS [5min]...
2026-03-09 11:50:13 | ERROR    | src.intraday:predict_timeframe:455 — Error predicting HCLTECH.NS [5min]: 'Index' object has no attribute 'clip'
2026-03-09 11:50:13 | INFO     | src.intraday:predict_timeframe:357 — Predicting HCLTECH.NS [15min]...
2026-03-09 11:50:13 | ERROR    | src.intraday:predict_timeframe:455 — Error predicting HCLTECH.NS [15min]: 'Index' object has no attribute 'clip'
2026-03-09 11:50:13 | INFO     | src.intraday:predict_timeframe:357 — Predicting HCLTECH.NS [1hr]...
2026-03-09 11:50:14 | ERROR    | src.intraday:predict_timeframe:455 — Error predicting HCLTECH.NS [1hr]: 'Index' object has no attribute 'clip'
2026-03-09 11:50:14 | INFO     | __main__:scan_all_tickers:65 — [16/50] ASIANPAINT.NS
2026-03-09 11:50:14 | INFO     | src.intraday:predict_timeframe:357 — Predicting ASIANPAINT.NS [5min]...
2026-03-09 11:50:14 | ERROR    | src.intraday:predict_timeframe:455 — Error predicting ASIANPAINT.NS [5min]: 'Index' object has no attribute 'clip'
2026-03-09 11:50:14 | INFO     | src.intraday:predict_timeframe:357 — Predicting ASIANPAINT.NS [15min]...
2026-03-09 11:50:15 | ERROR    | src.intraday:predict_timeframe:455 — Error predicting ASIANPAINT.NS [15min]: 'Index' object has no attribute 'clip'
2026-03-09 11:50:15 | INFO     | src.intraday:predict_timeframe:357 — Predicting ASIANPAINT.NS [1hr]...
2026-03-09 11:50:15 | ERROR    | src.intraday:predict_timeframe:455 — Error predicting ASIANPAINT.NS [1hr]: 'Index' object has no attribute 'clip'
2026-03-09 11:50:15 | INFO     | __main__:scan_all_tickers:65 — [17/50] MARUTI.NS
2026-03-09 11:50:15 | INFO     | src.intraday:predict_timeframe:357 — Predicting MARUTI.NS [5min]...
2026-03-09 11:50:15 | ERROR    | src.intraday:predict_timeframe:455 — Error predicting MARUTI.NS [5min]: 'Index' object has no attribute 'clip'
2026-03-09 11:50:15 | INFO     | src.intraday:predict_timeframe:357 — Predicting MARUTI.NS [15min]...
2026-03-09 11:50:16 | ERROR    | src.intraday:predict_timeframe:455 — Error predicting MARUTI.NS [15min]: 'Index' object has no attribute 'clip'
2026-03-09 11:50:16 | INFO     | src.intraday:predict_timeframe:357 — Predicting MARUTI.NS [1hr]...
2026-03-09 11:50:16 | ERROR    | src.intraday:predict_timeframe:455 — Error predicting MARUTI.NS [1hr]: 'Index' object has no attribute 'clip'
2026-03-09 11:50:16 | INFO     | __main__:scan_all_tickers:65 — [18/50] SUNPHARMA.NS
2026-03-09 11:50:16 | INFO     | src.intraday:predict_timeframe:357 — Predicting SUNPHARMA.NS [5min]...
2026-03-09 11:50:16 | ERROR    | src.intraday:predict_timeframe:455 — Error predicting SUNPHARMA.NS [5min]: 'Index' object has no attribute 'clip'
2026-03-09 11:50:16 | INFO     | src.intraday:predict_timeframe:357 — Predicting SUNPHARMA.NS [15min]...
2026-03-09 11:50:17 | ERROR    | src.intraday:predict_timeframe:455 — Error predicting SUNPHARMA.NS [15min]: 'Index' object has no attribute 'clip'
2026-03-09 11:50:17 | INFO     | src.intraday:predict_timeframe:357 — Predicting SUNPHARMA.NS [1hr]...
2026-03-09 11:50:17 | ERROR    | src.intraday:predict_timeframe:455 — Error predicting SUNPHARMA.NS [1hr]: 'Index' object has no attribute 'clip'
2026-03-09 11:50:17 | INFO     | __main__:scan_all_tickers:65 — [19/50] TITAN.NS
2026-03-09 11:50:17 | INFO     | src.intraday:predict_timeframe:357 — Predicting TITAN.NS [5min]...
2026-03-09 11:50:18 | ERROR    | src.intraday:predict_timeframe:455 — Error predicting TITAN.NS [5min]: 'Index' object has no attribute 'clip'
2026-03-09 11:50:18 | INFO     | src.intraday:predict_timeframe:357 — Predicting TITAN.NS [15min]...
2026-03-09 11:50:18 | ERROR    | src.intraday:predict_timeframe:455 — Error predicting TITAN.NS [15min]: 'Index' object has no attribute 'clip'
2026-03-09 11:50:18 | INFO     | src.intraday:predict_timeframe:357 — Predicting TITAN.NS [1hr]...
2026-03-09 11:50:18 | ERROR    | src.intraday:predict_timeframe:455 — Error predicting TITAN.NS [1hr]: 'Index' object has no attribute 'clip'
2026-03-09 11:50:18 | INFO     | __main__:scan_all_tickers:65 — [20/50] ULTRACEMCO.NS
2026-03-09 11:50:18 | INFO     | src.intraday:predict_timeframe:357 — Predicting ULTRACEMCO.NS [5min]...
2026-03-09 11:50:19 | ERROR    | src.intraday:predict_timeframe:455 — Error predicting ULTRACEMCO.NS [5min]: 'Index' object has no attribute 'clip'
2026-03-09 11:50:19 | INFO     | src.intraday:predict_timeframe:357 — Predicting ULTRACEMCO.NS [15min]...
2026-03-09 11:50:19 | ERROR    | src.intraday:predict_timeframe:455 — Error predicting ULTRACEMCO.NS [15min]: 'Index' object has no attribute 'clip'
2026-03-09 11:50:19 | INFO     | src.intraday:predict_timeframe:357 — Predicting ULTRACEMCO.NS [1hr]...
2026-03-09 11:50:19 | ERROR    | src.intraday:predict_timeframe:455 — Error predicting ULTRACEMCO.NS [1hr]: 'Index' object has no attribute 'clip'
2026-03-09 11:50:19 | INFO     | __main__:scan_all_tickers:65 — [21/50] NESTLEIND.NS
2026-03-09 11:50:19 | INFO     | src.intraday:predict_timeframe:357 — Predicting NESTLEIND.NS [5min]...
2026-03-09 11:50:20 | ERROR    | src.intraday:predict_timeframe:455 — Error predicting NESTLEIND.NS [5min]: 'Index' object has no attribute 'clip'
2026-03-09 11:50:20 | INFO     | src.intraday:predict_timeframe:357 — Predicting NESTLEIND.NS [15min]...
2026-03-09 11:50:20 | ERROR    | src.intraday:predict_timeframe:455 — Error predicting NESTLEIND.NS [15min]: 'Index' object has no attribute 'clip'
2026-03-09 11:50:20 | INFO     | src.intraday:predict_timeframe:357 — Predicting NESTLEIND.NS [1hr]...
2026-03-09 11:50:21 | ERROR    | src.intraday:predict_timeframe:455 — Error predicting NESTLEIND.NS [1hr]: 'Index' object has no attribute 'clip'
2026-03-09 11:50:21 | INFO     | __main__:scan_all_tickers:65 — [22/50] POWERGRID.NS
2026-03-09 11:50:21 | INFO     | src.intraday:predict_timeframe:357 — Predicting POWERGRID.NS [5min]...
2026-03-09 11:50:21 | ERROR    | src.intraday:predict_timeframe:455 — Error predicting POWERGRID.NS [5min]: 'Index' object has no attribute 'clip'
2026-03-09 11:50:21 | INFO     | src.intraday:predict_timeframe:357 — Predicting POWERGRID.NS [15min]...
2026-03-09 11:50:21 | ERROR    | src.intraday:predict_timeframe:455 — Error predicting POWERGRID.NS [15min]: 'Index' object has no attribute 'clip'
2026-03-09 11:50:21 | INFO     | src.intraday:predict_timeframe:357 — Predicting POWERGRID.NS [1hr]...
2026-03-09 11:50:22 | ERROR    | src.intraday:predict_timeframe:455 — Error predicting POWERGRID.NS [1hr]: 'Index' object has no attribute 'clip'
2026-03-09 11:50:22 | INFO     | __main__:scan_all_tickers:65 — [23/50] NTPC.NS
2026-03-09 11:50:22 | INFO     | src.intraday:predict_timeframe:357 — Predicting NTPC.NS [5min]...
2026-03-09 11:50:22 | ERROR    | src.intraday:predict_timeframe:455 — Error predicting NTPC.NS [5min]: 'Index' object has no attribute 'clip'
2026-03-09 11:50:22 | INFO     | src.intraday:predict_timeframe:357 — Predicting NTPC.NS [15min]...
2026-03-09 11:50:22 | ERROR    | src.intraday:predict_timeframe:455 — Error predicting NTPC.NS [15min]: 'Index' object has no attribute 'clip'
2026-03-09 11:50:22 | INFO     | src.intraday:predict_timeframe:357 — Predicting NTPC.NS [1hr]...
2026-03-09 11:50:23 | ERROR    | src.intraday:predict_timeframe:455 — Error predicting NTPC.NS [1hr]: 'Index' object has no attribute 'clip'
2026-03-09 11:50:23 | INFO     | __main__:scan_all_tickers:65 — [24/50] TECHM.NS
2026-03-09 11:50:23 | INFO     | src.intraday:predict_timeframe:357 — Predicting TECHM.NS [5min]...
2026-03-09 11:50:23 | ERROR    | src.intraday:predict_timeframe:455 — Error predicting TECHM.NS [5min]: 'Index' object has no attribute 'clip'
2026-03-09 11:50:23 | INFO     | src.intraday:predict_timeframe:357 — Predicting TECHM.NS [15min]...
2026-03-09 11:50:24 | ERROR    | src.intraday:predict_timeframe:455 — Error predicting TECHM.NS [15min]: 'Index' object has no attribute 'clip'
2026-03-09 11:50:24 | INFO     | src.intraday:predict_timeframe:357 — Predicting TECHM.NS [1hr]...
2026-03-09 11:50:24 | ERROR    | src.intraday:predict_timeframe:455 — Error predicting TECHM.NS [1hr]: 'Index' object has no attribute 'clip'
2026-03-09 11:50:24 | INFO     | __main__:scan_all_tickers:65 — [25/50] INDUSINDBK.NS
2026-03-09 11:50:24 | INFO     | src.intraday:predict_timeframe:357 — Predicting INDUSINDBK.NS [5min]...
2026-03-09 11:50:24 | ERROR    | src.intraday:predict_timeframe:455 — Error predicting INDUSINDBK.NS [5min]: 'Index' object has no attribute 'clip'
2026-03-09 11:50:24 | INFO     | src.intraday:predict_timeframe:357 — Predicting INDUSINDBK.NS [15min]...
2026-03-09 11:50:25 | ERROR    | src.intraday:predict_timeframe:455 — Error predicting INDUSINDBK.NS [15min]: 'Index' object has no attribute 'clip'
2026-03-09 11:50:25 | INFO     | src.intraday:predict_timeframe:357 — Predicting INDUSINDBK.NS [1hr]...
2026-03-09 11:50:25 | ERROR    | src.intraday:predict_timeframe:455 — Error predicting INDUSINDBK.NS [1hr]: 'Index' object has no attribute 'clip'
2026-03-09 11:50:25 | INFO     | __main__:scan_all_tickers:65 — [26/50] BAJAJFINSV.NS
2026-03-09 11:50:25 | INFO     | src.intraday:predict_timeframe:357 — Predicting BAJAJFINSV.NS [5min]...
2026-03-09 11:50:25 | ERROR    | src.intraday:predict_timeframe:455 — Error predicting BAJAJFINSV.NS [5min]: 'Index' object has no attribute 'clip'
2026-03-09 11:50:25 | INFO     | src.intraday:predict_timeframe:357 — Predicting BAJAJFINSV.NS [15min]...
2026-03-09 11:50:26 | ERROR    | src.intraday:predict_timeframe:455 — Error predicting BAJAJFINSV.NS [15min]: 'Index' object has no attribute 'clip'
2026-03-09 11:50:26 | INFO     | src.intraday:predict_timeframe:357 — Predicting BAJAJFINSV.NS [1hr]...
2026-03-09 11:50:26 | ERROR    | src.intraday:predict_timeframe:455 — Error predicting BAJAJFINSV.NS [1hr]: 'Index' object has no attribute 'clip'
2026-03-09 11:50:26 | INFO     | __main__:scan_all_tickers:65 — [27/50] ONGC.NS
2026-03-09 11:50:26 | INFO     | src.intraday:predict_timeframe:357 — Predicting ONGC.NS [5min]...
2026-03-09 11:50:26 | ERROR    | src.intraday:predict_timeframe:455 — Error predicting ONGC.NS [5min]: 'Index' object has no attribute 'clip'
2026-03-09 11:50:26 | INFO     | src.intraday:predict_timeframe:357 — Predicting ONGC.NS [15min]...
2026-03-09 11:50:27 | ERROR    | src.intraday:predict_timeframe:455 — Error predicting ONGC.NS [15min]: 'Index' object has no attribute 'clip'
2026-03-09 11:50:27 | INFO     | src.intraday:predict_timeframe:357 — Predicting ONGC.NS [1hr]...
2026-03-09 11:50:27 | ERROR    | src.intraday:predict_timeframe:455 — Error predicting ONGC.NS [1hr]: 'Index' object has no attribute 'clip'
2026-03-09 11:50:27 | INFO     | __main__:scan_all_tickers:65 — [28/50] COALINDIA.NS
2026-03-09 11:50:27 | INFO     | src.intraday:predict_timeframe:357 — Predicting COALINDIA.NS [5min]...
2026-03-09 11:50:28 | ERROR    | src.intraday:predict_timeframe:455 — Error predicting COALINDIA.NS [5min]: 'Index' object has no attribute 'clip'
2026-03-09 11:50:28 | INFO     | src.intraday:predict_timeframe:357 — Predicting COALINDIA.NS [15min]...
2026-03-09 11:50:28 | ERROR    | src.intraday:predict_timeframe:455 — Error predicting COALINDIA.NS [15min]: 'Index' object has no attribute 'clip'
2026-03-09 11:50:28 | INFO     | src.intraday:predict_timeframe:357 — Predicting COALINDIA.NS [1hr]...
2026-03-09 11:50:28 | ERROR    | src.intraday:predict_timeframe:455 — Error predicting COALINDIA.NS [1hr]: 'Index' object has no attribute 'clip'
2026-03-09 11:50:28 | INFO     | __main__:scan_all_tickers:65 — [29/50] JSWSTEEL.NS
2026-03-09 11:50:28 | INFO     | src.intraday:predict_timeframe:357 — Predicting JSWSTEEL.NS [5min]...
2026-03-09 11:50:29 | ERROR    | src.intraday:predict_timeframe:455 — Error predicting JSWSTEEL.NS [5min]: 'Index' object has no attribute 'clip'
2026-03-09 11:50:29 | INFO     | src.intraday:predict_timeframe:357 — Predicting JSWSTEEL.NS [15min]...
2026-03-09 11:50:29 | ERROR    | src.intraday:predict_timeframe:455 — Error predicting JSWSTEEL.NS [15min]: 'Index' object has no attribute 'clip'
2026-03-09 11:50:29 | INFO     | src.intraday:predict_timeframe:357 — Predicting JSWSTEEL.NS [1hr]...
2026-03-09 11:50:30 | ERROR    | src.intraday:predict_timeframe:455 — Error predicting JSWSTEEL.NS [1hr]: 'Index' object has no attribute 'clip'
2026-03-09 11:50:30 | INFO     | __main__:scan_all_tickers:65 — [30/50] TATAMOTORS.NS
2026-03-09 11:50:30 | INFO     | src.intraday:predict_timeframe:357 — Predicting TATAMOTORS.NS [5min]...
2026-03-09 11:50:31 | INFO     | src.intraday:predict_timeframe:357 — Predicting TATAMOTORS.NS [15min]...
2026-03-09 11:50:32 | INFO     | src.intraday:predict_timeframe:357 — Predicting TATAMOTORS.NS [1hr]...
2026-03-09 11:50:33 | INFO     | __main__:scan_all_tickers:65 — [31/50] TATASTEEL.NS
2026-03-09 11:50:33 | INFO     | src.intraday:predict_timeframe:357 — Predicting TATASTEEL.NS [5min]...
2026-03-09 11:50:33 | ERROR    | src.intraday:predict_timeframe:455 — Error predicting TATASTEEL.NS [5min]: 'Index' object has no attribute 'clip'
2026-03-09 11:50:33 | INFO     | src.intraday:predict_timeframe:357 — Predicting TATASTEEL.NS [15min]...
2026-03-09 11:50:33 | ERROR    | src.intraday:predict_timeframe:455 — Error predicting TATASTEEL.NS [15min]: 'Index' object has no attribute 'clip'
2026-03-09 11:50:33 | INFO     | src.intraday:predict_timeframe:357 — Predicting TATASTEEL.NS [1hr]...
2026-03-09 11:50:34 | ERROR    | src.intraday:predict_timeframe:455 — Error predicting TATASTEEL.NS [1hr]: 'Index' object has no attribute 'clip'
2026-03-09 11:50:34 | INFO     | __main__:scan_all_tickers:65 — [32/50] ADANIPORTS.NS
2026-03-09 11:50:34 | INFO     | src.intraday:predict_timeframe:357 — Predicting ADANIPORTS.NS [5min]...
2026-03-09 11:50:34 | ERROR    | src.intraday:predict_timeframe:455 — Error predicting ADANIPORTS.NS [5min]: 'Index' object has no attribute 'clip'
2026-03-09 11:50:34 | INFO     | src.intraday:predict_timeframe:357 — Predicting ADANIPORTS.NS [15min]...
2026-03-09 11:50:34 | ERROR    | src.intraday:predict_timeframe:455 — Error predicting ADANIPORTS.NS [15min]: 'Index' object has no attribute 'clip'
2026-03-09 11:50:34 | INFO     | src.intraday:predict_timeframe:357 — Predicting ADANIPORTS.NS [1hr]...
2026-03-09 11:50:35 | ERROR    | src.intraday:predict_timeframe:455 — Error predicting ADANIPORTS.NS [1hr]: 'Index' object has no attribute 'clip'
2026-03-09 11:50:35 | INFO     | __main__:scan_all_tickers:65 — [33/50] ADANIENT.NS
2026-03-09 11:50:35 | INFO     | src.intraday:predict_timeframe:357 — Predicting ADANIENT.NS [5min]...
2026-03-09 11:50:35 | ERROR    | src.intraday:predict_timeframe:455 — Error predicting ADANIENT.NS [5min]: 'Index' object has no attribute 'clip'
2026-03-09 11:50:35 | INFO     | src.intraday:predict_timeframe:357 — Predicting ADANIENT.NS [15min]...
2026-03-09 11:50:36 | ERROR    | src.intraday:predict_timeframe:455 — Error predicting ADANIENT.NS [15min]: 'Index' object has no attribute 'clip'
2026-03-09 11:50:36 | INFO     | src.intraday:predict_timeframe:357 — Predicting ADANIENT.NS [1hr]...
2026-03-09 11:50:36 | ERROR    | src.intraday:predict_timeframe:455 — Error predicting ADANIENT.NS [1hr]: 'Index' object has no attribute 'clip'
2026-03-09 11:50:36 | INFO     | __main__:scan_all_tickers:65 — [34/50] CIPLA.NS
2026-03-09 11:50:36 | INFO     | src.intraday:predict_timeframe:357 — Predicting CIPLA.NS [5min]...
2026-03-09 11:50:36 | ERROR    | src.intraday:predict_timeframe:455 — Error predicting CIPLA.NS [5min]: 'Index' object has no attribute 'clip'
2026-03-09 11:50:36 | INFO     | src.intraday:predict_timeframe:357 — Predicting CIPLA.NS [15min]...
2026-03-09 11:50:37 | ERROR    | src.intraday:predict_timeframe:455 — Error predicting CIPLA.NS [15min]: 'Index' object has no attribute 'clip'
2026-03-09 11:50:37 | INFO     | src.intraday:predict_timeframe:357 — Predicting CIPLA.NS [1hr]...
2026-03-09 11:50:37 | ERROR    | src.intraday:predict_timeframe:455 — Error predicting CIPLA.NS [1hr]: 'Index' object has no attribute 'clip'
2026-03-09 11:50:37 | INFO     | __main__:scan_all_tickers:65 — [35/50] DRREDDY.NS
2026-03-09 11:50:37 | INFO     | src.intraday:predict_timeframe:357 — Predicting DRREDDY.NS [5min]...
2026-03-09 11:50:37 | ERROR    | src.intraday:predict_timeframe:455 — Error predicting DRREDDY.NS [5min]: 'Index' object has no attribute 'clip'
2026-03-09 11:50:37 | INFO     | src.intraday:predict_timeframe:357 — Predicting DRREDDY.NS [15min]...
2026-03-09 11:50:38 | ERROR    | src.intraday:predict_timeframe:455 — Error predicting DRREDDY.NS [15min]: 'Index' object has no attribute 'clip'
2026-03-09 11:50:38 | INFO     | src.intraday:predict_timeframe:357 — Predicting DRREDDY.NS [1hr]...
2026-03-09 11:50:38 | ERROR    | src.intraday:predict_timeframe:455 — Error predicting DRREDDY.NS [1hr]: 'Index' object has no attribute 'clip'
2026-03-09 11:50:38 | INFO     | __main__:scan_all_tickers:65 — [36/50] DIVISLAB.NS
2026-03-09 11:50:38 | INFO     | src.intraday:predict_timeframe:357 — Predicting DIVISLAB.NS [5min]...
2026-03-09 11:50:39 | ERROR    | src.intraday:predict_timeframe:455 — Error predicting DIVISLAB.NS [5min]: 'Index' object has no attribute 'clip'
2026-03-09 11:50:39 | INFO     | src.intraday:predict_timeframe:357 — Predicting DIVISLAB.NS [15min]...
2026-03-09 11:50:39 | ERROR    | src.intraday:predict_timeframe:455 — Error predicting DIVISLAB.NS [15min]: 'Index' object has no attribute 'clip'
2026-03-09 11:50:39 | INFO     | src.intraday:predict_timeframe:357 — Predicting DIVISLAB.NS [1hr]...
2026-03-09 11:50:39 | ERROR    | src.intraday:predict_timeframe:455 — Error predicting DIVISLAB.NS [1hr]: 'Index' object has no attribute 'clip'
2026-03-09 11:50:39 | INFO     | __main__:scan_all_tickers:65 — [37/50] EICHERMOT.NS
2026-03-09 11:50:39 | INFO     | src.intraday:predict_timeframe:357 — Predicting EICHERMOT.NS [5min]...
2026-03-09 11:50:40 | ERROR    | src.intraday:predict_timeframe:455 — Error predicting EICHERMOT.NS [5min]: 'Index' object has no attribute 'clip'
2026-03-09 11:50:40 | INFO     | src.intraday:predict_timeframe:357 — Predicting EICHERMOT.NS [15min]...
2026-03-09 11:50:40 | ERROR    | src.intraday:predict_timeframe:455 — Error predicting EICHERMOT.NS [15min]: 'Index' object has no attribute 'clip'
2026-03-09 11:50:40 | INFO     | src.intraday:predict_timeframe:357 — Predicting EICHERMOT.NS [1hr]...
2026-03-09 11:50:41 | ERROR    | src.intraday:predict_timeframe:455 — Error predicting EICHERMOT.NS [1hr]: 'Index' object has no attribute 'clip'
2026-03-09 11:50:41 | INFO     | __main__:scan_all_tickers:65 — [38/50] HEROMOTOCO.NS
2026-03-09 11:50:41 | INFO     | src.intraday:predict_timeframe:357 — Predicting HEROMOTOCO.NS [5min]...
2026-03-09 11:50:41 | ERROR    | src.intraday:predict_timeframe:455 — Error predicting HEROMOTOCO.NS [5min]: 'Index' object has no attribute 'clip'
2026-03-09 11:50:41 | INFO     | src.intraday:predict_timeframe:357 — Predicting HEROMOTOCO.NS [15min]...
2026-03-09 11:50:41 | ERROR    | src.intraday:predict_timeframe:455 — Error predicting HEROMOTOCO.NS [15min]: 'Index' object has no attribute 'clip'
2026-03-09 11:50:41 | INFO     | src.intraday:predict_timeframe:357 — Predicting HEROMOTOCO.NS [1hr]...
2026-03-09 11:50:42 | ERROR    | src.intraday:predict_timeframe:455 — Error predicting HEROMOTOCO.NS [1hr]: 'Index' object has no attribute 'clip'
2026-03-09 11:50:42 | INFO     | __main__:scan_all_tickers:65 — [39/50] BRITANNIA.NS
2026-03-09 11:50:42 | INFO     | src.intraday:predict_timeframe:357 — Predicting BRITANNIA.NS [5min]...
2026-03-09 11:50:42 | ERROR    | src.intraday:predict_timeframe:455 — Error predicting BRITANNIA.NS [5min]: 'Index' object has no attribute 'clip'
2026-03-09 11:50:42 | INFO     | src.intraday:predict_timeframe:357 — Predicting BRITANNIA.NS [15min]...
2026-03-09 11:50:42 | ERROR    | src.intraday:predict_timeframe:455 — Error predicting BRITANNIA.NS [15min]: 'Index' object has no attribute 'clip'
2026-03-09 11:50:42 | INFO     | src.intraday:predict_timeframe:357 — Predicting BRITANNIA.NS [1hr]...
2026-03-09 11:50:43 | ERROR    | src.intraday:predict_timeframe:455 — Error predicting BRITANNIA.NS [1hr]: 'Index' object has no attribute 'clip'
2026-03-09 11:50:43 | INFO     | __main__:scan_all_tickers:65 — [40/50] APOLLOHOSP.NS
2026-03-09 11:50:43 | INFO     | src.intraday:predict_timeframe:357 — Predicting APOLLOHOSP.NS [5min]...
2026-03-09 11:50:43 | ERROR    | src.intraday:predict_timeframe:455 — Error predicting APOLLOHOSP.NS [5min]: 'Index' object has no attribute 'clip'
2026-03-09 11:50:43 | INFO     | src.intraday:predict_timeframe:357 — Predicting APOLLOHOSP.NS [15min]...
2026-03-09 11:50:43 | ERROR    | src.intraday:predict_timeframe:455 — Error predicting APOLLOHOSP.NS [15min]: 'Index' object has no attribute 'clip'
2026-03-09 11:50:43 | INFO     | src.intraday:predict_timeframe:357 — Predicting APOLLOHOSP.NS [1hr]...
2026-03-09 11:50:44 | ERROR    | src.intraday:predict_timeframe:455 — Error predicting APOLLOHOSP.NS [1hr]: 'Index' object has no attribute 'clip'
2026-03-09 11:50:44 | INFO     | __main__:scan_all_tickers:65 — [41/50] BAJAJ-AUTO.NS
2026-03-09 11:50:44 | INFO     | src.intraday:predict_timeframe:357 — Predicting BAJAJ-AUTO.NS [5min]...
2026-03-09 11:50:44 | ERROR    | src.intraday:predict_timeframe:455 — Error predicting BAJAJ-AUTO.NS [5min]: 'Index' object has no attribute 'clip'
2026-03-09 11:50:44 | INFO     | src.intraday:predict_timeframe:357 — Predicting BAJAJ-AUTO.NS [15min]...
2026-03-09 11:50:45 | ERROR    | src.intraday:predict_timeframe:455 — Error predicting BAJAJ-AUTO.NS [15min]: 'Index' object has no attribute 'clip'
2026-03-09 11:50:45 | INFO     | src.intraday:predict_timeframe:357 — Predicting BAJAJ-AUTO.NS [1hr]...
2026-03-09 11:50:45 | ERROR    | src.intraday:predict_timeframe:455 — Error predicting BAJAJ-AUTO.NS [1hr]: 'Index' object has no attribute 'clip'
2026-03-09 11:50:45 | INFO     | __main__:scan_all_tickers:65 — [42/50] BPCL.NS
2026-03-09 11:50:45 | INFO     | src.intraday:predict_timeframe:357 — Predicting BPCL.NS [5min]...
2026-03-09 11:50:45 | ERROR    | src.intraday:predict_timeframe:455 — Error predicting BPCL.NS [5min]: 'Index' object has no attribute 'clip'
2026-03-09 11:50:45 | INFO     | src.intraday:predict_timeframe:357 — Predicting BPCL.NS [15min]...
2026-03-09 11:50:46 | ERROR    | src.intraday:predict_timeframe:455 — Error predicting BPCL.NS [15min]: 'Index' object has no attribute 'clip'
2026-03-09 11:50:46 | INFO     | src.intraday:predict_timeframe:357 — Predicting BPCL.NS [1hr]...
2026-03-09 11:50:46 | ERROR    | src.intraday:predict_timeframe:455 — Error predicting BPCL.NS [1hr]: 'Index' object has no attribute 'clip'
2026-03-09 11:50:46 | INFO     | __main__:scan_all_tickers:65 — [43/50] GRASIM.NS
2026-03-09 11:50:46 | INFO     | src.intraday:predict_timeframe:357 — Predicting GRASIM.NS [5min]...
2026-03-09 11:50:46 | ERROR    | src.intraday:predict_timeframe:455 — Error predicting GRASIM.NS [5min]: 'Index' object has no attribute 'clip'
2026-03-09 11:50:46 | INFO     | src.intraday:predict_timeframe:357 — Predicting GRASIM.NS [15min]...
2026-03-09 11:50:47 | ERROR    | src.intraday:predict_timeframe:455 — Error predicting GRASIM.NS [15min]: 'Index' object has no attribute 'clip'
2026-03-09 11:50:47 | INFO     | src.intraday:predict_timeframe:357 — Predicting GRASIM.NS [1hr]...
2026-03-09 11:50:47 | ERROR    | src.intraday:predict_timeframe:455 — Error predicting GRASIM.NS [1hr]: 'Index' object has no attribute 'clip'
2026-03-09 11:50:47 | INFO     | __main__:scan_all_tickers:65 — [44/50] HINDALCO.NS
2026-03-09 11:50:47 | INFO     | src.intraday:predict_timeframe:357 — Predicting HINDALCO.NS [5min]...
2026-03-09 11:50:48 | ERROR    | src.intraday:predict_timeframe:455 — Error predicting HINDALCO.NS [5min]: 'Index' object has no attribute 'clip'
2026-03-09 11:50:48 | INFO     | src.intraday:predict_timeframe:357 — Predicting HINDALCO.NS [15min]...
2026-03-09 11:50:48 | ERROR    | src.intraday:predict_timeframe:455 — Error predicting HINDALCO.NS [15min]: 'Index' object has no attribute 'clip'
2026-03-09 11:50:48 | INFO     | src.intraday:predict_timeframe:357 — Predicting HINDALCO.NS [1hr]...
2026-03-09 11:50:48 | ERROR    | src.intraday:predict_timeframe:455 — Error predicting HINDALCO.NS [1hr]: 'Index' object has no attribute 'clip'
2026-03-09 11:50:48 | INFO     | __main__:scan_all_tickers:65 — [45/50] MM.NS
2026-03-09 11:50:48 | INFO     | src.intraday:predict_timeframe:357 — Predicting MM.NS [5min]...
2026-03-09 11:50:50 | INFO     | src.intraday:predict_timeframe:357 — Predicting MM.NS [15min]...
2026-03-09 11:50:51 | INFO     | src.intraday:predict_timeframe:357 — Predicting MM.NS [1hr]...
2026-03-09 11:50:52 | INFO     | __main__:scan_all_tickers:65 — [46/50] SBILIFE.NS
2026-03-09 11:50:52 | INFO     | src.intraday:predict_timeframe:357 — Predicting SBILIFE.NS [5min]...
2026-03-09 11:50:52 | ERROR    | src.intraday:predict_timeframe:455 — Error predicting SBILIFE.NS [5min]: 'Index' object has no attribute 'clip'
2026-03-09 11:50:52 | INFO     | src.intraday:predict_timeframe:357 — Predicting SBILIFE.NS [15min]...
2026-03-09 11:50:52 | ERROR    | src.intraday:predict_timeframe:455 — Error predicting SBILIFE.NS [15min]: 'Index' object has no attribute 'clip'
2026-03-09 11:50:52 | INFO     | src.intraday:predict_timeframe:357 — Predicting SBILIFE.NS [1hr]...
2026-03-09 11:50:53 | ERROR    | src.intraday:predict_timeframe:455 — Error predicting SBILIFE.NS [1hr]: 'Index' object has no attribute 'clip'
2026-03-09 11:50:53 | INFO     | __main__:scan_all_tickers:65 — [47/50] HDFCLIFE.NS
2026-03-09 11:50:53 | INFO     | src.intraday:predict_timeframe:357 — Predicting HDFCLIFE.NS [5min]...
2026-03-09 11:50:53 | ERROR    | src.intraday:predict_timeframe:455 — Error predicting HDFCLIFE.NS [5min]: 'Index' object has no attribute 'clip'
2026-03-09 11:50:53 | INFO     | src.intraday:predict_timeframe:357 — Predicting HDFCLIFE.NS [15min]...
2026-03-09 11:50:53 | ERROR    | src.intraday:predict_timeframe:455 — Error predicting HDFCLIFE.NS [15min]: 'Index' object has no attribute 'clip'
2026-03-09 11:50:53 | INFO     | src.intraday:predict_timeframe:357 — Predicting HDFCLIFE.NS [1hr]...
2026-03-09 11:50:54 | ERROR    | src.intraday:predict_timeframe:455 — Error predicting HDFCLIFE.NS [1hr]: 'Index' object has no attribute 'clip'
2026-03-09 11:50:54 | INFO     | __main__:scan_all_tickers:65 — [48/50] TATACONSUM.NS
2026-03-09 11:50:54 | INFO     | src.intraday:predict_timeframe:357 — Predicting TATACONSUM.NS [5min]...
2026-03-09 11:50:54 | ERROR    | src.intraday:predict_timeframe:455 — Error predicting TATACONSUM.NS [5min]: 'Index' object has no attribute 'clip'
2026-03-09 11:50:54 | INFO     | src.intraday:predict_timeframe:357 — Predicting TATACONSUM.NS [15min]...
2026-03-09 11:50:55 | ERROR    | src.intraday:predict_timeframe:455 — Error predicting TATACONSUM.NS [15min]: 'Index' object has no attribute 'clip'
2026-03-09 11:50:55 | INFO     | src.intraday:predict_timeframe:357 — Predicting TATACONSUM.NS [1hr]...
2026-03-09 11:50:55 | ERROR    | src.intraday:predict_timeframe:455 — Error predicting TATACONSUM.NS [1hr]: 'Index' object has no attribute 'clip'
2026-03-09 11:50:55 | INFO     | __main__:scan_all_tickers:65 — [49/50] UPL.NS
2026-03-09 11:50:55 | INFO     | src.intraday:predict_timeframe:357 — Predicting UPL.NS [5min]...
2026-03-09 11:50:55 | ERROR    | src.intraday:predict_timeframe:455 — Error predicting UPL.NS [5min]: 'Index' object has no attribute 'clip'
2026-03-09 11:50:55 | INFO     | src.intraday:predict_timeframe:357 — Predicting UPL.NS [15min]...
2026-03-09 11:50:56 | ERROR    | src.intraday:predict_timeframe:455 — Error predicting UPL.NS [15min]: 'Index' object has no attribute 'clip'
2026-03-09 11:50:56 | INFO     | src.intraday:predict_timeframe:357 — Predicting UPL.NS [1hr]...
2026-03-09 11:50:56 | ERROR    | src.intraday:predict_timeframe:455 — Error predicting UPL.NS [1hr]: 'Index' object has no attribute 'clip'
2026-03-09 11:50:56 | INFO     | __main__:scan_all_tickers:65 — [50/50] SHRIRAMFIN.NS
2026-03-09 11:50:56 | INFO     | src.intraday:predict_timeframe:357 — Predicting SHRIRAMFIN.NS [5min]...
2026-03-09 11:50:56 | ERROR    | src.intraday:predict_timeframe:455 — Error predicting SHRIRAMFIN.NS [5min]: 'Index' object has no attribute 'clip'
2026-03-09 11:50:56 | INFO     | src.intraday:predict_timeframe:357 — Predicting SHRIRAMFIN.NS [15min]...
2026-03-09 11:50:57 | ERROR    | src.intraday:predict_timeframe:455 — Error predicting SHRIRAMFIN.NS [15min]: 'Index' object has no attribute 'clip'
2026-03-09 11:50:57 | INFO     | src.intraday:predict_timeframe:357 — Predicting SHRIRAMFIN.NS [1hr]...
2026-03-09 11:50:57 | ERROR    | src.intraday:predict_timeframe:455 — Error predicting SHRIRAMFIN.NS [1hr]: 'Index' object has no attribute 'clip'
2026-03-09 11:50:57 | INFO     | __main__:scan_all_tickers:98 — 
Scan complete:
2026-03-09 11:50:57 | INFO     | __main__:scan_all_tickers:99 —   Strong Buys:  0
2026-03-09 11:50:57 | INFO     | __main__:scan_all_tickers:100 —   Strong Sells: 0
2026-03-09 11:50:57 | INFO     | __main__:scan_all_tickers:101 —   Total alerts: 0
2026-03-09 11:50:59 | INFO     | __main__:run_scan:194 — ============================================================
2026-03-09 11:50:59 | INFO     | __main__:run_scan:195 —   NSE INTRADAY SCANNER
2026-03-09 11:50:59 | INFO     | __main__:run_scan:196 —   Time: 09 Mar 2026 11:50:59 IST
2026-03-09 11:50:59 | INFO     | __main__:run_scan:197 — ============================================================
2026-03-09 11:50:59 | INFO     | __main__:scan_all_tickers:61 — Scanning 50 tickers across 3 timeframes...
2026-03-09 11:50:59 | INFO     | __main__:scan_all_tickers:62 — Market open: True
2026-03-09 11:50:59 | INFO     | __main__:scan_all_tickers:65 — [1/50] RELIANCE.NS
2026-03-09 11:50:59 | INFO     | src.intraday:predict_timeframe:357 — Predicting RELIANCE.NS [5min]...
2026-03-09 11:51:01 | ERROR    | src.intraday:predict_timeframe:455 — Error predicting RELIANCE.NS [5min]: 'Index' object has no attribute 'clip'
2026-03-09 11:51:01 | INFO     | src.intraday:predict_timeframe:357 — Predicting RELIANCE.NS [15min]...
2026-03-09 11:51:01 | ERROR    | src.intraday:predict_timeframe:455 — Error predicting RELIANCE.NS [15min]: 'Index' object has no attribute 'clip'
2026-03-09 11:51:01 | INFO     | src.intraday:predict_timeframe:357 — Predicting RELIANCE.NS [1hr]...
2026-03-09 11:51:02 | ERROR    | src.intraday:predict_timeframe:455 — Error predicting RELIANCE.NS [1hr]: 'Index' object has no attribute 'clip'
2026-03-09 11:51:02 | INFO     | __main__:scan_all_tickers:65 — [2/50] TCS.NS
2026-03-09 11:51:02 | INFO     | src.intraday:predict_timeframe:357 — Predicting TCS.NS [5min]...
2026-03-09 11:51:02 | ERROR    | src.intraday:predict_timeframe:455 — Error predicting TCS.NS [5min]: 'Index' object has no attribute 'clip'
2026-03-09 11:51:02 | INFO     | src.intraday:predict_timeframe:357 — Predicting TCS.NS [15min]...
2026-03-09 11:51:03 | ERROR    | src.intraday:predict_timeframe:455 — Error predicting TCS.NS [15min]: 'Index' object has no attribute 'clip'
2026-03-09 11:51:03 | INFO     | src.intraday:predict_timeframe:357 — Predicting TCS.NS [1hr]...
2026-03-09 11:51:03 | ERROR    | src.intraday:predict_timeframe:455 — Error predicting TCS.NS [1hr]: 'Index' object has no attribute 'clip'
2026-03-09 11:51:03 | INFO     | __main__:scan_all_tickers:65 — [3/50] HDFCBANK.NS
2026-03-09 11:51:03 | INFO     | src.intraday:predict_timeframe:357 — Predicting HDFCBANK.NS [5min]...
2026-03-09 11:51:03 | ERROR    | src.intraday:predict_timeframe:455 — Error predicting HDFCBANK.NS [5min]: 'Index' object has no attribute 'clip'
2026-03-09 11:51:03 | INFO     | src.intraday:predict_timeframe:357 — Predicting HDFCBANK.NS [15min]...
2026-03-09 11:51:04 | ERROR    | src.intraday:predict_timeframe:455 — Error predicting HDFCBANK.NS [15min]: 'Index' object has no attribute 'clip'
2026-03-09 11:51:04 | INFO     | src.intraday:predict_timeframe:357 — Predicting HDFCBANK.NS [1hr]...
2026-03-09 11:51:04 | ERROR    | src.intraday:predict_timeframe:455 — Error predicting HDFCBANK.NS [1hr]: 'Index' object has no attribute 'clip'
2026-03-09 11:51:04 | INFO     | __main__:scan_all_tickers:65 — [4/50] BHARTIARTL.NS
2026-03-09 11:51:04 | INFO     | src.intraday:predict_timeframe:357 — Predicting BHARTIARTL.NS [5min]...
2026-03-09 11:51:05 | ERROR    | src.intraday:predict_timeframe:455 — Error predicting BHARTIARTL.NS [5min]: 'Index' object has no attribute 'clip'
2026-03-09 11:51:05 | INFO     | src.intraday:predict_timeframe:357 — Predicting BHARTIARTL.NS [15min]...
2026-03-09 11:51:06 | ERROR    | src.intraday:predict_timeframe:455 — Error predicting BHARTIARTL.NS [15min]: 'Index' object has no attribute 'clip'
2026-03-09 11:51:06 | INFO     | src.intraday:predict_timeframe:357 — Predicting BHARTIARTL.NS [1hr]...
2026-03-09 11:51:06 | ERROR    | src.intraday:predict_timeframe:455 — Error predicting BHARTIARTL.NS [1hr]: 'Index' object has no attribute 'clip'
2026-03-09 11:51:06 | INFO     | __main__:scan_all_tickers:65 — [5/50] ICICIBANK.NS
2026-03-09 11:51:06 | INFO     | src.intraday:predict_timeframe:357 — Predicting ICICIBANK.NS [5min]...
2026-03-09 11:51:07 | ERROR    | src.intraday:predict_timeframe:455 — Error predicting ICICIBANK.NS [5min]: 'Index' object has no attribute 'clip'
2026-03-09 11:51:07 | INFO     | src.intraday:predict_timeframe:357 — Predicting ICICIBANK.NS [15min]...
2026-03-09 11:51:07 | ERROR    | src.intraday:predict_timeframe:455 — Error predicting ICICIBANK.NS [15min]: 'Index' object has no attribute 'clip'
2026-03-09 11:51:07 | INFO     | src.intraday:predict_timeframe:357 — Predicting ICICIBANK.NS [1hr]...
2026-03-09 11:51:07 | ERROR    | src.intraday:predict_timeframe:455 — Error predicting ICICIBANK.NS [1hr]: 'Index' object has no attribute 'clip'
2026-03-09 11:51:07 | INFO     | __main__:scan_all_tickers:65 — [6/50] INFOSYS.NS
2026-03-09 11:51:07 | INFO     | src.intraday:predict_timeframe:357 — Predicting INFOSYS.NS [5min]...
2026-03-09 11:51:09 | INFO     | src.intraday:predict_timeframe:357 — Predicting INFOSYS.NS [15min]...
2026-03-09 11:51:11 | INFO     | src.intraday:predict_timeframe:357 — Predicting INFOSYS.NS [1hr]...
2026-03-09 11:51:12 | INFO     | __main__:scan_all_tickers:65 — [7/50] SBIN.NS
2026-03-09 11:51:12 | INFO     | src.intraday:predict_timeframe:357 — Predicting SBIN.NS [5min]...
2026-03-09 11:51:12 | ERROR    | src.intraday:predict_timeframe:455 — Error predicting SBIN.NS [5min]: 'Index' object has no attribute 'clip'
2026-03-09 11:51:12 | INFO     | src.intraday:predict_timeframe:357 — Predicting SBIN.NS [15min]...
2026-03-09 11:51:12 | ERROR    | src.intraday:predict_timeframe:455 — Error predicting SBIN.NS [15min]: 'Index' object has no attribute 'clip'
2026-03-09 11:51:12 | INFO     | src.intraday:predict_timeframe:357 — Predicting SBIN.NS [1hr]...
2026-03-09 11:51:13 | ERROR    | src.intraday:predict_timeframe:455 — Error predicting SBIN.NS [1hr]: 'Index' object has no attribute 'clip'
2026-03-09 11:51:13 | INFO     | __main__:scan_all_tickers:65 — [8/50] HINDUNILVR.NS
2026-03-09 11:51:13 | INFO     | src.intraday:predict_timeframe:357 — Predicting HINDUNILVR.NS [5min]...
2026-03-09 11:51:13 | ERROR    | src.intraday:predict_timeframe:455 — Error predicting HINDUNILVR.NS [5min]: 'Index' object has no attribute 'clip'
2026-03-09 11:51:13 | INFO     | src.intraday:predict_timeframe:357 — Predicting HINDUNILVR.NS [15min]...
2026-03-09 11:51:14 | ERROR    | src.intraday:predict_timeframe:455 — Error predicting HINDUNILVR.NS [15min]: 'Index' object has no attribute 'clip'
2026-03-09 11:51:14 | INFO     | src.intraday:predict_timeframe:357 — Predicting HINDUNILVR.NS [1hr]...
2026-03-09 11:51:14 | ERROR    | src.intraday:predict_timeframe:455 — Error predicting HINDUNILVR.NS [1hr]: 'Index' object has no attribute 'clip'
2026-03-09 11:51:14 | INFO     | __main__:scan_all_tickers:65 — [9/50] ITC.NS
2026-03-09 11:51:14 | INFO     | src.intraday:predict_timeframe:357 — Predicting ITC.NS [5min]...
2026-03-09 11:51:14 | ERROR    | src.intraday:predict_timeframe:455 — Error predicting ITC.NS [5min]: 'Index' object has no attribute 'clip'
2026-03-09 11:51:14 | INFO     | src.intraday:predict_timeframe:357 — Predicting ITC.NS [15min]...
2026-03-09 11:51:15 | ERROR    | src.intraday:predict_timeframe:455 — Error predicting ITC.NS [15min]: 'Index' object has no attribute 'clip'
2026-03-09 11:51:15 | INFO     | src.intraday:predict_timeframe:357 — Predicting ITC.NS [1hr]...
2026-03-09 11:51:15 | ERROR    | src.intraday:predict_timeframe:455 — Error predicting ITC.NS [1hr]: 'Index' object has no attribute 'clip'
2026-03-09 11:51:15 | INFO     | __main__:scan_all_tickers:65 — [10/50] LT.NS
2026-03-09 11:51:15 | INFO     | src.intraday:predict_timeframe:357 — Predicting LT.NS [5min]...
2026-03-09 11:51:16 | ERROR    | src.intraday:predict_timeframe:455 — Error predicting LT.NS [5min]: 'Index' object has no attribute 'clip'
2026-03-09 11:51:16 | INFO     | src.intraday:predict_timeframe:357 — Predicting LT.NS [15min]...
2026-03-09 11:51:17 | ERROR    | src.intraday:predict_timeframe:455 — Error predicting LT.NS [15min]: 'Index' object has no attribute 'clip'
2026-03-09 11:51:17 | INFO     | src.intraday:predict_timeframe:357 — Predicting LT.NS [1hr]...
2026-03-09 11:51:17 | ERROR    | src.intraday:predict_timeframe:455 — Error predicting LT.NS [1hr]: 'Index' object has no attribute 'clip'
2026-03-09 11:51:17 | INFO     | __main__:scan_all_tickers:65 — [11/50] KOTAKBANK.NS
2026-03-09 11:51:17 | INFO     | src.intraday:predict_timeframe:357 — Predicting KOTAKBANK.NS [5min]...
2026-03-09 11:51:18 | ERROR    | src.intraday:predict_timeframe:455 — Error predicting KOTAKBANK.NS [5min]: 'Index' object has no attribute 'clip'
2026-03-09 11:51:18 | INFO     | src.intraday:predict_timeframe:357 — Predicting KOTAKBANK.NS [15min]...
2026-03-09 11:51:18 | ERROR    | src.intraday:predict_timeframe:455 — Error predicting KOTAKBANK.NS [15min]: 'Index' object has no attribute 'clip'
2026-03-09 11:51:18 | INFO     | src.intraday:predict_timeframe:357 — Predicting KOTAKBANK.NS [1hr]...
2026-03-09 11:51:19 | ERROR    | src.intraday:predict_timeframe:455 — Error predicting KOTAKBANK.NS [1hr]: 'Index' object has no attribute 'clip'
2026-03-09 11:51:19 | INFO     | __main__:scan_all_tickers:65 — [12/50] AXISBANK.NS
2026-03-09 11:51:19 | INFO     | src.intraday:predict_timeframe:357 — Predicting AXISBANK.NS [5min]...
2026-03-09 11:51:19 | ERROR    | src.intraday:predict_timeframe:455 — Error predicting AXISBANK.NS [5min]: 'Index' object has no attribute 'clip'
2026-03-09 11:51:19 | INFO     | src.intraday:predict_timeframe:357 — Predicting AXISBANK.NS [15min]...
2026-03-09 11:51:21 | ERROR    | src.intraday:predict_timeframe:455 — Error predicting AXISBANK.NS [15min]: 'Index' object has no attribute 'clip'
2026-03-09 11:51:21 | INFO     | src.intraday:predict_timeframe:357 — Predicting AXISBANK.NS [1hr]...
2026-03-09 11:51:21 | ERROR    | src.intraday:predict_timeframe:455 — Error predicting AXISBANK.NS [1hr]: 'Index' object has no attribute 'clip'
2026-03-09 11:51:21 | INFO     | __main__:scan_all_tickers:65 — [13/50] BAJFINANCE.NS
2026-03-09 11:51:21 | INFO     | src.intraday:predict_timeframe:357 — Predicting BAJFINANCE.NS [5min]...
2026-03-09 11:51:22 | ERROR    | src.intraday:predict_timeframe:455 — Error predicting BAJFINANCE.NS [5min]: 'Index' object has no attribute 'clip'
2026-03-09 11:51:22 | INFO     | src.intraday:predict_timeframe:357 — Predicting BAJFINANCE.NS [15min]...
2026-03-09 11:51:23 | ERROR    | src.intraday:predict_timeframe:455 — Error predicting BAJFINANCE.NS [15min]: 'Index' object has no attribute 'clip'
2026-03-09 11:51:23 | INFO     | src.intraday:predict_timeframe:357 — Predicting BAJFINANCE.NS [1hr]...
2026-03-09 11:51:23 | ERROR    | src.intraday:predict_timeframe:455 — Error predicting BAJFINANCE.NS [1hr]: 'Index' object has no attribute 'clip'
2026-03-09 11:51:23 | INFO     | __main__:scan_all_tickers:65 — [14/50] WIPRO.NS
2026-03-09 11:51:23 | INFO     | src.intraday:predict_timeframe:357 — Predicting WIPRO.NS [5min]...
2026-03-09 11:51:24 | ERROR    | src.intraday:predict_timeframe:455 — Error predicting WIPRO.NS [5min]: 'Index' object has no attribute 'clip'
2026-03-09 11:51:24 | INFO     | src.intraday:predict_timeframe:357 — Predicting WIPRO.NS [15min]...
2026-03-09 11:51:24 | ERROR    | src.intraday:predict_timeframe:455 — Error predicting WIPRO.NS [15min]: 'Index' object has no attribute 'clip'
2026-03-09 11:51:24 | INFO     | src.intraday:predict_timeframe:357 — Predicting WIPRO.NS [1hr]...
2026-03-09 11:51:24 | ERROR    | src.intraday:predict_timeframe:455 — Error predicting WIPRO.NS [1hr]: 'Index' object has no attribute 'clip'
2026-03-09 11:51:24 | INFO     | __main__:scan_all_tickers:65 — [15/50] HCLTECH.NS
2026-03-09 11:51:24 | INFO     | src.intraday:predict_timeframe:357 — Predicting HCLTECH.NS [5min]...
2026-03-09 11:51:25 | ERROR    | src.intraday:predict_timeframe:455 — Error predicting HCLTECH.NS [5min]: 'Index' object has no attribute 'clip'
2026-03-09 11:51:25 | INFO     | src.intraday:predict_timeframe:357 — Predicting HCLTECH.NS [15min]...
2026-03-09 11:51:25 | ERROR    | src.intraday:predict_timeframe:455 — Error predicting HCLTECH.NS [15min]: 'Index' object has no attribute 'clip'
2026-03-09 11:51:25 | INFO     | src.intraday:predict_timeframe:357 — Predicting HCLTECH.NS [1hr]...
2026-03-09 11:51:26 | ERROR    | src.intraday:predict_timeframe:455 — Error predicting HCLTECH.NS [1hr]: 'Index' object has no attribute 'clip'
2026-03-09 11:51:26 | INFO     | __main__:scan_all_tickers:65 — [16/50] ASIANPAINT.NS
2026-03-09 11:51:26 | INFO     | src.intraday:predict_timeframe:357 — Predicting ASIANPAINT.NS [5min]...
2026-03-09 11:51:26 | ERROR    | src.intraday:predict_timeframe:455 — Error predicting ASIANPAINT.NS [5min]: 'Index' object has no attribute 'clip'
2026-03-09 11:51:26 | INFO     | src.intraday:predict_timeframe:357 — Predicting ASIANPAINT.NS [15min]...
2026-03-09 11:51:27 | ERROR    | src.intraday:predict_timeframe:455 — Error predicting ASIANPAINT.NS [15min]: 'Index' object has no attribute 'clip'
2026-03-09 11:51:27 | INFO     | src.intraday:predict_timeframe:357 — Predicting ASIANPAINT.NS [1hr]...
2026-03-09 11:51:27 | ERROR    | src.intraday:predict_timeframe:455 — Error predicting ASIANPAINT.NS [1hr]: 'Index' object has no attribute 'clip'
2026-03-09 11:51:27 | INFO     | __main__:scan_all_tickers:65 — [17/50] MARUTI.NS
2026-03-09 11:51:27 | INFO     | src.intraday:predict_timeframe:357 — Predicting MARUTI.NS [5min]...
2026-03-09 11:51:27 | ERROR    | src.intraday:predict_timeframe:455 — Error predicting MARUTI.NS [5min]: 'Index' object has no attribute 'clip'
2026-03-09 11:51:27 | INFO     | src.intraday:predict_timeframe:357 — Predicting MARUTI.NS [15min]...
2026-03-09 11:51:28 | ERROR    | src.intraday:predict_timeframe:455 — Error predicting MARUTI.NS [15min]: 'Index' object has no attribute 'clip'
2026-03-09 11:51:28 | INFO     | src.intraday:predict_timeframe:357 — Predicting MARUTI.NS [1hr]...
2026-03-09 11:51:28 | ERROR    | src.intraday:predict_timeframe:455 — Error predicting MARUTI.NS [1hr]: 'Index' object has no attribute 'clip'
2026-03-09 11:51:28 | INFO     | __main__:scan_all_tickers:65 — [18/50] SUNPHARMA.NS
2026-03-09 11:51:28 | INFO     | src.intraday:predict_timeframe:357 — Predicting SUNPHARMA.NS [5min]...
2026-03-09 11:51:29 | ERROR    | src.intraday:predict_timeframe:455 — Error predicting SUNPHARMA.NS [5min]: 'Index' object has no attribute 'clip'
2026-03-09 11:51:29 | INFO     | src.intraday:predict_timeframe:357 — Predicting SUNPHARMA.NS [15min]...
2026-03-09 11:51:29 | ERROR    | src.intraday:predict_timeframe:455 — Error predicting SUNPHARMA.NS [15min]: 'Index' object has no attribute 'clip'
2026-03-09 11:51:29 | INFO     | src.intraday:predict_timeframe:357 — Predicting SUNPHARMA.NS [1hr]...
2026-03-09 11:51:30 | ERROR    | src.intraday:predict_timeframe:455 — Error predicting SUNPHARMA.NS [1hr]: 'Index' object has no attribute 'clip'
2026-03-09 11:51:30 | INFO     | __main__:scan_all_tickers:65 — [19/50] TITAN.NS
2026-03-09 11:51:30 | INFO     | src.intraday:predict_timeframe:357 — Predicting TITAN.NS [5min]...
2026-03-09 11:51:30 | ERROR    | src.intraday:predict_timeframe:455 — Error predicting TITAN.NS [5min]: 'Index' object has no attribute 'clip'
2026-03-09 11:51:30 | INFO     | src.intraday:predict_timeframe:357 — Predicting TITAN.NS [15min]...
2026-03-09 11:51:31 | ERROR    | src.intraday:predict_timeframe:455 — Error predicting TITAN.NS [15min]: 'Index' object has no attribute 'clip'
2026-03-09 11:51:31 | INFO     | src.intraday:predict_timeframe:357 — Predicting TITAN.NS [1hr]...
2026-03-09 11:51:31 | ERROR    | src.intraday:predict_timeframe:455 — Error predicting TITAN.NS [1hr]: 'Index' object has no attribute 'clip'
2026-03-09 11:51:31 | INFO     | __main__:scan_all_tickers:65 — [20/50] ULTRACEMCO.NS
2026-03-09 11:51:31 | INFO     | src.intraday:predict_timeframe:357 — Predicting ULTRACEMCO.NS [5min]...
2026-03-09 11:51:32 | ERROR    | src.intraday:predict_timeframe:455 — Error predicting ULTRACEMCO.NS [5min]: 'Index' object has no attribute 'clip'
2026-03-09 11:51:32 | INFO     | src.intraday:predict_timeframe:357 — Predicting ULTRACEMCO.NS [15min]...
2026-03-09 11:51:32 | ERROR    | src.intraday:predict_timeframe:455 — Error predicting ULTRACEMCO.NS [15min]: 'Index' object has no attribute 'clip'
2026-03-09 11:51:32 | INFO     | src.intraday:predict_timeframe:357 — Predicting ULTRACEMCO.NS [1hr]...
2026-03-09 11:51:33 | ERROR    | src.intraday:predict_timeframe:455 — Error predicting ULTRACEMCO.NS [1hr]: 'Index' object has no attribute 'clip'
2026-03-09 11:51:33 | INFO     | __main__:scan_all_tickers:65 — [21/50] NESTLEIND.NS
2026-03-09 11:51:33 | INFO     | src.intraday:predict_timeframe:357 — Predicting NESTLEIND.NS [5min]...
2026-03-09 11:51:33 | ERROR    | src.intraday:predict_timeframe:455 — Error predicting NESTLEIND.NS [5min]: 'Index' object has no attribute 'clip'
2026-03-09 11:51:33 | INFO     | src.intraday:predict_timeframe:357 — Predicting NESTLEIND.NS [15min]...
2026-03-09 11:51:34 | ERROR    | src.intraday:predict_timeframe:455 — Error predicting NESTLEIND.NS [15min]: 'Index' object has no attribute 'clip'
2026-03-09 11:51:34 | INFO     | src.intraday:predict_timeframe:357 — Predicting NESTLEIND.NS [1hr]...
2026-03-09 11:51:34 | ERROR    | src.intraday:predict_timeframe:455 — Error predicting NESTLEIND.NS [1hr]: 'Index' object has no attribute 'clip'
2026-03-09 11:51:34 | INFO     | __main__:scan_all_tickers:65 — [22/50] POWERGRID.NS
2026-03-09 11:51:34 | INFO     | src.intraday:predict_timeframe:357 — Predicting POWERGRID.NS [5min]...
2026-03-09 11:51:35 | ERROR    | src.intraday:predict_timeframe:455 — Error predicting POWERGRID.NS [5min]: 'Index' object has no attribute 'clip'
2026-03-09 11:51:35 | INFO     | src.intraday:predict_timeframe:357 — Predicting POWERGRID.NS [15min]...
2026-03-09 11:51:35 | ERROR    | src.intraday:predict_timeframe:455 — Error predicting POWERGRID.NS [15min]: 'Index' object has no attribute 'clip'
2026-03-09 11:51:35 | INFO     | src.intraday:predict_timeframe:357 — Predicting POWERGRID.NS [1hr]...
2026-03-09 11:51:36 | ERROR    | src.intraday:predict_timeframe:455 — Error predicting POWERGRID.NS [1hr]: 'Index' object has no attribute 'clip'
2026-03-09 11:51:36 | INFO     | __main__:scan_all_tickers:65 — [23/50] NTPC.NS
2026-03-09 11:51:36 | INFO     | src.intraday:predict_timeframe:357 — Predicting NTPC.NS [5min]...
2026-03-09 11:51:36 | ERROR    | src.intraday:predict_timeframe:455 — Error predicting NTPC.NS [5min]: 'Index' object has no attribute 'clip'
2026-03-09 11:51:36 | INFO     | src.intraday:predict_timeframe:357 — Predicting NTPC.NS [15min]...
2026-03-09 11:51:36 | ERROR    | src.intraday:predict_timeframe:455 — Error predicting NTPC.NS [15min]: 'Index' object has no attribute 'clip'
2026-03-09 11:51:36 | INFO     | src.intraday:predict_timeframe:357 — Predicting NTPC.NS [1hr]...
2026-03-09 11:51:37 | ERROR    | src.intraday:predict_timeframe:455 — Error predicting NTPC.NS [1hr]: 'Index' object has no attribute 'clip'
2026-03-09 11:51:37 | INFO     | __main__:scan_all_tickers:65 — [24/50] TECHM.NS
2026-03-09 11:51:37 | INFO     | src.intraday:predict_timeframe:357 — Predicting TECHM.NS [5min]...
2026-03-09 11:51:37 | ERROR    | src.intraday:predict_timeframe:455 — Error predicting TECHM.NS [5min]: 'Index' object has no attribute 'clip'
2026-03-09 11:51:37 | INFO     | src.intraday:predict_timeframe:357 — Predicting TECHM.NS [15min]...
2026-03-09 11:51:37 | ERROR    | src.intraday:predict_timeframe:455 — Error predicting TECHM.NS [15min]: 'Index' object has no attribute 'clip'
2026-03-09 11:51:37 | INFO     | src.intraday:predict_timeframe:357 — Predicting TECHM.NS [1hr]...
2026-03-09 11:51:38 | ERROR    | src.intraday:predict_timeframe:455 — Error predicting TECHM.NS [1hr]: 'Index' object has no attribute 'clip'
2026-03-09 11:51:38 | INFO     | __main__:scan_all_tickers:65 — [25/50] INDUSINDBK.NS
2026-03-09 11:51:38 | INFO     | src.intraday:predict_timeframe:357 — Predicting INDUSINDBK.NS [5min]...
2026-03-09 11:51:38 | ERROR    | src.intraday:predict_timeframe:455 — Error predicting INDUSINDBK.NS [5min]: 'Index' object has no attribute 'clip'
2026-03-09 11:51:38 | INFO     | src.intraday:predict_timeframe:357 — Predicting INDUSINDBK.NS [15min]...
2026-03-09 11:51:39 | ERROR    | src.intraday:predict_timeframe:455 — Error predicting INDUSINDBK.NS [15min]: 'Index' object has no attribute 'clip'
2026-03-09 11:51:39 | INFO     | src.intraday:predict_timeframe:357 — Predicting INDUSINDBK.NS [1hr]...
2026-03-09 11:51:39 | ERROR    | src.intraday:predict_timeframe:455 — Error predicting INDUSINDBK.NS [1hr]: 'Index' object has no attribute 'clip'
2026-03-09 11:51:39 | INFO     | __main__:scan_all_tickers:65 — [26/50] BAJAJFINSV.NS
2026-03-09 11:51:39 | INFO     | src.intraday:predict_timeframe:357 — Predicting BAJAJFINSV.NS [5min]...
2026-03-09 11:51:40 | ERROR    | src.intraday:predict_timeframe:455 — Error predicting BAJAJFINSV.NS [5min]: 'Index' object has no attribute 'clip'
2026-03-09 11:51:40 | INFO     | src.intraday:predict_timeframe:357 — Predicting BAJAJFINSV.NS [15min]...
2026-03-09 11:51:40 | ERROR    | src.intraday:predict_timeframe:455 — Error predicting BAJAJFINSV.NS [15min]: 'Index' object has no attribute 'clip'
2026-03-09 11:51:40 | INFO     | src.intraday:predict_timeframe:357 — Predicting BAJAJFINSV.NS [1hr]...
2026-03-09 11:51:40 | ERROR    | src.intraday:predict_timeframe:455 — Error predicting BAJAJFINSV.NS [1hr]: 'Index' object has no attribute 'clip'
2026-03-09 11:51:40 | INFO     | __main__:scan_all_tickers:65 — [27/50] ONGC.NS
2026-03-09 11:51:40 | INFO     | src.intraday:predict_timeframe:357 — Predicting ONGC.NS [5min]...
2026-03-09 11:51:41 | ERROR    | src.intraday:predict_timeframe:455 — Error predicting ONGC.NS [5min]: 'Index' object has no attribute 'clip'
2026-03-09 11:51:41 | INFO     | src.intraday:predict_timeframe:357 — Predicting ONGC.NS [15min]...
2026-03-09 11:51:41 | ERROR    | src.intraday:predict_timeframe:455 — Error predicting ONGC.NS [15min]: 'Index' object has no attribute 'clip'
2026-03-09 11:51:41 | INFO     | src.intraday:predict_timeframe:357 — Predicting ONGC.NS [1hr]...
2026-03-09 11:51:41 | ERROR    | src.intraday:predict_timeframe:455 — Error predicting ONGC.NS [1hr]: 'Index' object has no attribute 'clip'
2026-03-09 11:51:41 | INFO     | __main__:scan_all_tickers:65 — [28/50] COALINDIA.NS
2026-03-09 11:51:41 | INFO     | src.intraday:predict_timeframe:357 — Predicting COALINDIA.NS [5min]...
2026-03-09 11:51:42 | ERROR    | src.intraday:predict_timeframe:455 — Error predicting COALINDIA.NS [5min]: 'Index' object has no attribute 'clip'
2026-03-09 11:51:42 | INFO     | src.intraday:predict_timeframe:357 — Predicting COALINDIA.NS [15min]...
2026-03-09 11:51:42 | ERROR    | src.intraday:predict_timeframe:455 — Error predicting COALINDIA.NS [15min]: 'Index' object has no attribute 'clip'
2026-03-09 11:51:42 | INFO     | src.intraday:predict_timeframe:357 — Predicting COALINDIA.NS [1hr]...
2026-03-09 11:51:43 | ERROR    | src.intraday:predict_timeframe:455 — Error predicting COALINDIA.NS [1hr]: 'Index' object has no attribute 'clip'
2026-03-09 11:51:43 | INFO     | __main__:scan_all_tickers:65 — [29/50] JSWSTEEL.NS
2026-03-09 11:51:43 | INFO     | src.intraday:predict_timeframe:357 — Predicting JSWSTEEL.NS [5min]...
2026-03-09 11:51:43 | ERROR    | src.intraday:predict_timeframe:455 — Error predicting JSWSTEEL.NS [5min]: 'Index' object has no attribute 'clip'
2026-03-09 11:51:43 | INFO     | src.intraday:predict_timeframe:357 — Predicting JSWSTEEL.NS [15min]...
2026-03-09 11:51:43 | ERROR    | src.intraday:predict_timeframe:455 — Error predicting JSWSTEEL.NS [15min]: 'Index' object has no attribute 'clip'
2026-03-09 11:51:43 | INFO     | src.intraday:predict_timeframe:357 — Predicting JSWSTEEL.NS [1hr]...
2026-03-09 11:51:44 | ERROR    | src.intraday:predict_timeframe:455 — Error predicting JSWSTEEL.NS [1hr]: 'Index' object has no attribute 'clip'
2026-03-09 11:51:44 | INFO     | __main__:scan_all_tickers:65 — [30/50] TATAMOTORS.NS
2026-03-09 11:51:44 | INFO     | src.intraday:predict_timeframe:357 — Predicting TATAMOTORS.NS [5min]...
2026-03-09 11:51:45 | INFO     | src.intraday:predict_timeframe:357 — Predicting TATAMOTORS.NS [15min]...
2026-03-09 11:51:46 | INFO     | src.intraday:predict_timeframe:357 — Predicting TATAMOTORS.NS [1hr]...
2026-03-09 11:51:47 | INFO     | __main__:scan_all_tickers:65 — [31/50] TATASTEEL.NS
2026-03-09 11:51:47 | INFO     | src.intraday:predict_timeframe:357 — Predicting TATASTEEL.NS [5min]...
2026-03-09 11:51:47 | ERROR    | src.intraday:predict_timeframe:455 — Error predicting TATASTEEL.NS [5min]: 'Index' object has no attribute 'clip'
2026-03-09 11:51:47 | INFO     | src.intraday:predict_timeframe:357 — Predicting TATASTEEL.NS [15min]...
2026-03-09 11:51:48 | ERROR    | src.intraday:predict_timeframe:455 — Error predicting TATASTEEL.NS [15min]: 'Index' object has no attribute 'clip'
2026-03-09 11:51:48 | INFO     | src.intraday:predict_timeframe:357 — Predicting TATASTEEL.NS [1hr]...
2026-03-09 11:51:48 | ERROR    | src.intraday:predict_timeframe:455 — Error predicting TATASTEEL.NS [1hr]: 'Index' object has no attribute 'clip'
2026-03-09 11:51:48 | INFO     | __main__:scan_all_tickers:65 — [32/50] ADANIPORTS.NS
2026-03-09 11:51:48 | INFO     | src.intraday:predict_timeframe:357 — Predicting ADANIPORTS.NS [5min]...
2026-03-09 11:51:48 | ERROR    | src.intraday:predict_timeframe:455 — Error predicting ADANIPORTS.NS [5min]: 'Index' object has no attribute 'clip'
2026-03-09 11:51:48 | INFO     | src.intraday:predict_timeframe:357 — Predicting ADANIPORTS.NS [15min]...
2026-03-09 11:51:49 | ERROR    | src.intraday:predict_timeframe:455 — Error predicting ADANIPORTS.NS [15min]: 'Index' object has no attribute 'clip'
2026-03-09 11:51:49 | INFO     | src.intraday:predict_timeframe:357 — Predicting ADANIPORTS.NS [1hr]...
2026-03-09 11:51:49 | ERROR    | src.intraday:predict_timeframe:455 — Error predicting ADANIPORTS.NS [1hr]: 'Index' object has no attribute 'clip'
2026-03-09 11:51:49 | INFO     | __main__:scan_all_tickers:65 — [33/50] ADANIENT.NS
2026-03-09 11:51:49 | INFO     | src.intraday:predict_timeframe:357 — Predicting ADANIENT.NS [5min]...
2026-03-09 11:51:50 | ERROR    | src.intraday:predict_timeframe:455 — Error predicting ADANIENT.NS [5min]: 'Index' object has no attribute 'clip'
2026-03-09 11:51:50 | INFO     | src.intraday:predict_timeframe:357 — Predicting ADANIENT.NS [15min]...
2026-03-09 11:51:50 | ERROR    | src.intraday:predict_timeframe:455 — Error predicting ADANIENT.NS [15min]: 'Index' object has no attribute 'clip'
2026-03-09 11:51:50 | INFO     | src.intraday:predict_timeframe:357 — Predicting ADANIENT.NS [1hr]...
2026-03-09 11:51:50 | ERROR    | src.intraday:predict_timeframe:455 — Error predicting ADANIENT.NS [1hr]: 'Index' object has no attribute 'clip'
2026-03-09 11:51:50 | INFO     | __main__:scan_all_tickers:65 — [34/50] CIPLA.NS
2026-03-09 11:51:50 | INFO     | src.intraday:predict_timeframe:357 — Predicting CIPLA.NS [5min]...
2026-03-09 11:51:51 | ERROR    | src.intraday:predict_timeframe:455 — Error predicting CIPLA.NS [5min]: 'Index' object has no attribute 'clip'
2026-03-09 11:51:51 | INFO     | src.intraday:predict_timeframe:357 — Predicting CIPLA.NS [15min]...
2026-03-09 11:51:51 | ERROR    | src.intraday:predict_timeframe:455 — Error predicting CIPLA.NS [15min]: 'Index' object has no attribute 'clip'
2026-03-09 11:51:51 | INFO     | src.intraday:predict_timeframe:357 — Predicting CIPLA.NS [1hr]...
2026-03-09 11:51:51 | ERROR    | src.intraday:predict_timeframe:455 — Error predicting CIPLA.NS [1hr]: 'Index' object has no attribute 'clip'
2026-03-09 11:51:51 | INFO     | __main__:scan_all_tickers:65 — [35/50] DRREDDY.NS
2026-03-09 11:51:51 | INFO     | src.intraday:predict_timeframe:357 — Predicting DRREDDY.NS [5min]...
2026-03-09 11:51:52 | ERROR    | src.intraday:predict_timeframe:455 — Error predicting DRREDDY.NS [5min]: 'Index' object has no attribute 'clip'
2026-03-09 11:51:52 | INFO     | src.intraday:predict_timeframe:357 — Predicting DRREDDY.NS [15min]...
2026-03-09 11:51:52 | ERROR    | src.intraday:predict_timeframe:455 — Error predicting DRREDDY.NS [15min]: 'Index' object has no attribute 'clip'
2026-03-09 11:51:52 | INFO     | src.intraday:predict_timeframe:357 — Predicting DRREDDY.NS [1hr]...
2026-03-09 11:51:53 | ERROR    | src.intraday:predict_timeframe:455 — Error predicting DRREDDY.NS [1hr]: 'Index' object has no attribute 'clip'
2026-03-09 11:51:53 | INFO     | __main__:scan_all_tickers:65 — [36/50] DIVISLAB.NS
2026-03-09 11:51:53 | INFO     | src.intraday:predict_timeframe:357 — Predicting DIVISLAB.NS [5min]...
2026-03-09 11:51:53 | ERROR    | src.intraday:predict_timeframe:455 — Error predicting DIVISLAB.NS [5min]: 'Index' object has no attribute 'clip'
2026-03-09 11:51:53 | INFO     | src.intraday:predict_timeframe:357 — Predicting DIVISLAB.NS [15min]...
2026-03-09 11:51:53 | ERROR    | src.intraday:predict_timeframe:455 — Error predicting DIVISLAB.NS [15min]: 'Index' object has no attribute 'clip'
2026-03-09 11:51:53 | INFO     | src.intraday:predict_timeframe:357 — Predicting DIVISLAB.NS [1hr]...
2026-03-09 11:51:54 | ERROR    | src.intraday:predict_timeframe:455 — Error predicting DIVISLAB.NS [1hr]: 'Index' object has no attribute 'clip'
2026-03-09 11:51:54 | INFO     | __main__:scan_all_tickers:65 — [37/50] EICHERMOT.NS
2026-03-09 11:51:54 | INFO     | src.intraday:predict_timeframe:357 — Predicting EICHERMOT.NS [5min]...
2026-03-09 11:51:54 | ERROR    | src.intraday:predict_timeframe:455 — Error predicting EICHERMOT.NS [5min]: 'Index' object has no attribute 'clip'
2026-03-09 11:51:54 | INFO     | src.intraday:predict_timeframe:357 — Predicting EICHERMOT.NS [15min]...
2026-03-09 11:51:55 | ERROR    | src.intraday:predict_timeframe:455 — Error predicting EICHERMOT.NS [15min]: 'Index' object has no attribute 'clip'
2026-03-09 11:51:55 | INFO     | src.intraday:predict_timeframe:357 — Predicting EICHERMOT.NS [1hr]...
2026-03-09 11:51:55 | ERROR    | src.intraday:predict_timeframe:455 — Error predicting EICHERMOT.NS [1hr]: 'Index' object has no attribute 'clip'
2026-03-09 11:51:55 | INFO     | __main__:scan_all_tickers:65 — [38/50] HEROMOTOCO.NS
2026-03-09 11:51:55 | INFO     | src.intraday:predict_timeframe:357 — Predicting HEROMOTOCO.NS [5min]...
2026-03-09 11:51:55 | ERROR    | src.intraday:predict_timeframe:455 — Error predicting HEROMOTOCO.NS [5min]: 'Index' object has no attribute 'clip'
2026-03-09 11:51:55 | INFO     | src.intraday:predict_timeframe:357 — Predicting HEROMOTOCO.NS [15min]...
2026-03-09 11:51:56 | ERROR    | src.intraday:predict_timeframe:455 — Error predicting HEROMOTOCO.NS [15min]: 'Index' object has no attribute 'clip'
2026-03-09 11:51:56 | INFO     | src.intraday:predict_timeframe:357 — Predicting HEROMOTOCO.NS [1hr]...
2026-03-09 11:51:56 | ERROR    | src.intraday:predict_timeframe:455 — Error predicting HEROMOTOCO.NS [1hr]: 'Index' object has no attribute 'clip'
2026-03-09 11:51:56 | INFO     | __main__:scan_all_tickers:65 — [39/50] BRITANNIA.NS
2026-03-09 11:51:56 | INFO     | src.intraday:predict_timeframe:357 — Predicting BRITANNIA.NS [5min]...
2026-03-09 11:51:57 | ERROR    | src.intraday:predict_timeframe:455 — Error predicting BRITANNIA.NS [5min]: 'Index' object has no attribute 'clip'
2026-03-09 11:51:57 | INFO     | src.intraday:predict_timeframe:357 — Predicting BRITANNIA.NS [15min]...
2026-03-09 11:51:57 | ERROR    | src.intraday:predict_timeframe:455 — Error predicting BRITANNIA.NS [15min]: 'Index' object has no attribute 'clip'
2026-03-09 11:51:57 | INFO     | src.intraday:predict_timeframe:357 — Predicting BRITANNIA.NS [1hr]...
2026-03-09 11:51:57 | ERROR    | src.intraday:predict_timeframe:455 — Error predicting BRITANNIA.NS [1hr]: 'Index' object has no attribute 'clip'
2026-03-09 11:51:57 | INFO     | __main__:scan_all_tickers:65 — [40/50] APOLLOHOSP.NS
2026-03-09 11:51:57 | INFO     | src.intraday:predict_timeframe:357 — Predicting APOLLOHOSP.NS [5min]...
2026-03-09 11:51:58 | ERROR    | src.intraday:predict_timeframe:455 — Error predicting APOLLOHOSP.NS [5min]: 'Index' object has no attribute 'clip'
2026-03-09 11:51:58 | INFO     | src.intraday:predict_timeframe:357 — Predicting APOLLOHOSP.NS [15min]...
2026-03-09 11:51:58 | ERROR    | src.intraday:predict_timeframe:455 — Error predicting APOLLOHOSP.NS [15min]: 'Index' object has no attribute 'clip'
2026-03-09 11:51:58 | INFO     | src.intraday:predict_timeframe:357 — Predicting APOLLOHOSP.NS [1hr]...
2026-03-09 11:51:59 | ERROR    | src.intraday:predict_timeframe:455 — Error predicting APOLLOHOSP.NS [1hr]: 'Index' object has no attribute 'clip'
2026-03-09 11:51:59 | INFO     | __main__:scan_all_tickers:65 — [41/50] BAJAJ-AUTO.NS
2026-03-09 11:51:59 | INFO     | src.intraday:predict_timeframe:357 — Predicting BAJAJ-AUTO.NS [5min]...
2026-03-09 11:51:59 | ERROR    | src.intraday:predict_timeframe:455 — Error predicting BAJAJ-AUTO.NS [5min]: 'Index' object has no attribute 'clip'
2026-03-09 11:51:59 | INFO     | src.intraday:predict_timeframe:357 — Predicting BAJAJ-AUTO.NS [15min]...
2026-03-09 11:52:00 | ERROR    | src.intraday:predict_timeframe:455 — Error predicting BAJAJ-AUTO.NS [15min]: 'Index' object has no attribute 'clip'
2026-03-09 11:52:00 | INFO     | src.intraday:predict_timeframe:357 — Predicting BAJAJ-AUTO.NS [1hr]...
2026-03-09 11:52:00 | ERROR    | src.intraday:predict_timeframe:455 — Error predicting BAJAJ-AUTO.NS [1hr]: 'Index' object has no attribute 'clip'
2026-03-09 11:52:00 | INFO     | __main__:scan_all_tickers:65 — [42/50] BPCL.NS
2026-03-09 11:52:00 | INFO     | src.intraday:predict_timeframe:357 — Predicting BPCL.NS [5min]...
2026-03-09 11:52:00 | ERROR    | src.intraday:predict_timeframe:455 — Error predicting BPCL.NS [5min]: 'Index' object has no attribute 'clip'
2026-03-09 11:52:00 | INFO     | src.intraday:predict_timeframe:357 — Predicting BPCL.NS [15min]...
2026-03-09 11:52:01 | ERROR    | src.intraday:predict_timeframe:455 — Error predicting BPCL.NS [15min]: 'Index' object has no attribute 'clip'
2026-03-09 11:52:01 | INFO     | src.intraday:predict_timeframe:357 — Predicting BPCL.NS [1hr]...
2026-03-09 11:52:01 | ERROR    | src.intraday:predict_timeframe:455 — Error predicting BPCL.NS [1hr]: 'Index' object has no attribute 'clip'
2026-03-09 11:52:01 | INFO     | __main__:scan_all_tickers:65 — [43/50] GRASIM.NS
2026-03-09 11:52:01 | INFO     | src.intraday:predict_timeframe:357 — Predicting GRASIM.NS [5min]...
2026-03-09 11:52:01 | ERROR    | src.intraday:predict_timeframe:455 — Error predicting GRASIM.NS [5min]: 'Index' object has no attribute 'clip'
2026-03-09 11:52:01 | INFO     | src.intraday:predict_timeframe:357 — Predicting GRASIM.NS [15min]...
2026-03-09 11:52:02 | ERROR    | src.intraday:predict_timeframe:455 — Error predicting GRASIM.NS [15min]: 'Index' object has no attribute 'clip'
2026-03-09 11:52:02 | INFO     | src.intraday:predict_timeframe:357 — Predicting GRASIM.NS [1hr]...
2026-03-09 11:52:02 | ERROR    | src.intraday:predict_timeframe:455 — Error predicting GRASIM.NS [1hr]: 'Index' object has no attribute 'clip'
2026-03-09 11:52:02 | INFO     | __main__:scan_all_tickers:65 — [44/50] HINDALCO.NS
2026-03-09 11:52:02 | INFO     | src.intraday:predict_timeframe:357 — Predicting HINDALCO.NS [5min]...
2026-03-09 11:52:03 | ERROR    | src.intraday:predict_timeframe:455 — Error predicting HINDALCO.NS [5min]: 'Index' object has no attribute 'clip'
2026-03-09 11:52:03 | INFO     | src.intraday:predict_timeframe:357 — Predicting HINDALCO.NS [15min]...
2026-03-09 11:52:03 | ERROR    | src.intraday:predict_timeframe:455 — Error predicting HINDALCO.NS [15min]: 'Index' object has no attribute 'clip'
2026-03-09 11:52:03 | INFO     | src.intraday:predict_timeframe:357 — Predicting HINDALCO.NS [1hr]...
2026-03-09 11:52:03 | ERROR    | src.intraday:predict_timeframe:455 — Error predicting HINDALCO.NS [1hr]: 'Index' object has no attribute 'clip'
2026-03-09 11:52:03 | INFO     | __main__:scan_all_tickers:65 — [45/50] MM.NS
2026-03-09 11:52:03 | INFO     | src.intraday:predict_timeframe:357 — Predicting MM.NS [5min]...
2026-03-09 11:52:05 | INFO     | src.intraday:predict_timeframe:357 — Predicting MM.NS [15min]...
2026-03-09 11:52:06 | INFO     | src.intraday:predict_timeframe:357 — Predicting MM.NS [1hr]...
2026-03-09 11:52:07 | INFO     | __main__:scan_all_tickers:65 — [46/50] SBILIFE.NS
2026-03-09 11:52:07 | INFO     | src.intraday:predict_timeframe:357 — Predicting SBILIFE.NS [5min]...
2026-03-09 11:52:07 | ERROR    | src.intraday:predict_timeframe:455 — Error predicting SBILIFE.NS [5min]: 'Index' object has no attribute 'clip'
2026-03-09 11:52:07 | INFO     | src.intraday:predict_timeframe:357 — Predicting SBILIFE.NS [15min]...
2026-03-09 11:52:07 | ERROR    | src.intraday:predict_timeframe:455 — Error predicting SBILIFE.NS [15min]: 'Index' object has no attribute 'clip'
2026-03-09 11:52:07 | INFO     | src.intraday:predict_timeframe:357 — Predicting SBILIFE.NS [1hr]...
2026-03-09 11:52:08 | ERROR    | src.intraday:predict_timeframe:455 — Error predicting SBILIFE.NS [1hr]: 'Index' object has no attribute 'clip'
2026-03-09 11:52:08 | INFO     | __main__:scan_all_tickers:65 — [47/50] HDFCLIFE.NS
2026-03-09 11:52:08 | INFO     | src.intraday:predict_timeframe:357 — Predicting HDFCLIFE.NS [5min]...
2026-03-09 11:52:08 | ERROR    | src.intraday:predict_timeframe:455 — Error predicting HDFCLIFE.NS [5min]: 'Index' object has no attribute 'clip'
2026-03-09 11:52:08 | INFO     | src.intraday:predict_timeframe:357 — Predicting HDFCLIFE.NS [15min]...
2026-03-09 11:52:09 | ERROR    | src.intraday:predict_timeframe:455 — Error predicting HDFCLIFE.NS [15min]: 'Index' object has no attribute 'clip'
2026-03-09 11:52:09 | INFO     | src.intraday:predict_timeframe:357 — Predicting HDFCLIFE.NS [1hr]...
2026-03-09 11:52:09 | ERROR    | src.intraday:predict_timeframe:455 — Error predicting HDFCLIFE.NS [1hr]: 'Index' object has no attribute 'clip'
2026-03-09 11:52:09 | INFO     | __main__:scan_all_tickers:65 — [48/50] TATACONSUM.NS
2026-03-09 11:52:09 | INFO     | src.intraday:predict_timeframe:357 — Predicting TATACONSUM.NS [5min]...
2026-03-09 11:52:09 | ERROR    | src.intraday:predict_timeframe:455 — Error predicting TATACONSUM.NS [5min]: 'Index' object has no attribute 'clip'
2026-03-09 11:52:09 | INFO     | src.intraday:predict_timeframe:357 — Predicting TATACONSUM.NS [15min]...
2026-03-09 11:52:10 | ERROR    | src.intraday:predict_timeframe:455 — Error predicting TATACONSUM.NS [15min]: 'Index' object has no attribute 'clip'
2026-03-09 11:52:10 | INFO     | src.intraday:predict_timeframe:357 — Predicting TATACONSUM.NS [1hr]...
2026-03-09 11:52:10 | ERROR    | src.intraday:predict_timeframe:455 — Error predicting TATACONSUM.NS [1hr]: 'Index' object has no attribute 'clip'
2026-03-09 11:52:10 | INFO     | __main__:scan_all_tickers:65 — [49/50] UPL.NS
2026-03-09 11:52:10 | INFO     | src.intraday:predict_timeframe:357 — Predicting UPL.NS [5min]...
2026-03-09 11:52:10 | ERROR    | src.intraday:predict_timeframe:455 — Error predicting UPL.NS [5min]: 'Index' object has no attribute 'clip'
2026-03-09 11:52:10 | INFO     | src.intraday:predict_timeframe:357 — Predicting UPL.NS [15min]...
2026-03-09 11:52:11 | ERROR    | src.intraday:predict_timeframe:455 — Error predicting UPL.NS [15min]: 'Index' object has no attribute 'clip'
2026-03-09 11:52:11 | INFO     | src.intraday:predict_timeframe:357 — Predicting UPL.NS [1hr]...
2026-03-09 11:52:11 | ERROR    | src.intraday:predict_timeframe:455 — Error predicting UPL.NS [1hr]: 'Index' object has no attribute 'clip'
2026-03-09 11:52:11 | INFO     | __main__:scan_all_tickers:65 — [50/50] SHRIRAMFIN.NS
2026-03-09 11:52:11 | INFO     | src.intraday:predict_timeframe:357 — Predicting SHRIRAMFIN.NS [5min]...
2026-03-09 11:52:11 | ERROR    | src.intraday:predict_timeframe:455 — Error predicting SHRIRAMFIN.NS [5min]: 'Index' object has no attribute 'clip'
2026-03-09 11:52:11 | INFO     | src.intraday:predict_timeframe:357 — Predicting SHRIRAMFIN.NS [15min]...
2026-03-09 11:52:12 | ERROR    | src.intraday:predict_timeframe:455 — Error predicting SHRIRAMFIN.NS [15min]: 'Index' object has no attribute 'clip'
2026-03-09 11:52:12 | INFO     | src.intraday:predict_timeframe:357 — Predicting SHRIRAMFIN.NS [1hr]...
2026-03-09 11:52:12 | ERROR    | src.intraday:predict_timeframe:455 — Error predicting SHRIRAMFIN.NS [1hr]: 'Index' object has no attribute 'clip'
2026-03-09 11:52:12 | INFO     | __main__:scan_all_tickers:98 — 
Scan complete:
2026-03-09 11:52:12 | INFO     | __main__:scan_all_tickers:99 —   Strong Buys:  0
2026-03-09 11:52:12 | INFO     | __main__:scan_all_tickers:100 —   Strong Sells: 0
2026-03-09 11:52:12 | INFO     | __main__:scan_all_tickers:101 —   Total alerts: 0
2026-03-09 11:52:37 | INFO     | __main__:main:224 — Running in loop mode — scanning every 15 minutes
2026-03-09 11:52:37 | INFO     | __main__:main:225 — Press Ctrl+C to stop
2026-03-09 11:52:37 | INFO     | __main__:run_scan:194 — ============================================================
2026-03-09 11:52:37 | INFO     | __main__:run_scan:195 —   NSE INTRADAY SCANNER
2026-03-09 11:52:37 | INFO     | __main__:run_scan:196 —   Time: 09 Mar 2026 11:52:37 IST
2026-03-09 11:52:37 | INFO     | __main__:run_scan:197 — ============================================================
2026-03-09 11:52:37 | INFO     | __main__:scan_all_tickers:61 — Scanning 50 tickers across 3 timeframes...
2026-03-09 11:52:37 | INFO     | __main__:scan_all_tickers:62 — Market open: True
2026-03-09 11:52:37 | INFO     | __main__:scan_all_tickers:65 — [1/50] RELIANCE.NS
2026-03-09 11:52:37 | INFO     | src.intraday:predict_timeframe:357 — Predicting RELIANCE.NS [5min]...
2026-03-09 11:52:40 | ERROR    | src.intraday:predict_timeframe:455 — Error predicting RELIANCE.NS [5min]: 'Index' object has no attribute 'clip'
2026-03-09 11:52:40 | INFO     | src.intraday:predict_timeframe:357 — Predicting RELIANCE.NS [15min]...
2026-03-09 11:52:40 | ERROR    | src.intraday:predict_timeframe:455 — Error predicting RELIANCE.NS [15min]: 'Index' object has no attribute 'clip'
2026-03-09 11:52:40 | INFO     | src.intraday:predict_timeframe:357 — Predicting RELIANCE.NS [1hr]...
2026-03-09 11:52:41 | ERROR    | src.intraday:predict_timeframe:455 — Error predicting RELIANCE.NS [1hr]: 'Index' object has no attribute 'clip'
2026-03-09 11:52:41 | INFO     | __main__:scan_all_tickers:65 — [2/50] TCS.NS
2026-03-09 11:52:41 | INFO     | src.intraday:predict_timeframe:357 — Predicting TCS.NS [5min]...
2026-03-09 11:52:41 | ERROR    | src.intraday:predict_timeframe:455 — Error predicting TCS.NS [5min]: 'Index' object has no attribute 'clip'
2026-03-09 11:52:41 | INFO     | src.intraday:predict_timeframe:357 — Predicting TCS.NS [15min]...
2026-03-09 11:52:42 | ERROR    | src.intraday:predict_timeframe:455 — Error predicting TCS.NS [15min]: 'Index' object has no attribute 'clip'
2026-03-09 11:52:42 | INFO     | src.intraday:predict_timeframe:357 — Predicting TCS.NS [1hr]...
2026-03-09 11:52:42 | ERROR    | src.intraday:predict_timeframe:455 — Error predicting TCS.NS [1hr]: 'Index' object has no attribute 'clip'
2026-03-09 11:52:42 | INFO     | __main__:scan_all_tickers:65 — [3/50] HDFCBANK.NS
2026-03-09 11:52:42 | INFO     | src.intraday:predict_timeframe:357 — Predicting HDFCBANK.NS [5min]...
2026-03-09 11:52:43 | ERROR    | src.intraday:predict_timeframe:455 — Error predicting HDFCBANK.NS [5min]: 'Index' object has no attribute 'clip'
2026-03-09 11:52:43 | INFO     | src.intraday:predict_timeframe:357 — Predicting HDFCBANK.NS [15min]...
2026-03-09 11:52:43 | ERROR    | src.intraday:predict_timeframe:455 — Error predicting HDFCBANK.NS [15min]: 'Index' object has no attribute 'clip'
2026-03-09 11:52:43 | INFO     | src.intraday:predict_timeframe:357 — Predicting HDFCBANK.NS [1hr]...
2026-03-09 11:52:43 | ERROR    | src.intraday:predict_timeframe:455 — Error predicting HDFCBANK.NS [1hr]: 'Index' object has no attribute 'clip'
2026-03-09 11:52:43 | INFO     | __main__:scan_all_tickers:65 — [4/50] BHARTIARTL.NS
2026-03-09 11:52:43 | INFO     | src.intraday:predict_timeframe:357 — Predicting BHARTIARTL.NS [5min]...
2026-03-09 11:52:44 | ERROR    | src.intraday:predict_timeframe:455 — Error predicting BHARTIARTL.NS [5min]: 'Index' object has no attribute 'clip'
2026-03-09 11:52:44 | INFO     | src.intraday:predict_timeframe:357 — Predicting BHARTIARTL.NS [15min]...
2026-03-09 11:52:44 | ERROR    | src.intraday:predict_timeframe:455 — Error predicting BHARTIARTL.NS [15min]: 'Index' object has no attribute 'clip'
2026-03-09 11:52:44 | INFO     | src.intraday:predict_timeframe:357 — Predicting BHARTIARTL.NS [1hr]...
2026-03-09 11:52:45 | ERROR    | src.intraday:predict_timeframe:455 — Error predicting BHARTIARTL.NS [1hr]: 'Index' object has no attribute 'clip'
2026-03-09 11:52:45 | INFO     | __main__:scan_all_tickers:65 — [5/50] ICICIBANK.NS
2026-03-09 11:52:45 | INFO     | src.intraday:predict_timeframe:357 — Predicting ICICIBANK.NS [5min]...
2026-03-09 11:52:45 | ERROR    | src.intraday:predict_timeframe:455 — Error predicting ICICIBANK.NS [5min]: 'Index' object has no attribute 'clip'
2026-03-09 11:52:45 | INFO     | src.intraday:predict_timeframe:357 — Predicting ICICIBANK.NS [15min]...
2026-03-09 11:52:46 | ERROR    | src.intraday:predict_timeframe:455 — Error predicting ICICIBANK.NS [15min]: 'Index' object has no attribute 'clip'
2026-03-09 11:52:46 | INFO     | src.intraday:predict_timeframe:357 — Predicting ICICIBANK.NS [1hr]...
2026-03-09 11:52:46 | ERROR    | src.intraday:predict_timeframe:455 — Error predicting ICICIBANK.NS [1hr]: 'Index' object has no attribute 'clip'
2026-03-09 11:52:46 | INFO     | __main__:scan_all_tickers:65 — [6/50] INFOSYS.NS
2026-03-09 11:52:46 | INFO     | src.intraday:predict_timeframe:357 — Predicting INFOSYS.NS [5min]...
2026-03-09 11:52:50 | INFO     | src.intraday:predict_timeframe:357 — Predicting INFOSYS.NS [15min]...
2026-03-09 11:52:52 | INFO     | src.intraday:predict_timeframe:357 — Predicting INFOSYS.NS [1hr]...
2026-03-09 11:52:53 | INFO     | __main__:scan_all_tickers:65 — [7/50] SBIN.NS
2026-03-09 11:52:53 | INFO     | src.intraday:predict_timeframe:357 — Predicting SBIN.NS [5min]...
2026-03-09 11:52:54 | ERROR    | src.intraday:predict_timeframe:455 — Error predicting SBIN.NS [5min]: 'Index' object has no attribute 'clip'
2026-03-09 11:52:54 | INFO     | src.intraday:predict_timeframe:357 — Predicting SBIN.NS [15min]...
2026-03-09 11:52:54 | ERROR    | src.intraday:predict_timeframe:455 — Error predicting SBIN.NS [15min]: 'Index' object has no attribute 'clip'
2026-03-09 11:52:54 | INFO     | src.intraday:predict_timeframe:357 — Predicting SBIN.NS [1hr]...
2026-03-09 11:52:54 | ERROR    | src.intraday:predict_timeframe:455 — Error predicting SBIN.NS [1hr]: 'Index' object has no attribute 'clip'
2026-03-09 11:52:54 | INFO     | __main__:scan_all_tickers:65 — [8/50] HINDUNILVR.NS
2026-03-09 11:52:54 | INFO     | src.intraday:predict_timeframe:357 — Predicting HINDUNILVR.NS [5min]...
2026-03-09 11:52:55 | ERROR    | src.intraday:predict_timeframe:455 — Error predicting HINDUNILVR.NS [5min]: 'Index' object has no attribute 'clip'
2026-03-09 11:52:55 | INFO     | src.intraday:predict_timeframe:357 — Predicting HINDUNILVR.NS [15min]...
2026-03-09 11:52:55 | ERROR    | src.intraday:predict_timeframe:455 — Error predicting HINDUNILVR.NS [15min]: 'Index' object has no attribute 'clip'
2026-03-09 11:52:55 | INFO     | src.intraday:predict_timeframe:357 — Predicting HINDUNILVR.NS [1hr]...
2026-03-09 11:52:56 | ERROR    | src.intraday:predict_timeframe:455 — Error predicting HINDUNILVR.NS [1hr]: 'Index' object has no attribute 'clip'
2026-03-09 11:52:56 | INFO     | __main__:scan_all_tickers:65 — [9/50] ITC.NS
2026-03-09 11:52:56 | INFO     | src.intraday:predict_timeframe:357 — Predicting ITC.NS [5min]...
2026-03-09 11:52:56 | ERROR    | src.intraday:predict_timeframe:455 — Error predicting ITC.NS [5min]: 'Index' object has no attribute 'clip'
2026-03-09 11:52:56 | INFO     | src.intraday:predict_timeframe:357 — Predicting ITC.NS [15min]...
2026-03-09 11:52:57 | ERROR    | src.intraday:predict_timeframe:455 — Error predicting ITC.NS [15min]: 'Index' object has no attribute 'clip'
2026-03-09 11:52:57 | INFO     | src.intraday:predict_timeframe:357 — Predicting ITC.NS [1hr]...
2026-03-09 11:52:57 | ERROR    | src.intraday:predict_timeframe:455 — Error predicting ITC.NS [1hr]: 'Index' object has no attribute 'clip'
2026-03-09 11:52:57 | INFO     | __main__:scan_all_tickers:65 — [10/50] LT.NS
2026-03-09 11:52:57 | INFO     | src.intraday:predict_timeframe:357 — Predicting LT.NS [5min]...
2026-03-09 11:52:58 | ERROR    | src.intraday:predict_timeframe:455 — Error predicting LT.NS [5min]: 'Index' object has no attribute 'clip'
2026-03-09 11:52:58 | INFO     | src.intraday:predict_timeframe:357 — Predicting LT.NS [15min]...
2026-03-09 11:52:58 | ERROR    | src.intraday:predict_timeframe:455 — Error predicting LT.NS [15min]: 'Index' object has no attribute 'clip'
2026-03-09 11:52:58 | INFO     | src.intraday:predict_timeframe:357 — Predicting LT.NS [1hr]...
2026-03-09 11:52:58 | ERROR    | src.intraday:predict_timeframe:455 — Error predicting LT.NS [1hr]: 'Index' object has no attribute 'clip'
2026-03-09 11:52:58 | INFO     | __main__:scan_all_tickers:65 — [11/50] KOTAKBANK.NS
2026-03-09 11:52:58 | INFO     | src.intraday:predict_timeframe:357 — Predicting KOTAKBANK.NS [5min]...
2026-03-09 11:52:59 | ERROR    | src.intraday:predict_timeframe:455 — Error predicting KOTAKBANK.NS [5min]: 'Index' object has no attribute 'clip'
2026-03-09 11:52:59 | INFO     | src.intraday:predict_timeframe:357 — Predicting KOTAKBANK.NS [15min]...
2026-03-09 11:52:59 | ERROR    | src.intraday:predict_timeframe:455 — Error predicting KOTAKBANK.NS [15min]: 'Index' object has no attribute 'clip'
2026-03-09 11:52:59 | INFO     | src.intraday:predict_timeframe:357 — Predicting KOTAKBANK.NS [1hr]...
2026-03-09 11:53:00 | ERROR    | src.intraday:predict_timeframe:455 — Error predicting KOTAKBANK.NS [1hr]: 'Index' object has no attribute 'clip'
2026-03-09 11:53:00 | INFO     | __main__:scan_all_tickers:65 — [12/50] AXISBANK.NS
2026-03-09 11:53:00 | INFO     | src.intraday:predict_timeframe:357 — Predicting AXISBANK.NS [5min]...
2026-03-09 11:53:00 | ERROR    | src.intraday:predict_timeframe:455 — Error predicting AXISBANK.NS [5min]: 'Index' object has no attribute 'clip'
2026-03-09 11:53:00 | INFO     | src.intraday:predict_timeframe:357 — Predicting AXISBANK.NS [15min]...
2026-03-09 11:53:01 | ERROR    | src.intraday:predict_timeframe:455 — Error predicting AXISBANK.NS [15min]: 'Index' object has no attribute 'clip'
2026-03-09 11:53:01 | INFO     | src.intraday:predict_timeframe:357 — Predicting AXISBANK.NS [1hr]...
2026-03-09 11:53:01 | ERROR    | src.intraday:predict_timeframe:455 — Error predicting AXISBANK.NS [1hr]: 'Index' object has no attribute 'clip'
2026-03-09 11:53:01 | INFO     | __main__:scan_all_tickers:65 — [13/50] BAJFINANCE.NS
2026-03-09 11:53:01 | INFO     | src.intraday:predict_timeframe:357 — Predicting BAJFINANCE.NS [5min]...
2026-03-09 11:53:02 | ERROR    | src.intraday:predict_timeframe:455 — Error predicting BAJFINANCE.NS [5min]: 'Index' object has no attribute 'clip'
2026-03-09 11:53:02 | INFO     | src.intraday:predict_timeframe:357 — Predicting BAJFINANCE.NS [15min]...
2026-03-09 11:53:02 | ERROR    | src.intraday:predict_timeframe:455 — Error predicting BAJFINANCE.NS [15min]: 'Index' object has no attribute 'clip'
2026-03-09 11:53:02 | INFO     | src.intraday:predict_timeframe:357 — Predicting BAJFINANCE.NS [1hr]...
2026-03-09 11:53:03 | ERROR    | src.intraday:predict_timeframe:455 — Error predicting BAJFINANCE.NS [1hr]: 'Index' object has no attribute 'clip'
2026-03-09 11:53:03 | INFO     | __main__:scan_all_tickers:65 — [14/50] WIPRO.NS
2026-03-09 11:53:03 | INFO     | src.intraday:predict_timeframe:357 — Predicting WIPRO.NS [5min]...
2026-03-09 11:53:03 | ERROR    | src.intraday:predict_timeframe:455 — Error predicting WIPRO.NS [5min]: 'Index' object has no attribute 'clip'
2026-03-09 11:53:03 | INFO     | src.intraday:predict_timeframe:357 — Predicting WIPRO.NS [15min]...
2026-03-09 11:53:04 | ERROR    | src.intraday:predict_timeframe:455 — Error predicting WIPRO.NS [15min]: 'Index' object has no attribute 'clip'
2026-03-09 11:53:04 | INFO     | src.intraday:predict_timeframe:357 — Predicting WIPRO.NS [1hr]...
2026-03-09 11:53:04 | ERROR    | src.intraday:predict_timeframe:455 — Error predicting WIPRO.NS [1hr]: 'Index' object has no attribute 'clip'
2026-03-09 11:53:04 | INFO     | __main__:scan_all_tickers:65 — [15/50] HCLTECH.NS
2026-03-09 11:53:04 | INFO     | src.intraday:predict_timeframe:357 — Predicting HCLTECH.NS [5min]...
2026-03-09 11:53:05 | ERROR    | src.intraday:predict_timeframe:455 — Error predicting HCLTECH.NS [5min]: 'Index' object has no attribute 'clip'
2026-03-09 11:53:05 | INFO     | src.intraday:predict_timeframe:357 — Predicting HCLTECH.NS [15min]...
2026-03-09 11:53:05 | ERROR    | src.intraday:predict_timeframe:455 — Error predicting HCLTECH.NS [15min]: 'Index' object has no attribute 'clip'
2026-03-09 11:53:05 | INFO     | src.intraday:predict_timeframe:357 — Predicting HCLTECH.NS [1hr]...
2026-03-09 11:53:06 | ERROR    | src.intraday:predict_timeframe:455 — Error predicting HCLTECH.NS [1hr]: 'Index' object has no attribute 'clip'
2026-03-09 11:53:06 | INFO     | __main__:scan_all_tickers:65 — [16/50] ASIANPAINT.NS
2026-03-09 11:53:06 | INFO     | src.intraday:predict_timeframe:357 — Predicting ASIANPAINT.NS [5min]...
2026-03-09 11:53:06 | ERROR    | src.intraday:predict_timeframe:455 — Error predicting ASIANPAINT.NS [5min]: 'Index' object has no attribute 'clip'
2026-03-09 11:53:06 | INFO     | src.intraday:predict_timeframe:357 — Predicting ASIANPAINT.NS [15min]...
2026-03-09 11:53:06 | ERROR    | src.intraday:predict_timeframe:455 — Error predicting ASIANPAINT.NS [15min]: 'Index' object has no attribute 'clip'
2026-03-09 11:53:06 | INFO     | src.intraday:predict_timeframe:357 — Predicting ASIANPAINT.NS [1hr]...
2026-03-09 11:53:07 | ERROR    | src.intraday:predict_timeframe:455 — Error predicting ASIANPAINT.NS [1hr]: 'Index' object has no attribute 'clip'
2026-03-09 11:53:07 | INFO     | __main__:scan_all_tickers:65 — [17/50] MARUTI.NS
2026-03-09 11:53:07 | INFO     | src.intraday:predict_timeframe:357 — Predicting MARUTI.NS [5min]...
2026-03-09 11:53:07 | ERROR    | src.intraday:predict_timeframe:455 — Error predicting MARUTI.NS [5min]: 'Index' object has no attribute 'clip'
2026-03-09 11:53:07 | INFO     | src.intraday:predict_timeframe:357 — Predicting MARUTI.NS [15min]...
2026-03-09 11:53:08 | ERROR    | src.intraday:predict_timeframe:455 — Error predicting MARUTI.NS [15min]: 'Index' object has no attribute 'clip'
2026-03-09 11:53:08 | INFO     | src.intraday:predict_timeframe:357 — Predicting MARUTI.NS [1hr]...
2026-03-09 11:53:08 | ERROR    | src.intraday:predict_timeframe:455 — Error predicting MARUTI.NS [1hr]: 'Index' object has no attribute 'clip'
2026-03-09 11:53:08 | INFO     | __main__:scan_all_tickers:65 — [18/50] SUNPHARMA.NS
2026-03-09 11:53:08 | INFO     | src.intraday:predict_timeframe:357 — Predicting SUNPHARMA.NS [5min]...
2026-03-09 11:53:09 | ERROR    | src.intraday:predict_timeframe:455 — Error predicting SUNPHARMA.NS [5min]: 'Index' object has no attribute 'clip'
2026-03-09 11:53:09 | INFO     | src.intraday:predict_timeframe:357 — Predicting SUNPHARMA.NS [15min]...
2026-03-09 11:53:09 | ERROR    | src.intraday:predict_timeframe:455 — Error predicting SUNPHARMA.NS [15min]: 'Index' object has no attribute 'clip'
2026-03-09 11:53:09 | INFO     | src.intraday:predict_timeframe:357 — Predicting SUNPHARMA.NS [1hr]...
2026-03-09 11:53:10 | ERROR    | src.intraday:predict_timeframe:455 — Error predicting SUNPHARMA.NS [1hr]: 'Index' object has no attribute 'clip'
2026-03-09 11:53:10 | INFO     | __main__:scan_all_tickers:65 — [19/50] TITAN.NS
2026-03-09 11:53:10 | INFO     | src.intraday:predict_timeframe:357 — Predicting TITAN.NS [5min]...
2026-03-09 11:53:10 | ERROR    | src.intraday:predict_timeframe:455 — Error predicting TITAN.NS [5min]: 'Index' object has no attribute 'clip'
2026-03-09 11:53:10 | INFO     | src.intraday:predict_timeframe:357 — Predicting TITAN.NS [15min]...
2026-03-09 11:53:10 | ERROR    | src.intraday:predict_timeframe:455 — Error predicting TITAN.NS [15min]: 'Index' object has no attribute 'clip'
2026-03-09 11:53:10 | INFO     | src.intraday:predict_timeframe:357 — Predicting TITAN.NS [1hr]...
2026-03-09 11:53:11 | ERROR    | src.intraday:predict_timeframe:455 — Error predicting TITAN.NS [1hr]: 'Index' object has no attribute 'clip'
2026-03-09 11:53:11 | INFO     | __main__:scan_all_tickers:65 — [20/50] ULTRACEMCO.NS
2026-03-09 11:53:11 | INFO     | src.intraday:predict_timeframe:357 — Predicting ULTRACEMCO.NS [5min]...
2026-03-09 11:53:11 | ERROR    | src.intraday:predict_timeframe:455 — Error predicting ULTRACEMCO.NS [5min]: 'Index' object has no attribute 'clip'
2026-03-09 11:53:11 | INFO     | src.intraday:predict_timeframe:357 — Predicting ULTRACEMCO.NS [15min]...
2026-03-09 11:53:12 | ERROR    | src.intraday:predict_timeframe:455 — Error predicting ULTRACEMCO.NS [15min]: 'Index' object has no attribute 'clip'
2026-03-09 11:53:12 | INFO     | src.intraday:predict_timeframe:357 — Predicting ULTRACEMCO.NS [1hr]...
2026-03-09 11:53:12 | ERROR    | src.intraday:predict_timeframe:455 — Error predicting ULTRACEMCO.NS [1hr]: 'Index' object has no attribute 'clip'
2026-03-09 11:53:12 | INFO     | __main__:scan_all_tickers:65 — [21/50] NESTLEIND.NS
2026-03-09 11:53:12 | INFO     | src.intraday:predict_timeframe:357 — Predicting NESTLEIND.NS [5min]...
2026-03-09 11:53:12 | ERROR    | src.intraday:predict_timeframe:455 — Error predicting NESTLEIND.NS [5min]: 'Index' object has no attribute 'clip'
2026-03-09 11:53:12 | INFO     | src.intraday:predict_timeframe:357 — Predicting NESTLEIND.NS [15min]...
2026-03-09 11:53:13 | ERROR    | src.intraday:predict_timeframe:455 — Error predicting NESTLEIND.NS [15min]: 'Index' object has no attribute 'clip'
2026-03-09 11:53:13 | INFO     | src.intraday:predict_timeframe:357 — Predicting NESTLEIND.NS [1hr]...
2026-03-09 11:53:13 | ERROR    | src.intraday:predict_timeframe:455 — Error predicting NESTLEIND.NS [1hr]: 'Index' object has no attribute 'clip'
2026-03-09 11:53:13 | INFO     | __main__:scan_all_tickers:65 — [22/50] POWERGRID.NS
2026-03-09 11:53:13 | INFO     | src.intraday:predict_timeframe:357 — Predicting POWERGRID.NS [5min]...
2026-03-09 11:53:13 | ERROR    | src.intraday:predict_timeframe:455 — Error predicting POWERGRID.NS [5min]: 'Index' object has no attribute 'clip'
2026-03-09 11:53:13 | INFO     | src.intraday:predict_timeframe:357 — Predicting POWERGRID.NS [15min]...
2026-03-09 11:53:14 | ERROR    | src.intraday:predict_timeframe:455 — Error predicting POWERGRID.NS [15min]: 'Index' object has no attribute 'clip'
2026-03-09 11:53:14 | INFO     | src.intraday:predict_timeframe:357 — Predicting POWERGRID.NS [1hr]...
2026-03-09 11:53:14 | ERROR    | src.intraday:predict_timeframe:455 — Error predicting POWERGRID.NS [1hr]: 'Index' object has no attribute 'clip'
2026-03-09 11:53:14 | INFO     | __main__:scan_all_tickers:65 — [23/50] NTPC.NS
2026-03-09 11:53:14 | INFO     | src.intraday:predict_timeframe:357 — Predicting NTPC.NS [5min]...
2026-03-09 11:53:15 | ERROR    | src.intraday:predict_timeframe:455 — Error predicting NTPC.NS [5min]: 'Index' object has no attribute 'clip'
2026-03-09 11:53:15 | INFO     | src.intraday:predict_timeframe:357 — Predicting NTPC.NS [15min]...
2026-03-09 11:53:15 | ERROR    | src.intraday:predict_timeframe:455 — Error predicting NTPC.NS [15min]: 'Index' object has no attribute 'clip'
2026-03-09 11:53:15 | INFO     | src.intraday:predict_timeframe:357 — Predicting NTPC.NS [1hr]...
2026-03-09 11:53:15 | ERROR    | src.intraday:predict_timeframe:455 — Error predicting NTPC.NS [1hr]: 'Index' object has no attribute 'clip'
2026-03-09 11:53:15 | INFO     | __main__:scan_all_tickers:65 — [24/50] TECHM.NS
2026-03-09 11:53:15 | INFO     | src.intraday:predict_timeframe:357 — Predicting TECHM.NS [5min]...
2026-03-09 11:53:16 | ERROR    | src.intraday:predict_timeframe:455 — Error predicting TECHM.NS [5min]: 'Index' object has no attribute 'clip'
2026-03-09 11:53:16 | INFO     | src.intraday:predict_timeframe:357 — Predicting TECHM.NS [15min]...
2026-03-09 11:53:16 | ERROR    | src.intraday:predict_timeframe:455 — Error predicting TECHM.NS [15min]: 'Index' object has no attribute 'clip'
2026-03-09 11:53:16 | INFO     | src.intraday:predict_timeframe:357 — Predicting TECHM.NS [1hr]...
2026-03-09 11:53:17 | ERROR    | src.intraday:predict_timeframe:455 — Error predicting TECHM.NS [1hr]: 'Index' object has no attribute 'clip'
2026-03-09 11:53:17 | INFO     | __main__:scan_all_tickers:65 — [25/50] INDUSINDBK.NS
2026-03-09 11:53:17 | INFO     | src.intraday:predict_timeframe:357 — Predicting INDUSINDBK.NS [5min]...
2026-03-09 11:53:17 | ERROR    | src.intraday:predict_timeframe:455 — Error predicting INDUSINDBK.NS [5min]: 'Index' object has no attribute 'clip'
2026-03-09 11:53:17 | INFO     | src.intraday:predict_timeframe:357 — Predicting INDUSINDBK.NS [15min]...
2026-03-09 11:53:17 | ERROR    | src.intraday:predict_timeframe:455 — Error predicting INDUSINDBK.NS [15min]: 'Index' object has no attribute 'clip'
2026-03-09 11:53:17 | INFO     | src.intraday:predict_timeframe:357 — Predicting INDUSINDBK.NS [1hr]...
2026-03-09 11:53:18 | ERROR    | src.intraday:predict_timeframe:455 — Error predicting INDUSINDBK.NS [1hr]: 'Index' object has no attribute 'clip'
2026-03-09 11:53:18 | INFO     | __main__:scan_all_tickers:65 — [26/50] BAJAJFINSV.NS
2026-03-09 11:53:18 | INFO     | src.intraday:predict_timeframe:357 — Predicting BAJAJFINSV.NS [5min]...
2026-03-09 11:53:18 | ERROR    | src.intraday:predict_timeframe:455 — Error predicting BAJAJFINSV.NS [5min]: 'Index' object has no attribute 'clip'
2026-03-09 11:53:18 | INFO     | src.intraday:predict_timeframe:357 — Predicting BAJAJFINSV.NS [15min]...
2026-03-09 11:53:18 | ERROR    | src.intraday:predict_timeframe:455 — Error predicting BAJAJFINSV.NS [15min]: 'Index' object has no attribute 'clip'
2026-03-09 11:53:18 | INFO     | src.intraday:predict_timeframe:357 — Predicting BAJAJFINSV.NS [1hr]...
2026-03-09 11:53:19 | ERROR    | src.intraday:predict_timeframe:455 — Error predicting BAJAJFINSV.NS [1hr]: 'Index' object has no attribute 'clip'
2026-03-09 11:53:19 | INFO     | __main__:scan_all_tickers:65 — [27/50] ONGC.NS
2026-03-09 11:53:19 | INFO     | src.intraday:predict_timeframe:357 — Predicting ONGC.NS [5min]...
2026-03-09 11:53:19 | ERROR    | src.intraday:predict_timeframe:455 — Error predicting ONGC.NS [5min]: 'Index' object has no attribute 'clip'
2026-03-09 11:53:19 | INFO     | src.intraday:predict_timeframe:357 — Predicting ONGC.NS [15min]...
2026-03-09 11:53:19 | ERROR    | src.intraday:predict_timeframe:455 — Error predicting ONGC.NS [15min]: 'Index' object has no attribute 'clip'
2026-03-09 11:53:19 | INFO     | src.intraday:predict_timeframe:357 — Predicting ONGC.NS [1hr]...
2026-03-09 11:53:20 | ERROR    | src.intraday:predict_timeframe:455 — Error predicting ONGC.NS [1hr]: 'Index' object has no attribute 'clip'
2026-03-09 11:53:20 | INFO     | __main__:scan_all_tickers:65 — [28/50] COALINDIA.NS
2026-03-09 11:53:20 | INFO     | src.intraday:predict_timeframe:357 — Predicting COALINDIA.NS [5min]...
2026-03-09 11:53:20 | ERROR    | src.intraday:predict_timeframe:455 — Error predicting COALINDIA.NS [5min]: 'Index' object has no attribute 'clip'
2026-03-09 11:53:20 | INFO     | src.intraday:predict_timeframe:357 — Predicting COALINDIA.NS [15min]...
2026-03-09 11:53:20 | ERROR    | src.intraday:predict_timeframe:455 — Error predicting COALINDIA.NS [15min]: 'Index' object has no attribute 'clip'
2026-03-09 11:53:20 | INFO     | src.intraday:predict_timeframe:357 — Predicting COALINDIA.NS [1hr]...
2026-03-09 11:53:21 | ERROR    | src.intraday:predict_timeframe:455 — Error predicting COALINDIA.NS [1hr]: 'Index' object has no attribute 'clip'
2026-03-09 11:53:21 | INFO     | __main__:scan_all_tickers:65 — [29/50] JSWSTEEL.NS
2026-03-09 11:53:21 | INFO     | src.intraday:predict_timeframe:357 — Predicting JSWSTEEL.NS [5min]...
2026-03-09 11:53:21 | ERROR    | src.intraday:predict_timeframe:455 — Error predicting JSWSTEEL.NS [5min]: 'Index' object has no attribute 'clip'
2026-03-09 11:53:21 | INFO     | src.intraday:predict_timeframe:357 — Predicting JSWSTEEL.NS [15min]...
2026-03-09 11:53:21 | ERROR    | src.intraday:predict_timeframe:455 — Error predicting JSWSTEEL.NS [15min]: 'Index' object has no attribute 'clip'
2026-03-09 11:53:21 | INFO     | src.intraday:predict_timeframe:357 — Predicting JSWSTEEL.NS [1hr]...
2026-03-09 11:53:22 | ERROR    | src.intraday:predict_timeframe:455 — Error predicting JSWSTEEL.NS [1hr]: 'Index' object has no attribute 'clip'
2026-03-09 11:53:22 | INFO     | __main__:scan_all_tickers:65 — [30/50] TATAMOTORS.NS
2026-03-09 11:53:22 | INFO     | src.intraday:predict_timeframe:357 — Predicting TATAMOTORS.NS [5min]...
2026-03-09 11:53:23 | INFO     | src.intraday:predict_timeframe:357 — Predicting TATAMOTORS.NS [15min]...
2026-03-09 11:53:24 | INFO     | src.intraday:predict_timeframe:357 — Predicting TATAMOTORS.NS [1hr]...
2026-03-09 11:53:25 | INFO     | __main__:scan_all_tickers:65 — [31/50] TATASTEEL.NS
2026-03-09 11:53:25 | INFO     | src.intraday:predict_timeframe:357 — Predicting TATASTEEL.NS [5min]...
2026-03-09 11:53:25 | ERROR    | src.intraday:predict_timeframe:455 — Error predicting TATASTEEL.NS [5min]: 'Index' object has no attribute 'clip'
2026-03-09 11:53:25 | INFO     | src.intraday:predict_timeframe:357 — Predicting TATASTEEL.NS [15min]...
2026-03-09 11:53:26 | ERROR    | src.intraday:predict_timeframe:455 — Error predicting TATASTEEL.NS [15min]: 'Index' object has no attribute 'clip'
2026-03-09 11:53:26 | INFO     | src.intraday:predict_timeframe:357 — Predicting TATASTEEL.NS [1hr]...
2026-03-09 11:53:26 | ERROR    | src.intraday:predict_timeframe:455 — Error predicting TATASTEEL.NS [1hr]: 'Index' object has no attribute 'clip'
2026-03-09 11:53:26 | INFO     | __main__:scan_all_tickers:65 — [32/50] ADANIPORTS.NS
2026-03-09 11:53:26 | INFO     | src.intraday:predict_timeframe:357 — Predicting ADANIPORTS.NS [5min]...
2026-03-09 11:53:27 | ERROR    | src.intraday:predict_timeframe:455 — Error predicting ADANIPORTS.NS [5min]: 'Index' object has no attribute 'clip'
2026-03-09 11:53:27 | INFO     | src.intraday:predict_timeframe:357 — Predicting ADANIPORTS.NS [15min]...
2026-03-09 11:53:27 | ERROR    | src.intraday:predict_timeframe:455 — Error predicting ADANIPORTS.NS [15min]: 'Index' object has no attribute 'clip'
2026-03-09 11:53:27 | INFO     | src.intraday:predict_timeframe:357 — Predicting ADANIPORTS.NS [1hr]...
2026-03-09 11:53:27 | ERROR    | src.intraday:predict_timeframe:455 — Error predicting ADANIPORTS.NS [1hr]: 'Index' object has no attribute 'clip'
2026-03-09 11:53:27 | INFO     | __main__:scan_all_tickers:65 — [33/50] ADANIENT.NS
2026-03-09 11:53:27 | INFO     | src.intraday:predict_timeframe:357 — Predicting ADANIENT.NS [5min]...
2026-03-09 11:53:28 | ERROR    | src.intraday:predict_timeframe:455 — Error predicting ADANIENT.NS [5min]: 'Index' object has no attribute 'clip'
2026-03-09 11:53:28 | INFO     | src.intraday:predict_timeframe:357 — Predicting ADANIENT.NS [15min]...
2026-03-09 11:53:28 | ERROR    | src.intraday:predict_timeframe:455 — Error predicting ADANIENT.NS [15min]: 'Index' object has no attribute 'clip'
2026-03-09 11:53:28 | INFO     | src.intraday:predict_timeframe:357 — Predicting ADANIENT.NS [1hr]...
2026-03-09 11:53:28 | ERROR    | src.intraday:predict_timeframe:455 — Error predicting ADANIENT.NS [1hr]: 'Index' object has no attribute 'clip'
2026-03-09 11:53:28 | INFO     | __main__:scan_all_tickers:65 — [34/50] CIPLA.NS
2026-03-09 11:53:28 | INFO     | src.intraday:predict_timeframe:357 — Predicting CIPLA.NS [5min]...
2026-03-09 11:53:29 | ERROR    | src.intraday:predict_timeframe:455 — Error predicting CIPLA.NS [5min]: 'Index' object has no attribute 'clip'
2026-03-09 11:53:29 | INFO     | src.intraday:predict_timeframe:357 — Predicting CIPLA.NS [15min]...
2026-03-09 11:53:29 | ERROR    | src.intraday:predict_timeframe:455 — Error predicting CIPLA.NS [15min]: 'Index' object has no attribute 'clip'
2026-03-09 11:53:29 | INFO     | src.intraday:predict_timeframe:357 — Predicting CIPLA.NS [1hr]...
2026-03-09 11:53:29 | ERROR    | src.intraday:predict_timeframe:455 — Error predicting CIPLA.NS [1hr]: 'Index' object has no attribute 'clip'
2026-03-09 11:53:29 | INFO     | __main__:scan_all_tickers:65 — [35/50] DRREDDY.NS
2026-03-09 11:53:29 | INFO     | src.intraday:predict_timeframe:357 — Predicting DRREDDY.NS [5min]...
2026-03-09 11:53:30 | ERROR    | src.intraday:predict_timeframe:455 — Error predicting DRREDDY.NS [5min]: 'Index' object has no attribute 'clip'
2026-03-09 11:53:30 | INFO     | src.intraday:predict_timeframe:357 — Predicting DRREDDY.NS [15min]...
2026-03-09 11:53:30 | ERROR    | src.intraday:predict_timeframe:455 — Error predicting DRREDDY.NS [15min]: 'Index' object has no attribute 'clip'
2026-03-09 11:53:30 | INFO     | src.intraday:predict_timeframe:357 — Predicting DRREDDY.NS [1hr]...
2026-03-09 11:53:31 | ERROR    | src.intraday:predict_timeframe:455 — Error predicting DRREDDY.NS [1hr]: 'Index' object has no attribute 'clip'
2026-03-09 11:53:31 | INFO     | __main__:scan_all_tickers:65 — [36/50] DIVISLAB.NS
2026-03-09 11:53:31 | INFO     | src.intraday:predict_timeframe:357 — Predicting DIVISLAB.NS [5min]...
2026-03-09 11:53:31 | ERROR    | src.intraday:predict_timeframe:455 — Error predicting DIVISLAB.NS [5min]: 'Index' object has no attribute 'clip'
2026-03-09 11:53:31 | INFO     | src.intraday:predict_timeframe:357 — Predicting DIVISLAB.NS [15min]...
2026-03-09 11:53:31 | ERROR    | src.intraday:predict_timeframe:455 — Error predicting DIVISLAB.NS [15min]: 'Index' object has no attribute 'clip'
2026-03-09 11:53:31 | INFO     | src.intraday:predict_timeframe:357 — Predicting DIVISLAB.NS [1hr]...
2026-03-09 11:53:32 | ERROR    | src.intraday:predict_timeframe:455 — Error predicting DIVISLAB.NS [1hr]: 'Index' object has no attribute 'clip'
2026-03-09 11:53:32 | INFO     | __main__:scan_all_tickers:65 — [37/50] EICHERMOT.NS
2026-03-09 11:53:32 | INFO     | src.intraday:predict_timeframe:357 — Predicting EICHERMOT.NS [5min]...
2026-03-09 11:53:32 | ERROR    | src.intraday:predict_timeframe:455 — Error predicting EICHERMOT.NS [5min]: 'Index' object has no attribute 'clip'
2026-03-09 11:53:32 | INFO     | src.intraday:predict_timeframe:357 — Predicting EICHERMOT.NS [15min]...
2026-03-09 11:53:32 | ERROR    | src.intraday:predict_timeframe:455 — Error predicting EICHERMOT.NS [15min]: 'Index' object has no attribute 'clip'
2026-03-09 11:53:32 | INFO     | src.intraday:predict_timeframe:357 — Predicting EICHERMOT.NS [1hr]...
2026-03-09 11:53:33 | ERROR    | src.intraday:predict_timeframe:455 — Error predicting EICHERMOT.NS [1hr]: 'Index' object has no attribute 'clip'
2026-03-09 11:53:33 | INFO     | __main__:scan_all_tickers:65 — [38/50] HEROMOTOCO.NS
2026-03-09 11:53:33 | INFO     | src.intraday:predict_timeframe:357 — Predicting HEROMOTOCO.NS [5min]...
2026-03-09 11:53:33 | ERROR    | src.intraday:predict_timeframe:455 — Error predicting HEROMOTOCO.NS [5min]: 'Index' object has no attribute 'clip'
2026-03-09 11:53:33 | INFO     | src.intraday:predict_timeframe:357 — Predicting HEROMOTOCO.NS [15min]...
2026-03-09 11:53:34 | ERROR    | src.intraday:predict_timeframe:455 — Error predicting HEROMOTOCO.NS [15min]: 'Index' object has no attribute 'clip'
2026-03-09 11:53:34 | INFO     | src.intraday:predict_timeframe:357 — Predicting HEROMOTOCO.NS [1hr]...
2026-03-09 11:53:34 | ERROR    | src.intraday:predict_timeframe:455 — Error predicting HEROMOTOCO.NS [1hr]: 'Index' object has no attribute 'clip'
2026-03-09 11:53:34 | INFO     | __main__:scan_all_tickers:65 — [39/50] BRITANNIA.NS
2026-03-09 11:53:34 | INFO     | src.intraday:predict_timeframe:357 — Predicting BRITANNIA.NS [5min]...
2026-03-09 11:53:34 | ERROR    | src.intraday:predict_timeframe:455 — Error predicting BRITANNIA.NS [5min]: 'Index' object has no attribute 'clip'
2026-03-09 11:53:34 | INFO     | src.intraday:predict_timeframe:357 — Predicting BRITANNIA.NS [15min]...
2026-03-09 11:53:35 | ERROR    | src.intraday:predict_timeframe:455 — Error predicting BRITANNIA.NS [15min]: 'Index' object has no attribute 'clip'
2026-03-09 11:53:35 | INFO     | src.intraday:predict_timeframe:357 — Predicting BRITANNIA.NS [1hr]...
2026-03-09 11:53:35 | ERROR    | src.intraday:predict_timeframe:455 — Error predicting BRITANNIA.NS [1hr]: 'Index' object has no attribute 'clip'
2026-03-09 11:53:35 | INFO     | __main__:scan_all_tickers:65 — [40/50] APOLLOHOSP.NS
2026-03-09 11:53:35 | INFO     | src.intraday:predict_timeframe:357 — Predicting APOLLOHOSP.NS [5min]...
2026-03-09 11:53:35 | ERROR    | src.intraday:predict_timeframe:455 — Error predicting APOLLOHOSP.NS [5min]: 'Index' object has no attribute 'clip'
2026-03-09 11:53:35 | INFO     | src.intraday:predict_timeframe:357 — Predicting APOLLOHOSP.NS [15min]...
2026-03-09 11:53:36 | ERROR    | src.intraday:predict_timeframe:455 — Error predicting APOLLOHOSP.NS [15min]: 'Index' object has no attribute 'clip'
2026-03-09 11:53:36 | INFO     | src.intraday:predict_timeframe:357 — Predicting APOLLOHOSP.NS [1hr]...
2026-03-09 11:53:36 | ERROR    | src.intraday:predict_timeframe:455 — Error predicting APOLLOHOSP.NS [1hr]: 'Index' object has no attribute 'clip'
2026-03-09 11:53:36 | INFO     | __main__:scan_all_tickers:65 — [41/50] BAJAJ-AUTO.NS
2026-03-09 11:53:36 | INFO     | src.intraday:predict_timeframe:357 — Predicting BAJAJ-AUTO.NS [5min]...
2026-03-09 11:53:37 | ERROR    | src.intraday:predict_timeframe:455 — Error predicting BAJAJ-AUTO.NS [5min]: 'Index' object has no attribute 'clip'
2026-03-09 11:53:37 | INFO     | src.intraday:predict_timeframe:357 — Predicting BAJAJ-AUTO.NS [15min]...
2026-03-09 11:53:37 | ERROR    | src.intraday:predict_timeframe:455 — Error predicting BAJAJ-AUTO.NS [15min]: 'Index' object has no attribute 'clip'
2026-03-09 11:53:37 | INFO     | src.intraday:predict_timeframe:357 — Predicting BAJAJ-AUTO.NS [1hr]...
2026-03-09 11:53:37 | ERROR    | src.intraday:predict_timeframe:455 — Error predicting BAJAJ-AUTO.NS [1hr]: 'Index' object has no attribute 'clip'
2026-03-09 11:53:37 | INFO     | __main__:scan_all_tickers:65 — [42/50] BPCL.NS
2026-03-09 11:53:37 | INFO     | src.intraday:predict_timeframe:357 — Predicting BPCL.NS [5min]...
2026-03-09 11:53:38 | ERROR    | src.intraday:predict_timeframe:455 — Error predicting BPCL.NS [5min]: 'Index' object has no attribute 'clip'
2026-03-09 11:53:38 | INFO     | src.intraday:predict_timeframe:357 — Predicting BPCL.NS [15min]...
2026-03-09 11:53:38 | ERROR    | src.intraday:predict_timeframe:455 — Error predicting BPCL.NS [15min]: 'Index' object has no attribute 'clip'
2026-03-09 11:53:38 | INFO     | src.intraday:predict_timeframe:357 — Predicting BPCL.NS [1hr]...
2026-03-09 11:53:38 | ERROR    | src.intraday:predict_timeframe:455 — Error predicting BPCL.NS [1hr]: 'Index' object has no attribute 'clip'
2026-03-09 11:53:38 | INFO     | __main__:scan_all_tickers:65 — [43/50] GRASIM.NS
2026-03-09 11:53:38 | INFO     | src.intraday:predict_timeframe:357 — Predicting GRASIM.NS [5min]...
2026-03-09 11:53:39 | ERROR    | src.intraday:predict_timeframe:455 — Error predicting GRASIM.NS [5min]: 'Index' object has no attribute 'clip'
2026-03-09 11:53:39 | INFO     | src.intraday:predict_timeframe:357 — Predicting GRASIM.NS [15min]...
2026-03-09 11:53:39 | ERROR    | src.intraday:predict_timeframe:455 — Error predicting GRASIM.NS [15min]: 'Index' object has no attribute 'clip'
2026-03-09 11:53:39 | INFO     | src.intraday:predict_timeframe:357 — Predicting GRASIM.NS [1hr]...
2026-03-09 11:53:39 | ERROR    | src.intraday:predict_timeframe:455 — Error predicting GRASIM.NS [1hr]: 'Index' object has no attribute 'clip'
2026-03-09 11:53:39 | INFO     | __main__:scan_all_tickers:65 — [44/50] HINDALCO.NS
2026-03-09 11:53:39 | INFO     | src.intraday:predict_timeframe:357 — Predicting HINDALCO.NS [5min]...
2026-03-09 11:53:40 | ERROR    | src.intraday:predict_timeframe:455 — Error predicting HINDALCO.NS [5min]: 'Index' object has no attribute 'clip'
2026-03-09 11:53:40 | INFO     | src.intraday:predict_timeframe:357 — Predicting HINDALCO.NS [15min]...
2026-03-09 11:53:40 | ERROR    | src.intraday:predict_timeframe:455 — Error predicting HINDALCO.NS [15min]: 'Index' object has no attribute 'clip'
2026-03-09 11:53:40 | INFO     | src.intraday:predict_timeframe:357 — Predicting HINDALCO.NS [1hr]...
2026-03-09 11:53:40 | ERROR    | src.intraday:predict_timeframe:455 — Error predicting HINDALCO.NS [1hr]: 'Index' object has no attribute 'clip'
2026-03-09 11:53:40 | INFO     | __main__:scan_all_tickers:65 — [45/50] MM.NS
2026-03-09 11:53:40 | INFO     | src.intraday:predict_timeframe:357 — Predicting MM.NS [5min]...
2026-03-09 11:53:42 | INFO     | src.intraday:predict_timeframe:357 — Predicting MM.NS [15min]...
2026-03-09 11:53:43 | INFO     | src.intraday:predict_timeframe:357 — Predicting MM.NS [1hr]...
2026-03-09 11:53:43 | INFO     | __main__:scan_all_tickers:65 — [46/50] SBILIFE.NS
2026-03-09 11:53:43 | INFO     | src.intraday:predict_timeframe:357 — Predicting SBILIFE.NS [5min]...
2026-03-09 11:53:44 | ERROR    | src.intraday:predict_timeframe:455 — Error predicting SBILIFE.NS [5min]: 'Index' object has no attribute 'clip'
2026-03-09 11:53:44 | INFO     | src.intraday:predict_timeframe:357 — Predicting SBILIFE.NS [15min]...
2026-03-09 11:53:44 | ERROR    | src.intraday:predict_timeframe:455 — Error predicting SBILIFE.NS [15min]: 'Index' object has no attribute 'clip'
2026-03-09 11:53:44 | INFO     | src.intraday:predict_timeframe:357 — Predicting SBILIFE.NS [1hr]...
2026-03-09 11:53:44 | ERROR    | src.intraday:predict_timeframe:455 — Error predicting SBILIFE.NS [1hr]: 'Index' object has no attribute 'clip'
2026-03-09 11:53:44 | INFO     | __main__:scan_all_tickers:65 — [47/50] HDFCLIFE.NS
2026-03-09 11:53:44 | INFO     | src.intraday:predict_timeframe:357 — Predicting HDFCLIFE.NS [5min]...
2026-03-09 11:53:45 | ERROR    | src.intraday:predict_timeframe:455 — Error predicting HDFCLIFE.NS [5min]: 'Index' object has no attribute 'clip'
2026-03-09 11:53:45 | INFO     | src.intraday:predict_timeframe:357 — Predicting HDFCLIFE.NS [15min]...
2026-03-09 11:53:45 | ERROR    | src.intraday:predict_timeframe:455 — Error predicting HDFCLIFE.NS [15min]: 'Index' object has no attribute 'clip'
2026-03-09 11:53:45 | INFO     | src.intraday:predict_timeframe:357 — Predicting HDFCLIFE.NS [1hr]...
2026-03-09 11:53:46 | ERROR    | src.intraday:predict_timeframe:455 — Error predicting HDFCLIFE.NS [1hr]: 'Index' object has no attribute 'clip'
2026-03-09 11:53:46 | INFO     | __main__:scan_all_tickers:65 — [48/50] TATACONSUM.NS
2026-03-09 11:53:46 | INFO     | src.intraday:predict_timeframe:357 — Predicting TATACONSUM.NS [5min]...
2026-03-09 11:53:46 | ERROR    | src.intraday:predict_timeframe:455 — Error predicting TATACONSUM.NS [5min]: 'Index' object has no attribute 'clip'
2026-03-09 11:53:46 | INFO     | src.intraday:predict_timeframe:357 — Predicting TATACONSUM.NS [15min]...
2026-03-09 11:53:46 | ERROR    | src.intraday:predict_timeframe:455 — Error predicting TATACONSUM.NS [15min]: 'Index' object has no attribute 'clip'
2026-03-09 11:53:46 | INFO     | src.intraday:predict_timeframe:357 — Predicting TATACONSUM.NS [1hr]...
2026-03-09 11:53:47 | ERROR    | src.intraday:predict_timeframe:455 — Error predicting TATACONSUM.NS [1hr]: 'Index' object has no attribute 'clip'
2026-03-09 11:53:47 | INFO     | __main__:scan_all_tickers:65 — [49/50] UPL.NS
2026-03-09 11:53:47 | INFO     | src.intraday:predict_timeframe:357 — Predicting UPL.NS [5min]...
2026-03-09 11:53:47 | ERROR    | src.intraday:predict_timeframe:455 — Error predicting UPL.NS [5min]: 'Index' object has no attribute 'clip'
2026-03-09 11:53:47 | INFO     | src.intraday:predict_timeframe:357 — Predicting UPL.NS [15min]...
2026-03-09 11:53:47 | ERROR    | src.intraday:predict_timeframe:455 — Error predicting UPL.NS [15min]: 'Index' object has no attribute 'clip'
2026-03-09 11:53:47 | INFO     | src.intraday:predict_timeframe:357 — Predicting UPL.NS [1hr]...
2026-03-09 11:53:48 | ERROR    | src.intraday:predict_timeframe:455 — Error predicting UPL.NS [1hr]: 'Index' object has no attribute 'clip'
2026-03-09 11:53:48 | INFO     | __main__:scan_all_tickers:65 — [50/50] SHRIRAMFIN.NS
2026-03-09 11:53:48 | INFO     | src.intraday:predict_timeframe:357 — Predicting SHRIRAMFIN.NS [5min]...
2026-03-09 11:53:48 | ERROR    | src.intraday:predict_timeframe:455 — Error predicting SHRIRAMFIN.NS [5min]: 'Index' object has no attribute 'clip'
2026-03-09 11:53:48 | INFO     | src.intraday:predict_timeframe:357 — Predicting SHRIRAMFIN.NS [15min]...
2026-03-09 11:53:48 | ERROR    | src.intraday:predict_timeframe:455 — Error predicting SHRIRAMFIN.NS [15min]: 'Index' object has no attribute 'clip'
2026-03-09 11:53:48 | INFO     | src.intraday:predict_timeframe:357 — Predicting SHRIRAMFIN.NS [1hr]...
2026-03-09 11:53:49 | ERROR    | src.intraday:predict_timeframe:455 — Error predicting SHRIRAMFIN.NS [1hr]: 'Index' object has no attribute 'clip'
2026-03-09 11:53:49 | INFO     | __main__:scan_all_tickers:98 — 
Scan complete:
2026-03-09 11:53:49 | INFO     | __main__:scan_all_tickers:99 —   Strong Buys:  0
2026-03-09 11:53:49 | INFO     | __main__:scan_all_tickers:100 —   Strong Sells: 0
2026-03-09 11:53:49 | INFO     | __main__:scan_all_tickers:101 —   Total alerts: 0
2026-03-09 11:53:49 | INFO     | __main__:main:229 — Next scan in 15 minutes...
2026-03-09 12:08:49 | INFO     | __main__:run_scan:194 — ============================================================
2026-03-09 12:08:49 | INFO     | __main__:run_scan:195 —   NSE INTRADAY SCANNER
2026-03-09 12:08:49 | INFO     | __main__:run_scan:196 —   Time: 09 Mar 2026 12:08:49 IST
2026-03-09 12:08:49 | INFO     | __main__:run_scan:197 — ============================================================
2026-03-09 12:08:49 | INFO     | __main__:scan_all_tickers:61 — Scanning 50 tickers across 3 timeframes...
2026-03-09 12:08:49 | INFO     | __main__:scan_all_tickers:62 — Market open: True
2026-03-09 12:08:49 | INFO     | __main__:scan_all_tickers:65 — [1/50] RELIANCE.NS
2026-03-09 12:08:49 | INFO     | src.intraday:predict_timeframe:357 — Predicting RELIANCE.NS [5min]...
2026-03-09 12:08:50 | ERROR    | src.intraday:predict_timeframe:455 — Error predicting RELIANCE.NS [5min]: 'Index' object has no attribute 'clip'
2026-03-09 12:08:50 | INFO     | src.intraday:predict_timeframe:357 — Predicting RELIANCE.NS [15min]...
2026-03-09 12:08:50 | ERROR    | src.intraday:predict_timeframe:455 — Error predicting RELIANCE.NS [15min]: 'Index' object has no attribute 'clip'
2026-03-09 12:08:50 | INFO     | src.intraday:predict_timeframe:357 — Predicting RELIANCE.NS [1hr]...
2026-03-09 12:08:51 | ERROR    | src.intraday:predict_timeframe:455 — Error predicting RELIANCE.NS [1hr]: 'Index' object has no attribute 'clip'
2026-03-09 12:08:51 | INFO     | __main__:scan_all_tickers:65 — [2/50] TCS.NS
2026-03-09 12:08:51 | INFO     | src.intraday:predict_timeframe:357 — Predicting TCS.NS [5min]...
2026-03-09 12:08:51 | ERROR    | src.intraday:predict_timeframe:455 — Error predicting TCS.NS [5min]: 'Index' object has no attribute 'clip'
2026-03-09 12:08:51 | INFO     | src.intraday:predict_timeframe:357 — Predicting TCS.NS [15min]...
2026-03-09 12:08:52 | ERROR    | src.intraday:predict_timeframe:455 — Error predicting TCS.NS [15min]: 'Index' object has no attribute 'clip'
2026-03-09 12:08:52 | INFO     | src.intraday:predict_timeframe:357 — Predicting TCS.NS [1hr]...
2026-03-09 12:08:52 | ERROR    | src.intraday:predict_timeframe:455 — Error predicting TCS.NS [1hr]: 'Index' object has no attribute 'clip'
2026-03-09 12:08:52 | INFO     | __main__:scan_all_tickers:65 — [3/50] HDFCBANK.NS
2026-03-09 12:08:52 | INFO     | src.intraday:predict_timeframe:357 — Predicting HDFCBANK.NS [5min]...
2026-03-09 12:08:53 | ERROR    | src.intraday:predict_timeframe:455 — Error predicting HDFCBANK.NS [5min]: 'Index' object has no attribute 'clip'
2026-03-09 12:08:53 | INFO     | src.intraday:predict_timeframe:357 — Predicting HDFCBANK.NS [15min]...
2026-03-09 12:08:53 | ERROR    | src.intraday:predict_timeframe:455 — Error predicting HDFCBANK.NS [15min]: 'Index' object has no attribute 'clip'
2026-03-09 12:08:53 | INFO     | src.intraday:predict_timeframe:357 — Predicting HDFCBANK.NS [1hr]...
2026-03-09 12:08:54 | ERROR    | src.intraday:predict_timeframe:455 — Error predicting HDFCBANK.NS [1hr]: 'Index' object has no attribute 'clip'
2026-03-09 12:08:54 | INFO     | __main__:scan_all_tickers:65 — [4/50] BHARTIARTL.NS
2026-03-09 12:08:54 | INFO     | src.intraday:predict_timeframe:357 — Predicting BHARTIARTL.NS [5min]...
2026-03-09 12:08:54 | ERROR    | src.intraday:predict_timeframe:455 — Error predicting BHARTIARTL.NS [5min]: 'Index' object has no attribute 'clip'
2026-03-09 12:08:54 | INFO     | src.intraday:predict_timeframe:357 — Predicting BHARTIARTL.NS [15min]...
2026-03-09 12:08:55 | ERROR    | src.intraday:predict_timeframe:455 — Error predicting BHARTIARTL.NS [15min]: 'Index' object has no attribute 'clip'
2026-03-09 12:08:55 | INFO     | src.intraday:predict_timeframe:357 — Predicting BHARTIARTL.NS [1hr]...
2026-03-09 12:08:55 | ERROR    | src.intraday:predict_timeframe:455 — Error predicting BHARTIARTL.NS [1hr]: 'Index' object has no attribute 'clip'
2026-03-09 12:08:55 | INFO     | __main__:scan_all_tickers:65 — [5/50] ICICIBANK.NS
2026-03-09 12:08:55 | INFO     | src.intraday:predict_timeframe:357 — Predicting ICICIBANK.NS [5min]...
2026-03-09 12:08:56 | ERROR    | src.intraday:predict_timeframe:455 — Error predicting ICICIBANK.NS [5min]: 'Index' object has no attribute 'clip'
2026-03-09 12:08:56 | INFO     | src.intraday:predict_timeframe:357 — Predicting ICICIBANK.NS [15min]...
2026-03-09 12:08:56 | ERROR    | src.intraday:predict_timeframe:455 — Error predicting ICICIBANK.NS [15min]: 'Index' object has no attribute 'clip'
2026-03-09 12:08:56 | INFO     | src.intraday:predict_timeframe:357 — Predicting ICICIBANK.NS [1hr]...
2026-03-09 12:08:57 | ERROR    | src.intraday:predict_timeframe:455 — Error predicting ICICIBANK.NS [1hr]: 'Index' object has no attribute 'clip'
2026-03-09 12:08:57 | INFO     | __main__:scan_all_tickers:65 — [6/50] INFOSYS.NS
2026-03-09 12:08:57 | INFO     | src.intraday:predict_timeframe:357 — Predicting INFOSYS.NS [5min]...
2026-03-09 12:08:58 | INFO     | src.intraday:predict_timeframe:357 — Predicting INFOSYS.NS [15min]...
2026-03-09 12:08:59 | INFO     | src.intraday:predict_timeframe:357 — Predicting INFOSYS.NS [1hr]...
2026-03-09 12:09:00 | INFO     | __main__:scan_all_tickers:65 — [7/50] SBIN.NS
2026-03-09 12:09:00 | INFO     | src.intraday:predict_timeframe:357 — Predicting SBIN.NS [5min]...
2026-03-09 12:09:00 | ERROR    | src.intraday:predict_timeframe:455 — Error predicting SBIN.NS [5min]: 'Index' object has no attribute 'clip'
2026-03-09 12:09:00 | INFO     | src.intraday:predict_timeframe:357 — Predicting SBIN.NS [15min]...
2026-03-09 12:09:01 | ERROR    | src.intraday:predict_timeframe:455 — Error predicting SBIN.NS [15min]: 'Index' object has no attribute 'clip'
2026-03-09 12:09:01 | INFO     | src.intraday:predict_timeframe:357 — Predicting SBIN.NS [1hr]...
2026-03-09 12:09:01 | ERROR    | src.intraday:predict_timeframe:455 — Error predicting SBIN.NS [1hr]: 'Index' object has no attribute 'clip'
2026-03-09 12:09:01 | INFO     | __main__:scan_all_tickers:65 — [8/50] HINDUNILVR.NS
2026-03-09 12:09:01 | INFO     | src.intraday:predict_timeframe:357 — Predicting HINDUNILVR.NS [5min]...
2026-03-09 12:09:02 | ERROR    | src.intraday:predict_timeframe:455 — Error predicting HINDUNILVR.NS [5min]: 'Index' object has no attribute 'clip'
2026-03-09 12:09:02 | INFO     | src.intraday:predict_timeframe:357 — Predicting HINDUNILVR.NS [15min]...
2026-03-09 12:09:02 | ERROR    | src.intraday:predict_timeframe:455 — Error predicting HINDUNILVR.NS [15min]: 'Index' object has no attribute 'clip'
2026-03-09 12:09:02 | INFO     | src.intraday:predict_timeframe:357 — Predicting HINDUNILVR.NS [1hr]...
2026-03-09 12:09:03 | ERROR    | src.intraday:predict_timeframe:455 — Error predicting HINDUNILVR.NS [1hr]: 'Index' object has no attribute 'clip'
2026-03-09 12:09:03 | INFO     | __main__:scan_all_tickers:65 — [9/50] ITC.NS
2026-03-09 12:09:03 | INFO     | src.intraday:predict_timeframe:357 — Predicting ITC.NS [5min]...
2026-03-09 12:09:03 | ERROR    | src.intraday:predict_timeframe:455 — Error predicting ITC.NS [5min]: 'Index' object has no attribute 'clip'
2026-03-09 12:09:03 | INFO     | src.intraday:predict_timeframe:357 — Predicting ITC.NS [15min]...
2026-03-09 12:09:04 | ERROR    | src.intraday:predict_timeframe:455 — Error predicting ITC.NS [15min]: 'Index' object has no attribute 'clip'
2026-03-09 12:09:04 | INFO     | src.intraday:predict_timeframe:357 — Predicting ITC.NS [1hr]...
2026-03-09 12:09:04 | ERROR    | src.intraday:predict_timeframe:455 — Error predicting ITC.NS [1hr]: 'Index' object has no attribute 'clip'
2026-03-09 12:09:04 | INFO     | __main__:scan_all_tickers:65 — [10/50] LT.NS
2026-03-09 12:09:04 | INFO     | src.intraday:predict_timeframe:357 — Predicting LT.NS [5min]...
2026-03-09 12:09:05 | ERROR    | src.intraday:predict_timeframe:455 — Error predicting LT.NS [5min]: 'Index' object has no attribute 'clip'
2026-03-09 12:09:05 | INFO     | src.intraday:predict_timeframe:357 — Predicting LT.NS [15min]...
2026-03-09 12:09:05 | ERROR    | src.intraday:predict_timeframe:455 — Error predicting LT.NS [15min]: 'Index' object has no attribute 'clip'
2026-03-09 12:09:05 | INFO     | src.intraday:predict_timeframe:357 — Predicting LT.NS [1hr]...
2026-03-09 12:09:06 | ERROR    | src.intraday:predict_timeframe:455 — Error predicting LT.NS [1hr]: 'Index' object has no attribute 'clip'
2026-03-09 12:09:06 | INFO     | __main__:scan_all_tickers:65 — [11/50] KOTAKBANK.NS
2026-03-09 12:09:06 | INFO     | src.intraday:predict_timeframe:357 — Predicting KOTAKBANK.NS [5min]...
2026-03-09 12:09:06 | ERROR    | src.intraday:predict_timeframe:455 — Error predicting KOTAKBANK.NS [5min]: 'Index' object has no attribute 'clip'
2026-03-09 12:09:06 | INFO     | src.intraday:predict_timeframe:357 — Predicting KOTAKBANK.NS [15min]...
2026-03-09 12:09:07 | ERROR    | src.intraday:predict_timeframe:455 — Error predicting KOTAKBANK.NS [15min]: 'Index' object has no attribute 'clip'
2026-03-09 12:09:07 | INFO     | src.intraday:predict_timeframe:357 — Predicting KOTAKBANK.NS [1hr]...
2026-03-09 12:09:08 | ERROR    | src.intraday:predict_timeframe:455 — Error predicting KOTAKBANK.NS [1hr]: 'Index' object has no attribute 'clip'
2026-03-09 12:09:08 | INFO     | __main__:scan_all_tickers:65 — [12/50] AXISBANK.NS
2026-03-09 12:09:08 | INFO     | src.intraday:predict_timeframe:357 — Predicting AXISBANK.NS [5min]...
2026-03-09 12:09:08 | ERROR    | src.intraday:predict_timeframe:455 — Error predicting AXISBANK.NS [5min]: 'Index' object has no attribute 'clip'
2026-03-09 12:09:08 | INFO     | src.intraday:predict_timeframe:357 — Predicting AXISBANK.NS [15min]...
2026-03-09 12:09:09 | ERROR    | src.intraday:predict_timeframe:455 — Error predicting AXISBANK.NS [15min]: 'Index' object has no attribute 'clip'
2026-03-09 12:09:09 | INFO     | src.intraday:predict_timeframe:357 — Predicting AXISBANK.NS [1hr]...
2026-03-09 12:09:09 | ERROR    | src.intraday:predict_timeframe:455 — Error predicting AXISBANK.NS [1hr]: 'Index' object has no attribute 'clip'
2026-03-09 12:09:09 | INFO     | __main__:scan_all_tickers:65 — [13/50] BAJFINANCE.NS
2026-03-09 12:09:09 | INFO     | src.intraday:predict_timeframe:357 — Predicting BAJFINANCE.NS [5min]...
2026-03-09 12:09:10 | ERROR    | src.intraday:predict_timeframe:455 — Error predicting BAJFINANCE.NS [5min]: 'Index' object has no attribute 'clip'
2026-03-09 12:09:10 | INFO     | src.intraday:predict_timeframe:357 — Predicting BAJFINANCE.NS [15min]...
2026-03-09 12:09:10 | ERROR    | src.intraday:predict_timeframe:455 — Error predicting BAJFINANCE.NS [15min]: 'Index' object has no attribute 'clip'
2026-03-09 12:09:10 | INFO     | src.intraday:predict_timeframe:357 — Predicting BAJFINANCE.NS [1hr]...
2026-03-09 12:09:10 | ERROR    | src.intraday:predict_timeframe:455 — Error predicting BAJFINANCE.NS [1hr]: 'Index' object has no attribute 'clip'
2026-03-09 12:09:10 | INFO     | __main__:scan_all_tickers:65 — [14/50] WIPRO.NS
2026-03-09 12:09:10 | INFO     | src.intraday:predict_timeframe:357 — Predicting WIPRO.NS [5min]...
2026-03-09 12:09:12 | ERROR    | src.intraday:predict_timeframe:455 — Error predicting WIPRO.NS [5min]: 'Index' object has no attribute 'clip'
2026-03-09 12:09:12 | INFO     | src.intraday:predict_timeframe:357 — Predicting WIPRO.NS [15min]...
2026-03-09 12:09:12 | ERROR    | src.intraday:predict_timeframe:455 — Error predicting WIPRO.NS [15min]: 'Index' object has no attribute 'clip'
2026-03-09 12:09:12 | INFO     | src.intraday:predict_timeframe:357 — Predicting WIPRO.NS [1hr]...
2026-03-09 12:09:13 | ERROR    | src.intraday:predict_timeframe:455 — Error predicting WIPRO.NS [1hr]: 'Index' object has no attribute 'clip'
2026-03-09 12:09:13 | INFO     | __main__:scan_all_tickers:65 — [15/50] HCLTECH.NS
2026-03-09 12:09:13 | INFO     | src.intraday:predict_timeframe:357 — Predicting HCLTECH.NS [5min]...
2026-03-09 12:09:14 | ERROR    | src.intraday:predict_timeframe:455 — Error predicting HCLTECH.NS [5min]: 'Index' object has no attribute 'clip'
2026-03-09 12:09:14 | INFO     | src.intraday:predict_timeframe:357 — Predicting HCLTECH.NS [15min]...
2026-03-09 12:09:14 | ERROR    | src.intraday:predict_timeframe:455 — Error predicting HCLTECH.NS [15min]: 'Index' object has no attribute 'clip'
2026-03-09 12:09:14 | INFO     | src.intraday:predict_timeframe:357 — Predicting HCLTECH.NS [1hr]...
2026-03-09 12:09:15 | ERROR    | src.intraday:predict_timeframe:455 — Error predicting HCLTECH.NS [1hr]: 'Index' object has no attribute 'clip'
2026-03-09 12:09:15 | INFO     | __main__:scan_all_tickers:65 — [16/50] ASIANPAINT.NS
2026-03-09 12:09:15 | INFO     | src.intraday:predict_timeframe:357 — Predicting ASIANPAINT.NS [5min]...
2026-03-09 12:09:16 | ERROR    | src.intraday:predict_timeframe:455 — Error predicting ASIANPAINT.NS [5min]: 'Index' object has no attribute 'clip'
2026-03-09 12:09:16 | INFO     | src.intraday:predict_timeframe:357 — Predicting ASIANPAINT.NS [15min]...
2026-03-09 12:09:16 | ERROR    | src.intraday:predict_timeframe:455 — Error predicting ASIANPAINT.NS [15min]: 'Index' object has no attribute 'clip'
2026-03-09 12:09:16 | INFO     | src.intraday:predict_timeframe:357 — Predicting ASIANPAINT.NS [1hr]...
2026-03-09 12:09:17 | ERROR    | src.intraday:predict_timeframe:455 — Error predicting ASIANPAINT.NS [1hr]: 'Index' object has no attribute 'clip'
2026-03-09 12:09:17 | INFO     | __main__:scan_all_tickers:65 — [17/50] MARUTI.NS
2026-03-09 12:09:17 | INFO     | src.intraday:predict_timeframe:357 — Predicting MARUTI.NS [5min]...
2026-03-09 12:09:18 | ERROR    | src.intraday:predict_timeframe:455 — Error predicting MARUTI.NS [5min]: 'Index' object has no attribute 'clip'
2026-03-09 12:09:18 | INFO     | src.intraday:predict_timeframe:357 — Predicting MARUTI.NS [15min]...
2026-03-09 12:09:18 | ERROR    | src.intraday:predict_timeframe:455 — Error predicting MARUTI.NS [15min]: 'Index' object has no attribute 'clip'
2026-03-09 12:09:18 | INFO     | src.intraday:predict_timeframe:357 — Predicting MARUTI.NS [1hr]...
2026-03-09 12:09:19 | ERROR    | src.intraday:predict_timeframe:455 — Error predicting MARUTI.NS [1hr]: 'Index' object has no attribute 'clip'
2026-03-09 12:09:19 | INFO     | __main__:scan_all_tickers:65 — [18/50] SUNPHARMA.NS
2026-03-09 12:09:19 | INFO     | src.intraday:predict_timeframe:357 — Predicting SUNPHARMA.NS [5min]...
2026-03-09 12:09:20 | ERROR    | src.intraday:predict_timeframe:455 — Error predicting SUNPHARMA.NS [5min]: 'Index' object has no attribute 'clip'
2026-03-09 12:09:20 | INFO     | src.intraday:predict_timeframe:357 — Predicting SUNPHARMA.NS [15min]...
2026-03-09 12:09:23 | ERROR    | src.intraday:predict_timeframe:455 — Error predicting SUNPHARMA.NS [15min]: 'Index' object has no attribute 'clip'
2026-03-09 12:09:23 | INFO     | src.intraday:predict_timeframe:357 — Predicting SUNPHARMA.NS [1hr]...
2026-03-09 12:09:30 | ERROR    | src.intraday:predict_timeframe:455 — Error predicting SUNPHARMA.NS [1hr]: 'Index' object has no attribute 'clip'
2026-03-09 12:09:30 | INFO     | __main__:scan_all_tickers:65 — [19/50] TITAN.NS
2026-03-09 12:09:30 | INFO     | src.intraday:predict_timeframe:357 — Predicting TITAN.NS [5min]...
2026-03-09 12:09:32 | ERROR    | src.intraday:predict_timeframe:455 — Error predicting TITAN.NS [5min]: 'Index' object has no attribute 'clip'
2026-03-09 12:09:32 | INFO     | src.intraday:predict_timeframe:357 — Predicting TITAN.NS [15min]...
2026-03-09 12:09:32 | ERROR    | src.intraday:predict_timeframe:455 — Error predicting TITAN.NS [15min]: 'Index' object has no attribute 'clip'
2026-03-09 12:09:32 | INFO     | src.intraday:predict_timeframe:357 — Predicting TITAN.NS [1hr]...
2026-03-09 12:09:33 | ERROR    | src.intraday:predict_timeframe:455 — Error predicting TITAN.NS [1hr]: 'Index' object has no attribute 'clip'
2026-03-09 12:09:33 | INFO     | __main__:scan_all_tickers:65 — [20/50] ULTRACEMCO.NS
2026-03-09 12:09:33 | INFO     | src.intraday:predict_timeframe:357 — Predicting ULTRACEMCO.NS [5min]...
2026-03-09 12:09:33 | ERROR    | src.intraday:predict_timeframe:455 — Error predicting ULTRACEMCO.NS [5min]: 'Index' object has no attribute 'clip'
2026-03-09 12:09:33 | INFO     | src.intraday:predict_timeframe:357 — Predicting ULTRACEMCO.NS [15min]...
2026-03-09 12:09:34 | ERROR    | src.intraday:predict_timeframe:455 — Error predicting ULTRACEMCO.NS [15min]: 'Index' object has no attribute 'clip'
2026-03-09 12:09:34 | INFO     | src.intraday:predict_timeframe:357 — Predicting ULTRACEMCO.NS [1hr]...
2026-03-09 12:09:35 | ERROR    | src.intraday:predict_timeframe:455 — Error predicting ULTRACEMCO.NS [1hr]: 'Index' object has no attribute 'clip'
2026-03-09 12:09:35 | INFO     | __main__:scan_all_tickers:65 — [21/50] NESTLEIND.NS
2026-03-09 12:09:35 | INFO     | src.intraday:predict_timeframe:357 — Predicting NESTLEIND.NS [5min]...
2026-03-09 12:09:35 | ERROR    | src.intraday:predict_timeframe:455 — Error predicting NESTLEIND.NS [5min]: 'Index' object has no attribute 'clip'
2026-03-09 12:09:35 | INFO     | src.intraday:predict_timeframe:357 — Predicting NESTLEIND.NS [15min]...
2026-03-09 12:09:36 | ERROR    | src.intraday:predict_timeframe:455 — Error predicting NESTLEIND.NS [15min]: 'Index' object has no attribute 'clip'
2026-03-09 12:09:36 | INFO     | src.intraday:predict_timeframe:357 — Predicting NESTLEIND.NS [1hr]...
2026-03-09 12:09:36 | ERROR    | src.intraday:predict_timeframe:455 — Error predicting NESTLEIND.NS [1hr]: 'Index' object has no attribute 'clip'
2026-03-09 12:09:36 | INFO     | __main__:scan_all_tickers:65 — [22/50] POWERGRID.NS
2026-03-09 12:09:36 | INFO     | src.intraday:predict_timeframe:357 — Predicting POWERGRID.NS [5min]...
2026-03-09 12:09:37 | ERROR    | src.intraday:predict_timeframe:455 — Error predicting POWERGRID.NS [5min]: 'Index' object has no attribute 'clip'
2026-03-09 12:09:37 | INFO     | src.intraday:predict_timeframe:357 — Predicting POWERGRID.NS [15min]...
2026-03-09 12:09:38 | ERROR    | src.intraday:predict_timeframe:455 — Error predicting POWERGRID.NS [15min]: 'Index' object has no attribute 'clip'
2026-03-09 12:09:38 | INFO     | src.intraday:predict_timeframe:357 — Predicting POWERGRID.NS [1hr]...
2026-03-09 12:09:38 | ERROR    | src.intraday:predict_timeframe:455 — Error predicting POWERGRID.NS [1hr]: 'Index' object has no attribute 'clip'
2026-03-09 12:09:38 | INFO     | __main__:scan_all_tickers:65 — [23/50] NTPC.NS
2026-03-09 12:09:38 | INFO     | src.intraday:predict_timeframe:357 — Predicting NTPC.NS [5min]...
2026-03-09 12:09:39 | ERROR    | src.intraday:predict_timeframe:455 — Error predicting NTPC.NS [5min]: 'Index' object has no attribute 'clip'
2026-03-09 12:09:39 | INFO     | src.intraday:predict_timeframe:357 — Predicting NTPC.NS [15min]...
2026-03-09 12:09:39 | ERROR    | src.intraday:predict_timeframe:455 — Error predicting NTPC.NS [15min]: 'Index' object has no attribute 'clip'
2026-03-09 12:09:39 | INFO     | src.intraday:predict_timeframe:357 — Predicting NTPC.NS [1hr]...
2026-03-09 12:09:40 | ERROR    | src.intraday:predict_timeframe:455 — Error predicting NTPC.NS [1hr]: 'Index' object has no attribute 'clip'
2026-03-09 12:09:40 | INFO     | __main__:scan_all_tickers:65 — [24/50] TECHM.NS
2026-03-09 12:09:40 | INFO     | src.intraday:predict_timeframe:357 — Predicting TECHM.NS [5min]...
2026-03-09 12:09:40 | ERROR    | src.intraday:predict_timeframe:455 — Error predicting TECHM.NS [5min]: 'Index' object has no attribute 'clip'
2026-03-09 12:09:40 | INFO     | src.intraday:predict_timeframe:357 — Predicting TECHM.NS [15min]...
2026-03-09 12:09:41 | ERROR    | src.intraday:predict_timeframe:455 — Error predicting TECHM.NS [15min]: 'Index' object has no attribute 'clip'
2026-03-09 12:09:41 | INFO     | src.intraday:predict_timeframe:357 — Predicting TECHM.NS [1hr]...
2026-03-09 12:09:41 | ERROR    | src.intraday:predict_timeframe:455 — Error predicting TECHM.NS [1hr]: 'Index' object has no attribute 'clip'
2026-03-09 12:09:41 | INFO     | __main__:scan_all_tickers:65 — [25/50] INDUSINDBK.NS
2026-03-09 12:09:41 | INFO     | src.intraday:predict_timeframe:357 — Predicting INDUSINDBK.NS [5min]...
2026-03-09 12:09:42 | ERROR    | src.intraday:predict_timeframe:455 — Error predicting INDUSINDBK.NS [5min]: 'Index' object has no attribute 'clip'
2026-03-09 12:09:42 | INFO     | src.intraday:predict_timeframe:357 — Predicting INDUSINDBK.NS [15min]...
2026-03-09 12:09:42 | ERROR    | src.intraday:predict_timeframe:455 — Error predicting INDUSINDBK.NS [15min]: 'Index' object has no attribute 'clip'
2026-03-09 12:09:42 | INFO     | src.intraday:predict_timeframe:357 — Predicting INDUSINDBK.NS [1hr]...
2026-03-09 12:09:43 | ERROR    | src.intraday:predict_timeframe:455 — Error predicting INDUSINDBK.NS [1hr]: 'Index' object has no attribute 'clip'
2026-03-09 12:09:43 | INFO     | __main__:scan_all_tickers:65 — [26/50] BAJAJFINSV.NS
2026-03-09 12:09:43 | INFO     | src.intraday:predict_timeframe:357 — Predicting BAJAJFINSV.NS [5min]...
2026-03-09 12:09:44 | ERROR    | src.intraday:predict_timeframe:455 — Error predicting BAJAJFINSV.NS [5min]: 'Index' object has no attribute 'clip'
2026-03-09 12:09:44 | INFO     | src.intraday:predict_timeframe:357 — Predicting BAJAJFINSV.NS [15min]...
2026-03-09 12:09:44 | ERROR    | src.intraday:predict_timeframe:455 — Error predicting BAJAJFINSV.NS [15min]: 'Index' object has no attribute 'clip'
2026-03-09 12:09:44 | INFO     | src.intraday:predict_timeframe:357 — Predicting BAJAJFINSV.NS [1hr]...
2026-03-09 12:09:44 | ERROR    | src.intraday:predict_timeframe:455 — Error predicting BAJAJFINSV.NS [1hr]: 'Index' object has no attribute 'clip'
2026-03-09 12:09:44 | INFO     | __main__:scan_all_tickers:65 — [27/50] ONGC.NS
2026-03-09 12:09:44 | INFO     | src.intraday:predict_timeframe:357 — Predicting ONGC.NS [5min]...
2026-03-09 12:09:45 | ERROR    | src.intraday:predict_timeframe:455 — Error predicting ONGC.NS [5min]: 'Index' object has no attribute 'clip'
2026-03-09 12:09:45 | INFO     | src.intraday:predict_timeframe:357 — Predicting ONGC.NS [15min]...
2026-03-09 12:09:45 | ERROR    | src.intraday:predict_timeframe:455 — Error predicting ONGC.NS [15min]: 'Index' object has no attribute 'clip'
2026-03-09 12:09:45 | INFO     | src.intraday:predict_timeframe:357 — Predicting ONGC.NS [1hr]...
2026-03-09 12:09:46 | ERROR    | src.intraday:predict_timeframe:455 — Error predicting ONGC.NS [1hr]: 'Index' object has no attribute 'clip'
2026-03-09 12:09:46 | INFO     | __main__:scan_all_tickers:65 — [28/50] COALINDIA.NS
2026-03-09 12:09:46 | INFO     | src.intraday:predict_timeframe:357 — Predicting COALINDIA.NS [5min]...
2026-03-09 12:09:46 | ERROR    | src.intraday:predict_timeframe:455 — Error predicting COALINDIA.NS [5min]: 'Index' object has no attribute 'clip'
2026-03-09 12:09:46 | INFO     | src.intraday:predict_timeframe:357 — Predicting COALINDIA.NS [15min]...
2026-03-09 12:09:47 | ERROR    | src.intraday:predict_timeframe:455 — Error predicting COALINDIA.NS [15min]: 'Index' object has no attribute 'clip'
2026-03-09 12:09:47 | INFO     | src.intraday:predict_timeframe:357 — Predicting COALINDIA.NS [1hr]...
2026-03-09 12:09:48 | ERROR    | src.intraday:predict_timeframe:455 — Error predicting COALINDIA.NS [1hr]: 'Index' object has no attribute 'clip'
2026-03-09 12:09:48 | INFO     | __main__:scan_all_tickers:65 — [29/50] JSWSTEEL.NS
2026-03-09 12:09:48 | INFO     | src.intraday:predict_timeframe:357 — Predicting JSWSTEEL.NS [5min]...
2026-03-09 12:09:48 | ERROR    | src.intraday:predict_timeframe:455 — Error predicting JSWSTEEL.NS [5min]: 'Index' object has no attribute 'clip'
2026-03-09 12:09:48 | INFO     | src.intraday:predict_timeframe:357 — Predicting JSWSTEEL.NS [15min]...
2026-03-09 12:09:49 | ERROR    | src.intraday:predict_timeframe:455 — Error predicting JSWSTEEL.NS [15min]: 'Index' object has no attribute 'clip'
2026-03-09 12:09:49 | INFO     | src.intraday:predict_timeframe:357 — Predicting JSWSTEEL.NS [1hr]...
2026-03-09 12:09:49 | ERROR    | src.intraday:predict_timeframe:455 — Error predicting JSWSTEEL.NS [1hr]: 'Index' object has no attribute 'clip'
2026-03-09 12:09:49 | INFO     | __main__:scan_all_tickers:65 — [30/50] TATAMOTORS.NS
2026-03-09 12:09:49 | INFO     | src.intraday:predict_timeframe:357 — Predicting TATAMOTORS.NS [5min]...
2026-03-09 12:09:50 | INFO     | src.intraday:predict_timeframe:357 — Predicting TATAMOTORS.NS [15min]...
2026-03-09 12:09:51 | INFO     | src.intraday:predict_timeframe:357 — Predicting TATAMOTORS.NS [1hr]...
2026-03-09 12:09:52 | INFO     | __main__:scan_all_tickers:65 — [31/50] TATASTEEL.NS
2026-03-09 12:09:52 | INFO     | src.intraday:predict_timeframe:357 — Predicting TATASTEEL.NS [5min]...
2026-03-09 12:09:53 | ERROR    | src.intraday:predict_timeframe:455 — Error predicting TATASTEEL.NS [5min]: 'Index' object has no attribute 'clip'
2026-03-09 12:09:53 | INFO     | src.intraday:predict_timeframe:357 — Predicting TATASTEEL.NS [15min]...
2026-03-09 12:09:53 | ERROR    | src.intraday:predict_timeframe:455 — Error predicting TATASTEEL.NS [15min]: 'Index' object has no attribute 'clip'
2026-03-09 12:09:53 | INFO     | src.intraday:predict_timeframe:357 — Predicting TATASTEEL.NS [1hr]...
2026-03-09 12:09:53 | ERROR    | src.intraday:predict_timeframe:455 — Error predicting TATASTEEL.NS [1hr]: 'Index' object has no attribute 'clip'
2026-03-09 12:09:53 | INFO     | __main__:scan_all_tickers:65 — [32/50] ADANIPORTS.NS
2026-03-09 12:09:54 | INFO     | src.intraday:predict_timeframe:357 — Predicting ADANIPORTS.NS [5min]...
2026-03-09 12:09:54 | ERROR    | src.intraday:predict_timeframe:455 — Error predicting ADANIPORTS.NS [5min]: 'Index' object has no attribute 'clip'
2026-03-09 12:09:54 | INFO     | src.intraday:predict_timeframe:357 — Predicting ADANIPORTS.NS [15min]...
2026-03-09 12:09:54 | ERROR    | src.intraday:predict_timeframe:455 — Error predicting ADANIPORTS.NS [15min]: 'Index' object has no attribute 'clip'
2026-03-09 12:09:54 | INFO     | src.intraday:predict_timeframe:357 — Predicting ADANIPORTS.NS [1hr]...
2026-03-09 12:09:55 | ERROR    | src.intraday:predict_timeframe:455 — Error predicting ADANIPORTS.NS [1hr]: 'Index' object has no attribute 'clip'
2026-03-09 12:09:55 | INFO     | __main__:scan_all_tickers:65 — [33/50] ADANIENT.NS
2026-03-09 12:09:55 | INFO     | src.intraday:predict_timeframe:357 — Predicting ADANIENT.NS [5min]...
2026-03-09 12:09:55 | ERROR    | src.intraday:predict_timeframe:455 — Error predicting ADANIENT.NS [5min]: 'Index' object has no attribute 'clip'
2026-03-09 12:09:55 | INFO     | src.intraday:predict_timeframe:357 — Predicting ADANIENT.NS [15min]...
2026-03-09 12:09:56 | ERROR    | src.intraday:predict_timeframe:455 — Error predicting ADANIENT.NS [15min]: 'Index' object has no attribute 'clip'
2026-03-09 12:09:56 | INFO     | src.intraday:predict_timeframe:357 — Predicting ADANIENT.NS [1hr]...
2026-03-09 12:09:56 | ERROR    | src.intraday:predict_timeframe:455 — Error predicting ADANIENT.NS [1hr]: 'Index' object has no attribute 'clip'
2026-03-09 12:09:56 | INFO     | __main__:scan_all_tickers:65 — [34/50] CIPLA.NS
2026-03-09 12:09:56 | INFO     | src.intraday:predict_timeframe:357 — Predicting CIPLA.NS [5min]...
2026-03-09 12:09:57 | ERROR    | src.intraday:predict_timeframe:455 — Error predicting CIPLA.NS [5min]: 'Index' object has no attribute 'clip'
2026-03-09 12:09:57 | INFO     | src.intraday:predict_timeframe:357 — Predicting CIPLA.NS [15min]...
2026-03-09 12:09:57 | ERROR    | src.intraday:predict_timeframe:455 — Error predicting CIPLA.NS [15min]: 'Index' object has no attribute 'clip'
2026-03-09 12:09:57 | INFO     | src.intraday:predict_timeframe:357 — Predicting CIPLA.NS [1hr]...
2026-03-09 12:09:58 | ERROR    | src.intraday:predict_timeframe:455 — Error predicting CIPLA.NS [1hr]: 'Index' object has no attribute 'clip'
2026-03-09 12:09:58 | INFO     | __main__:scan_all_tickers:65 — [35/50] DRREDDY.NS
2026-03-09 12:09:58 | INFO     | src.intraday:predict_timeframe:357 — Predicting DRREDDY.NS [5min]...
2026-03-09 12:09:58 | ERROR    | src.intraday:predict_timeframe:455 — Error predicting DRREDDY.NS [5min]: 'Index' object has no attribute 'clip'
2026-03-09 12:09:58 | INFO     | src.intraday:predict_timeframe:357 — Predicting DRREDDY.NS [15min]...
2026-03-09 12:09:58 | ERROR    | src.intraday:predict_timeframe:455 — Error predicting DRREDDY.NS [15min]: 'Index' object has no attribute 'clip'
2026-03-09 12:09:58 | INFO     | src.intraday:predict_timeframe:357 — Predicting DRREDDY.NS [1hr]...
2026-03-09 12:09:59 | ERROR    | src.intraday:predict_timeframe:455 — Error predicting DRREDDY.NS [1hr]: 'Index' object has no attribute 'clip'
2026-03-09 12:09:59 | INFO     | __main__:scan_all_tickers:65 — [36/50] DIVISLAB.NS
2026-03-09 12:09:59 | INFO     | src.intraday:predict_timeframe:357 — Predicting DIVISLAB.NS [5min]...
2026-03-09 12:10:00 | ERROR    | src.intraday:predict_timeframe:455 — Error predicting DIVISLAB.NS [5min]: 'Index' object has no attribute 'clip'
2026-03-09 12:10:00 | INFO     | src.intraday:predict_timeframe:357 — Predicting DIVISLAB.NS [15min]...
2026-03-09 12:10:00 | ERROR    | src.intraday:predict_timeframe:455 — Error predicting DIVISLAB.NS [15min]: 'Index' object has no attribute 'clip'
2026-03-09 12:10:00 | INFO     | src.intraday:predict_timeframe:357 — Predicting DIVISLAB.NS [1hr]...
2026-03-09 12:10:01 | ERROR    | src.intraday:predict_timeframe:455 — Error predicting DIVISLAB.NS [1hr]: 'Index' object has no attribute 'clip'
2026-03-09 12:10:01 | INFO     | __main__:scan_all_tickers:65 — [37/50] EICHERMOT.NS
2026-03-09 12:10:01 | INFO     | src.intraday:predict_timeframe:357 — Predicting EICHERMOT.NS [5min]...
2026-03-09 12:10:01 | ERROR    | src.intraday:predict_timeframe:455 — Error predicting EICHERMOT.NS [5min]: 'Index' object has no attribute 'clip'
2026-03-09 12:10:01 | INFO     | src.intraday:predict_timeframe:357 — Predicting EICHERMOT.NS [15min]...
2026-03-09 12:10:02 | ERROR    | src.intraday:predict_timeframe:455 — Error predicting EICHERMOT.NS [15min]: 'Index' object has no attribute 'clip'
2026-03-09 12:10:02 | INFO     | src.intraday:predict_timeframe:357 — Predicting EICHERMOT.NS [1hr]...
2026-03-09 12:10:02 | ERROR    | src.intraday:predict_timeframe:455 — Error predicting EICHERMOT.NS [1hr]: 'Index' object has no attribute 'clip'
2026-03-09 12:10:02 | INFO     | __main__:scan_all_tickers:65 — [38/50] HEROMOTOCO.NS
2026-03-09 12:10:02 | INFO     | src.intraday:predict_timeframe:357 — Predicting HEROMOTOCO.NS [5min]...
2026-03-09 12:10:02 | ERROR    | src.intraday:predict_timeframe:455 — Error predicting HEROMOTOCO.NS [5min]: 'Index' object has no attribute 'clip'
2026-03-09 12:10:02 | INFO     | src.intraday:predict_timeframe:357 — Predicting HEROMOTOCO.NS [15min]...
2026-03-09 12:10:03 | ERROR    | src.intraday:predict_timeframe:455 — Error predicting HEROMOTOCO.NS [15min]: 'Index' object has no attribute 'clip'
2026-03-09 12:10:03 | INFO     | src.intraday:predict_timeframe:357 — Predicting HEROMOTOCO.NS [1hr]...
2026-03-09 12:10:04 | ERROR    | src.intraday:predict_timeframe:455 — Error predicting HEROMOTOCO.NS [1hr]: 'Index' object has no attribute 'clip'
2026-03-09 12:10:04 | INFO     | __main__:scan_all_tickers:65 — [39/50] BRITANNIA.NS
2026-03-09 12:10:04 | INFO     | src.intraday:predict_timeframe:357 — Predicting BRITANNIA.NS [5min]...
2026-03-09 12:10:04 | ERROR    | src.intraday:predict_timeframe:455 — Error predicting BRITANNIA.NS [5min]: 'Index' object has no attribute 'clip'
2026-03-09 12:10:04 | INFO     | src.intraday:predict_timeframe:357 — Predicting BRITANNIA.NS [15min]...
2026-03-09 12:10:04 | ERROR    | src.intraday:predict_timeframe:455 — Error predicting BRITANNIA.NS [15min]: 'Index' object has no attribute 'clip'
2026-03-09 12:10:04 | INFO     | src.intraday:predict_timeframe:357 — Predicting BRITANNIA.NS [1hr]...
2026-03-09 12:10:05 | ERROR    | src.intraday:predict_timeframe:455 — Error predicting BRITANNIA.NS [1hr]: 'Index' object has no attribute 'clip'
2026-03-09 12:10:05 | INFO     | __main__:scan_all_tickers:65 — [40/50] APOLLOHOSP.NS
2026-03-09 12:10:05 | INFO     | src.intraday:predict_timeframe:357 — Predicting APOLLOHOSP.NS [5min]...
2026-03-09 12:10:05 | ERROR    | src.intraday:predict_timeframe:455 — Error predicting APOLLOHOSP.NS [5min]: 'Index' object has no attribute 'clip'
2026-03-09 12:10:05 | INFO     | src.intraday:predict_timeframe:357 — Predicting APOLLOHOSP.NS [15min]...
2026-03-09 12:10:06 | ERROR    | src.intraday:predict_timeframe:455 — Error predicting APOLLOHOSP.NS [15min]: 'Index' object has no attribute 'clip'
2026-03-09 12:10:06 | INFO     | src.intraday:predict_timeframe:357 — Predicting APOLLOHOSP.NS [1hr]...
2026-03-09 12:10:06 | ERROR    | src.intraday:predict_timeframe:455 — Error predicting APOLLOHOSP.NS [1hr]: 'Index' object has no attribute 'clip'
2026-03-09 12:10:06 | INFO     | __main__:scan_all_tickers:65 — [41/50] BAJAJ-AUTO.NS
2026-03-09 12:10:06 | INFO     | src.intraday:predict_timeframe:357 — Predicting BAJAJ-AUTO.NS [5min]...
2026-03-09 12:10:07 | ERROR    | src.intraday:predict_timeframe:455 — Error predicting BAJAJ-AUTO.NS [5min]: 'Index' object has no attribute 'clip'
2026-03-09 12:10:07 | INFO     | src.intraday:predict_timeframe:357 — Predicting BAJAJ-AUTO.NS [15min]...
2026-03-09 12:10:07 | ERROR    | src.intraday:predict_timeframe:455 — Error predicting BAJAJ-AUTO.NS [15min]: 'Index' object has no attribute 'clip'
2026-03-09 12:10:07 | INFO     | src.intraday:predict_timeframe:357 — Predicting BAJAJ-AUTO.NS [1hr]...
2026-03-09 12:10:08 | ERROR    | src.intraday:predict_timeframe:455 — Error predicting BAJAJ-AUTO.NS [1hr]: 'Index' object has no attribute 'clip'
2026-03-09 12:10:08 | INFO     | __main__:scan_all_tickers:65 — [42/50] BPCL.NS
2026-03-09 12:10:08 | INFO     | src.intraday:predict_timeframe:357 — Predicting BPCL.NS [5min]...
2026-03-09 12:10:08 | ERROR    | src.intraday:predict_timeframe:455 — Error predicting BPCL.NS [5min]: 'Index' object has no attribute 'clip'
2026-03-09 12:10:08 | INFO     | src.intraday:predict_timeframe:357 — Predicting BPCL.NS [15min]...
2026-03-09 12:10:09 | ERROR    | src.intraday:predict_timeframe:455 — Error predicting BPCL.NS [15min]: 'Index' object has no attribute 'clip'
2026-03-09 12:10:09 | INFO     | src.intraday:predict_timeframe:357 — Predicting BPCL.NS [1hr]...
2026-03-09 12:10:09 | ERROR    | src.intraday:predict_timeframe:455 — Error predicting BPCL.NS [1hr]: 'Index' object has no attribute 'clip'
2026-03-09 12:10:09 | INFO     | __main__:scan_all_tickers:65 — [43/50] GRASIM.NS
2026-03-09 12:10:09 | INFO     | src.intraday:predict_timeframe:357 — Predicting GRASIM.NS [5min]...
2026-03-09 12:10:09 | ERROR    | src.intraday:predict_timeframe:455 — Error predicting GRASIM.NS [5min]: 'Index' object has no attribute 'clip'
2026-03-09 12:10:09 | INFO     | src.intraday:predict_timeframe:357 — Predicting GRASIM.NS [15min]...
2026-03-09 12:10:10 | ERROR    | src.intraday:predict_timeframe:455 — Error predicting GRASIM.NS [15min]: 'Index' object has no attribute 'clip'
2026-03-09 12:10:10 | INFO     | src.intraday:predict_timeframe:357 — Predicting GRASIM.NS [1hr]...
2026-03-09 12:10:10 | ERROR    | src.intraday:predict_timeframe:455 — Error predicting GRASIM.NS [1hr]: 'Index' object has no attribute 'clip'
2026-03-09 12:10:10 | INFO     | __main__:scan_all_tickers:65 — [44/50] HINDALCO.NS
2026-03-09 12:10:10 | INFO     | src.intraday:predict_timeframe:357 — Predicting HINDALCO.NS [5min]...
2026-03-09 12:10:11 | ERROR    | src.intraday:predict_timeframe:455 — Error predicting HINDALCO.NS [5min]: 'Index' object has no attribute 'clip'
2026-03-09 12:10:11 | INFO     | src.intraday:predict_timeframe:357 — Predicting HINDALCO.NS [15min]...
2026-03-09 12:10:11 | ERROR    | src.intraday:predict_timeframe:455 — Error predicting HINDALCO.NS [15min]: 'Index' object has no attribute 'clip'
2026-03-09 12:10:11 | INFO     | src.intraday:predict_timeframe:357 — Predicting HINDALCO.NS [1hr]...
2026-03-09 12:10:12 | ERROR    | src.intraday:predict_timeframe:455 — Error predicting HINDALCO.NS [1hr]: 'Index' object has no attribute 'clip'
2026-03-09 12:10:12 | INFO     | __main__:scan_all_tickers:65 — [45/50] MM.NS
2026-03-09 12:10:12 | INFO     | src.intraday:predict_timeframe:357 — Predicting MM.NS [5min]...
2026-03-09 12:10:13 | INFO     | src.intraday:predict_timeframe:357 — Predicting MM.NS [15min]...
2026-03-09 12:10:14 | INFO     | src.intraday:predict_timeframe:357 — Predicting MM.NS [1hr]...
2026-03-09 12:10:15 | INFO     | __main__:scan_all_tickers:65 — [46/50] SBILIFE.NS
2026-03-09 12:10:15 | INFO     | src.intraday:predict_timeframe:357 — Predicting SBILIFE.NS [5min]...
2026-03-09 12:10:15 | ERROR    | src.intraday:predict_timeframe:455 — Error predicting SBILIFE.NS [5min]: 'Index' object has no attribute 'clip'
2026-03-09 12:10:15 | INFO     | src.intraday:predict_timeframe:357 — Predicting SBILIFE.NS [15min]...
2026-03-09 12:10:16 | ERROR    | src.intraday:predict_timeframe:455 — Error predicting SBILIFE.NS [15min]: 'Index' object has no attribute 'clip'
2026-03-09 12:10:16 | INFO     | src.intraday:predict_timeframe:357 — Predicting SBILIFE.NS [1hr]...
2026-03-09 12:10:16 | ERROR    | src.intraday:predict_timeframe:455 — Error predicting SBILIFE.NS [1hr]: 'Index' object has no attribute 'clip'
2026-03-09 12:10:16 | INFO     | __main__:scan_all_tickers:65 — [47/50] HDFCLIFE.NS
2026-03-09 12:10:16 | INFO     | src.intraday:predict_timeframe:357 — Predicting HDFCLIFE.NS [5min]...
2026-03-09 12:10:17 | ERROR    | src.intraday:predict_timeframe:455 — Error predicting HDFCLIFE.NS [5min]: 'Index' object has no attribute 'clip'
2026-03-09 12:10:17 | INFO     | src.intraday:predict_timeframe:357 — Predicting HDFCLIFE.NS [15min]...
2026-03-09 12:10:17 | ERROR    | src.intraday:predict_timeframe:455 — Error predicting HDFCLIFE.NS [15min]: 'Index' object has no attribute 'clip'
2026-03-09 12:10:17 | INFO     | src.intraday:predict_timeframe:357 — Predicting HDFCLIFE.NS [1hr]...
2026-03-09 12:10:17 | ERROR    | src.intraday:predict_timeframe:455 — Error predicting HDFCLIFE.NS [1hr]: 'Index' object has no attribute 'clip'
2026-03-09 12:10:17 | INFO     | __main__:scan_all_tickers:65 — [48/50] TATACONSUM.NS
2026-03-09 12:10:17 | INFO     | src.intraday:predict_timeframe:357 — Predicting TATACONSUM.NS [5min]...
2026-03-09 12:10:18 | ERROR    | src.intraday:predict_timeframe:455 — Error predicting TATACONSUM.NS [5min]: 'Index' object has no attribute 'clip'
2026-03-09 12:10:18 | INFO     | src.intraday:predict_timeframe:357 — Predicting TATACONSUM.NS [15min]...
2026-03-09 12:10:18 | ERROR    | src.intraday:predict_timeframe:455 — Error predicting TATACONSUM.NS [15min]: 'Index' object has no attribute 'clip'
2026-03-09 12:10:18 | INFO     | src.intraday:predict_timeframe:357 — Predicting TATACONSUM.NS [1hr]...
2026-03-09 12:10:19 | ERROR    | src.intraday:predict_timeframe:455 — Error predicting TATACONSUM.NS [1hr]: 'Index' object has no attribute 'clip'
2026-03-09 12:10:19 | INFO     | __main__:scan_all_tickers:65 — [49/50] UPL.NS
2026-03-09 12:10:19 | INFO     | src.intraday:predict_timeframe:357 — Predicting UPL.NS [5min]...
2026-03-09 12:10:19 | ERROR    | src.intraday:predict_timeframe:455 — Error predicting UPL.NS [5min]: 'Index' object has no attribute 'clip'
2026-03-09 12:10:19 | INFO     | src.intraday:predict_timeframe:357 — Predicting UPL.NS [15min]...
2026-03-09 12:10:20 | ERROR    | src.intraday:predict_timeframe:455 — Error predicting UPL.NS [15min]: 'Index' object has no attribute 'clip'
2026-03-09 12:10:20 | INFO     | src.intraday:predict_timeframe:357 — Predicting UPL.NS [1hr]...
2026-03-09 12:10:20 | ERROR    | src.intraday:predict_timeframe:455 — Error predicting UPL.NS [1hr]: 'Index' object has no attribute 'clip'
2026-03-09 12:10:20 | INFO     | __main__:scan_all_tickers:65 — [50/50] SHRIRAMFIN.NS
2026-03-09 12:10:20 | INFO     | src.intraday:predict_timeframe:357 — Predicting SHRIRAMFIN.NS [5min]...
2026-03-09 12:10:21 | ERROR    | src.intraday:predict_timeframe:455 — Error predicting SHRIRAMFIN.NS [5min]: 'Index' object has no attribute 'clip'
2026-03-09 12:10:21 | INFO     | src.intraday:predict_timeframe:357 — Predicting SHRIRAMFIN.NS [15min]...
2026-03-09 12:10:21 | ERROR    | src.intraday:predict_timeframe:455 — Error predicting SHRIRAMFIN.NS [15min]: 'Index' object has no attribute 'clip'
2026-03-09 12:10:21 | INFO     | src.intraday:predict_timeframe:357 — Predicting SHRIRAMFIN.NS [1hr]...
2026-03-09 12:10:22 | ERROR    | src.intraday:predict_timeframe:455 — Error predicting SHRIRAMFIN.NS [1hr]: 'Index' object has no attribute 'clip'
2026-03-09 12:10:22 | INFO     | __main__:scan_all_tickers:98 — 
Scan complete:
2026-03-09 12:10:22 | INFO     | __main__:scan_all_tickers:99 —   Strong Buys:  0
2026-03-09 12:10:22 | INFO     | __main__:scan_all_tickers:100 —   Strong Sells: 0
2026-03-09 12:10:22 | INFO     | __main__:scan_all_tickers:101 —   Total alerts: 0
2026-03-09 12:10:22 | INFO     | __main__:main:229 — Next scan in 15 minutes...
2026-03-09 12:12:28 | INFO     | __main__:main:232 — Scanner stopped.
