Date,Close,High,Low,Open,Volume
2014-01-01,597.366455078125,603.7116421471651,596.1645479859172,601.0561660297604,694318.0
2014-01-02,579.1975708007812,603.7116546441183,574.8649625578579,596.6397340980975,2322501.0
2014-01-03,565.780517578125,577.4645513871686,563.5443244101809,570.2249073549307,3701602.0
2014-01-06,564.9140625,573.5512833393394,559.0720450128506,565.8085193835785,2579617.0
2014-01-07,569.9454345703125,575.0047764743055,563.5723015956713,567.4297363076412,2833413.0
2014-01-08,558.1217041015625,573.5233974716755,557.2272471251698,571.3430946141937,3084265.0
2014-01-09,543.3348999023438,561.2801823413504,542.272719670191,558.4011431547833,4402965.0
2014-01-10,534.4740600585938,550.0993657240069,531.9304163604595,543.8101199268574,4818324.0
2014-01-13,548.1705932617188,552.2795358687522,533.9429169274882,533.9429169274882,3526029.0
2014-01-14,543.3907470703125,557.2550309120368,541.1545540957746,546.772956315773,2725885.0
2014-01-15,558.5409545898438,561.0007623132979,545.2357287059194,545.2357287059194,2702491.0
2014-01-16,561.2801513671875,566.2836019239543,554.1802858387031,562.1746592885914,2767075.0
2014-01-17,560.63720703125,565.5568210481482,556.6121008605163,558.6526249098889,2133013.0
2014-01-20,558.45703125,564.5785530396874,553.0342974254522,560.1621086887068,2311656.0
2014-01-21,565.4729614257812,568.8551706369495,561.8671380376269,562.5659259429578,1709856.0
2014-01-22,561.7274169921875,568.7155014827191,557.1153037485208,566.8147551944329,3245709.0
2014-01-23,577.4645385742188,583.3065041671081,564.6903794327175,564.6903794327175,6787534.0
2014-01-24,562.593994140625,575.5078808475527,561.3640904195821,575.25632126416,3782706.0
2014-01-27,547.947021484375,554.8232733127586,543.9778054459752,552.7268581932519,3345742.0
2014-01-28,549.8197631835938,557.1152460680912,544.5088113315329,547.3040653111452,3471943.0
2014-01-29,555.2144775390625,562.3982298179897,552.6987797682792,554.0405159552316,2601379.0
2014-01-30,548.1146850585938,552.0279587328777,544.7324246774996,547.2761191023894,2887870.0
2014-01-31,551.1614990234375,556.5842328723783,545.431314846695,550.8540486956358,2014065.0
2014-02-03,547.471923828125,553.285996760046,545.2916720696654,548.4223227882367,1745134.0
2014-02-04,549.540283203125,552.8107113631556,539.5334322577374,541.5180147470984,1948258.0
2014-02-05,550.882080078125,552.6151031719575,545.0400622997367,547.8632111725278,2288964.0
2014-02-06,545.2077026367188,552.8945238618758,541.7136604185507,551.2173917862766,2699857.0
2014-02-07,550.1831665039062,552.2795816348951,545.7387766626119,549.7079927227514,2114169.0
2014-02-10,556.7520141601562,559.5751628855021,547.3041725992547,551.3572251276075,2414272.0
2014-02-11,555.4940795898438,562.9572862180489,551.9720921829798,557.0314335162817,1820484.0
2014-02-12,564.9140625,569.0789477394324,555.6618897576967,559.0440996329907,2079207.0
2014-02-13,551.7484130859375,567.9606699819944,550.8819018194138,566.3114835655782,1827121.0
2014-02-14,554.9908447265625,557.9258253605418,545.6268930156765,554.8790632375731,1588461.0
2014-02-17,558.0936889648438,561.6156768467151,552.6150638961609,556.8917305642818,1273681.0
2014-02-18,568.7713623046875,571.2311695537279,553.6771743015872,557.9538404296629,3418378.0
2014-02-19,576.5421752929688,577.9118572271555,566.7309410711515,568.5478514624558,2676043.0
2014-02-20,578.414794921875,580.8187111019806,568.2402227604979,571.7901039225607,2632165.0
2014-02-21,589.8753662109375,590.909601156257,579.561013319087,579.7286855950739,2793133.0
2014-02-24,606.3671264648438,608.7989886277597,587.0521607848981,587.8907268849363,3940515.0
2014-02-25,608.1839599609375,609.3020308924979,599.5746858329064,607.4292300933802,2892156.0
2014-02-26,613.075439453125,614.9202944601942,604.9693374609038,605.8358486349829,3813249.0
2014-02-28,620.3431396484375,623.166339001971,610.0287886092402,610.0287886092402,3390912.0
2014-03-03,613.5786743164062,616.485709570554,607.4850989043657,615.2558061028761,1801497.0
2014-03-04,624.2844848632812,626.7442922821868,609.0784631251496,611.035151382011,2621673.0
2014-03-05,628.0020751953125,632.3905738489752,622.8867920708241,628.2536347498273,2453523.0
2014-03-06,638.7077026367188,640.3848344150366,625.4863171964463,628.5051339246183,2598480.0
2014-03-07,670.097900390625,683.7106217546408,638.9871301438218,638.9871301438218,9813319.0
2014-03-10,691.4814453125,694.3325899469188,664.8430043518713,664.8430043518713,6267502.0
2014-03-11,687.652099609375,702.0754457638192,681.2790181649042,688.6583890958728,4450599.0
2014-03-12,681.0554809570312,687.624231965953,674.7662349329523,684.8290285714785,3076795.0
2014-03-13,684.940673828125,692.0125938212697,681.4746284503657,681.4746284503657,2942418.0
2014-03-14,701.572265625,706.3241053271547,671.8031737307743,680.6360617784087,4093326.0
2014-03-18,693.5221557617188,709.175407720144,689.3013796046291,701.041305777944,3189525.0
2014-03-19,696.5689086914062,701.2089675176477,687.1769583431288,692.8791974603649,2946181.0
2014-03-20,681.5026245117188,695.3669094179196,679.7975470707476,687.6241463095361,2957193.0
2014-03-21,680.133056640625,690.4194649441905,676.7229011877624,684.3538328844829,3006924.0
2014-03-24,687.8198852539062,692.3481627616355,680.2727901957002,686.7856502967586,4826047.0
2014-03-25,697.9384765625,698.8049879444387,683.4871856468606,687.624124925026,3608031.0
2014-03-26,713.2283325195312,714.8495737774856,699.6156076283086,699.9231091271655,4239243.0
2014-03-27,717.5889282226562,724.5769616139428,709.1753223027684,712.7532007220362,6435498.0
2014-03-28,720.132568359375,722.508488441141,704.591151051944,721.1668032335106,2952043.0
2014-03-31,711.048095703125,728.0150849556211,707.1068251644316,721.1667787172108,3946083.0
2014-04-01,715.0453491210938,721.1668716322671,701.0412845169479,711.7190299819322,2856469.0
2014-04-02,727.0087280273438,732.3475739855319,712.80899772799,721.1667117935859,3237921.0
2014-04-03,721.2227172851562,725.6112165021345,701.3766875756733,724.0179716643598,4524073.0
2014-04-04,713.9552001953125,720.5518963172053,708.1970189939699,720.5518963172053,3040353.0
2014-04-07,718.0081787109375,723.8222500720182,708.4205602768105,713.5078471267523,2376559.0
2014-04-09,725.6671142578125,731.6768549308514,714.150854454222,720.6077723665522,4062904.0
2014-04-10,734.7235717773438,741.9911094355898,723.4308764955707,724.6607800825367,4725337.0
2014-04-11,725.918701171875,731.4532166811279,721.1947551608378,730.1953675942967,2806795.0
2014-04-15,725.5553588867188,733.2422320076247,713.3402594504465,721.5302517679442,2215813.0
2014-04-16,704.3397216796875,723.9062494091487,702.1594188367181,721.9216666082347,2713372.0
2014-04-17,709.3989868164062,713.8433769826494,694.3327421492062,704.7029858704401,4721797.0
2014-04-21,739.36376953125,740.7334002510914,711.1040806192925,711.1040806192925,3254260.0
2014-04-22,752.78076171875,757.5046565560402,736.2889454907787,740.7333353689544,4476646.0
2014-04-23,769.4402465820312,776.2326623399541,755.3802924653398,763.0951104113956,4769422.0
2014-04-24,769.4402465820312,769.4402465820312,769.4402465820312,769.4402465820312,4769422.0
2014-04-25,754.653564453125,770.4465415477475,751.914252064872,768.6296313541675,4510083.0
2014-04-28,742.68994140625,762.4800777432588,740.7332533630395,754.7093698656645,4266412.0
2014-04-29,738.7207641601562,750.0972960488629,730.978001254617,746.3237490033404,3339325.0
2014-04-30,723.458984375,746.2120522986868,716.3870627524414,744.0876915102064,3469714.0
2014-05-02,706.380126953125,732.3477314240464,704.4234897239518,727.2883892988594,2832487.0
2014-05-05,717.7845458984375,723.9619581728294,699.4758720796491,706.6875191593656,2194435.0
2014-05-06,726.7572631835938,729.3847428532738,720.5518539169709,722.0333171988567,1984606.0
2014-05-07,724.2974853515625,734.0248314932575,720.6357194725942,725.471498346807,2302158.0
2014-05-08,726.2821044921875,731.1178324282017,713.3402714233946,728.1549055940673,3285168.0
2014-05-09,750.6284790039062,754.1224702378145,720.160543784789,724.8006026322921,4375510.0
2014-05-12,775.5338134765625,777.6302285888455,753.3957006000595,754.7094404218876,3919360.0
2014-05-13,787.8606567382812,805.5823743966732,782.661537603043,782.661537603043,5188618.0
2014-05-14,779.5868530273438,796.6376774847704,771.7322577522665,791.0472205821035,3231376.0
2014-05-15,770.58642578125,782.6617480189826,766.4494856601481,779.4193160200228,3786319.0
2014-05-16,798.147216796875,835.7709103959309,776.260661701737,810.6139269845016,11804331.0
2014-05-19,852.29052734375,857.517592284852,805.1352125501533,805.1352125501533,5544801.0
2014-05-20,843.7930908203125,859.7538418700088,837.0566172369422,857.5735394936015,3532723.0
2014-05-21,825.177001953125,845.5262029171955,821.9345701957025,844.7715241234401,3201142.0
2014-05-22,827.74853515625,842.423441167301,824.5899397507673,832.9756003285107,3015093.0
2014-05-23,846.3926391601562,850.52957860528,829.5095368549365,829.6213183631781,2387221.0
2014-05-26,865.5399780273438,909.7604201305913,840.4109905452171,859.8098443488136,7535436.0
2014-05-27,875.490966796875,881.9759326607814,851.1166587763197,866.5183503390701,3261094.0
2014-05-28,881.6683959960938,896.2594662445359,877.2239548314684,877.8389578835913,3189786.0
2014-05-29,866.322509765625,888.8520101492686,856.4553866274356,882.0037553050846,3391968.0
2014-05-30,864.0025634765625,885.5257240366703,860.5364154998772,871.2701015853224,2490952.0
2014-06-02,920.1865844726562,925.2179811635201,896.7067332486251,902.8002590911899,6711372.0
2014-06-03,924.2953491210938,936.119211605793,918.4813802397741,922.9816093703524,4200799.0
2014-06-04,936.2030639648438,939.1659903903156,920.1864735687714,929.1311435975903,2499418.0
2014-06-05,940.2282104492188,947.0206777121201,929.8859635169144,939.054299807062,3696321.0
2014-06-06,945.3715209960938,950.3749723480854,935.3646182921103,947.5797178201933,3277179.0
2014-06-09,979.5288696289062,993.1975356140248,860.3686681314547,950.3747812451002,5893852.0
2014-06-10,972.1497192382812,982.7994677469252,961.3880868495171,981.5695639778086,3124296.0
2014-06-11,960.1301879882812,975.5318785017897,955.4062931735971,973.8547463911069,4316724.0
2014-06-12,962.8976440429688,968.7116141995332,955.9654491563956,962.4223678235043,1378804.0
2014-06-13,942.5201416015625,977.7678553489071,933.7710902536517,963.7917909089364,2794629.0
2014-06-16,922.7023315429688,941.9893532097643,915.5745191878486,941.4302408607916,2210658.0
2014-06-17,941.737548828125,947.4118931103429,914.5959357503281,914.5959357503281,2791131.0
2014-06-18,934.3580932617188,954.8470684496123,922.9815620991766,941.4300131441656,2892595.0
2014-06-19,926.1682739257812,948.2784931488902,922.4226720091125,940.0325593838319,1613632.0
2014-06-20,921.2765502929688,934.2743235439584,917.1675563408205,932.932638390853,1485903.0
2014-06-23,926.419921875,931.8706015192838,909.8162721668022,923.5408312861492,2017126.0
2014-06-24,933.8550415039062,950.095297331414,925.3855452043816,930.0256036745245,2484652.0
2014-06-25,922.4503784179688,938.8583031997016,919.5153979491819,936.2308241723292,1570332.0
2014-06-26,935.588134765625,943.5545125277982,922.9816981837874,928.7398792317646,2534928.0
2014-06-27,932.0942993164062,943.6665541030301,929.1872629282122,937.0698058724314,1327365.0
2014-06-30,951.3251953125,958.760507916554,934.7215473279914,936.3986793521229,2685537.0
2014-07-01,965.1056518554688,968.2083051805339,954.6515219930825,957.0833839212769,1997301.0
2014-07-02,980.5353393554688,983.9175489885567,968.0965752876535,975.503942972625,2128129.0
2014-07-03,979.640625,987.2157661162679,975.5876245762613,983.917393139208,2313723.0
2014-07-04,974.2460327148438,985.0355069915307,964.6304689625731,985.0355069915307,1657803.0
2014-07-07,977.9635620117188,981.1222083440665,972.0377093306543,978.3269542559367,1767925.0
2014-07-08,935.029052734375,984.9237306606606,929.2708721304052,981.1222382143542,4277095.0
2014-07-09,923.3450317382812,948.4740671684209,909.341020034787,944.7843561772914,3643758.0
2014-07-10,925.0779418945312,960.1300384957879,900.6198032098869,928.6279255702206,5212540.0
2014-07-11,880.1309814453125,935.5322328355544,866.5183066753889,925.7769415158089,4338265.0
2014-07-14,893.0448608398438,898.3837584338557,866.8535943701319,880.494315987688,2333917.0
2014-07-15,913.2822265625,917.4191658854829,897.2656361470704,905.6512962979775,2732493.0
2014-07-16,927.48193359375,935.8396481478927,904.9803786612101,920.3541226535555,2329224.0
2014-07-17,933.0166015625,936.3988114640772,921.4723957618199,922.9817533780772,1217437.0
2014-07-18,942.8278198242188,948.0548338962165,920.6337643237547,928.0130843291646,1997386.0
2014-07-21,933.7432861328125,949.703986280011,930.9759772534481,942.2966188006353,1887466.0
2014-07-22,925.1897583007812,941.541792641782,913.6454538081241,935.2804940356623,1536589.0
2014-07-23,924.4071044921875,937.5166571656242,922.5621981312438,930.1651818216804,1801548.0
2014-07-24,929.9417114257812,933.3239206662223,915.5184177483312,925.3016532356553,1650940.0
2014-07-25,926.895263671875,933.3242374756361,915.8261277389125,931.9266611784822,1344507.0
2014-07-28,917.4472045898438,933.2681789810287,914.1208855673434,929.9418599585284,2294470.0
2014-07-30,852.0390014648438,887.70600413092,845.2745822790041,887.70600413092,13149229.0
2014-07-31,840.187255859375,861.4868531025772,838.1746769515735,854.2192639155251,7753987.0
2014-08-01,821.0680541992188,840.1314093255858,817.9374039771437,831.8016901683271,6859360.0
2014-08-04,835.1837768554688,837.4199698792719,825.2048211471786,825.2048211471786,4058344.0
2014-08-05,833.0034790039062,839.4325019927128,824.6458156550659,838.565990626666,2510001.0
2014-08-06,829.22998046875,844.6037253159888,827.4131215043014,829.6213181114954,3269770.0
2014-08-07,828.4474487304688,836.301994292118,825.456525322311,834.3733024224189,1772376.0
2014-08-08,806.5886840820312,824.5899082590412,805.023384718904,820.8723030783608,3253360.0
2014-08-11,817.7415771484375,821.7666834614348,810.7255480881821,810.7255480881821,2653017.0
2014-08-12,832.4725341796875,834.6527855959381,820.2574348087691,820.2574348087691,2213149.0
2014-08-13,820.47802734375,834.2504951448155,813.7611632796529,834.137633597058,2688088.0
2014-08-14,837.6935424804688,840.8826559400404,822.9614950466771,825.8684029968306,2250747.0
2014-08-18,855.6993408203125,860.7228675547964,837.5241899856811,838.2579449733156,3954625.0
2014-08-19,865.0974731445312,871.9555176176906,859.0861486771944,862.5292527692264,3303576.0
2014-08-20,856.7719116210938,869.0486022977094,853.1876789439681,866.4238994919613,1420566.0
2014-08-21,865.549072265625,868.1173444645456,850.3654722437564,857.7879799203648,2482074.0
2014-08-22,869.2460327148438,879.3496209123092,864.1660749079357,868.2865029287876,2614005.0
2014-08-25,862.162353515625,874.8906455799921,857.9572272364458,872.068383351134,1714194.0
2014-08-26,850.1678466796875,859.5094129294607,841.023788125918,857.9571533343361,2759887.0
2014-08-27,848.7283935546875,857.8159685186704,843.9588055051539,855.6992981338378,2603056.0
2014-08-28,861.6261596679688,866.4239124496751,851.3532264186448,851.3532264186448,3008883.0
2014-09-01,890.3280639648438,892.3318729793594,866.4237944453062,866.4237944453062,3557881.0
2014-09-02,891.4569702148438,901.4758083659704,878.7005164233384,891.8238735493101,2650210.0
2014-09-03,902.0967407226562,907.6282993383709,890.8077970758885,893.7711357397732,3937872.0
2014-09-04,897.440185546875,905.8504378014396,887.8727923843778,905.8504378014396,1717581.0
2014-09-05,910.2247314453125,915.1072328865848,892.9526797664505,897.4682778797553,2508046.0
2014-09-08,919.70751953125,921.5701482865602,912.708347300734,915.6434707066852,2037934.0
2014-09-09,906.076171875,919.7076143972116,903.8184241579457,919.7076143972116,1648011.0
2014-09-10,894.7025146484375,902.4919245674972,891.8239252782139,901.4194298850754,1970533.0
2014-09-11,900.375244140625,908.1927660063611,895.0694082620267,900.2905979870794,1703541.0
2014-09-12,891.0900268554688,906.8380340286744,889.0015718282722,901.0807525277102,1810773.0
2014-09-15,880.845458984375,888.1550007016568,877.7691551947859,885.643211318207,1171498.0
2014-09-16,855.5018920898438,885.2763597209802,851.2120681117409,883.0750427968933,2086846.0
2014-09-17,857.4773559570312,865.2949293772635,846.7811415663135,863.6015929205566,2430664.0
2014-09-18,888.5501708984375,892.9528047441411,853.2158768505433,853.2158768505433,2263371.0
2014-09-19,864.9845581054688,897.1579009523589,862.472768660366,890.8078888753679,2851128.0
2014-09-22,865.4078979492188,870.9394054949076,855.868720401467,860.1585442623267,1744293.0
2014-09-23,844.2694091796875,861.3720672041397,841.1649415742687,857.9571786764446,2434546.0
2014-09-24,826.3482055664062,850.4500351189636,811.6444245215971,846.6682434082031,3623152.0
2014-09-25,816.80908203125,833.4037589699487,808.0884094392142,829.7348804655088,2664181.0
2014-09-26,833.1215209960938,835.3511047377782,809.1608209206374,809.1608209206374,2586988.0
2014-09-29,828.9447021484375,838.6531722784458,816.6680117143829,833.0369667441438,1763739.0
2014-09-30,823.1026000976562,846.5552673580739,819.0103361072446,824.118560573114,2474358.0
2014-10-01,816.66796875,828.5495397927298,814.1561793514087,823.1026785414496,1696510.0
2014-10-07,798.5774536132812,823.2719082373359,793.0458949506686,809.9792588878606,3002658.0
2014-10-08,816.893798828125,819.9700511680535,790.7882095637548,790.7882095637548,2570920.0
2014-10-09,839.2739868164062,842.4348849722919,821.8326420292994,821.8326420292994,2460468.0
2014-10-10,825.0499877929688,834.024650502226,815.0593128563453,830.7508907435218,2465217.0
2014-10-13,816.0752563476562,820.7037162049367,808.9350588738347,816.9784070178401,2268106.0
2014-10-14,812.7450561523438,824.5984111699219,810.7694625317296,821.4092976698181,2222278.0
2014-10-15,812.7450561523438,812.7450561523438,812.7450561523438,812.7450561523438,2222278.0
2014-10-16,803.6011962890625,812.8016351265138,801.2304835120478,805.2662659635805,2213427.0
2014-10-17,820.0827026367188,825.3884859622754,805.5482680085361,807.8060151620582,3123661.0
2014-10-20,843.9871215820312,848.3615914581068,833.7988871376916,836.6775798751272,2714394.0
2014-10-21,853.4417114257812,855.6712955680403,842.4068072985428,845.2572333433421,1853868.0
2014-10-22,877.0072021484375,880.53495196008,861.1180135979888,863.6015874993092,3645714.0
2014-10-27,884.6837158203125,892.3037304210851,881.0430008364962,883.9216936896228,3198228.0
2014-10-28,889.848388671875,898.4843640427835,887.5906409759333,891.8239825014894,1867963.0
2014-10-29,890.243408203125,897.46830337785,884.2602999610131,897.46830337785,1314040.0
2014-10-30,901.8146362304688,903.6209377998558,887.3084130186536,887.3084130186536,2742090.0
2014-10-31,934.4111328125,938.9549459548782,904.5520255409676,904.5520255409676,3781296.0
2014-11-03,935.7377319335938,945.7848896453881,930.5166453791898,937.5440333709578,2578879.0
2014-11-05,940.3096923828125,945.954216012343,933.9878961978144,936.9794503131833,2419614.0
2014-11-07,933.4798583984375,955.5496612420401,920.0460294143154,943.8657026882163,3786600.0
2014-11-10,914.06298828125,928.9643282604657,899.4439054926322,911.5794143925383,4498915.0
2014-11-11,924.1101684570312,925.6342126300585,912.4543207897663,917.7883720423049,1984456.0
2014-11-12,910.73291015625,927.9485348214185,907.7977862459287,926.2551980790437,1937980.0
2014-11-13,912.3696899414062,925.126144522686,908.4468212582516,914.4017144218443,1714051.0
2014-11-14,915.333251953125,921.6832654067167,908.193000822675,914.6841945884023,1522411.0
2014-11-17,912.0593872070312,918.9174840248261,901.9841157894366,914.9662958678501,1502209.0
2014-11-18,928.287353515625,931.6740274771172,912.42637534099,912.4828061266034,2021485.0
2014-11-19,936.1893310546875,945.389820982781,930.206222068647,931.1658552857032,2530605.0
2014-11-20,928.4845581054688,940.9024274784355,920.0743067333855,938.7292228233762,1216285.0
2014-11-21,940.5355834960938,944.7407094475219,920.0461494141321,925.6906734319091,1920028.0
2014-11-24,942.5392456054688,949.3691255517588,930.9399322212075,943.1884061451332,2035971.0
2014-11-25,923.8844604492188,943.1885401343087,915.9258606565737,942.624129019722,2391166.0
2014-11-26,920.610595703125,929.528827235842,916.744158015367,924.5616795407432,2177278.0
2014-11-27,913.9218139648438,926.254932589731,909.3215700195348,922.8964754564391,2207175.0
2014-11-28,925.3237915039062,935.0322614180727,918.5222298220903,918.5222298220903,2598367.0
2014-12-01,915.5306396484375,926.1139928219588,904.4957369630498,920.7235107114298,1493083.0
2014-12-02,925.4929809570312,934.1572739190416,912.1439009043872,913.6114108739405,1361464.0
2014-12-03,928.0328369140625,933.4515331512617,921.7392572412095,926.2548546643812,1616703.0
2014-12-04,919.6510620117188,934.1573879458488,917.2240220214712,929.0209473958627,1773838.0
2014-12-05,919.199462890625,934.1573375522912,914.006591848098,922.416843583919,2146855.0
2014-12-08,904.1287841796875,923.5175068042613,899.8954431417043,920.0460844706729,1585636.0
2014-12-09,880.3092041015625,903.6773318254253,875.4550207543415,901.504230306089,2569558.0
2014-12-10,871.673095703125,883.4418039273646,868.5404648178384,874.8904760877826,3034126.0
2014-12-11,868.173583984375,879.6318199491677,848.3050968727007,869.2459752383388,4328835.0
2014-12-12,852.8489379882812,876.160582473978,849.4904802939305,870.9393925738948,3774426.0
2014-12-15,847.3456420898438,856.8283375841849,843.422773111656,846.6683177709336,2593509.0
2014-12-16,837.270263671875,852.8771440478974,834.6455610578029,841.0237883981678,2809615.0
2014-12-17,828.8883056640625,843.3945806858504,818.5589415707357,833.9965310968132,5619423.0
2014-12-18,850.2807006835938,851.7482624337506,835.0124567462079,843.9871195565086,2815365.0
2014-12-19,866.508544921875,873.0278492697913,856.8282905727433,860.0174042829351,3407025.0
2014-12-22,860.327880859375,871.4474816565287,854.8809678416119,868.117239326857,1321836.0
2014-12-23,845.4265747070312,868.9075657309561,842.3785892749448,860.7795184511662,1721754.0
2014-12-24,834.1658325195312,850.8734237039865,830.0453525770495,845.5958545371631,4556031.0
2014-12-26,841.1367797851562,845.4829830331495,833.6861087339288,837.1856436425433,1010929.0
2014-12-29,841.1931762695312,850.0549780839842,838.8789461244661,843.9307405670287,1193694.0
2014-12-30,845.6804809570312,852.8771613186715,842.8864859754653,849.0389386826674,1373809.0
2014-12-31,843.6483764648438,849.9419051187099,842.1525995191423,842.8581390817494,1255716.0
2015-01-01,848.3334350585938,850.56296739083,842.1527667030298,843.168727338385,674298.0
2015-01-02,866.2262573242188,868.6816158955094,847.5149098551705,847.5149098551705,1936584.0
2015-01-05,878.2772827148438,886.7439656993921,872.2658551133633,872.2658551133633,2176527.0
2015-01-06,848.982421875,871.9271608851539,844.4386083502475,869.8104904050581,3048025.0
2015-01-07,846.9505004882812,852.3127674739782,838.5120329250873,845.9627552618621,2063635.0
2015-01-08,852.3410034179688,859.9328028693212,849.0107609304391,857.6750034694911,1455954.0
2015-01-09,846.809326171875,860.2148887413847,839.8948519994622,859.0860150367864,1735729.0
2015-01-12,865.9722290039062,867.552652202853,843.9024249260398,848.8695209421129,1535320.0
2015-01-13,857.6749877929688,873.2819205680963,855.8123071978948,872.0401335047137,1318348.0
2015-01-14,856.8282470703125,865.9158228328267,846.6682283303483,859.3682517553035,1476891.0
2015-01-15,888.2677001953125,895.3233021604336,866.7059306585161,872.0681447437314,3419091.0
2015-01-16,898.4559936523438,909.8860137994102,880.5348854036379,893.2349077892673,4195027.0
2015-01-19,911.4947509765625,916.0949953249908,904.1852097207044,904.8060515045959,2087947.0
2015-01-20,919.792236328125,922.3040258141467,903.6773234181962,915.4742487160399,2088778.0
2015-01-21,933.9033813476562,941.608042463297,920.4695496467028,922.1911016904234,3705237.0
2015-01-22,938.84228515625,942.0595626912725,933.2259762953595,934.7218051933125,1811173.0
2015-01-23,965.935791015625,968.5604424072225,945.4463535503753,945.4463535503753,4374211.0
2015-01-27,983.2640991210938,987.7795942359095,969.7174070705302,970.846229172705,3390609.0
2015-01-28,958.6258544921875,982.4173122149869,951.090590631591,979.425758305334,3463524.0
2015-01-29,973.0474853515625,978.579043449919,952.9249583607414,955.2391362980053,3460012.0
2015-01-30,959.8677978515625,982.5867647229825,950.1593279146288,975.7005568669329,2282494.0
2015-02-02,979.3692626953125,982.0504475139511,957.2994591411359,957.2994591411359,2125707.0
2015-02-03,972.2574462890625,987.7231984733003,963.7060139466151,983.2641339702479,2930722.0
2015-02-04,953.0099487304688,977.7327284986337,949.6232750652197,976.2368993983789,1846012.0
2015-02-05,949.6231079101562,962.9440771036535,944.9382170547466,954.4491790454857,2015947.0
2015-02-06,950.2723388671875,956.1708017896759,938.6729207344441,949.3974551497327,2210620.0
2015-02-09,887.5624389648438,942.0595805661915,874.8906295838447,938.8423029701233,5339823.0
2015-02-10,887.1390380859375,909.321705004603,864.815190889534,872.1247325899287,10472047.0
2015-02-11,910.2813110351562,916.4902465369356,893.9124589852054,895.7750879592057,4675647.0
2015-02-12,931.36328125,936.415075315656,906.0478801526815,913.272775591616,3162283.0
2015-02-13,938.1930541992188,944.8817539524686,931.3350621395299,936.9794826105689,2363568.0
2015-02-16,930.4601440429688,947.1394663784527,925.7470381380801,939.8017097026626,1676532.0
2015-02-18,938.8701782226562,945.3894805672152,933.5925591649411,934.0441085473467,2187792.0
2015-02-19,958.7388305664062,965.2017032996174,938.3341485619974,941.9465442597393,2808871.0
2015-02-20,946.9136962890625,967.9110047666275,943.4705928655629,959.5572879985659,5372566.0
2015-02-23,952.2195434570312,966.2743193759406,947.901555964634,951.9091742179478,3558913.0
2015-02-24,971.4672241210938,973.3862838049515,953.9411283708689,954.731365894715,3186507.0
2015-02-25,958.3718872070312,979.1999024216,951.6549729650101,973.6683442257665,2760175.0
2015-02-26,947.1678466796875,959.9808369012321,942.6241356368818,958.9929882524334,2867676.0
2015-02-27,992.8314208984375,996.2463094078629,959.5574194709084,961.1377911363429,6404554.0
2015-03-02,1042.0228271484375,1044.2242473608048,1005.8419175163435,1005.8419175163435,7276993.0
2015-03-03,1045.155517578125,1049.3042126488192,1031.8627641211276,1044.22420317933,3566704.0
2015-03-04,1037.39453125,1068.9469825763415,1025.5976053987013,1055.5131508391037,4956996.0
2015-03-05,1030.705810546875,1042.2204789444231,1013.1797144386434,1039.8497663244577,2831550.0
2015-03-09,994.7222290039062,1028.1938367908724,990.6017497206092,1025.7102630681468,2366515.0
2015-03-10,989.1626586914062,1010.1317560332119,973.1323910762258,998.504225778859,2668429.0
2015-03-11,981.9658813476562,996.5285339606584,977.732540081893,996.1616306038844,2817523.0
2015-03-12,986.312255859375,996.2464501943751,982.2199908056984,987.7797661888901,2488366.0
2015-03-13,955.1264038085938,998.7016020055933,950.0746098433146,996.9800501718885,3480124.0
2015-03-16,948.1554565429688,965.1452501279414,943.3576015078587,958.428335761223,1994878.0
2015-03-17,968.3907470703125,972.5393378565216,950.0744190254006,957.2993128696943,2178091.0
2015-03-18,959.0210571289062,975.0795380201546,955.436876541118,973.6966741467844,1931079.0
2015-03-19,949.6231079101562,981.542563598432,942.6240386889438,971.4389751618212,3146062.0
2015-03-20,942.8215942382812,958.1180545964103,933.0566932835887,950.0747056490242,2528511.0
2015-03-23,944.2326049804688,953.9128590708767,938.6728305944914,949.5666562884267,1682382.0
2015-03-24,943.837646484375,953.2356439406716,934.7218028926096,944.6277806581263,2093748.0
2015-03-25,921.598388671875,946.4904558532381,917.985889246144,944.3173544620723,2524261.0
2015-03-26,922.5579223632812,939.8017599948736,910.7045668318144,915.5306378814608,5232288.0
2015-03-27,946.9983520507812,951.4292005939666,926.8193927982062,931.3914216056726,4774842.0
2015-03-30,975.78515625,978.7484951193059,950.2440318750973,953.9128587160089,3359008.0
2015-03-31,970.6487426757812,986.0862792641061,965.907421025153,979.3411484764232,2813583.0
2015-04-01,978.8895263671875,981.6271420308185,969.717356339832,971.7775960951484,1500330.0
2015-04-06,992.2389526367188,995.8513494228537,972.0882029974216,980.1879837289788,2732079.0
2015-04-07,998.8995361328125,1006.237295337369,986.7921352598603,999.2099054567457,2142483.0
2015-04-08,1004.402587890625,1008.805221456303,994.1013885974393,1001.8343677518031,2066943.0
2015-04-09,999.520263671875,1009.2287349023036,990.9407180948234,1007.5353980987762,1702879.0
2015-04-10,995.6817016601562,1003.5839718386316,987.779431481681,999.0683741147826,1415592.0
2015-04-13,1017.9776611328125,1019.9531518056926,999.7742907638146,1004.854301099349,2358313.0
2015-04-15,1009.031005859375,1027.2625878883573,997.8831387791992,1018.2596067319998,2280493.0
2015-04-16,990.2066650390625,1009.2284839591446,982.135101839436,1009.2284839591446,2251882.0
2015-04-17,981.994140625,997.0365588067357,976.5472275058482,993.480593325776,1497997.0
2015-04-20,958.6824340820312,983.2075962400307,942.0594394719208,983.2075962400307,2375331.0
2015-04-21,953.2074584960938,971.0721395107662,948.2685254748897,958.428545390692,2067291.0
2015-04-22,985.2962036132812,988.9087037304909,951.5142167076897,956.6224425622111,2776149.0
2015-04-23,973.1605224609375,994.7787785592895,966.9233720274442,990.6018680134687,2547232.0
2015-04-24,947.4782104492188,974.1200451623931,942.6240273400201,971.9751591346461,2187252.0
2015-04-27,941.3258056640625,957.214891434491,935.5684201985404,948.2402286172253,2775021.0
2015-04-28,940.055908203125,950.8085548823835,923.4329105104367,950.8085548823835,3310885.0
2015-04-29,934.2984008789062,943.8940086964506,929.0773145275508,937.8825815226232,2125135.0
2015-04-30,920.7800903320312,935.1170221958378,917.5627091059445,934.6090418320017,3737527.0
2015-05-04,919.6510620117188,931.5891676708558,913.3292651764135,926.1140391317695,2455548.0
2015-05-05,927.0452880859375,939.8017424005769,918.2117023724555,922.8683776726385,2135422.0
2015-05-06,883.15966796875,927.892010172092,879.5190563527958,927.1017726585196,4843735.0
2015-05-07,885.5585327148438,894.6460567664474,871.2780344235548,880.5349541320167,3978019.0
2015-05-08,903.8184204101562,911.5795121297135,892.6988708393077,896.9039970001166,3842286.0
2015-05-11,911.7489624023438,921.1751759186334,907.487405212778,909.491111206378,3087799.0
2015-05-12,880.1962890625,911.5230142069066,877.7127150904637,911.5230142069066,3287785.0
2015-05-13,897.2991333007812,900.290687829326,880.986608653906,886.2076955469271,2439559.0
2015-05-14,890.0459594726562,898.5409618656668,886.405347514438,895.2953653483089,1777146.0
2015-05-15,898.569091796875,904.2417279625312,889.2839560521243,895.6903989585916,2762061.0
2015-05-18,910.083740234375,912.3132724417712,896.903951334339,901.6452729556213,1792155.0
2015-05-19,914.796875,922.868439167962,908.1928209748205,911.5512787598561,2281797.0
2015-05-20,910.1965942382812,923.1224445631896,907.628374074977,918.889103266198,1442643.0
2015-05-21,924.7310180664062,926.2550622522856,908.3903829105359,914.4017067938469,2451279.0
2015-05-22,933.2824096679688,938.1083771260421,921.6265624066687,925.6906111578222,2647665.0
2015-05-25,920.1873168945312,931.2222196021012,917.2239779999885,931.2222196021012,1397434.0
2015-05-26,913.4987182617188,923.8280307835703,907.9107278260766,923.8280307835703,2059530.0
2015-05-27,923.0941772460938,929.0208547284552,908.333914307234,914.4016687072053,1575588.0
2015-05-28,918.2117309570312,926.1704332975335,905.9350411470939,924.0537626406477,2633245.0
2015-05-29,933.8468627929688,942.4828375872061,917.6190891463093,920.3283862005247,4191568.0
2015-06-01,962.6900634765625,964.6374418895624,927.3840370382203,944.8818139567691,5386807.0
2015-06-02,944.6276245117188,969.6043352248689,940.930582672967,965.7661131241247,4373604.0
2015-06-03,933.3953247070312,952.5300066883788,927.9484117941334,945.4461880277964,3209997.0
2015-06-04,938.3623657226562,948.268341881449,928.8231895282602,935.8505766173505,1967170.0
2015-06-05,950.3005981445312,961.8152672936292,936.2741392769087,936.9796273491075,2404830.0
2015-06-08,947.5628051757812,962.94401324674,943.2448179696115,950.3568516137427,2129532.0
2015-06-09,940.8743896484375,951.5423904864805,934.721884568095,945.9826152795739,1416730.0
2015-06-10,962.9723510742188,969.6610514632657,942.6240960361923,943.1885071310297,2389308.0
2015-06-11,946.0953369140625,973.3580131741015,942.7650946896082,967.9676344509804,2981295.0
2015-06-12,935.5402221679688,950.0746596729066,931.3350962070118,945.2204764938011,1835109.0
2015-06-15,941.7208862304688,956.3963997954521,932.4639665862494,939.9145849038267,1700772.0
2015-06-16,946.801025390625,951.0907978427244,934.6371960784174,942.6241144890892,2043630.0
2015-06-17,965.6813354492188,972.2571721591828,946.0104627812843,951.6548819599291,3984108.0
2015-06-18,969.2376098632812,976.2084633504903,964.4961851211993,968.0240382937999,2842159.0
2015-06-19,968.6448974609375,983.320514740623,963.6495341736453,973.6684761326964,2126232.0
2015-06-22,977.9017944335938,981.5707245058634,968.898916585337,973.6684533321496,1613481.0
2015-06-23,997.1211547851562,1000.1974585465412,980.7240888336204,982.6995791778203,2350728.0
2015-06-24,989.614013671875,1001.7213064892419,984.957338737569,997.9395151069356,1816593.0
2015-06-25,1021.5053100585938,1025.5975746507534,982.1916646464232,982.1916646464232,4201746.0
2015-06-26,1005.108154296875,1018.2597286035506,1001.890876702611,1018.0340055072136,1818054.0
2015-06-29,1010.667724609375,1013.1795136662196,970.2816953835801,986.0861329923325,3110302.0
2015-06-30,1006.29345703125,1021.0255056401334,997.9396358502647,1007.8739320337197,3076677.0
2015-07-01,1022.6061401367188,1026.7265172457194,1006.3782601509505,1006.3782601509505,2471292.0
2015-07-02,1016.1995849609375,1026.16209800524,1011.4864779941838,1022.7754244144636,1335757.0
2015-07-03,1020.1221923828125,1030.112813886371,1011.7683729560332,1016.0017134286526,1830951.0
2015-07-06,1025.061279296875,1028.1375832752835,1001.8908657236349,1001.9190811103679,2029512.0
2015-07-07,1022.4083251953125,1029.5485744288587,1013.2925856475202,1025.569275062996,1728982.0
2015-07-08,1019.6427001953125,1024.2993759602361,999.0686186563327,1010.3575640526241,2385891.0
2015-07-09,1043.603271484375,1044.7886277131702,1024.6096664978363,1024.6096664978363,2888308.0
2015-07-10,1059.1256103515625,1061.1576349380014,1043.97022714208,1044.2242689727836,2696910.0
2015-07-13,1048.570556640625,1061.15772058484,1040.8376797865328,1059.125695834395,2160397.0
2015-07-14,1048.48583984375,1056.6138349449193,1044.845124771413,1049.699411534529,1669578.0
2015-07-15,1055.17431640625,1061.1574240779964,1051.2513449449186,1052.6907427777812,1757511.0
2015-07-16,1054.412353515625,1059.464147198096,1048.1752037140793,1055.5129601345132,2124406.0
2015-07-17,1056.4161376953125,1065.67305757168,1052.1545811084127,1056.0211223126062,2513529.0
2015-07-20,1053.9891357421875,1061.1011698884518,1044.2242352412184,1057.2064131598129,1654725.0
2015-07-21,1041.3736572265625,1062.8508345178827,1037.5072196100186,1055.4565438779998,1305582.0
2015-07-22,1046.736083984375,1054.3843142414728,1033.527975527245,1040.6117946894385,1643224.0
2015-07-23,1033.52783203125,1052.4367896454676,1028.9841218096444,1049.868569658281,2011395.0
2015-07-24,1017.3283081054688,1036.8581081443813,1014.3367539193026,1035.757501458305,1986279.0
2015-07-27,984.0261840820312,1014.8731497630528,980.9217677470846,1014.3651693959633,3556780.0
2015-07-28,992.8314208984375,1000.1974969541036,984.1954457744831,987.779626598864,1856446.0
2015-07-29,1010.526611328125,1015.1268552031959,987.8076491089787,997.2621786350118,1687711.0
2015-07-30,1001.1851806640625,1021.6462950779193,998.19362647885,1018.8241365503181,2621203.0
2015-07-31,1011.0630493164062,1024.9484304116831,996.81086818907,1007.2530418828095,2882673.0
2015-08-03,1004.3742065429688,1006.970641637596,961.8431899574966,965.2298624031914,4953312.0
2015-08-04,1001.7496948242188,1013.0668555429281,992.8596775056752,1004.7130339303999,2105218.0
2015-08-05,1004.4872436523438,1011.4298820384045,998.5605658363692,1001.7496278252383,1552152.0
2015-08-06,1033.3583984375,1036.7732861590941,1001.8906023748484,1003.0758550122155,2809791.0
2015-08-07,1034.882568359375,1040.8374610628564,1025.0893500710506,1032.935190184201,2368350.0
2015-08-10,1027.71435546875,1040.9505771611857,1019.4451792390121,1033.8103265767804,2166975.0
2015-08-11,1016.6511840820312,1030.0566974337953,1005.8420032122624,1028.5327564104675,1658853.0
2015-08-12,994.8350830078125,1011.8813076494603,988.9084059175532,1011.7966615044944,2478813.0
2015-08-13,993.509033203125,1012.5872894475883,986.6510391670491,994.8354667116624,3626170.0
2015-08-14,1015.7196655273438,1018.6830044686532,987.8078280375676,1004.0074900423035,1955958.0
2015-08-17,1004.910400390625,1016.0017319605865,996.5565808114715,1011.9942178048277,1508725.0
2015-08-18,1016.0864868164062,1024.4403072893706,1006.4626640426081,1012.1636183813115,2073873.0
2015-08-19,1024.2994384765625,1027.2909931694387,1008.0997744891341,1015.9456163063845,1626091.0
2015-08-20,1005.7572631835938,1026.7263589777833,995.6818900541008,1013.1796665960948,2032938.0
2015-08-21,982.1353149414062,990.601998690901,973.6686311919113,990.601998690901,3087904.0
2015-08-24,920.9209594726562,958.4284020605945,905.9349736791838,958.4284020605945,4809892.0
2015-08-25,917.0264282226562,940.0840837119334,889.0017277609942,931.3069279817933,5436565.0
2015-08-26,898.7101440429688,927.1017461835298,894.4203719658456,918.8608900044372,3418867.0
2015-08-27,914.4299926757812,924.5617970365633,897.5248418165628,920.0461982532506,6486766.0
2015-08-28,912.3977661132812,934.1571989352997,906.0477551764546,925.6340869249425,3557331.0
2015-08-31,904.749755859375,920.0462165589477,902.5484388741978,912.7084588240011,2546173.0
2015-09-01,888.355712890625,904.9493224838924,877.2933064951135,900.9577723744633,4791088.0
2015-09-02,871.1063232421875,903.2385650927255,866.7155558547324,903.2385650927255,4657150.0
2015-09-03,894.5711059570312,896.39580239363,876.7800024655104,879.46003840821,3510199.0
2015-09-04,874.6416625976562,892.2331313638724,866.7440242639339,888.9258951417839,3262708.0
2015-09-07,860.7566528320312,884.4210636189927,857.6204427294351,877.891999793193,1831632.0
2015-09-08,892.1190185546875,894.6850368247393,849.6371431263486,863.8928175841173,2772253.0
2015-09-09,908.08544921875,910.9366158405726,889.5531272058173,904.0938994774509,3469864.0
2015-09-10,921.1151733398438,926.6178716463272,886.9586003863853,896.0536830033859,2940453.0
2015-09-11,914.0443115234375,929.2408926697568,908.1139434864136,926.6178653479125,2370705.0
2015-09-14,915.755126953125,923.196644670337,905.5195553554764,916.1542924234132,1564111.0
2015-09-15,888.498291015625,920.5735251900146,883.8509320537041,915.7835400240501,4171896.0
2015-09-16,883.1095581054688,896.7379818367596,875.4115023551922,896.3958251433235,3774322.0
2015-09-18,878.49072265625,903.2385607810091,875.3259558941751,890.1233196021772,3023722.0
2015-09-21,883.993408203125,888.041966604477,871.0207412049253,872.446324496553,2421045.0
2015-09-22,846.7576293945312,890.6365889990017,844.0775411741687,889.7241363446686,4925386.0
2015-09-23,852.659423828125,857.6204347623211,825.260055087987,839.9434007791626,4148463.0
2015-09-24,833.9275512695312,848.1546711788513,832.5304723179192,848.1546711788513,3337753.0
2015-09-28,815.4522094726562,837.6910382685577,812.914747329419,834.8114194153775,3741877.0
2015-09-29,824.68994140625,835.3816863155541,805.3592352867568,809.7214985332242,4576866.0
2015-09-30,836.094482421875,837.6625876638743,824.7754845844054,835.267647157941,3287628.0
2015-10-01,849.6942749023438,852.2887977421175,833.727920266298,845.6456644804496,2706871.0
2015-10-05,884.2214965820312,886.1317060388964,857.6774159984702,857.6774159984702,3955770.0
2015-10-06,886.616455078125,891.6629793213071,877.8635290476652,891.6629793213071,3646411.0
2015-10-07,880.857177734375,887.2152153773442,878.1485329987047,883.8508660337019,1399029.0
2015-10-08,874.5562744140625,883.2236882253341,867.0007916896595,879.8593383984802,1634403.0
2015-10-09,881.798095703125,892.3758229881711,877.0082149513433,882.3112785673213,2046471.0
2015-10-12,886.1318359375,893.1170746151315,883.5658171075652,886.7020275402944,1188325.0
2015-10-13,881.4559326171875,893.3736778993067,873.8719461140654,889.5531541865803,1813896.0
2015-10-14,878.3483276367188,886.0748890250376,875.3260822256353,877.521492328627,1693611.0
2015-10-15,889.8381958007812,891.5488747389362,881.0566618595263,883.9363325818355,1884301.0
2015-10-16,915.1848754882812,917.4372419445089,885.3049979505248,892.6894020507585,2580712.0
2015-10-19,901.4139404296875,918.0645586300395,898.2776255542419,916.8670622818644,1893249.0
2015-10-20,897.2796630859375,910.5374256791732,894.1719573318969,904.2078923329933,2194296.0
2015-10-21,884.107421875,899.5605421321548,881.5984119982454,898.6481938881647,2086108.0
2015-10-23,861.2127685546875,895.1697556350738,858.9033937720571,890.72203219758,4297068.0
2015-10-26,860.1580810546875,872.4464362350351,857.6205664852582,866.7726589046613,2636010.0
2015-10-27,852.345947265625,868.4548263415372,849.6944152763664,858.2478116362823,3801229.0
2015-10-28,851.2053833007812,854.769263108797,845.6456765062652,849.5802173554567,2522211.0
2015-10-29,838.6603393554688,853.0300318221887,836.2939036665015,852.4883446746954,2901601.0
2015-10-30,804.4468383789062,854.02802740386,798.3168875992908,839.9434293334247,11414433.0
2015-11-02,791.8449096679688,800.5978886402548,783.6336701539735,798.3169655726838,7422958.0
2015-11-03,783.091796875,796.5491414829788,779.8415172980506,796.5491414829788,5215915.0
2015-11-04,780.126708984375,791.4742106467623,778.3590210997571,791.4742106467623,3886504.0
2015-11-05,780.6113891601562,786.6557745715726,777.7887269523098,781.210085065305,3723427.0
2015-11-06,785.3441162109375,790.618674192701,782.4074371168687,782.9206198569436,2817822.0
2015-11-09,774.9661865234375,777.7887967789043,759.0283863926569,769.8056445338157,3894880.0
2015-11-10,768.8932495117188,779.7845766347714,765.8139957971282,772.6852165795058,3552916.0
2015-11-13,759.0852661132812,774.9375504719518,758.4010049866911,774.9375504719518,2728915.0
2015-11-16,773.8828125,777.1045884178302,756.1202623070344,758.116037452672,3453009.0
2015-11-17,770.8035278320312,782.635707834523,766.9544997607139,780.3547849088513,2795227.0
2015-11-18,766.6408081054688,780.6398928828523,764.673537633251,772.0864976073126,2537497.0
2015-11-19,774.9092407226562,778.3591037823112,769.8627157608722,774.3675012327794,1806705.0
2015-11-20,779.4140014648438,783.1489602288922,766.669419837053,776.8764868836081,2543665.0
2015-11-23,780.5829467773438,789.1363433109802,778.387588921921,781.2101993368631,2178064.0
2015-11-24,764.987060546875,780.5827531721125,762.6776858202109,777.2184563208959,2611854.0
2015-11-26,759.9122314453125,772.257594811457,758.4866480329463,769.6630716332324,4076958.0
2015-11-27,778.3590698242188,779.7846532880973,761.8225209075384,762.0506079970644,3462969.0
2015-11-30,783.8331909179688,789.1648109703268,777.7887530975876,778.2734837974626,3613390.0
2015-12-01,778.2735595703125,788.5661396142067,775.8215580917647,784.0613543224673,1377124.0
2015-12-02,772.0865478515625,783.4910582258474,770.860547194077,780.0696998929834,1781221.0
2015-12-03,768.5797119140625,778.3021007954693,766.5269280036401,770.0908085364063,1776231.0
2015-12-04,764.0178833007812,770.5469480605551,762.96296092823,764.4170487612913,2201155.0
2015-12-07,764.7589721679688,770.6608351843213,761.8793537502864,767.2109730715694,1649014.0
2015-12-08,753.8963012695312,764.1033149623958,749.2774468109858,762.9343752718506,2217838.0
2015-12-09,741.693359375,755.5213120963652,740.381793663685,752.755711110937,3327682.0
2015-12-10,747.5382690429688,751.4158014102871,741.86449228108,746.7684425587553,2893311.0
2015-12-11,733.1685791015625,749.1348827986515,727.9224720885529,747.6237863851976,4114018.0
2015-12-14,726.6964111328125,736.931980675717,721.051191370939,732.3986918116939,4010256.0
2015-12-15,731.7145385742188,735.192905764616,721.3934544422992,727.0386750367403,3333246.0
2015-12-16,730.4029541015625,740.7240372346372,727.6088484345656,736.0196697926158,3351052.0
2015-12-17,739.12744140625,741.1232162891953,730.773576402741,735.0217697984561,3764286.0
2015-12-18,734.109375,746.1981975790901,732.2276176666696,736.6468891335512,3934995.0
2015-12-21,735.7630615234375,739.9827503872475,732.4557208877657,733.5677040223125,1760169.0
2015-12-22,730.0038452148438,739.5265982644644,727.6089047728053,736.1623007842185,2622499.0
2015-12-23,736.162353515625,740.7241476465451,731.6005071789149,734.4516741908062,2420179.0
2015-12-24,738.1580810546875,742.1496832904385,733.4822175742956,739.4695948250289,2227447.0
2015-12-28,738.52880859375,741.4084278345641,734.5372059988262,739.6692441041034,2357763.0
2015-12-29,735.3353881835938,741.8644519423493,732.9118914314593,741.2942604054311,2280091.0
2015-12-30,731.8855590820312,740.1538065955592,730.7450715447437,737.5877879453368,1811727.0
2015-12-31,727.2952880859375,733.6248223271858,725.413530429962,733.3111699482955,2324868.0
2016-01-01,735.1359252929688,736.1623433147952,725.6416238483107,729.3196261103378,1127733.0
2016-01-04,716.17578125,735.563494752488,714.6646848872534,733.3110762839893,2767263.0
2016-01-05,716.7175903320312,723.6173159876755,714.2085802006017,720.0818878746804,2470134.0
2016-01-06,705.2843627929688,718.3710455204259,704.2294406911487,717.9148714557106,2728635.0
2016-01-07,687.9210815429688,700.4375745862565,684.27163629644,700.3235049508418,4689760.0
2016-01-08,672.3539428710938,693.9085115064345,670.0160111209684,692.8820935322208,5356012.0
2016-01-11,669.0752563476562,675.6613827564437,652.9378188176491,662.6031995997137,4304283.0
2016-01-12,672.3824462890625,684.2716877459633,669.0181487752218,676.4881181801677,4095195.0
2016-01-13,659.609375,680.8502900126199,643.2723580744681,680.8502900126199,5619939.0
2016-01-14,647.00732421875,658.611416201715,633.008239866791,646.8647502332299,5099718.0
2016-01-15,631.7537841796875,650.9134113893622,627.248999267628,650.0010631048398,3987867.0
2016-01-18,617.8688354492188,632.9513491682267,612.4231973033111,630.6704260035283,4166632.0
2016-01-19,640.3358154296875,645.7814536563166,609.6291002609318,618.2965144448422,4372536.0
2016-01-20,636.4296264648438,640.0790716884031,614.333372417105,627.7907179932872,5856754.0
2016-01-21,628.7886352539062,648.6895318552321,622.174005958396,644.355773209358,3802062.0
2016-01-22,651.3125,652.9091093096113,633.1222841423083,636.3155549673089,3694869.0
2016-01-25,635.3176879882812,660.2366039878153,632.3239996337414,656.3305151838425,2472816.0
2016-01-27,631.6967163085938,639.7939370899321,625.9089225862492,639.7939370899321,2618145.0
2016-01-28,612.7081909179688,629.244789743486,610.1421723628831,627.8192064776224,5794726.0
2016-01-29,628.1898193359375,632.3809513309442,610.2561951825173,612.4230481687126,4848987.0
2016-02-01,639.8225708007812,660.863957785234,633.00835787392,641.5047457615502,7053951.0
2016-02-02,639.7368774414062,652.9090731856913,633.5214144699091,640.9343213059185,4505643.0
2016-02-03,632.26708984375,638.6536329601038,622.8583535431162,631.1266021549648,3731595.0
2016-02-04,647.6061401367188,655.6748053289243,637.6271608381227,638.0833349926276,5956549.0
2016-02-05,650.0010986328125,656.9008242717626,642.3885551775567,651.0845253313471,4000879.0
2016-02-08,644.5267944335938,660.2365571952057,638.8815748188651,650.628240343596,2539246.0
2016-02-09,635.3462524414062,643.1868829420923,628.6176051993551,635.8024266063805,2523124.0
2016-02-10,638.9956665039062,644.3557909871108,628.9596787512666,631.639767095761,3203877.0
2016-02-11,622.915283203125,641.6472403428105,615.2742359224112,637.9122297756534,4395021.0
2016-02-12,600.8189697265625,628.6745112466534,579.3784220338225,627.0208410143504,6160240.0
2016-02-15,655.4181518554688,658.4403444973428,607.0344608176861,611.4536801497753,5939226.0
2016-02-16,629.5299682617188,660.2651862496632,626.8498797225412,660.2651862496632,3548740.0
2016-02-17,640.0505981445312,646.4656450032679,617.0704990932675,630.4422800357266,3479412.0
2016-02-18,655.5607299804688,669.987432113914,646.0664300340443,646.8647608367954,5457168.0
2016-02-19,656.04541015625,666.537571427603,645.154083482484,653.5649046723038,3036894.0
2016-02-22,655.617919921875,666.1670927948331,650.172281196731,655.7604939491431,2054481.0
2016-02-23,644.4414672851562,659.1818252047314,641.5617957315093,658.7541553467278,2045679.0
2016-02-24,634.60498046875,644.3558206772731,632.9513099716054,639.7940268361633,1816150.0
2016-02-25,619.5225830078125,638.653710312649,616.9850680707426,637.5132224857299,2655282.0
2016-02-26,633.3218994140625,637.2279359275129,622.8582425786258,622.9722600037177,2277972.0
2016-02-29,613.5635375976562,640.6493067305131,600.4768532551319,635.2321737862544,5500993.0
2016-03-01,640.9059448242188,643.7856159557871,616.4147490553573,619.8361074179111,3647113.0
2016-03-02,648.8605346679688,656.2734945271886,646.1804986995691,651.7687098989114,3652203.0
2016-03-03,688.3203125,690.6582442936825,646.8933493196753,655.1331454207022,5552958.0
2016-03-04,680.39404296875,697.9285020763979,676.8586154689018,692.8249696192552,3438969.0
2016-03-08,677.1154174804688,691.1144523632432,668.9896906271881,684.8419788608865,3022782.0
2016-03-09,691.5990600585938,695.6761752482481,671.7266669766846,674.2356770028673,3121141.0
2016-03-10,676.3740234375,696.5315122361422,673.5799176299392,692.2548143464284,2932767.0
2016-03-11,676.0889892578125,685.4121601835253,667.9062015988985,677.9707469419254,2996377.0
2016-03-14,675.2620239257812,688.0636119377801,671.5555701992897,682.5609139563568,2726301.0
2016-03-15,673.2947387695312,683.0455774315701,670.3295549710631,677.8280275321633,2444158.0
2016-03-16,674.69189453125,679.5388365378662,664.2567405294136,676.8587479819853,2704711.0
2016-03-17,680.4226684570312,687.1228114191248,675.4047003768895,683.1312613252675,3872653.0
2016-03-18,683.87255859375,685.9824033703743,678.6265032190427,683.7014802215771,2566830.0
2016-03-21,700.3236083984375,702.8326186903491,681.0499614232048,684.8419812226907,3575446.0
2016-03-22,705.541015625,709.9317827403888,696.8165945173926,703.6593104956132,2979816.0
2016-03-23,708.5348510742188,712.2128534412964,701.5496118656836,707.080815391373,2438136.0
2016-03-28,687.8926391601562,710.6161478745303,683.1597668768096,707.6509635559977,3717456.0
2016-03-29,680.82177734375,693.4237835256422,678.5693588330444,688.8334334315566,2703178.0
2016-03-30,700.2665405273438,702.4618982444408,685.1270191755655,688.8334733713406,2874000.0
2016-03-31,693.79443359375,701.3784197864662,690.8292495737192,699.0689925972324,4945963.0
2016-04-01,705.8831787109375,711.8135465340782,691.1143200709939,691.1143200709939,2539944.0
2016-04-04,704.7142333984375,712.7828977133033,696.5885081661239,707.0236082787869,1740162.0
2016-04-05,681.5061645507812,704.0871537249732,678.5979886611773,700.4662121472787,3151113.0
2016-04-06,691.02880859375,692.8250006761538,674.2926272890624,683.7584227841854,2583834.0
2016-04-07,674.520751953125,689.9454205012048,671.6126287906193,688.8334373154697,2707579.0
2016-04-08,679.8524780273438,682.5610711082753,673.4374303665517,675.1481097427629,1565038.0
2016-04-11,691.8842163085938,693.3382518492251,676.0604338690015,681.990750084642,2529934.0
2016-04-12,697.0447387695312,704.1725510964972,688.291760382064,692.8250496484836,2837052.0
2016-04-13,704.172607421875,714.493691773334,700.865318525824,704.799859968576,4955905.0
2016-04-18,714.49365234375,716.7460709566458,689.4322128365252,703.1461506142881,2644515.0
2016-04-20,721.8780517578125,723.0184870511689,711.6424818568727,716.7745189856482,2522848.0
2016-04-21,713.8949584960938,727.0386525181334,710.530608849173,724.0164595900059,1723543.0
2016-04-22,721.3934936523438,723.6173558968976,707.936146122181,712.7830360820117,2008374.0
2016-04-25,721.6213989257812,728.5211232234732,716.8314666897901,724.1874172717768,2128689.0
2016-04-26,730.4600219726562,731.8571010221896,718.68485023545,719.1125200375417,1877685.0
2016-04-27,727.8656005859375,734.8793967622128,724.7863462568004,730.4601241206756,1557685.0
2016-04-28,718.2286987304688,731.5434717340615,714.7217749192191,728.1791219299354,2789970.0
2016-04-29,715.406005859375,721.9635741379659,710.2169077446779,718.5707203649731,1689373.0
2016-05-02,713.2106323242188,716.2043208399591,704.7998105628764,710.5020918043101,1344315.0
2016-05-03,713.5812377929688,731.6859414746056,709.9317927004363,716.204265033212,2525149.0
2016-05-04,710.958251953125,717.2877333668883,707.0807195793747,711.1007737424502,1644345.0
2016-05-05,726.3829956054688,731.3154511130969,709.4757841731819,709.6468625561212,2821255.0
2016-05-06,718.74169921875,725.5559101784377,715.0637501793175,724.7575794704137,1610382.0
2016-05-09,738.1864624023438,739.5264803088539,720.3098989133015,720.7660730003781,2788513.0
2016-05-10,752.7273559570312,754.238452443868,734.4516241123791,738.4431741276001,3676146.0
2016-05-11,757.1181640625,760.682044466043,738.4432135718519,741.208815253182,4603557.0
2016-05-12,750.4750366210938,764.046401495215,747.7094349138762,755.6070745677916,1553274.0
2016-05-13,733.5962524414062,749.8477042087013,730.1463898164885,746.9965375158462,2103742.0
2016-05-16,731.7429809570312,739.0133670916131,723.4746812844027,736.6184268060838,2410951.0
2016-05-17,736.2193603515625,746.4264275517015,732.5414102537853,735.0218639449421,2223565.0
2016-05-18,746.9110717773438,748.2510899285552,728.2076175570841,732.9690463977122,2603508.0
2016-05-19,721.9636840820312,745.8561859163386,718.5138210697193,743.5752627470804,2005083.0
2016-05-20,715.6912231445312,729.718814741323,713.4102999353693,725.3280466996994,1672558.0
2016-05-23,707.7650756835938,721.821171577437,705.9403266835138,720.5666664284678,2198760.0
2016-05-24,708.306640625,711.9846423515639,697.5578878360697,707.7649534349297,1858491.0
2016-05-25,736.50439453125,740.5245010389851,713.3817212792925,718.4852544522445,3721570.0
2016-05-26,840.5991821289062,846.7291328790682,792.6146549875974,800.5978065973243,20691907.0
2016-05-27,841.0269165039062,848.1262247649013,827.968735383546,840.5137336246194,5885740.0
2016-05-30,847.983642578125,853.3152625354494,836.0373933508438,838.175742205231,3487939.0
2016-05-31,840.257080078125,847.9836929762038,836.6361911948933,847.4704578971782,3809605.0
2016-06-01,835.41015625,846.3014834292005,833.1577377192215,838.2612707064006,2486295.0
2016-06-02,842.366943359375,845.4747016439907,822.066879765195,832.5305378267078,3103587.0
2016-06-03,832.8727416992188,847.3280028347508,830.2497139969049,842.2244692362556,2250340.0
2016-06-06,837.2063598632812,840.1430396389769,833.129244730619,834.1271582965798,1901931.0
2016-06-07,848.4398193359375,855.3395444059366,833.27179460142,841.0838679305767,3348535.0
2016-06-08,861.72607421875,863.7218490583546,849.7228164125937,852.6024351412485,3325263.0
2016-06-09,850.4641723632812,863.1517448434938,847.9837187927249,861.7831701302125,1813729.0
2016-06-10,848.32568359375,858.190591943058,841.8251244451426,845.2464823561525,2152996.0
2016-06-13,836.0374755859375,840.4566955158368,829.8505154782906,838.2328333708415,2209357.0
2016-06-14,832.8441162109375,840.0859979060731,829.7363582023899,837.092309531631,1689316.0
2016-06-15,863.2086791992188,865.033375718683,834.5263000861818,834.8113958659023,2960616.0
2016-06-16,852.0322875976562,860.4716137207535,842.7945784093862,860.4716137207535,2447025.0
2016-06-17,844.07763671875,856.9647920326362,839.8865038755029,852.2033631644313,2653944.0
2016-06-20,859.3596801757812,861.041854964904,832.7015793923504,834.4692672565332,2975367.0
2016-06-21,852.3743896484375,861.5550378875923,849.9224405662483,861.0418550256271,1195078.0
2016-06-22,850.5211791992188,857.0502959696724,844.0491233541248,853.0586936896411,1813926.0
2016-06-23,854.5413818359375,859.8730028595857,840.1716851016733,847.9838121748248,2053992.0
2016-06-24,815.7658081054688,837.092287211533,798.8871049068515,825.9728735458059,6840802.0
2016-06-27,836.3794555664062,837.8905518667375,814.2832025899297,814.8249419683556,2560092.0
2016-06-28,840.5421752929688,850.4925974187896,837.0923127802799,837.4914781925256,2342134.0
2016-06-29,845.7597045898438,851.3479158109121,842.3668508758135,847.4703836251007,2000545.0
2016-06-30,853.3439331054688,858.1338145899474,846.7293025471267,848.6110603466692,3960568.0
2016-07-01,879.6597290039062,880.9997470600929,855.7387256747397,858.0766572864821,3497923.0
2016-07-04,894.1720581054688,899.2470870970242,882.9100168536243,883.8509739632794,2718052.0
2016-07-05,898.733642578125,902.0979917440607,884.9912023657818,893.1454316753243,2636760.0
2016-07-07,886.4168701171875,902.0695203228414,884.2215126550323,898.6766666781759,2084571.0
2016-07-08,873.9574584960938,887.357795838287,867.9130727850061,886.6734824171353,1915600.0
2016-07-11,889.4390869140625,895.9396464096247,886.4453985821464,888.4126168390392,1815517.0
2016-07-12,894.1149291992188,896.2532779581362,882.1116717932659,894.0008073635988,2383048.0
2016-07-13,884.6492309570312,895.1413403817704,879.9162546790336,894.1719834048251,2036055.0
2016-07-14,892.0906372070312,895.7971433564715,879.8592400019743,888.9544270261604,1909636.0
2016-07-15,904.29345703125,909.5111119434689,887.9279877496285,893.0315208172333,2428458.0
2016-07-18,897.7644653320312,914.4435883133382,892.404392607119,905.5195308137619,1855422.0
2016-07-19,896.85205078125,902.9534452536783,890.4655083126514,896.3958766343193,1926168.0
2016-07-20,895.7399291992188,904.3789411210882,894.42841567794,896.9659296583268,1790911.0
2016-07-21,888.1560668945312,898.1064887201251,884.9912480492471,898.1064887201251,1678212.0
2016-07-22,897.5364379882812,899.7603001888242,885.3050392679285,889.610241864998,1877206.0
2016-07-25,904.3220825195312,905.9756485639651,891.2638494357952,896.3958869565388,2209774.0
2016-07-26,908.1995849609375,911.2217777734699,901.58490335584,905.8045924325606,1729183.0
2016-07-27,913.588134765625,920.9155295137308,904.749695861308,910.2522897029668,2467012.0
2016-07-28,899.3896484375,916.1257804545459,890.3515733257681,914.6432404426297,2811580.0
2016-07-29,888.8973388671875,908.6272619971102,883.8509189610925,906.659939232262,4228011.0
2016-08-01,851.7471313476562,904.3790713420215,849.6372867858818,889.0114634766453,9155449.0
2016-08-02,857.2498168945312,863.2086894223212,849.7798479664953,853.0586321923529,2410914.0
2016-08-03,843.1366577148438,865.1188932478017,838.5178035447602,859.9012909881473,2619658.0
2016-08-04,837.7479858398438,853.0585307311999,832.758470891497,853.0585307311999,2254336.0
2016-08-05,862.2963256835938,864.890848660007,842.7945424130991,844.1346126429182,2805628.0
2016-08-08,859.4166259765625,869.3956043415632,853.6858408108983,866.7440205336209,1403923.0
2016-08-09,855.8812866210938,861.0418282618341,848.154674132935,860.9847673411125,1865400.0
2016-08-10,845.7597045898438,857.620440410708,841.8536680475489,856.1093440766166,1683261.0
2016-08-11,840.912841796875,843.3647907948375,834.1556385136703,841.1123722985084,2240371.0
2016-08-12,850.720703125,858.5898374962464,843.0797080278497,843.3648038117947,1659132.0
2016-08-16,858.96044921875,862.5528855955464,839.3731535921136,851.889646095653,2610843.0
2016-08-17,856.7651977539062,863.4653406642141,850.2075766421285,857.4779633639174,1384653.0
2016-08-18,855.5239868164062,865.1061714556591,854.3118193468886,860.661416473587,1780732.0
2016-08-19,862.59521484375,864.1248913219085,854.1098306888852,858.9297516947227,1392250.0
2016-08-22,861.6138916015625,868.1655787065235,853.7346175884544,862.9704390457418,1837995.0
2016-08-23,852.6668090820312,862.7973429980296,844.6143523761807,861.6139773276764,1273489.0
2016-08-24,850.5598754882812,859.1895875919247,845.6822442935166,851.425732182992,1230627.0
2016-08-25,839.6787719726562,856.2166100560444,837.2832391686724,852.0605094073711,2616154.0
2016-08-26,823.833740234375,842.7382593070329,819.9085305026525,839.8809429572328,2788650.0
2016-08-29,842.4784545898438,844.9316972904979,819.2157990739768,826.6044348633493,2094229.0
2016-08-30,851.8009033203125,853.0419786062096,841.526095778583,847.3850555627332,2598309.0
2016-08-31,873.3319702148438,876.2181416519613,848.712763499884,851.4257530242804,4152240.0
2016-09-01,869.9550170898438,875.9871586274588,867.0399382650918,873.3607339096828,1905766.0
2016-09-02,868.7716674804688,873.072095846029,858.2371135746258,869.9550330758877,1755505.0
2016-09-06,875.3233642578125,879.8546842534244,867.6749286107636,872.8989762051588,1960860.0
2016-09-07,876.3911743164062,889.78304344045,871.6289631899257,878.9598891825032,2648263.0
2016-09-08,888.6575927734375,892.3807130172233,878.065223196397,880.605083507488,1692184.0
2016-09-09,876.0738525390625,889.5812496010088,871.62914939029,888.9462316109531,2262933.0
2016-09-12,844.6141967773438,861.0077612995032,842.7093018269201,858.9296844721883,1953571.0
2016-09-14,851.5988159179688,855.4663157548523,840.5158620728695,844.6142534785453,1718754.0
2016-09-15,848.6838989257812,852.6091089465236,841.1220801703894,851.4835057982915,1126282.0
2016-09-16,850.3866577148438,865.2793490320984,847.6736156921829,852.6378637471655,2112271.0
2016-09-19,854.1963500976562,860.0841641279756,845.0760013912948,852.0028538617152,942540.0
2016-09-20,851.9739990234375,856.8227746136594,847.7024259072908,853.1573116582131,1097205.0
2016-09-21,849.751708984375,858.8720583458385,846.403701864421,854.3118836651067,1337071.0
2016-09-22,865.8278198242188,868.1656434153592,852.5802232713529,860.084279220002,1952950.0
2016-09-23,864.1248779296875,875.9582689574478,860.4305599974563,868.7427621330536,3121780.0
2016-09-26,846.0574340820312,872.7546636419967,843.6907556740721,861.2387805648659,2122144.0
2016-09-27,829.1442260742188,852.176042427647,826.2869099772951,848.568289121773,2819209.0
2016-09-28,840.4004516601562,846.8078120725858,830.327680717669,832.3768501473381,2393218.0
2016-09-29,829.8370971679688,847.9623256551334,819.9374546293003,843.6908046141939,3040345.0
2016-09-30,827.2682495117188,831.5397698692598,814.7710388263056,828.3361428130269,3497865.0
2016-10-03,848.9436645507812,851.2814882792885,828.4517044303548,830.0968533479673,2181718.0
2016-10-04,836.5040893554688,854.0521139584555,833.1561349673398,852.4647277142568,2289637.0
2016-10-05,839.27490234375,843.863932358591,831.886265430352,842.7671840439943,2059848.0
2016-10-06,839.59228515625,847.0674854786505,834.6857468981437,845.0760259051746,1627375.0
2016-10-07,841.006591796875,842.7094503322913,831.7996771855508,838.726530700357,1098751.0
2016-10-10,836.9948120117188,845.8842704428117,835.2919534871055,843.3155552343408,875911.0
2016-10-13,830.298828125,835.5516777751158,826.2004364068611,830.5874293960701,2659995.0
2016-10-14,851.3391723632812,852.811139321974,830.4142845094227,833.5314003362483,2632323.0
2016-10-17,835.8114013671875,852.5801864273526,831.7996271333699,851.3679659961255,2140920.0
2016-10-18,859.0741577148438,861.1810368912351,837.6008696703956,841.4395150627341,1983013.0
2016-10-19,860.6903076171875,866.4338476752405,852.0317416938764,859.0740666404259,2146896.0
2016-10-20,867.9635620117188,870.1859132696391,855.7838066597348,863.5476614894948,1502340.0
2016-10-21,872.11962890625,873.9956691468257,861.8736768027516,868.1655645438772,1670799.0
2016-10-24,861.6138916015625,877.4013473161175,858.2370825306705,875.467597363647,1517035.0
2016-10-25,856.6785278320312,865.4813678964211,853.5614124119802,862.9704155041575,838206.0
2016-10-26,855.6394653320312,859.5069650228673,848.856887029699,854.1386437677115,867619.0
2016-10-27,851.5988159179688,855.9858085727114,841.093117418696,854.167530862512,2440678.0
2016-10-28,854.7158813476562,857.1402691019373,844.4987318476964,849.1166686486682,1212981.0
2016-11-01,844.58544921875,854.917966448297,842.7671185519622,854.8891116064315,947158.0
2016-11-02,836.2154541015625,839.8809172981739,829.2020366528924,835.7248161120104,1493443.0
2016-11-03,833.6467895507812,846.605784730849,832.3768593910962,832.463476766532,1411942.0
2016-11-04,819.56201171875,827.9896849658131,806.3432730037821,823.6604025734068,18639006.0
2016-11-07,806.9783325195312,826.4312507289146,803.7169429248743,822.5637509587497,2158653.0
2016-11-08,806.5166015625,811.5962691645867,798.8970737355223,811.3076679018292,1881726.0
2016-11-09,802.6201171875,813.3856137169328,747.5805200018837,761.9537167005698,4757398.0
2016-11-10,815.117431640625,823.7182351889379,808.450325191692,808.450325191692,2766432.0
2016-11-11,801.6677856445312,813.3279955769774,800.0515445602032,806.343432693377,2518285.0
2016-11-15,790.9889526367188,812.4621882907873,786.9194155651242,796.010910942055,3958053.0
2016-11-16,794.0194091796875,801.3791907629685,779.8482465580598,800.8019353758319,3299710.0
2016-11-17,791.3929443359375,798.8970525983468,785.0433467894027,795.549045509082,1377642.0
2016-11-18,791.0755615234375,797.9446525350667,785.6206220776781,791.9702730601233,1654947.0
2016-11-21,778.0585327148438,795.837496431962,773.4983592401398,795.837496431962,1962840.0
2016-11-22,767.4664306640625,785.0433625399667,753.0066672140213,784.0331788552323,3084870.0
2016-11-23,783.4558715820312,799.4742181837939,778.1164579465711,783.3115973849807,7493139.0
2016-11-24,779.06884765625,788.4489425374201,773.4984898345057,781.522090231894,4315369.0
2016-11-25,791.2197265625,793.817296283879,771.4204975706895,783.7733811669568,3065824.0
2016-11-28,783.2828979492188,792.0857396234393,779.2710703691316,791.0756086529101,1777818.0
2016-11-29,780.685302734375,790.6426549815885,778.7226448509839,783.3117277300337,1741327.0
2016-11-30,798.175537109375,803.0820759439797,779.2710170884978,787.9295839450367,4335631.0
2016-12-01,801.407958984375,809.575886657271,792.4319372740669,800.2823560216623,2151997.0
2016-12-02,786.1112060546875,796.3571579157901,784.4660574221209,795.4335916612854,1217827.0
2016-12-05,782.821044921875,787.8141485191663,778.751560587397,785.158868651867,1062822.0
2016-12-06,786.2843627929688,793.12465111965,783.7734103441098,783.9754470753621,1771909.0
2016-12-07,781.4644775390625,793.7596524768019,779.2709810831138,789.6612608308888,1557765.0
2016-12-08,789.0552368164062,794.1349578779553,786.0824479155087,788.016198158571,1388842.0
2016-12-09,786.3133544921875,792.72066235273,783.3117108909049,792.4897707563005,1211254.0
2016-12-12,787.9006958007812,793.6441833874278,782.7921204322611,785.0433794284291,1636279.0
2016-12-13,794.1058959960938,795.9530283749318,788.0449003945779,788.5066834892874,2168125.0
2016-12-14,785.0145263671875,797.6848671750384,783.3693775911672,797.6848671750384,1360938.0
2016-12-15,783.2250366210938,789.1417588631101,778.6937167047214,779.1266450225423,900523.0
2016-12-16,785.3897705078125,787.6410297336624,780.4543765351159,782.9076725228716,1577425.0
2016-12-19,776.35595703125,784.4661229707127,774.3932993048941,783.6002663228421,1148169.0
2016-12-20,782.44580078125,785.7360454415468,775.8941134545828,776.3848043052366,1177779.0
2016-12-21,774.6530151367188,785.360749866424,773.498504498784,784.0042553569253,950224.0
2016-12-22,758.8656616210938,775.8075763725215,757.3648398698123,773.9315359714954,1357563.0
2016-12-23,772.0267333984375,774.6531583867328,751.8522296672668,759.5006658791066,2136648.0
2016-12-26,772.1133422851562,776.3849164158844,761.0015314238084,770.9588842151093,1198728.0
2016-12-27,782.5034790039062,784.7546850368376,767.2066613730784,773.4985491767947,1222356.0
2016-12-28,779.2421875,786.9194256993522,776.9620734916222,783.3117246240035,1294264.0
2016-12-29,773.0368041992188,781.5799513053387,767.9571365302603,774.3932988540406,2010627.0
2016-12-30,778.75146484375,782.4457828977032,775.8075311978946,776.3847865602197,1280979.0
2017-01-02,784.8124389648438,790.2384701044784,778.7802976390795,782.7632168376002,1476811.0
2017-01-03,789.1993408203125,793.7018051665005,780.540775865215,785.043240211403,1363398.0
2017-01-04,794.6254272460938,797.3673239573586,791.104291342654,793.7018610119503,2144739.0
2017-01-05,803.6881103515625,805.2466416691254,795.4336177736432,797.8868605355905,2781498.0
2017-01-06,802.9088134765625,810.2685945661688,800.9750635494472,805.2466368627995,1462912.0
2017-01-09,796.9633178710938,806.9495239528741,794.6832040842032,803.5149522757384,819484.0
2017-01-10,800.9173583984375,805.2466414168075,795.1738182651433,796.732402429911,1359729.0
2017-01-11,815.2616577148438,818.4364827049336,805.246597636243,806.9783107494393,1514451.0
2017-01-12,836.61962890625,839.4769455148561,816.2142862823098,816.7337791756199,2707455.0
2017-01-13,830.5008544921875,842.7671218033067,826.7199189346977,842.7671218033067,1400770.0
2017-01-16,832.8385620117188,836.9947158951207,826.7775659207313,828.336150050853,1052802.0
2017-01-17,834.5414428710938,842.73822580465,831.2223434904151,831.2223434904151,1423840.0
2017-01-18,838.4089965820312,847.9622747216392,834.6858234990334,834.6858234990334,1538178.0
2017-01-19,836.6771850585938,844.4987489534618,834.1373250513819,838.7264071068594,1019914.0
2017-01-20,816.6470947265625,839.2459306780545,814.4824532427915,836.6772157376206,2177485.0
2017-01-23,804.4096069335938,815.6368874842474,797.6847911084423,815.0596321560473,3534069.0
2017-01-24,819.56201171875,821.9863992889603,806.978237944514,807.1225649734894,1879687.0
2017-01-25,836.8504638671875,839.3037067937515,819.9085492725454,822.4483567262353,2294773.0
2017-01-27,831.1646728515625,848.6838425622072,827.3837373011199,837.6008351835785,1871125.0
2017-01-30,832.8385620117188,846.8077395693937,830.0678632197065,832.9540342185652,2601585.0
2017-01-31,834.830078125,839.8808906072562,823.7182166772673,831.2223247247072,1894153.0
2017-02-01,860.2286376953125,862.8839175018703,834.8590467706675,835.8114680085025,3577633.0
2017-02-02,852.2916259765625,862.3933054704635,848.7127796680827,861.0079558377038,2257914.0
2017-02-03,854.7158813476562,858.9296918672769,841.0353056708121,852.2914407456858,1650459.0
2017-02-06,856.5054321289062,865.8566736346207,853.9655717935254,857.1981068982745,1526715.0
2017-02-07,866.0299072265625,868.6274774024984,849.7806662047215,854.4274059683021,2499546.0
2017-02-08,869.8107299804688,872.2062632312902,859.6513415844163,868.6274172001483,1689792.0
2017-02-09,860.4883422851562,872.1196975665935,852.2338491330706,870.4745487655869,1529256.0
2017-02-10,866.9822387695312,870.5611375260679,861.3830254788968,863.1147387503221,1300986.0
2017-02-13,865.9431762695312,871.0517514179185,855.2065859924792,869.0602917804381,930046.0
2017-02-14,861.5850830078125,869.8684837776583,857.7753454273619,868.7428278459128,926545.0
2017-02-15,854.311767578125,869.1467474832523,852.089363797915,861.6426930194294,1952469.0
2017-02-16,848.6838989257812,857.1981389186695,843.3732864668536,856.5631738111055,2071947.0
2017-02-17,853.1573486328125,857.1980303649082,845.6532933630966,849.1455745885946,1028691.0
2017-02-20,855.841552734375,861.2387291481892,851.4545071378143,855.9569720974011,1105371.0
2017-02-21,856.2167358398438,860.1419983683512,852.0029248979313,852.0029248979313,970615.0
2017-02-22,852.5513916015625,859.3627729651562,850.1558054120189,856.0436732379494,1291317.0
2017-02-23,858.1216430664062,869.3200697441425,847.5004717666827,854.3119055450692,2175397.0
2017-02-27,846.1438598632812,865.8565231846048,842.8247608069696,862.797170515711,1553899.0
2017-02-28,848.0776977539062,858.9009054184628,846.3171296868309,849.6939387695563,1773558.0
2017-03-01,852.0895385742188,857.1115496018305,849.2033672536505,849.6940052801306,1219411.0
2017-03-02,850.8195190429688,863.1724021032878,848.5394055019841,855.4951126299785,1920216.0
2017-03-03,848.741455078125,853.359339058746,842.7670237485545,849.3187103935863,1205019.0
2017-03-06,857.54443359375,859.5070384458705,847.3850455396049,847.3850455396049,821986.0
2017-03-07,858.0062255859375,860.9789613123856,853.9943984681643,856.6208232451997,991566.0
2017-03-08,852.1761474609375,862.681846899575,847.8757189420852,856.8517417828145,1424362.0
2017-03-09,852.5223999023438,855.9281166723891,845.653309528473,850.2134841664601,1111050.0
2017-03-10,861.0078125,864.413476325496,854.3407062008969,854.8313441748569,1836264.0
2017-03-14,899.3939819335938,905.5127929582003,875.6695449401284,875.6695449401284,7224810.0
2017-03-15,894.0834350585938,900.4907945434593,889.0615305831741,898.7590814770296,2408866.0
2017-03-16,906.8693237304688,909.1493844775332,899.3363082704267,899.9136164384438,2396146.0
2017-03-17,896.1904907226562,907.9372652226392,891.3417146047963,906.8694246750919,1927983.0
2017-03-20,887.589599609375,897.8356048397306,886.2042501570982,897.0274579020554,1442107.0
2017-03-21,894.1699829101562,903.146056989317,890.6777020042928,894.718436214249,2415213.0
2017-03-22,883.0872802734375,895.7287671090235,880.5185649856501,887.7051122663369,3371401.0
2017-03-23,891.1973876953125,899.5672996144833,876.8529912367854,887.214362770613,2511771.0
2017-03-24,895.4111328125,899.3363423048118,889.8119198212726,893.5640002738555,1347655.0
2017-03-27,891.1973876953125,897.6046419925019,887.791670968753,894.6608141026088,1583550.0
2017-03-28,891.3993530273438,899.2209171213575,889.5810753404297,893.5639944868565,2628958.0
2017-03-29,898.4993896484375,904.8778950577282,894.7185598447035,897.0274756441659,2280357.0
2017-03-30,899.0189208984375,906.2631767068535,896.0172777361036,902.2225479363734,2288326.0
2017-03-31,909.0917358398438,919.9149435246229,895.9306518779199,895.9306518779199,3543100.0
2017-04-03,958.7919311523438,961.6780494181935,910.0730160748526,913.1323690817017,6576885.0
2017-04-05,979.2550048828125,981.2753722743711,951.2012286110446,958.7919544786646,5179798.0
2017-04-06,971.6065063476562,982.6606580582836,963.4097236416194,972.645597665409,2740816.0
2017-04-07,972.934326171875,992.8201764400427,964.622122568023,966.8733289634866,4096639.0
2017-04-10,966.3248901367188,986.5571023347414,959.946384537898,974.3773993756622,2406430.0
2017-04-11,984.132568359375,986.4992993838584,964.5642307771205,966.3247987779611,1974126.0
2017-04-12,982.9204711914062,987.9424822663615,967.6237049157213,978.41805868623,2135064.0
2017-04-13,968.9224243164062,978.1293383014353,965.401288111956,978.1293383014353,1975483.0
2017-04-17,970.5386352539062,975.3008463143323,964.5064941976746,969.7593432140332,1135260.0
2017-04-18,963.6984252929688,980.6980488744546,960.0618697398301,972.0683374506591,1839489.0
2017-04-19,964.3043823242188,966.8730970952671,959.2824778302543,963.9869791041448,1158162.0
2017-04-20,970.4522705078125,973.5693336135811,960.0619896916492,966.2384062135945,1044189.0
2017-04-21,974.088623046875,982.2854054693911,969.7593402777778,978.4179058159723,2415931.0
2017-04-24,1000.1796875,1002.3154739357715,976.1089399608662,977.2633448429118,3238530.0
2017-04-25,1007.9149780273438,1010.1661844635839,1002.0849251696243,1004.3938412971263,2879794.0
2017-04-26,1010.9163818359375,1018.2473077076288,1004.3936028408584,1007.857029057551,2885722.0
2017-04-27,1019.8345947265625,1024.0194969848412,1006.702368480614,1008.9247192126079,2126127.0
2017-04-28,1010.0507202148438,1019.257635165657,1004.509216059586,1017.6991564845973,1637739.0
2017-05-02,999.8045654296875,1019.9790663201154,995.7350817216746,1010.2236993833727,1861141.0
2017-05-03,992.9642333984375,1007.423994042952,990.5397930254724,1002.0845810897267,1296282.0
2017-05-04,999.5737915039062,1005.519368678652,994.0034329697482,995.15794373345,1255336.0
2017-05-05,995.388671875,999.2561715235358,983.1512607819039,998.6212593760473,1555141.0
2017-05-08,986.845458984375,1003.7008057842542,984.2478895018119,997.4666813042517,1246116.0
2017-05-09,1007.0776977539062,1014.1777846385228,984.1902096382584,988.2309438637722,1836462.0
2017-05-10,1003.960693359375,1018.8245292524933,999.2561919009083,1012.8790583124752,2010127.0
2017-05-11,1002.5753784179688,1012.763568041841,992.6180275165892,1010.1659982414812,1270446.0
2017-05-12,1004.7399291992188,1014.2066412651553,996.6585664293121,1002.9216516422182,1803768.0
2017-05-15,1005.779052734375,1011.0607571037576,1002.3733358547798,1009.3578986639601,1195701.0
2017-05-16,1004.7977294921875,1009.1558673326361,997.2070039740954,1008.4342849341508,1654389.0
2017-05-17,1013.31201171875,1018.247352014134,998.909852897717,1006.6448525442837,2502879.0
2017-05-18,994.3497924804688,1010.2237605121074,990.7709465324357,1004.1917245329508,2155830.0
2017-05-19,995.4752197265625,1000.9301581955721,979.8898020383962,998.0439345030078,2268141.0
2017-05-22,1011.29150390625,1015.3609870442738,998.0438576137553,1000.3528786680712,2839224.0
2017-05-23,1004.8265991210938,1018.7668694476342,997.1204541283518,1013.0522369424211,1463805.0
2017-05-24,972.328125,1014.149041834088,968.3740605460222,1005.6058950368114,2173069.0
2017-05-25,1021.0469970703125,1024.5970939709919,976.6863230347695,976.6863230347695,5404771.0
2017-05-26,1031.8702392578125,1038.450834716927,1012.3884635587447,1021.7109033288915,3066081.0
2017-05-29,1028.8685302734375,1044.7713514675668,1019.4018178596012,1029.7343868271983,3033658.0
2017-05-30,1020.296630859375,1058.6251617519717,1012.4750662578422,1048.263736913755,6550440.0
2017-05-31,1016.3424682617188,1030.369302198368,1010.5700207550036,1023.1537956626643,3000732.0
2017-06-01,1034.871826171875,1037.8734696059744,1009.0116517259157,1015.9385049283926,2898184.0
2017-06-02,1029.792236328125,1041.9142297266803,1026.3865193281924,1039.0280055904643,1425321.0
2017-06-05,1041.856201171875,1044.4537703908418,1029.503267117175,1036.1414643338583,1906419.0
2017-06-06,1024.6837158203125,1043.6748539233065,1022.9520023847252,1043.4727643182746,1431069.0
2017-06-07,1032.4473876953125,1035.8531042719178,1023.4424582937531,1024.019660771093,1327540.0
2017-06-08,1024.164306640625,1038.450943651964,1022.5768672964512,1032.6784945979182,1428979.0
2017-06-09,1026.444091796875,1029.734388986217,1016.8619600078814,1025.751364274262,1632207.0
2017-06-12,1002.4310302734375,1026.328757750027,986.4416432004455,1026.2132326897356,4068957.0
2017-06-13,1003.8164672851562,1012.8791068693174,1002.4021573091155,1007.0200944710015,1412274.0
2017-06-14,1018.5072631835938,1022.490182804665,1001.392113346255,1005.5482677219618,2079657.0
2017-06-15,1001.7095947265625,1017.0352153859956,998.6213867207464,1014.2933711845145,1481092.0
2017-06-16,996.7162475585938,1010.7431862295269,993.2528215700236,1001.4207486191181,2243152.0
2017-06-19,1013.513916015625,1015.938356560583,999.891156031407,1002.0846521788267,1781056.0
2017-06-20,1010.4546508789062,1021.1047293231364,1004.5090740479102,1015.1880073324102,1565472.0
2017-06-21,1012.5904541015625,1028.6376562834182,1010.7433215125284,1015.0726045776943,3556927.0
2017-06-22,1002.3156127929688,1019.1709622205857,999.9489873310744,1015.9384801295171,1761759.0
2017-06-23,994.40771484375,1006.2699111417941,992.2719276157844,1004.3939232411082,1716825.0
2017-06-27,982.2857055664062,1003.2105434446402,973.1653541261851,991.4349118542116,2317045.0
2017-06-28,983.18017578125,985.9220198008627,970.5386904769929,980.6403156451222,1578525.0
2017-06-29,983.4111938476562,994.667330564823,978.7355466876004,983.670887431585,2709552.0
2017-06-30,974.1463623046875,980.7268511744579,958.965017313092,980.7268511744579,3251535.0
2017-07-03,973.9445190429688,987.3652979723566,965.9497190947983,974.3774473955297,2170096.0
2017-07-04,971.6931762695312,981.3042699482171,964.5643389477268,981.3042699482171,1640038.0
2017-07-05,978.5911254882812,980.7269122318835,969.8171397823426,972.0683458917097,1034440.0
2017-07-06,979.9188842773438,985.3161143223401,975.7051256567134,980.8425564017998,1417581.0
2017-07-07,983.8441162109375,991.636826198597,975.647332733114,979.5725425694272,1845099.0
2017-07-10,999.8624877929688,1003.8165525638055,988.2311322257008,988.2311322257008,324259.0
2017-07-11,1005.0286254882812,1010.1083460166934,998.6213708392521,1004.0473494710991,2123947.0
2017-07-12,1004.1338500976562,1014.0334912515367,1001.911498931746,1009.0115864219973,2036904.0
2017-07-13,1029.901123046875,1036.3867784063837,1016.6669454134502,1021.1367528277935,1643754.0
2017-07-14,1026.483154296875,1036.8251555323016,1016.2727470191957,1036.8251555323016,1401864.0
2017-07-17,1026.52685546875,1035.948553395144,1018.7704092709207,1032.4428053295092,1646087.0
2017-07-18,1032.3553466796875,1040.3309033959465,1023.7662197625117,1025.3438494369177,2375324.0
2017-07-19,1035.335205078125,1040.3308538308045,1025.5190452137506,1037.701542490036,1827242.0
2017-07-20,1039.147705078125,1046.8602876336356,1030.6900653721952,1035.9486881547066,1845852.0
2017-07-21,1033.5384521484375,1042.9601509914273,1025.6066535835123,1042.9601509914273,1912305.0
2017-07-24,1032.44287109375,1036.5183248770359,1026.3954338979336,1031.5664340215142,1313657.0
2017-07-25,1026.1761474609375,1034.151702043917,1021.4872313314053,1032.4426928428961,2182162.0
2017-07-26,1034.4149169921875,1037.7015562116078,1021.9256879583908,1025.3438141439785,1161591.0
2017-07-27,1035.9925537109375,1047.2547494492621,1028.0607548789396,1034.8970072969573,3881208.0
2017-07-28,1017.8939208984375,1043.310593091937,1010.9700474207523,1037.7013750725364,3278658.0
2017-07-31,1046.4219970703125,1058.2977621651642,1034.283365046594,1046.2028878027834,5000536.0
2017-08-01,1043.00390625,1050.1906469351895,1026.9212015315013,1050.1906469351895,2721660.0
2017-08-02,1031.3912353515625,1044.581549684187,1027.6225129782686,1043.8365995369875,2154488.0
2017-08-03,1029.5943603515625,1038.2711080034558,1023.3716790815774,1034.108032275284,1426006.0
2017-08-04,1030.558349609375,1035.9045935206093,1025.1682410565766,1028.9369626754583,1082867.0
2017-08-07,1034.15185546875,1038.2273091530371,1027.1842237085086,1031.3034350531761,1035670.0
2017-08-08,1026.483154296875,1039.4544670002617,1020.1728495685536,1034.1958440643414,1531255.0
2017-08-09,1011.3206176757812,1026.3076681185548,1006.1496182750648,1026.3076681185548,1439328.0
2017-08-10,1014.651123046875,1022.714408043864,999.1382301628089,1008.779037646836,1713614.0
2017-08-11,1004.2269287109375,1014.9617177304153,998.2385616795318,1009.5943232206764,2001103.0
2017-08-14,1017.4901733398438,1022.9018614418432,992.7382332640263,1014.2519974790869,1866838.0
2017-08-16,1013.3648681640625,1022.3696203218374,996.5087224033996,1019.3532357369295,2143899.0
2017-08-17,1006.0455322265625,1026.4503357902406,1003.4284376967995,1015.8043513222347,1508949.0
2017-08-18,1003.0293579101562,1009.2839184107831,996.2869213307241,997.1740868884541,1230709.0
2017-08-21,999.9241943359375,1011.3686507271636,997.7062806282024,1005.5576734942708,1651344.0
2017-08-22,991.5848999023438,1006.932907359583,987.4596666988809,1004.2714106881481,1361351.0
2017-08-23,997.3071899414062,1001.4768247715327,988.6573256966432,993.6254311932942,1710949.0
2017-08-24,1004.005126953125,1007.6425920459005,998.9483270530993,1002.4969889609256,1316100.0
2017-08-28,1010.392822265625,1024.676165335226,1001.4324722627005,1006.6666621410087,1884734.0
2017-08-29,1002.5413818359375,1010.2596780997194,996.5973082140741,1007.5094868043814,1045267.0
2017-08-30,1011.0579833984375,1016.6027666747675,1005.1583123331126,1011.3684696026023,895791.0
2017-08-31,1008.0863037109375,1015.8046010289444,1002.9406999678791,1014.917435438526,1926054.0
2017-09-01,1010.6590576171875,1015.2723839407037,1003.8723270826183,1006.8886036328325,976551.0
2017-09-04,1003.0736694335938,1010.4370779235935,995.3996663890173,1000.6782576648777,1006945.0
2017-09-05,999.5250244140625,1010.4814965940254,995.6658761785703,1003.5172691328273,1110437.0
2017-09-06,991.496337890625,999.0372461370231,989.9881995599819,995.3998885245493,891224.0
2017-09-07,1001.698486328125,1003.3397207486784,992.0727628703855,994.6011627395151,1038623.0
2017-09-08,1040.113037109375,1048.6298057505696,1006.090255849459,1009.1509340450701,4947759.0
2017-09-11,1080.4345703125,1086.777825812271,1022.5027234328625,1046.8553750681467,4364705.0
2017-09-12,1091.435302734375,1094.7621731958698,1081.89827407809,1081.89827407809,2451814.0
2017-09-13,1085.3138427734375,1090.326349276863,1071.2522919054613,1084.1161910629182,2233311.0
2017-09-14,1077.1962890625,1094.762208992185,1074.8009855705284,1085.4913729883094,1440488.0
2017-09-15,1075.5994873046875,1083.805768282269,1066.4173459242215,1077.0189304631172,1723247.0
2017-09-18,1098.2666015625,1105.4083278984538,1081.055675710816,1081.055675710816,3005809.0
2017-09-19,1087.576171875,1098.133462632581,1082.7854566752962,1095.6493559967153,900287.0
2017-09-20,1096.4921875,1109.4004892096732,1089.5723613817138,1089.5723613817138,2347635.0
2017-09-21,1089.483642578125,1100.0852270524622,1072.3613049997286,1097.3350356441451,2216227.0
2017-09-22,1051.113525390625,1090.459286082677,1043.3508287598602,1089.4834258798335,2968531.0
2017-09-25,1033.72509765625,1053.065347010964,1015.8043996019828,1053.065347010964,2720490.0
2017-09-26,1031.684814453125,1037.983668044336,1021.1275230077184,1021.1275230077184,1809036.0
2017-09-27,1008.8844604492188,1040.5563305489547,1003.8276609332689,1040.5563305489547,2317721.0
2017-09-28,1005.4689331054688,1014.6510737806649,1000.722619645011,1011.6790912061026,3474398.0
2017-09-29,1013.1874389648438,1023.8334253470114,1003.4286181145234,1011.3243047107054,3193745.0
2017-10-03,1006.8441162109375,1027.1158255944515,1000.7670543847644,1025.1641048739436,1413186.0
2017-10-04,1009.8606567382812,1014.7843608936697,1005.4691219927594,1006.9329669079333,1155472.0
2017-10-05,1004.315673828125,1016.5141985571614,1001.1661932158217,1013.1429265861484,1303081.0
2017-10-06,1012.965576171875,1015.7600607629352,1006.9328076619698,1006.9328076619698,1814990.0
2017-10-09,1012.2113647460938,1027.559370166055,1010.3483389827006,1013.1429317760715,1737288.0
2017-10-10,1013.7640380859375,1024.8980091385556,1009.8161946781743,1023.7890521929393,2347406.0
2017-10-11,1005.9124755859375,1021.5709666868673,1000.1459004374663,1017.9336101756048,1638071.0
2017-10-12,1014.60693359375,1016.7804459383364,1006.2675555122913,1013.1430887326751,1151274.0
2017-10-13,1010.1708984375,1020.2402040090607,1007.9529849505237,1014.6067254114524,1762307.0
2017-10-16,1015.5383911132812,1021.0831759610138,1011.945435509898,1014.0302529533296,1189499.0
2017-10-17,1019.1314086914062,1024.676193287116,1011.368710257413,1013.14304132804,1123634.0
2017-10-18,1012.6106567382812,1026.36172108358,1009.6829674622701,1020.2402578770055,1263098.0
2017-10-19,1011.1469116210938,1017.6232633010602,1008.7072064164805,1014.0301995901822,264888.0
2017-10-23,1007.5980834960938,1022.0145209663219,996.4641146235416,1014.0300325212725,1077546.0
2017-10-24,1013.6309814453125,1016.1593814512746,999.0370440484974,1010.4815006137972,1281327.0
2017-10-25,1068.3245849609375,1077.9060150802763,1020.3289560722312,1020.3289560722312,6377478.0
2017-10-26,1085.4468994140625,1103.1902079455551,1072.7160972020285,1073.4257645653518,5486055.0
2017-10-27,1086.46728515625,1101.8595854025182,1082.696831663528,1093.8306940582102,2036609.0
2017-10-30,1097.37939453125,1099.996597907399,1086.0237403576714,1089.4393060994007,1808153.0
2017-10-31,1084.382568359375,1098.4884149202985,1074.1801638449608,1097.423859506993,1815888.0
2017-11-01,1078.17236328125,1097.1133265895983,1076.3980321367383,1087.7536864836668,1929731.0
2017-11-02,1074.31298828125,1078.7932172471615,1067.9254401819658,1078.3496345098065,1183382.0
2017-11-03,1095.6494140625,1106.4284967589476,1074.3574416434717,1074.3574416434717,1797145.0
2017-11-06,1086.511474609375,1101.415897368835,1081.0110921819778,1086.7776675608723,1691967.0
2017-11-07,1074.4019775390625,1094.407497480537,1067.3489458156816,1087.265879150223,1658527.0
2017-11-08,1080.7451171875,1086.7778867345378,1071.8734609692588,1075.2447336508244,1905789.0
2017-11-09,1078.70458984375,1092.1894625843388,1069.8329345416328,1082.4750433471497,1733475.0
2017-11-10,1122.2200927734375,1131.0917488554333,1079.6805451789003,1080.2572244835467,5671395.0
2017-11-13,1100.5732421875,1117.7841668420522,1071.873350638381,1091.0362127345634,5216845.0
2017-11-14,1073.6475830078125,1098.3108258074121,1070.8530984808524,1095.6493294605445,2519826.0
2017-11-15,1073.026611328125,1086.7776757973982,1069.9659338455251,1073.9137767777554,1801470.0
2017-11-16,1081.720947265625,1085.8018869432715,1072.5830992142369,1074.446125121796,2003168.0
2017-11-17,1084.825927734375,1099.5971454604908,1077.9059940833636,1091.2134754918002,2261694.0
2017-11-20,1091.0360107421875,1107.182377089454,1085.8904082992722,1100.0850541593934,2799314.0
2017-11-21,1084.6929931640625,1096.0930489462357,1075.4664496843984,1096.0930489462357,2192795.0
2017-11-22,1084.7371826171875,1092.9878648506772,1078.0391482610182,1086.777706527662,2266995.0
2017-11-23,1078.7486572265625,1090.5035980401021,1074.623425012259,1084.1160508789123,1654930.0
2017-11-24,1081.01123046875,1085.8906410289292,1076.5754026867692,1078.7933165777597,1637839.0
2017-11-27,1086.5560302734375,1094.7623117839737,1077.906165978548,1077.906165978548,1464649.0
2017-11-28,1074.9783935546875,1089.4392345303552,1072.5830900221495,1089.4392345303552,4940494.0
2017-11-29,1080.4345703125,1085.0034946680878,1075.2446733750796,1078.3053512801644,2046078.0
2017-11-30,1079.2813720703125,1085.802017680179,1072.5832283595248,1077.906222048654,3419336.0
2017-12-01,1074.93408203125,1095.6493744557763,1071.6959063502654,1078.9263267155018,1772981.0
2017-12-04,1080.1240234375,1086.866459747898,1066.1955680555388,1079.6804406763347,1796642.0
2017-12-05,1073.3814697265625,1077.462409023618,1056.9245077686726,1077.462409023618,2139688.0
2017-12-06,1056.8358154296875,1075.2444980489245,1054.839693217963,1069.8328106008946,1696890.0
2017-12-07,1080.92236328125,1089.8383107239483,1061.0498363261966,1061.0498363261966,2476888.0
2017-12-08,1082.6522216796875,1088.5518929626342,1080.301211824492,1086.7775622487586,2316890.0
2017-12-11,1083.9832763671875,1090.3265321230704,1078.128005014289,1085.8907040835136,2227028.0
2017-12-12,1067.1712646484375,1083.6725191713508,1065.0420460623877,1083.4063262368861,2009798.0
2017-12-13,1055.0615234375,1073.4702067348119,1051.2910702320264,1068.590796704199,2262858.0
2017-12-14,1054.6624755859375,1064.5986866762848,1043.3954078406664,1061.493607173479,1709762.0
2017-12-15,1067.748046875,1079.0150050479326,1065.485731603344,1066.3728970751201,2161729.0
2017-12-18,1080.478759765625,1085.890447033523,1042.419342536266,1060.1626504943301,2851823.0
2017-12-19,1082.2532958984375,1084.1163219281966,1076.442318121026,1084.1163219281966,2878543.0
2017-12-20,1093.431396484375,1100.4843183601122,1072.5830088029286,1079.8577220369789,3293207.0
2017-12-21,1116.763916015625,1122.2642985078678,1097.4236658136226,1099.1979967203545,3664052.0
2017-12-22,1123.2845458984375,1126.7001111903714,1111.6182986783742,1118.183344607615,2490561.0
2017-12-26,1126.4339599609375,1131.1359802956954,1115.4331947113935,1128.2970940951484,2493302.0
2017-12-27,1115.9210205078125,1131.978693218437,1110.1101518877892,1125.724241881012,1675081.0
2017-12-28,1111.3966064453125,1122.2199824830059,1108.4689169073506,1115.61064267011,2850194.0
2017-12-29,1116.27587890625,1126.700072490314,1107.1380318501065,1119.6027491990362,1819413.0
2018-01-01,1118.4493408203125,1130.2486835829318,1114.191012013945,1118.715533750453,2048058.0
2018-01-02,1108.735107421875,1126.6115142898718,1102.6136436811755,1124.0387126253374,1512324.0
2018-01-03,1131.4022216796875,1139.0761167273854,1110.2876391585237,1114.1911890737688,2720736.0
2018-01-04,1167.24365234375,1171.058507467007,1135.660580922894,1139.9633121129846,4546456.0
2018-01-05,1166.5338134765625,1178.9984224472414,1160.4123505186433,1175.4941624137634,2418902.0
2018-01-08,1187.249267578125,1194.0803988235543,1167.9534173484785,1167.9534173484785,3513256.0
2018-01-09,1182.369873046875,1191.46331982889,1176.7363935290393,1188.8018232097636,1703294.0
2018-01-10,1174.3853759765625,1185.6967365383764,1168.973687876892,1181.8818814224292,1098019.0
2018-01-11,1174.2078857421875,1177.091173481885,1164.8926484293188,1171.2357948194015,1232290.0
2018-01-12,1179.176025390625,1181.9706183261328,1161.9649933318926,1175.9378497128641,1825056.0
2018-01-15,1176.3370361328125,1198.737964716959,1174.2522188941957,1184.2328306396075,2386631.0
2018-01-16,1176.5589599609375,1188.4914021022928,1174.0305596934352,1180.8617997017354,3139385.0
2018-01-17,1200.6453857421875,1203.8835614171035,1171.280229890148,1173.7199349703963,2724814.0
2018-01-18,1207.2548828125,1228.7242450756992,1198.0726330441712,1206.545107077943,4966982.0
2018-01-19,1216.7030029296875,1223.0906590943166,1200.778426553714,1208.3193328157802,2127776.0
2018-01-22,1241.01123046875,1245.2696674751962,1143.7335280031762,1143.7335280031762,3067658.0
2018-01-23,1251.5242919921875,1255.339146852486,1235.9102012948904,1247.3546575792193,4804202.0
2018-01-24,1243.0963134765625,1250.726023771001,1232.9827129403532,1248.3306118309188,2147973.0
2018-01-25,1256.669921875,1266.029561152527,1234.9343672785033,1234.9343672785033,6113475.0
2018-01-29,1270.376708984375,1278.982280088472,1258.0007924617926,1258.0007924617926,2945415.0
2018-01-30,1268.5579833984375,1274.5906438836923,1248.0200801989731,1268.6022766959597,1988140.0
2018-01-31,1256.669921875,1277.252118011014,1252.6776771531945,1270.332292137826,2614515.0
2018-02-01,1291.3577880859375,1304.1329900559992,1246.6446353389942,1294.2854768924365,8187730.0
2018-02-02,1255.7384033203125,1284.6156845760627,1250.9477961062516,1284.6156845760627,3621563.0
2018-02-05,1209.783203125,1242.031645988312,1202.197895111231,1224.2883367599077,3060688.0
2018-02-06,1200.3792724609375,1217.5015009107701,1148.2138999426752,1171.0140090123255,4230633.0
2018-02-07,1183.2569580078125,1215.4167066322048,1179.9300874604617,1215.4167066322048,2927403.0
2018-02-08,1195.3668212890625,1206.101502224019,1182.591616377063,1193.2376024209675,1932082.0
2018-02-09,1179.264892578125,1191.4634197723692,1169.3729743212937,1175.317048913894,2029257.0
2018-02-12,1198.1168212890625,1202.1090654177563,1183.9665770848696,1183.9665770848696,1543603.0
2018-02-14,1207.60986328125,1217.634878642627,1193.7701005275808,1201.8432864425054,2310144.0
2018-02-15,1197.98388671875,1215.4167100958618,1194.479626384181,1210.4486050569733,1861841.0
2018-02-16,1178.5106201171875,1210.0936888712292,1171.4575897239067,1204.7706961049334,1424576.0
2018-02-19,1149.32275390625,1180.7727234212646,1141.7818481492425,1178.1556288595136,4275673.0
2018-02-20,1144.9757080078125,1161.831851556298,1142.0037254098922,1153.315084896376,2063972.0
2018-02-21,1138.0557861328125,1152.9600994517916,1134.6845143898893,1152.4278218862128,1584305.0
2018-02-22,1146.2177734375,1151.5407661934016,1132.0231260884289,1133.7974570070626,3028574.0
2018-02-23,1154.8233642578125,1157.7510539196885,1135.9268028384488,1146.7501793342396,2176017.0
2018-02-26,1192.5721435546875,1195.6328210062047,1158.638065450937,1158.638065450937,2239306.0
2018-02-27,1187.115966796875,1202.818858914539,1181.0833072239504,1195.455342982371,2243499.0
2018-02-28,1169.4171142578125,1181.3494457792674,1162.7189720512636,1178.1556719423502,2439968.0
2018-03-01,1166.7998046875,1182.502696087045,1164.9367791442453,1170.1710762774271,1927606.0
2018-03-05,1153.9359130859375,1164.5818971536355,1151.4962084037568,1164.5818971536355,1302005.0
2018-03-06,1138.5882568359375,1170.08263298427,1131.1360447640595,1161.0334796482139,2381856.0
2018-03-07,1120.7559814453125,1147.9032183205372,1117.8282925984597,1139.1202600765257,2156582.0
2018-03-08,1138.943115234375,1144.2661082484694,1117.163158833077,1128.385824097107,3588828.0
2018-03-09,1144.8870849609375,1149.8108968355775,1135.5718471522666,1140.1850644626945,2508919.0
2018-03-12,1162.231201171875,1163.9611305701771,1150.653648132256,1153.31514461984,2267260.0
2018-03-13,1155.754638671875,1173.6753350970064,1148.036343586008,1163.4286404689794,1915199.0
2018-03-14,1156.198486328125,1164.8483503156172,1146.2178740348647,1155.9766949438304,1714051.0
2018-03-15,1148.968017578125,1161.8319173302236,1146.3065210776908,1157.6622827981714,1178352.0
2018-03-16,1126.0792236328125,1156.7751285778243,1118.1834289452179,1153.226466542642,5152611.0
2018-03-19,1135.1727294921875,1146.2178973359662,1123.0184964078153,1135.571910673403,4452882.0
2018-03-20,1147.548583984375,1153.3151597832916,1131.1360220951512,1131.1360220951512,2831066.0
2018-03-21,1161.610107421875,1165.380560737333,1148.8793043572302,1148.8793043572302,2835466.0
2018-03-22,1149.988037109375,1172.3002663932173,1143.5560885893804,1166.4449969860489,1834024.0
2018-03-23,1124.8372802734375,1138.4996521044216,1119.159398802519,1134.3299088273272,2280525.0
2018-03-26,1151.0084228515625,1153.4037261363144,1124.92573817772,1124.92573817772,1697069.0
2018-03-27,1160.0133056640625,1165.735479883676,1154.2023282562118,1159.5253213150413,2003736.0
2018-03-28,1162.9852294921875,1175.49424088684,1146.5726683930127,1154.2909646183227,3989865.0
2018-04-02,1185.2086181640625,1188.3580987732023,1164.0054509299573,1164.848214773583,1302024.0
2018-04-03,1180.284912109375,1187.914513163435,1169.328440686112,1182.3697292147633,1123582.0
2018-04-04,1149.899658203125,1182.325494328968,1144.6209581617713,1180.8173562009108,1285513.0
2018-04-05,1178.8656005859375,1184.4103851531565,1163.0740108198681,1165.7355074121333,1758313.0
2018-04-06,1167.9976806640625,1173.719854322293,1157.9282664783955,1157.9282664783955,1492796.0
2018-04-09,1178.067138671875,1182.5916612529127,1169.151081703139,1169.2841781930524,1118116.0
2018-04-10,1197.584716796875,1202.5084202892008,1178.1557709035346,1178.1557709035346,2177789.0
2018-04-11,1200.113037109375,1206.0127088864308,1188.8016778610702,1205.125543455191,1536552.0
2018-04-12,1204.28271484375,1207.787083401741,1193.7255324676814,1203.2625611982023,1695410.0
2018-04-13,1201.9761962890625,1210.4042688214533,1189.3340874904763,1208.3194514859133,1320241.0
2018-04-16,1213.731201171875,1217.1911685727605,1194.2579601244918,1195.8104998803244,1304778.0
2018-04-17,1206.14599609375,1222.42546267203,1202.2867392203268,1215.8604157833843,1058589.0
2018-04-18,1206.6337890625,1216.7030959464491,1198.560604576995,1209.295285593759,1459202.0
2018-04-19,1228.7242431640625,1231.474434612191,1208.142046452795,1211.069627686001,2229317.0
2018-04-20,1211.025390625,1228.7243002229377,1205.6579956700161,1228.7243002229377,1091415.0
2018-04-23,1206.5450439453125,1222.5140224681181,1202.552799314611,1215.4166986802045,1364935.0
2018-04-24,1222.513916015625,1226.2399673612008,1199.4476157134434,1202.7300843609003,1002866.0
2018-04-25,1209.117919921875,1221.4051408268986,1203.8392200516703,1220.6510717873186,1536003.0
2018-04-26,1195.1893310546875,1212.0898773289362,1180.01882250187,1211.424503196825,4513014.0
2018-04-27,1222.2923583984375,1226.9499776193352,1200.7785934257197,1200.7785934257197,1746280.0
2018-04-30,1242.830078125,1246.4674347450148,1225.441657278261,1225.441657278261,1309980.0
2018-05-02,1244.826416015625,1263.1020054625626,1233.2488617777396,1259.7751345087543,3975516.0
2018-05-03,1222.2923583984375,1247.8427700145646,1219.4977652065834,1247.0885926463,1278892.0
2018-05-04,1214.2635498046875,1230.2769326833975,1208.3195834251217,1224.2885647038677,1274703.0
2018-05-07,1232.4058837890625,1236.619919598814,1212.134175289886,1218.965305810227,1250082.0
2018-05-08,1210.89208984375,1235.8214162069914,1203.1293925057664,1234.313278328521,1604486.0
2018-05-09,1220.429443359375,1226.5952012843813,1207.654236389491,1208.4970004350946,1270004.0
2018-05-10,1208.496826171875,1228.9016331005796,1202.242374243411,1224.3771106148336,1262157.0
2018-05-11,1230.853271484375,1232.7162971255054,1210.3597728388288,1213.1986587399272,1033691.0
2018-05-14,1225.8409423828125,1241.1445474170832,1221.6269062139554,1225.6635525995941,1265158.0
2018-05-15,1219.1429443359375,1244.6933573565443,1214.441031556233,1225.1757138342036,1824434.0
2018-05-16,1208.6300048828125,1219.009907134987,1205.3918288601694,1210.8923204278783,1491335.0
2018-05-17,1202.9520263671875,1219.8525726007572,1197.673434917107,1213.642414049335,1833028.0
2018-05-18,1167.110595703125,1207.0773357762441,1163.9611149165453,1197.6734033058965,2070654.0
2018-05-21,1165.0701904296875,1186.007276323496,1163.0740678875463,1163.0740678875463,2047129.0
2018-05-22,1171.19140625,1189.6000880136305,1167.5983431172715,1169.1952841310522,1375132.0
2018-05-23,1177.179931640625,1197.673433171128,1166.622640459284,1168.3969714713894,1851368.0
2018-05-24,1187.07177734375,1195.4554475534212,1176.736278160135,1185.2530448470284,1482329.0
2018-05-25,1190.5760498046875,1195.5441547317428,1181.48260382071,1189.6444827511175,1696915.0
2018-05-28,1221.138916015625,1228.6798228079829,1192.4391335887294,1194.1247697075119,2127978.0
2018-05-29,1224.8206787109375,1264.166447332241,1220.20746138787,1236.4425252066649,6814062.0
2018-05-30,1211.5577392578125,1224.2885441261847,1204.0168315584845,1224.2885441261847,2286366.0
2018-05-31,1215.771728515625,1222.0261808562245,1202.996522546085,1216.259604605082,2930988.0
2018-06-01,1217.5457763671875,1238.482857455695,1208.8515124159974,1220.5621602867773,2234018.0
2018-06-04,1204.6376953125,1228.7242611525305,1201.2221296754701,1220.6953697736624,1346919.0
2018-06-05,1183.2569580078125,1208.1419930206243,1176.91370317155,1208.1419930206243,1905926.0
2018-06-06,1198.1612548828125,1202.1090975302488,1180.8171282751005,1180.8171282751005,1581905.0
2018-06-07,1202.242431640625,1211.8681563180967,1196.7419401845145,1206.9000508358445,2272271.0
2018-06-08,1192.305908203125,1202.1091292919893,1180.905854355867,1196.830538426637,2483519.0
2018-06-11,1191.6849365234375,1202.109130086922,1186.1401527130736,1191.463145171023,1417401.0
2018-06-12,1212.2230224609375,1214.0416468504127,1192.8827702594947,1195.8991547720923,1853562.0
2018-06-13,1205.43603515625,1213.8641067911972,1200.334833903519,1212.5777602286985,1253808.0
2018-06-14,1191.4635009765625,1206.0573330049583,1188.8020039527876,1201.2223233970703,1325652.0
2018-06-15,1179.841552734375,1191.4634004314637,1173.9418798368833,1189.6890692320126,2660969.0
2018-06-18,1173.8973388671875,1186.4951538655632,1171.9900196914896,1181.0390644157092,951701.0
2018-06-19,1162.54150390625,1177.712009831206,1159.5695216236136,1170.0380078441817,1607343.0
2018-06-20,1159.303466796875,1170.34863347375,1153.3150999318443,1163.118321599891,2207289.0
2018-06-21,1144.2659912109375,1167.5096816764499,1140.8947193282024,1162.1866892068003,2161971.0
2018-06-22,1153.18212890625,1157.7510531892624,1138.6769936922747,1143.2902112752408,3364048.0
2018-06-25,1125.0589599609375,1156.6420303676548,1121.5989928224794,1154.2023252221047,1622133.0
2018-06-26,1126.74462890625,1138.6769620107168,1118.80443240513,1125.6356719896055,2003243.0
2018-06-27,1093.6531982421875,1131.1359381535501,1090.3263278358536,1129.361607270172,2332129.0
2018-06-28,1095.60498046875,1100.0852095196956,1069.9215828070587,1089.439223621118,4677061.0
2018-06-29,1131.2244873046875,1133.7528868284594,1093.9192502655703,1096.4919430777827,2324572.0
2018-07-02,1114.235595703125,1133.7532389679673,1102.6581495626112,1133.7089456657693,3832519.0
2018-07-03,1110.28759765625,1121.3771661506191,1105.452589111332,1117.163130122759,2096700.0
2018-07-04,1117.3848876953125,1119.070523714785,1102.9240474974224,1110.6424519139866,1842579.0
2018-07-05,1112.90478515625,1122.2644250633537,1105.053391667889,1122.2644250633537,2006459.0
2018-07-06,1123.41748046875,1134.0190626527326,1104.432121089301,1109.8438078455454,2064484.0
2018-07-09,1142.6693115234375,1145.729989574956,1120.6675609642907,1128.2972718865744,2021357.0
2018-07-10,1139.6527099609375,1151.5407485934022,1129.1398210880222,1148.3912679423374,1923397.0
2018-07-11,1130.9141845703125,1140.8503945305151,1128.1195916763286,1138.7212840365905,1326221.0
2018-07-12,1153.09326171875,1157.3072974896013,1131.1359174390507,1135.6604394494948,2777124.0
2018-07-13,1151.895751953125,1170.1713403092542,1142.0038345815674,1159.5253538924906,2360493.0
2018-07-16,1138.322021484375,1154.3354019386456,1133.7088042431496,1153.3151399632104,1593400.0
2018-07-17,1141.64892578125,1145.3306843422067,1125.6356531508457,1140.052092825951,1598278.0
2018-07-18,1146.350830078125,1160.4123804603237,1138.2332447481615,1148.8792298899994,1855985.0
2018-07-19,1116.1429443359375,1150.3432192252826,1111.6184217407608,1148.258401865371,1468552.0
2018-07-20,1127.0107421875,1143.5564014630181,1113.8807569391834,1115.6106864544183,1937969.0
2018-07-23,1134.817626953125,1138.2331920353072,1119.7801086587467,1127.1436246927963,1229445.0
2018-07-24,1174.607177734375,1178.1558399027567,1136.4590594242707,1140.0077215926524,4071039.0
2018-07-25,1171.6795654296875,1185.2088408392522,1165.4251129232152,1181.2165956364297,2254936.0
2018-07-26,1158.5938720703125,1194.9233683704235,1147.3269122682748,1181.5271894689429,7489743.0
2018-07-27,1163.47314453125,1170.6148700811418,1153.758725684369,1165.4692668940256,1785314.0
2018-07-30,1149.1898193359375,1167.9533914928388,1145.5080608177586,1164.4047294601983,3090391.0
2018-07-31,1155.355712890625,1162.5860253219462,1140.0077059049484,1153.2707872581313,2304148.0
2018-08-01,1151.540771484375,1161.1664951028781,1147.0605425756132,1158.6380951915207,1924210.0
2018-08-02,1137.700927734375,1150.6091192937083,1135.5717091204626,1148.3469125073793,1415162.0
2018-08-03,1144.4434814453125,1151.2746123957772,1138.2777246119672,1140.185043777121,1279748.0
2018-08-06,1144.8427734375,1153.137858204617,1140.7175401492211,1147.99225454875,842106.0
2018-08-07,1149.1456298828125,1160.4125895359746,1146.5284264192899,1150.3875750692102,1458197.0
2018-08-08,1151.7625732421875,1161.1222122840609,1144.5765545831787,1151.230295618662,1308818.0
2018-08-09,1139.7415771484375,1156.7752212600099,1138.0116475863106,1153.270852241551,1035908.0
2018-08-10,1121.9537353515625,1149.2340711725697,1119.6027254019855,1137.6565194811292,1784956.0
2018-08-13,1125.857421875,1134.5072855060032,1110.7312067708742,1121.8207755285705,1627092.0
2018-08-14,1126.0369873046875,1138.1216810984024,1123.206710822623,1135.8305884638803,2146242.0
2018-08-16,1106.629638671875,1134.4829396249183,1101.5531280139096,1121.2301593327445,2292161.0
2018-08-17,1114.2667236328125,1121.1402207676417,1106.4497644616686,1113.2334341833682,1750983.0
2018-08-20,1189.3358154296875,1196.7035280200264,1151.8686799308357,1168.041563112392,11227838.0
2018-08-21,1188.3028564453125,1199.4890588527394,1181.5191853118743,1199.4890588527394,3057182.0
2018-08-23,1214.8084716796875,1225.4556002704312,1184.8436185300038,1194.2778025409377,8248115.0
2018-08-24,1206.587158203125,1224.646858837035,1204.8799983128863,1216.2908239255205,3506532.0
2018-08-27,1218.447021484375,1227.3421291291672,1208.8331848424518,1217.4587005637054,2595682.0
2018-08-28,1217.9979248046875,1227.3422803538022,1214.7633697206006,1224.0627567171239,1889337.0
2018-08-29,1214.3590087890625,1219.0760999553647,1208.2042401904712,1219.0760999553647,1435495.0
2018-08-30,1209.86669921875,1224.5570488360408,1207.5754964808975,1213.9997481785629,2288925.0
2018-08-31,1230.5318603515625,1234.5301126963282,1212.0228058529267,1212.0228058529267,3549583.0
2018-09-03,1224.6468505859375,1248.9061792475811,1222.041197053066,1235.428774435557,2347852.0
2018-09-04,1221.3223876953125,1232.3737931074436,1216.6501551931403,1226.4437573156422,1517216.0
2018-09-05,1211.16943359375,1225.4555044867075,1205.239397471975,1220.0645426161122,2413590.0
2018-09-06,1210.3607177734375,1217.997913443788,1202.9032866323796,1212.7867163234214,1586350.0
2018-09-07,1210.72021484375,1219.2559046701067,1204.88000601519,1212.0679553426485,1307928.0
2018-09-10,1201.106201171875,1214.7632590288472,1199.488868937508,1210.9446615060124,1228247.0
2018-09-11,1194.6820068359375,1210.9447186470534,1192.121322076847,1205.3741023402818,1617176.0
2018-09-12,1214.9879150390625,1218.312297335282,1186.4607445435993,1199.4889011478265,1319469.0
2018-09-14,1220.91796875,1228.420368142618,1213.4605379077523,1218.3572840048944,1462192.0
2018-09-17,1208.2493896484375,1216.3808014148406,1203.6221252089763,1214.3591906123056,912431.0
2018-09-18,1193.1097412109375,1213.1012249475668,1190.7287110996836,1207.3958121990606,1501479.0
2018-09-19,1197.6021728515625,1206.6769365141888,1191.4025449127435,1197.6470317251049,867001.0
2018-09-21,1194.72705078125,1215.167782828596,1176.6224901399848,1205.9582222358358,2309530.0
2018-09-24,1184.529052734375,1202.903313237661,1170.108295810222,1197.9615982828416,2425415.0
2018-09-25,1185.157958984375,1197.4223081775137,1175.2295614019988,1182.4175097897787,2684511.0
2018-09-26,1197.37744140625,1201.1062115436823,1176.1280471892226,1194.0979180400893,2846089.0
2018-09-27,1176.936767578125,1201.2859217678322,1164.896931617049,1201.1511257943582,3847372.0
2018-09-28,1142.9737548828125,1183.0465499000913,1123.2518630567738,1181.0699077338036,4301355.0
2018-10-01,1121.40966796875,1144.6806705700608,1093.960758512707,1144.6806705700608,4955435.0
2018-10-03,1119.028564453125,1133.8986741386566,1102.1369542910113,1120.511100503364,4302314.0
2018-10-04,1130.2152099609375,1161.6624884257417,1124.2402051167442,1130.3050373920992,7398229.0
2018-10-05,1102.8109130859375,1139.0201343186777,1092.433269578547,1130.3047914834426,4206887.0
2018-10-08,1091.9840087890625,1117.7258684509177,1080.9774638625966,1105.146959963528,3957900.0
2018-10-09,1097.1058349609375,1110.5832411820895,1092.0741822281773,1098.678199020072,2559815.0
2018-10-10,1123.7010498046875,1137.4030772903943,1099.486581325588,1102.4516540958925,4134413.0
2018-10-11,1101.4183349609375,1111.4365603306776,1096.2519968672418,1105.1471052600918,3942878.0
2018-10-12,1109.8642578125,1118.6245707156952,1095.0391128994004,1100.4750432392962,2773440.0
2018-10-15,1092.9276123046875,1111.2569032668105,1085.7396636669446,1105.1471030529722,2945137.0
2018-10-16,1100.3402099609375,1104.2036666360573,1092.1639401309828,1096.1621927820777,2336499.0
2018-10-17,1088.884521484375,1112.3351847850774,1086.0092758776104,1111.1222402432043,1746801.0
2018-10-19,1083.6282958984375,1088.884461744454,1065.6134545861614,1078.1923655171954,2006965.0
2018-10-22,1084.122314453125,1094.9492057917198,1078.2821062759922,1090.7711887752773,1452784.0
2018-10-23,1078.8214111328125,1086.3239217540718,1062.4688686124039,1074.5087069029644,2109820.0
2018-10-24,1095.1739501953125,1098.2288505921676,1081.8762000816616,1088.2554831672285,1484693.0
2018-10-25,1079.5850830078125,1089.0192662801928,1073.8347017440055,1085.380323146229,3063065.0
2018-10-26,1075.901123046875,1089.8727424713366,1070.375475121637,1078.7313998374818,1101325.0
2018-10-29,1133.27001953125,1136.145155174366,1076.6199542804936,1079.0908116760884,2140956.0
2018-10-30,1142.2099609375,1148.8588353500254,1121.544608645219,1130.6643403970386,1957735.0
2018-10-31,1165.79541015625,1171.635618376686,1122.3981267387926,1137.492862626445,3117499.0
2018-11-01,1192.076171875,1243.5149213303184,1187.448908721747,1201.690007814113,8903105.0
2018-11-02,1220.333984375,1230.8014569286636,1203.9814444490182,1203.9814444490182,2665756.0
2018-11-05,1213.1011962890625,1226.4438047565786,1207.1711602678774,1220.4239413082873,1457946.0
2018-11-06,1225.410400390625,1230.7565027952755,1213.0112552673593,1213.1010826860534,1616734.0
2018-11-07,1227.2972412109375,1230.9361840208576,1225.2307718191207,1230.9361840208576,255086.0
2018-11-09,1229.6783447265625,1239.022700297755,1221.9513215409331,1227.2973147009159,1247358.0
2018-11-12,1228.42041015625,1243.9643933599891,1223.7482872923836,1233.5418895010137,2174698.0
2018-11-13,1249.8941650390625,1253.3983112860592,1220.3337098119255,1225.5450154797022,2068670.0
2018-11-14,1244.14404296875,1256.0940517101394,1239.0226733249515,1252.5000773132576,1364551.0
2018-11-15,1256.543212890625,1265.078901501609,1245.4018710835687,1247.109030741643,2890196.0
2018-11-16,1257.0374755859375,1270.469910613525,1250.2538052466195,1260.3618579300721,1732865.0
2018-11-19,1273.344970703125,1275.72600046332,1253.4434270094089,1257.8909260547773,1932311.0
2018-11-20,1269.6612548828125,1278.6461906751745,1264.8093676190585,1267.1005701178676,1889461.0
2018-11-21,1259.7777099609375,1270.2451811348126,1251.8260644499221,1266.8758305217227,1320423.0
2018-11-22,1267.0107421875,1275.4116352141098,1254.4766909545483,1262.3834783204115,1723570.0
2018-11-26,1277.657958984375,1284.8459081207147,1267.0556901365142,1267.0556901365142,2630117.0
2018-11-27,1286.283203125,1288.4396093442967,1271.682684539334,1275.3664857543038,1956946.0
2018-11-28,1260.9459228515625,1288.439804697941,1256.9925291299999,1286.2833981516894,1390580.0
2018-11-29,1278.0621337890625,1289.787518740276,1264.6296987996784,1270.155456186795,2816724.0
2018-11-30,1287.0921630859375,1292.1686741816332,1266.8760558123363,1280.4882566457748,2018571.0
2018-12-03,1282.599609375,1293.7858107829052,1268.6729586252188,1289.3832799022962,1115862.0
2018-12-04,1275.77099609375,1284.6211355040625,1271.3683558232196,1278.6012726733327,1061729.0
2018-12-05,1253.2188720703125,1274.9623725363863,1248.1423614770486,1268.6729175626338,1582751.0
2018-12-06,1239.4718017578125,1255.2404067900225,1232.7780689546146,1246.9293417909216,1574405.0
2018-12-07,1257.80126953125,1261.4850715221799,1232.8231024484385,1246.2106796305295,1185686.0
2018-12-10,1228.91455078125,1245.6714773942033,1220.3338935225738,1235.159037070657,1657418.0
2018-12-11,1223.2093505859375,1230.8015785131265,1207.2610873396186,1220.154450056395,2302505.0
2018-12-12,1258.16064453125,1264.7645506213992,1226.8930230668684,1229.678331318838,1751549.0
2018-12-13,1281.6561279296875,1283.9473304386863,1263.2819780243478,1270.2003347434782,1863210.0
2018-12-14,1268.1337890625,1283.5429750243243,1262.4283770878953,1278.9605702818458,2189734.0
2018-12-17,1265.0789794921875,1279.8142963596515,1253.443531329553,1253.7579821513607,1610515.0
2018-12-18,1283.4979248046875,1284.8456650127428,1262.3833282118208,1262.3833282118208,1568498.0
2018-12-19,1289.11376953125,1292.033873905515,1281.6113694594035,1285.7444183301752,2073536.0
2018-12-20,1303.5345458984375,1305.5111879271892,1278.7810035907585,1285.3849095497626,2782410.0
2018-12-21,1275.86083984375,1311.5309898746684,1271.5480269359032,1303.5344850304261,1975704.0
2018-12-24,1262.203857421875,1283.677766791007,1257.8910442555266,1282.6894457635424,1390194.0
2018-12-26,1278.2418212890625,1286.6427137200028,1243.784616918262,1256.812772888192,1712084.0
2018-12-27,1280.3984375,1288.7543627528426,1265.5283235152274,1284.1270984555115,1872745.0
2018-12-28,1293.2916259765625,1301.0186485000083,1281.5213825150988,1281.746005900544,1918767.0
2018-12-31,1291.6295166015625,1302.815718032915,1285.9239945066615,1298.323250039698,1487860.0
2019-01-01,1295.5379638671875,1298.3232721345034,1280.5330547068534,1298.3232721345034,786846.0
2019-01-02,1280.8026123046875,1298.2334098832957,1273.2552442142248,1294.7292629470744,2058504.0
2019-01-03,1253.3985595703125,1283.9473416673668,1249.8045852059531,1281.2518608940973,2290756.0
2019-01-04,1247.1541748046875,1264.7196601369465,1234.1260166702345,1259.5982901213706,2711485.0
2019-01-07,1243.33544921875,1265.618024004124,1239.067604750331,1255.195520501337,1851513.0
2019-01-08,1241.8978271484375,1252.3652996684473,1235.4287170111195,1246.6598871657661,1437271.0
2019-01-09,1245.3570556640625,1252.095757434159,1232.733177142992,1248.4568146065506,1413005.0
2019-01-10,1251.2421875,1256.9027411516279,1242.8412941276606,1247.1091388029588,1063647.0
2019-01-11,1230.57666015625,1252.4100958028555,1222.8946066356896,1251.6014297271697,2489197.0
2019-01-14,1198.50048828125,1228.4202556914795,1195.894835224299,1228.4202556914795,3080984.0
2019-01-15,1204.7900390625,1211.169321415979,1194.996437302116,1203.9813729209288,3079248.0
2019-01-16,1205.9132080078125,1223.2990372439276,1200.3874504281214,1206.5870782082773,2454470.0
2019-01-17,1209.4173583984375,1214.5836966165782,1201.2409788662117,1208.5637236678033,1610419.0
2019-01-18,1184.124755859375,1214.763366161747,1179.7221152147736,1213.730076569739,2135781.0
2019-01-21,1181.11474609375,1201.5105059118039,1144.1865732554731,1149.1732563553542,8813681.0
2019-01-22,1169.0748291015625,1187.3591497286664,1166.3343800790929,1183.2261016011662,2544978.0
2019-01-23,1169.3443603515625,1174.2412158960392,1162.24634921047,1168.9400821349534,1821323.0
2019-01-24,1163.863525390625,1173.0282248360586,1156.361126652416,1172.5340095426595,1654706.0
2019-01-25,1154.968505859375,1180.710368356766,1151.419500159823,1168.0416310634178,3136788.0
2019-01-28,1168.4459228515625,1202.0945729598534,1160.5392452187225,1163.9534549876564,8004136.0
2019-01-29,1148.31982421875,1175.948503257653,1139.46957424651,1171.6356899749433,3685535.0
2019-01-30,1163.0550537109375,1176.128180104099,1150.9703580697867,1153.935430967019,2385425.0
2019-01-31,1180.8902587890625,1187.5390241159118,1164.9419963567548,1171.6357302382726,5852257.0
2019-02-01,1190.1446533203125,1199.0847308437903,1179.7221490347129,1181.9683831341697,2515736.0
2019-02-04,1174.6905517578125,1192.1662083641309,1170.377738616401,1192.1662083641309,2308931.0
2019-02-05,1172.174560546875,1188.7068623521993,1168.0415125153886,1177.65534878511,1447400.0
2019-02-06,1180.97998046875,1187.8085097234148,1161.7971645206685,1175.2295996355722,2034886.0
2019-02-07,1164.4927978515625,1186.7753756909224,1158.3380282942483,1180.6207158130144,1556295.0
2019-02-08,1133.6741943359375,1167.0532504066114,1128.1035784059218,1163.549103756718,2993525.0
2019-02-11,1119.9722900390625,1131.2034602159486,1097.0607028782154,1131.2034602159486,2981408.0
2019-02-12,1120.2867431640625,1136.5045968044813,1115.5247928069416,1118.17530510236,1571390.0
2019-02-14,1102.9908447265625,1106.7196155192776,1079.180761664853,1095.2638208386438,6974738.0
2019-02-15,1116.9173583984375,1126.6211330300778,1105.9557804858823,1117.7260245643063,3620228.0
2019-02-18,1118.1754150390625,1131.6977891609963,1114.132193369576,1118.6246618912276,2186849.0
2019-02-19,1130.574462890625,1141.086793414897,1118.624454961848,1118.624454961848,2389086.0
2019-02-20,1146.97216796875,1152.452957561592,1135.875683113794,1136.5945219401428,2433082.0
2019-02-21,1153.7554931640625,1160.4043670676517,1136.6841164902062,1151.8686787307236,2392129.0
2019-02-22,1150.38623046875,1153.1266797529597,1137.0436227735051,1151.8687668080865,2390188.0
2019-02-25,1146.343017578125,1155.8670276357007,1135.6958905401893,1150.3862387074216,5873730.0
2019-02-26,1137.358154296875,1145.5793930534917,1125.812532938059,1135.5163081392132,2417931.0
2019-02-27,1154.2947998046875,1163.5493286845197,1139.2899990517149,1141.581201833242,3555914.0
2019-02-28,1161.707275390625,1170.692211538677,1144.05196360322,1161.7522439431239,9321535.0
2019-03-01,1175.723876953125,1178.7786675348345,1165.5708551181094,1168.3113045463226,2831577.0
2019-03-05,1173.2530517578125,1177.386100610932,1147.4213593265642,1169.8387320168786,3948051.0
2019-03-06,1183.316162109375,1192.7953141893777,1177.4759532606954,1177.4759532606954,2776738.0
2019-03-07,1215.1226806640625,1219.5253209286652,1177.0265327816642,1189.4706463259593,6207580.0
2019-03-08,1203.4422607421875,1224.6466861975518,1201.2858543258449,1212.9662702616984,4868283.0
2019-03-11,1209.86669921875,1213.8649521917357,1203.9815217889902,1207.1712181998194,2661353.0
2019-03-12,1247.91796875,1260.5867084600816,1217.4590092397796,1217.4590092397796,6631152.0
2019-03-13,1238.6630859375,1255.689603140892,1233.496748442743,1254.0273024642925,2241672.0
2019-03-14,1239.6966552734375,1254.2971775768935,1237.2257976528526,1244.1441551187286,1838850.0
2019-03-15,1254.746337890625,1267.5948405034048,1238.663280188013,1245.3121548989661,5723980.0
2019-03-18,1238.9327392578125,1268.4032609678836,1231.2505757739746,1255.1954500679847,2450686.0
2019-03-19,1220.109130859375,1235.3835194380629,1209.8214247766562,1231.8345141988827,4053209.0
2019-03-20,1231.744873046875,1241.7181298675303,1222.8497646524665,1223.748258234136,3871744.0
2019-03-22,1253.12890625,1271.3683691276142,1236.5067756288968,1239.0226014324946,3788604.0
2019-03-25,1237.0009765625,1248.0075223862812,1231.0259726079987,1246.2105353130107,1666203.0
2019-03-26,1233.4520263671875,1247.827923599069,1228.9145899316181,1239.7414814061356,2021089.0
2019-03-27,1227.74658203125,1249.8944720402455,1224.7816188473564,1239.0227210071719,2558997.0
2019-03-28,1245.9410400390625,1251.152346827589,1225.5452790469167,1231.8347342912923,3184285.0
2019-04-01,1268.8525390625,1279.4548067542694,1248.9958536744525,1248.9958536744525,3842703.0
2019-04-02,1266.6512451171875,1282.105289854063,1261.035660593703,1271.4581635334132,2737093.0
2019-04-03,1238.169189453125,1271.3684851766136,1235.4287400126104,1266.336942789533,2366304.0
2019-04-04,1229.768310546875,1252.410418095844,1227.0728293871935,1244.3239746168,1980318.0
2019-04-05,1234.3507080078125,1251.3771200141814,1231.205980009213,1234.3057394503548,2037782.0
2019-04-08,1234.2158203125,1246.031033708106,1226.8481065984147,1239.651641069981,1013017.0
2019-04-09,1235.6083984375,1246.21066716328,1227.34230089765,1236.2374097873267,2209945.0
2019-04-10,1232.3291015625,1241.7183170344485,1226.4439238437208,1230.9363924292288,2014958.0
2019-04-11,1238.1241455078125,1247.0641127012248,1232.4187332463218,1232.4187332463218,3110225.0
2019-04-12,1222.760009765625,1241.5834075464727,1220.4239482505845,1239.9212162576591,2751659.0
2019-04-15,1219.166015625,1229.1392728769379,1216.5603621896007,1226.4437920153655,1933204.0
2019-04-16,1241.17919921875,1249.7148892319158,1221.951412411106,1221.951412411106,3217456.0
2019-04-18,1222.5802001953125,1246.749700021545,1219.615237116772,1246.210625796301,2594906.0
2019-04-22,1222.0860595703125,1231.7448655141939,1215.2125617766953,1223.748250750358,3101477.0
2019-04-23,1211.3489990234375,1226.443735018499,1200.9264954456055,1223.4786623368072,2016454.0
2019-04-24,1222.5352783203125,1225.050994468271,1212.9663000176288,1215.6617806843346,1753395.0
2019-04-25,1217.593505859375,1240.4152630213573,1214.8980253208586,1228.1058360878355,2886022.0
2019-04-26,1220.333984375,1228.2407720610506,1213.8648742168832,1220.333984375,1767153.0
2019-04-30,1211.6636962890625,1227.7916139766724,1203.9815314516948,1226.4438734563905,1905624.0
2019-05-02,1220.8282470703125,1236.7765093595474,1205.7784784311752,1212.4722122526432,1985540.0
2019-05-03,1225.185791015625,1233.811307217276,1221.9512361499294,1223.7482232619145,1239667.0
2019-05-06,1215.3922119140625,1226.3089307581968,1212.8764957181486,1215.931395801193,1515052.0
2019-05-07,1227.88134765625,1234.8446731460342,1212.9663756398174,1219.615250301426,2596385.0
2019-05-08,1222.2657470703125,1231.834725848119,1217.4588282452232,1225.4554432227128,1601700.0
2019-05-09,1218.7615966796875,1229.8580803543543,1201.8250142995985,1219.2558120301605,2464425.0
2019-05-10,1217.908203125,1224.197658987689,1208.5638467645522,1221.636973893761,1466154.0
2019-05-13,1183.900146484375,1217.4588614299787,1178.8236355691013,1208.473925183263,3422913.0
2019-05-14,1205.5986328125,1210.854797898015,1154.8337496144436,1176.128001880636,3132767.0
2019-05-15,1191.222900390625,1217.4588705559383,1186.4608402724107,1210.720168320389,2054728.0
2019-05-16,1201.4207763671875,1211.1694102930883,1175.4992571406372,1191.4025504811834,2058450.0
2019-05-17,1223.6583251953125,1232.2838408989767,1197.2875627853014,1199.4888279986394,2776586.0
2019-05-20,1304.1185302734375,1307.308226519178,1257.8910770631267,1257.8910770631267,6210427.0
2019-05-21,1302.0069580078125,1313.6425150791742,1291.8989057516767,1307.3080917935745,2961180.0
2019-05-22,1312.7889404296875,1323.8404552733805,1295.2683157180807,1302.9055111051914,3304912.0
2019-05-23,1326.266357421875,1403.8063975937296,1317.1915941592483,1326.3561848443974,10485813.0
2019-05-24,1387.4088134765625,1391.9461400189487,1339.0698174402585,1341.450847242977,5626500.0
2019-05-27,1433.9957275390625,1437.5897017935463,1376.5819668878046,1387.00447028993,6730594.0
2019-05-28,1414.6783447265625,1443.8793902671234,1404.615259058194,1433.9959594687798,4987068.0
2019-05-29,1394.8662109375,1434.8491722818342,1389.250626479026,1410.814470799566,3070738.0
2019-05-30,1400.39208984375,1410.0508959528422,1383.6801309769205,1392.665066892355,2675199.0
2019-05-31,1399.4486083984375,1420.9674840608334,1379.0078810747675,1410.5898401632166,3945900.0
2019-06-03,1401.11083984375,1410.6348493749906,1389.4304238935113,1404.9742962350433,2617068.0
2019-06-04,1410.455322265625,1424.112381357038,1399.8530537250886,1402.5485345730829,3854101.0
2019-06-06,1362.026611328125,1412.2524307091057,1358.1630445759704,1410.3206473330283,3268594.0
2019-06-07,1360.1845703125,1378.0196470694434,1343.6972340109337,1364.4075562136543,2572146.0
2019-06-10,1376.58203125,1385.477139881617,1366.878366116832,1370.2027485859053,1608705.0
2019-06-11,1369.57373046875,1383.8596898399119,1367.5071514797792,1383.8596898399119,1745105.0
2019-06-12,1356.05126953125,1371.0112077418949,1351.0645869012421,1369.3938756242223,1495586.0
2019-06-13,1363.5089111328125,1373.7966182611165,1351.873354019437,1355.8267475186558,1828211.0
2019-06-14,1371.370849609375,1383.5903408478596,1359.465809200528,1366.6087895740775,1854211.0
2019-06-17,1346.617431640625,1380.9848156341222,1343.4727036935076,1374.6953597398874,2048759.0
2019-06-18,1352.50244140625,1365.6652847222454,1345.763739498651,1347.7403815197895,2098714.0
2019-06-19,1352.36767578125,1374.6952200002775,1345.0449309414478,1360.274353722634,2140698.0
2019-06-20,1399.0443115234375,1404.3454455056901,1354.0747742936055,1356.05141626965,3483179.0
2019-06-21,1383.4556884765625,1410.5901546174587,1374.695374813535,1401.6501860843887,3028524.0
2019-06-24,1384.5787353515625,1404.7498742238915,1381.1195566832225,1388.6219568370147,1941777.0
2019-06-25,1379.1876220703125,1394.4620126730456,1366.698539582788,1388.8913964426285,2384122.0
2019-06-26,1393.743408203125,1405.0195482091972,1373.7968915823262,1377.3908664458509,2789166.0
2019-06-27,1393.4737548828125,1409.6914986565102,1384.2641954252679,1401.650024758022,3763146.0
2019-06-28,1395.540283203125,1414.1391674310908,1390.553709289373,1398.2357641336068,3002811.0
2019-07-01,1398.64013671875,1409.736511158143,1394.6867427949187,1404.749827619763,1537022.0
2019-07-02,1405.109130859375,1406.9959453981398,1395.3604976762654,1401.649952591741,1294135.0
2019-07-03,1417.8677978515625,1423.1239632106258,1401.8296001568206,1406.142413091092,2800104.0
2019-07-04,1412.1622314453125,1429.1437810286368,1409.0624726512629,1422.270283616412,1981745.0
2019-07-05,1400.16748046875,1430.0873612385567,1388.6668281894492,1420.5183824569053,3693134.0
2019-07-08,1339.0699462890625,1393.78822975069,1313.1933958086622,1392.5752852980677,4697122.0
2019-07-09,1371.64013671875,1382.242403747927,1334.5772803421592,1335.700397202056,4329323.0
2019-07-10,1347.336181640625,1374.335849713119,1332.196476064152,1369.1246524091189,2823544.0
2019-07-11,1343.4276123046875,1359.375874006889,1338.845316793737,1358.5223489424736,2156264.0
2019-07-12,1317.955078125,1346.841664104204,1313.5974068848207,1346.841664104204,3495971.0
2019-07-15,1294.369873046875,1324.3346130141438,1286.5530225091165,1321.6841007355486,3950399.0
2019-07-16,1312.8785400390625,1315.3943654841416,1282.0602815733894,1295.6275102651177,3654380.0
2019-07-17,1307.71240234375,1321.2797427842652,1304.612643446985,1312.6990854518217,2225647.0
2019-07-18,1289.51806640625,1307.263316321238,1286.6429305449499,1298.1436933489563,2342881.0
2019-07-19,1268.2686767578125,1299.940575953189,1259.7778464850328,1299.581156579632,3199700.0
2019-07-22,1261.21533203125,1274.9623269974807,1252.499988607814,1266.5164658270887,2646126.0
2019-07-23,1266.426513671875,1271.1885728131967,1245.491572482952,1271.1885728131967,4013444.0
2019-07-24,1262.649658203125,1292.5469524514974,1252.4564014417322,1283.4913409133924,5434450.0
2019-07-25,1249.04345703125,1276.8020002852243,1245.949039825928,1269.7030497023188,4181824.0
2019-07-26,1267.018310546875,1271.6598810223304,1240.5793900698907,1247.6783409840018,3019850.0
2019-07-29,1248.224365234375,1272.3424444751413,1238.2130870589626,1268.201371336044,1987927.0
2019-07-30,1252.638427734375,1267.9284245543802,1248.9525237300638,1252.3199092794105,2714475.0
2019-07-31,1262.6043701171875,1272.2970197007428,1244.219954450355,1248.3610279978477,2693653.0
2019-08-01,1235.9833984375,1261.421102788224,1218.6456397066609,1255.9604053735563,2774996.0
2019-08-02,1247.0867919921875,1253.139087276408,1219.5557754202016,1231.0232179545178,2776965.0
2019-08-05,1224.8343505859375,1236.6658604536049,1205.9038903584049,1233.2073746684066,2287548.0
2019-08-06,1253.6849365234375,1273.6165014725523,1219.6011327791778,1222.0128515825297,4152548.0
2019-08-07,1237.8037109375,1264.9706601122775,1231.2508069573262,1255.960486575901,2247223.0
2019-08-08,1238.3494873046875,1248.6792827668373,1219.6465571067818,1246.8590505762152,2788577.0
2019-08-09,1241.9444580078125,1267.3367204431459,1238.7590515291402,1248.6793396394944,2419380.0
2019-08-13,1195.2100830078125,1246.859176638647,1189.5218568370158,1246.859176638647,3135817.0
2019-08-14,1213.8218994140625,1220.4202416896392,1197.7128875391625,1201.3533522429288,2798429.0
2019-08-16,1215.232666015625,1219.4647285999642,1201.8084519555384,1215.005136963759,2654524.0
2019-08-19,1230.6590576171875,1238.6225742145798,1218.6455684466737,1218.6455684466737,2509331.0
2019-08-20,1221.8310546875,1233.7081160829498,1214.0950666317506,1231.341724975593,2145169.0
2019-08-21,1192.843994140625,1221.2851295486523,1185.4720740625014,1220.6479814566014,2361165.0
2019-08-22,1177.917724609375,1208.1335337200703,1167.8154584433273,1184.9711241579341,3780476.0
2019-08-23,1170.8646240234375,1180.8303531038357,1159.488170233859,1174.0500310845196,5252370.0
2019-08-26,1213.7767333984375,1222.468278175625,1161.809110277612,1192.2524587742114,3759248.0
2019-08-27,1234.982177734375,1255.914851090058,1222.877698496297,1223.9697935364547,5431422.0
2019-08-28,1223.7877197265625,1246.8591422187883,1216.006182100457,1239.669202317748,2272465.0
2019-08-29,1221.785400390625,1233.2074026924668,1212.5022599535343,1219.4646708304347,2421312.0
2019-08-30,1208.86181640625,1234.9366671898126,1185.790393456752,1224.0607121770224,3715119.0
2019-09-03,1178.054443359375,1207.7242095584336,1174.0499098194266,1207.7242095584336,3617815.0
2019-09-04,1190.4774169921875,1196.1656426551635,1176.234077712464,1179.5104734747067,2786181.0
2019-09-05,1201.62646484375,1217.7354771651878,1191.023588880488,1194.8460324861335,2758679.0
2019-09-06,1209.2259521484375,1214.0950517630852,1201.6719429943007,1209.0438622433926,1694661.0
2019-09-09,1235.0277099609375,1239.396312254158,1204.1293087456934,1210.454572032459,3508361.0
2019-09-11,1241.0799560546875,1259.4188193748791,1234.1175450301275,1241.3984744993318,2545642.0
2019-09-12,1239.9423828125,1255.7328772959527,1233.5260189059818,1246.9502333941973,2249695.0
2019-09-13,1240.89794921875,1244.0833560747426,1223.2872221059688,1239.5783251033943,1771658.0
2019-09-16,1222.8321533203125,1234.982182859727,1218.281572137148,1232.2973844009293,1835805.0
2019-09-17,1195.61962890625,1224.1063109155227,1192.4342221492207,1223.1961946992287,2210178.0
2019-09-18,1199.5330810546875,1208.998311197665,1195.2555796055176,1201.4443027426535,2081625.0
2019-09-19,1183.7880859375,1201.53535167314,1181.3308166595248,1201.3533728740929,1808736.0
2019-09-20,1284.6290283203125,1289.1340591131986,1173.230782178322,1187.70165211336,9975807.0
2019-09-23,1391.112548828125,1411.5901624026312,1320.5785465159368,1321.4886626748037,12082820.0
2019-09-24,1348.1551513671875,1387.0170680875926,1342.9219832953347,1387.0170680875926,3831602.0
2019-09-25,1319.759521484375,1348.5191721018184,1316.61966493352,1347.7911457775049,2746428.0
2019-09-26,1355.9366455078125,1360.6237663204572,1325.4023125947754,1325.4023125947754,3560962.0
2019-09-27,1340.2825927734375,1357.6202390599433,1330.58983339535,1350.6579392753597,2167976.0
2019-09-30,1341.7388916015625,1350.6125251054561,1318.030318672402,1340.6012462805506,2961398.0
2019-10-01,1332.45556640625,1361.9432401804522,1309.7936525183156,1346.9718742605367,2578275.0
2019-10-03,1326.994873046875,1342.876355139076,1294.4126710244327,1315.5273208848814,1966976.0
2019-10-04,1296.82470703125,1341.511394071387,1292.4561044566037,1332.2282524729867,3266487.0
2019-10-07,1272.2059326171875,1300.5560750165025,1256.916046819633,1292.3650290576863,2192329.0
2019-10-09,1298.05322265625,1304.560575667815,1273.3435457511705,1275.0727887406879,1818865.0
2019-10-10,1297.0064697265625,1303.2862932193884,1280.5789403012336,1295.09524808044,1626821.0
2019-10-11,1299.3729248046875,1319.6685616051961,1292.5470529343158,1302.376352866921,2024214.0
2019-10-14,1295.9598388671875,1310.4762580235306,1290.863210680193,1306.0166666980997,2220364.0
2019-10-15,1303.5140380859375,1314.9360418046492,1292.9567114895167,1300.6471495929761,1797471.0
2019-10-16,1296.1875,1312.2056346460793,1288.9521203567724,1310.5673809805842,2446615.0
2019-10-17,1296.323974609375,1309.2931303329074,1292.5469701965724,1299.645920926615,2304434.0
2019-10-18,1317.666259765625,1326.0392842454094,1297.2796349604753,1299.6459148266606,3516394.0
2019-10-22,1312.88818359375,1335.8686179035838,1309.7937662591285,1318.30333060571,2858390.0
2019-10-23,1303.1043701171875,1318.6673343265895,1291.090770074472,1315.117859061738,2410781.0
2019-10-24,1303.5140380859375,1335.1405787202448,1298.144329830549,1328.769764779521,3646005.0
2019-10-25,1296.91552734375,1312.1144227687935,1292.4559359423738,1310.5217194895995,2013793.0
2019-10-27,1305.4708251953125,1309.6117876451185,1300.4196353596972,1307.5640259979523,398258.0
2019-10-29,1329.7708740234375,1333.1383709171673,1302.3763962246512,1306.4719194832192,3351491.0
2019-10-30,1341.7388916015625,1357.8479049078223,1333.3203162260736,1337.8253472580109,3722066.0
2019-10-31,1340.6466064453125,1352.8876239245044,1335.3678884650044,1347.88198522179,2210277.0
2019-11-01,1319.12255859375,1347.927761078489,1315.1180247416828,1343.9686663815196,2287220.0
2019-11-04,1321.6707763671875,1336.050657584272,1319.6685650525847,1326.7675162555859,1459894.0
2019-11-05,1310.38525390625,1328.4054866968925,1303.286303623228,1324.2189747009752,2401916.0
2019-11-06,1322.4444580078125,1335.0949849708493,1308.5196349803325,1310.5673965374222,2434431.0
2019-11-07,1306.062255859375,1328.7240596426739,1302.3762409269195,1328.7240596426739,1999085.0
2019-11-08,1295.095458984375,1317.8483658533908,1292.365110160093,1301.42072265469,2217408.0
2019-11-11,1289.6346435546875,1302.1487411897454,1281.4891480787717,1291.6368547370296,2097492.0
2019-11-13,1267.7918701171875,1292.2284679353472,1264.196955556482,1290.9542830321786,2929404.0
2019-11-14,1256.3699951171875,1279.5779606419728,1253.184588084374,1271.432464240193,3000518.0
2019-11-15,1253.8214111328125,1267.5185911644041,1243.4005155964446,1259.236557245603,3409434.0
2019-11-18,1241.853515625,1268.5199638809115,1238.895638068546,1263.2412456485893,2733161.0
2019-11-19,1242.991455078125,1254.32235965274,1239.1234604348285,1241.8538095948024,2396206.0
2019-11-20,1256.6884765625,1268.1103680605713,1242.627114801989,1248.6794096705357,3914075.0
2019-11-21,1267.518798828125,1290.4537939356076,1260.51094846366,1278.7132726292002,5719318.0
2019-11-22,1254.7315673828125,1273.2068573168272,1247.7691570875288,1268.4742980968224,2363205.0
2019-11-25,1256.73388671875,1264.1513556978773,1247.860254092361,1254.5951359463816,2956576.0
2019-11-26,1240.4884033203125,1255.9603790036913,1237.3485468120716,1255.368781243222,4853977.0
2019-11-27,1215.460205078125,1246.8592144942204,1196.0292461083784,1242.308633419424,7904745.0
2019-11-28,1228.5657958984375,1232.2972498415456,1207.9060929238813,1223.1960884690084,4503913.0
2019-11-29,1210.955078125,1228.8387714507655,1208.6342375218192,1228.6567926614878,2515083.0
2019-12-02,1213.5035400390625,1222.1951950978798,1201.672028200938,1210.9552810712978,3044008.0
2019-12-03,1195.16455078125,1213.5944038525379,1192.2522233771535,1213.5944038525379,3068849.0
2019-12-04,1169.5904541015625,1194.0726051929134,1166.9056554117815,1192.2523725630463,10230371.0
2019-12-05,1185.1534423828125,1194.982743201812,1169.6360255903976,1177.6905329041467,6644324.0
2019-12-06,1174.7781982421875,1191.3422709389636,1167.7702358718711,1191.2057312704032,3302384.0
2019-12-09,1161.3082275390625,1182.1499099551254,1157.48578408204,1177.6903185231558,3038475.0
2019-12-10,1164.03857421875,1168.589155040559,1153.2537198906955,1162.2183418900263,2759100.0
2019-12-11,1150.6600341796875,1172.9123323403958,1142.1959085060691,1167.6336135829297,3949135.0
2019-12-12,1164.6756591796875,1167.5425474354233,1154.2093228574104,1155.8475764601649,3264836.0
2019-12-13,1187.974609375,1190.4318784462907,1169.772287074598,1172.1840059008744,3655956.0
2019-12-16,1185.88134765625,1199.533089954672,1183.1509991965656,1196.3021331714467,3969819.0
2019-12-17,1199.48779296875,1205.9041576430309,1186.609735560017,1191.524274946579,3719446.0
2019-12-18,1200.761962890625,1206.7687084746244,1196.4389103046747,1205.6766133132373,2961222.0
2019-12-19,1193.8450927734375,1202.2636688040488,1189.613029630304,1198.3956744116058,1936623.0
2019-12-20,1193.662841796875,1208.5432181413826,1189.794848286319,1194.982465731801,3297390.0
2019-12-23,1193.3897705078125,1203.1735188646926,1187.7015447189287,1190.3409037046029,3394916.0
2019-12-24,1184.0611572265625,1200.4432485640552,1181.3308086703137,1196.484265377128,1803814.0
2019-12-26,1164.3115234375,1189.2486146766612,1162.218212054054,1182.8323630935938,3723801.0
2019-12-27,1182.7869873046875,1184.8347487477697,1165.0852717137548,1166.3594566090842,2459664.0
2019-12-30,1185.244384765625,1189.703865316252,1179.965666308164,1184.8803160619777,2072838.0
2019-12-31,1181.512939453125,1192.2523562617785,1175.09668617948,1183.1511932368794,3043254.0
2020-01-01,1192.2066650390625,1200.352271642107,1185.881401923939,1190.796051595905,3123998.0
2020-01-02,1224.37939453125,1226.8366638846287,1193.1623637631662,1194.0724799826653,4335359.0
2020-01-03,1215.05078125,1224.0608435226698,1210.5911892686531,1224.0608435226698,2059871.0
2020-01-06,1198.3955078125,1212.274779879438,1195.983677659923,1211.3646636783274,2646905.0
2020-01-07,1201.808349609375,1219.1005560785748,1195.6650657321593,1208.634220584059,2077893.0
2020-01-08,1175.460693359375,1191.0690982510948,1167.997673410899,1184.971363783033,4147568.0
2020-01-09,1197.849365234375,1201.2623007176446,1187.7925375710765,1193.1622449510528,2067779.0
2020-01-10,1205.5399169921875,1215.8697138198538,1200.443288404343,1200.443288404343,2360798.0
2020-01-13,1214.73193359375,1219.0095459908298,1209.2712369067056,1209.5443161803212,1825244.0
2020-01-14,1206.9051513671875,1211.36474326526,1196.8938724972265,1210.2726481914437,2046500.0
2020-01-15,1204.6297607421875,1216.0517633079055,1201.3533646944722,1206.4499931129367,2127677.0
2020-01-16,1200.71630859375,1213.0938662971828,1198.987065649571,1208.3611955500526,1773135.0
2020-01-17,1186.9736328125,1206.7686623173504,1184.9714213938105,1201.899562336943,2941837.0
2020-01-20,1191.88818359375,1201.2624251312761,1189.0668455216758,1195.8471669447388,2542477.0
2020-01-21,1185.289794921875,1195.8016813298789,1183.5605519454796,1187.474095992155,1361576.0
2020-01-22,1177.8721923828125,1194.0723031297803,1175.8699814357287,1193.1621870450776,2449753.0
2020-01-23,1212.5477294921875,1219.4190394167576,1188.6116315237707,1189.5217476275407,10056067.0
2020-01-24,1237.030029296875,1244.9025575037226,1212.2749104006389,1212.2749104006389,5837319.0
2020-01-27,1227.3826904296875,1242.2176289933686,1219.5557132953363,1219.5557132953363,2510013.0
2020-01-28,1225.6080322265625,1233.207480458462,1217.7355046888724,1229.4760261689598,2352852.0
2020-01-29,1242.9456787109375,1251.3642537560715,1230.5681203236722,1231.4782365447677,3678474.0
2020-01-30,1247.041259765625,1253.0481159830601,1231.387304473233,1243.1732656458828,2743506.0
2020-01-31,1246.22216796875,1253.2300183306045,1238.167550649963,1252.2743518730017,3939306.0
2020-02-03,1171.0010986328125,1186.7006039902346,1157.6678733125261,1174.0499658594015,5767353.0
2020-02-04,1175.6424560546875,1189.7948056548944,1171.8200129263632,1179.5104494266498,3604309.0
2020-02-05,1192.2978515625,1205.9040452183344,1178.6005574020703,1181.2399167772778,4220104.0
2020-02-06,1199.169189453125,1205.9040721511901,1191.3877619106038,1203.9928501810014,2354458.0
2020-02-07,1182.2408447265625,1196.2566552516519,1179.5104963553695,1195.028020704247,3053804.0
2020-02-10,1169.7723388671875,1185.3807420523297,1158.6688551134316,1183.1510019110704,3039992.0
2020-02-11,1171.228515625,1182.1953487605954,1168.5891565253644,1175.87008584951,2200796.0
2020-02-12,1180.69384765625,1183.0145774193013,1164.948792197437,1173.2308277973307,2568696.0
2020-02-13,1176.09765625,1183.0145171315464,1169.4993138179532,1182.240940583285,1545536.0
2020-02-14,1178.7371826171875,1187.6562559589688,1174.5961088918782,1178.6006429485606,1780119.0
2020-02-17,1165.1307373046875,1181.1943107645818,1162.2184098477048,1180.4207341992742,2155085.0
2020-02-18,1170.72802734375,1173.867995095666,1152.6166915731283,1166.313985707994,2347917.0
2020-02-19,1166.22265625,1182.2406755154145,1161.8540550420942,1181.3305595219463,1820353.0
2020-02-20,1165.4947509765625,1173.0487596650312,1160.6712019100678,1164.857714093607,3034681.0
2020-02-24,1146.473388671875,1157.5768735128515,1140.0571358075333,1157.5768735128515,3414064.0
2020-02-25,1130.409912109375,1151.8886329975173,1128.6806690463177,1148.7486653334513,3133077.0
2020-02-26,1102.287353515625,1126.7239533868099,1097.6002324592025,1123.9936045498466,5721483.0
2020-02-27,1101.55908203125,1107.5658265221186,1092.1394019094143,1103.3793143677656,4003149.0
2020-02-28,1080.80859375,1088.9085394711533,1057.555079195881,1082.7198156493937,6286647.0
2020-03-02,1056.5538330078125,1103.3792632563354,1047.1341533223213,1096.6899319491408,3177486.0
2020-03-03,1075.1202392578125,1080.1258780214644,1057.6005035850308,1061.1954178942071,3134527.0
2020-03-04,1070.88818359375,1081.081439972392,1053.9144952800139,1078.487631180325,3135151.0
2020-03-05,1076.1669921875,1080.5355949385905,1061.377602069368,1074.0282410669759,2625152.0
2020-03-06,1054.733642578125,1059.3752127856458,1029.2048397895144,1044.813354190654,3956575.0
2020-03-09,1002.9025268554688,1033.710049862893,971.367088627184,1033.710049862893,8038295.0
2020-03-11,1016.5541381835938,1020.1946026005251,988.204110415267,992.026553613782,5628125.0
2020-03-12,925.1787109375,973.8699883935615,913.8477519259661,973.8244381394228,9200130.0
2020-03-13,956.9415283203125,965.1325732153016,810.0033285044672,864.6102944710603,8117911.0
2020-03-16,881.6295166015625,948.3410186047277,875.4407379546491,923.0852957004271,6671806.0
2020-03-17,870.7537231445312,914.6668322552954,855.6458155975614,884.6329959722857,4720207.0
2020-03-18,823.2455444335938,887.1357086572758,819.1045271008446,880.9924247040195,5586097.0
2020-03-19,767.319091796875,804.5428736693127,762.404496712515,795.3507205223669,7251950.0
2020-03-20,786.9774780273438,798.8999778576925,756.5795751611909,772.6886427812889,6130185.0
2020-03-23,658.9696655273438,737.1486743130064,642.5420781794571,736.2840527580464,7308612.0
2020-03-24,653.2940673828125,697.452993921316,620.1632972743954,696.7608473841793,7110384.0
2020-03-25,706.681640625,715.2181148996083,610.0118373530852,643.4194560499312,16122446.0
2020-03-26,773.3583984375,777.3266939898522,695.9764380220297,726.9845803927693,9028497.0
2020-03-27,772.481689453125,821.347247642904,749.3640057146495,800.9520182940443,6573448.0
2020-03-30,737.0437622070312,752.1325334453387,729.983845343881,739.212465386155,4474168.0
2020-03-31,746.134033203125,759.5155341078193,730.1685295960347,756.7469477137446,8045468.0
2020-04-01,714.6182250976562,749.7331721057693,707.419912179551,744.6112425289538,4104403.0
2020-04-03,714.8951416015625,730.0761779427819,703.9591920227468,730.0761779427819,4268480.0
2020-04-07,739.8123779296875,750.2868395674997,729.983874659154,742.9039432371922,5768998.0
2020-04-08,744.842041015625,767.821331768849,736.1671703423435,741.9811907958588,6151091.0
2020-04-09,750.1022338867188,769.9898990275981,742.350226763548,769.9898990275981,6410296.0
2020-04-13,798.6910400390625,805.1049430948407,745.6264676726806,750.1023264632053,9462711.0
2020-04-15,812.2570190429688,855.1239142619696,801.9670851207923,822.2239174660612,10435477.0
2020-04-16,841.3272094726562,848.8485013755293,803.0284344404765,808.3810230590861,6980512.0
2020-04-17,860.93798828125,867.4902859957261,845.3415978426438,858.2616659319418,5827648.0
2020-04-20,844.972412109375,870.2588530643235,840.727269503286,868.228545429097,4958362.0
2020-04-21,803.2129516601562,836.6667005134022,796.4299382165855,827.8072474858368,5122305.0
2020-04-22,786.8322143554688,817.1944003786099,784.4327953944871,805.6586239757497,6090168.0
2020-04-23,775.7578735351562,802.428611265002,770.5898682073337,793.6614211476731,6321888.0
2020-04-24,785.5402221679688,801.9671561023575,769.8054348009871,773.3584313161974,7960368.0
2020-04-27,789.2777099609375,807.4119704347262,786.5091240154446,795.46089650461,4224177.0
2020-04-28,791.03125,800.767433624403,786.370751460315,797.1682490016233,3772704.0
2020-04-29,807.8273315429688,814.9333811089045,788.1242478768606,795.5071448124752,4837925.0
2020-04-30,828.3148193359375,846.0799137474754,815.9023135336389,821.5318058187075,6332497.0
2020-05-04,785.0326538085938,812.1186334267295,779.8184605063482,812.1186334267295,4678576.0
2020-05-05,772.34326171875,802.7053889564475,770.5898013166791,794.5842142918092,4296433.0
2020-05-06,772.71240234375,782.5870377888026,754.53200824292,773.3584170601611,5081524.0
2020-05-07,759.3770751953125,771.5588664813608,756.8392043576789,768.7441482723012,3529134.0
2020-05-08,753.00927734375,770.4513357454385,747.518237053078,768.7440635373011,4394509.0
2020-05-11,758.2234497070312,763.668358418714,753.378423868121,757.8543386774278,2882920.0
2020-05-12,751.947998046875,756.0547454947058,741.9810990268458,753.9783058519067,3024381.0
2020-05-13,796.3377075195312,804.6895980378172,784.8941952519474,797.0759859145619,8625444.0
2020-05-14,804.4127807617188,811.749489475043,776.5884656126966,792.6462888584962,6778584.0
2020-05-15,797.7219848632812,816.7329207129053,788.124196936521,813.918202703538,5653901.0
2020-05-18,750.6097412109375,802.889892980045,747.5181762228005,802.7976293162588,6211249.0
2020-05-19,734.9212036132812,769.4824001855204,730.6299286864892,763.299212910614,5533176.0
2020-05-20,770.58984375,776.1270162799401,738.2896706586826,738.2896706586826,5949898.0
2020-05-21,757.208251953125,779.8183703843883,754.993360678028,771.4664807598776,4701930.0
2020-05-22,752.7785034179688,762.7454012064413,747.6104427049295,752.1324887879609,4607479.0
2020-05-26,761.8688354492188,777.6959438272328,757.6698239388381,758.5004224033246,4335209.0
2020-05-27,785.2171630859375,791.0773709770799,763.2069254334511,767.7751039067115,5159287.0
2020-05-28,835.6514892578125,841.6500918863887,789.0469611434894,789.0469611434894,11481079.0
2020-05-29,860.338134765625,865.1831604642247,822.2700757051991,824.3003834538275,10166556.0
2020-06-01,856.554443359375,899.0060981114235,852.7245432802803,871.7816673465228,7617144.0
2020-06-02,872.5199584960938,879.4875558843358,842.6192047893607,862.8760385643799,7325471.0
2020-06-03,887.1472778320312,897.806323249321,881.333258179603,882.2099883929363,4651554.0
2020-06-04,858.9077758789062,893.3305212698696,856.9697316543117,886.9166183486515,5355931.0
2020-06-05,881.5640258789062,885.8553571983474,864.352625088327,867.4903787764165,6071040.0
2020-06-08,887.1934814453125,918.2478144861346,875.7961567309967,903.9434515469034,9858804.0
2020-06-09,879.7643432617188,895.4068656036318,876.4420625550412,890.1004090437546,5117749.0
2020-06-10,873.5350952148438,885.4861704799534,863.5220641242832,883.1790152676555,5175923.0
2020-06-11,858.6770629882812,878.5647302274992,856.6006232372184,871.1818333348311,3602957.0
2020-06-12,854.9393920898438,858.1694091380482,821.3471922577064,821.3471922577064,5411314.0
2020-06-15,830.4835205078125,857.754080822828,825.130875948174,850.6941641265282,4982324.0
2020-06-16,826.0076293945312,853.3705104757772,822.4085013578065,849.0330477706739,4661460.0
2020-06-17,816.54833984375,830.3451389132721,813.1337389545828,823.8389726523224,4681085.0
2020-06-18,827.484375,830.5759406928759,806.581524628415,808.4272489410658,5869802.0
2020-06-19,828.9146728515625,845.2493417768154,826.0537668098361,832.4215372419435,5409996.0
2020-06-22,837.451171875,845.3416310743162,826.8843902211652,835.1901486050832,6839642.0
2020-06-23,892.9613037109375,895.1761951782729,838.881609708299,839.804471765184,14580218.0
2020-06-24,881.8408203125,913.5411655154479,878.564671301519,903.4819466430536,11985132.0
2020-06-25,870.3511962890625,890.3773144873403,864.0296136359959,876.6267034310339,7508087.0
2020-06-26,887.9779052734375,900.8056543983491,867.9517868577774,881.3332870273018,6554103.0
2020-06-29,864.3526611328125,882.3484729323435,858.261793516093,876.7190363874068,4575801.0
2020-06-30,870.85888671875,878.7032149607861,859.5538254287566,875.5193292912585,3656480.0
2020-07-01,853.00146484375,868.4132738490931,846.2645824863107,868.4132738490931,6426017.0
2020-07-02,868.6900024414062,877.3649279031042,854.5702248937721,863.7988450330137,6542705.0
2020-07-03,871.4125366210938,881.7024715515098,868.9669295289401,874.8732694909154,3928063.0
2020-07-06,877.826416015625,885.4861599640822,873.6274048445157,879.5798201599293,3900219.0
2020-07-07,870.8126831054688,887.7011051416023,867.4904019691666,881.3333339154831,4051767.0
2020-07-08,868.6439208984375,890.0082002885314,865.6446191795319,872.0585218130593,5227021.0
2020-07-09,872.0584716796875,878.5646376151082,867.4902934434891,872.104603514997,3777760.0
2020-07-10,860.245849609375,878.5646380719767,858.7692365895083,867.4902938945988,4537688.0
2020-07-13,856.554443359375,871.9200628592789,853.6474053401074,867.4903362375146,3821300.0
2020-07-14,842.4808349609375,862.8299330329002,835.9746120839621,856.4160301622911,3646237.0
2020-07-15,841.8348388671875,853.6474627621653,839.1585161828493,847.2335597495185,3229770.0
2020-07-16,850.094482421875,852.7246169889165,829.1455005875845,842.5731334533342,3134451.0
2020-07-17,854.1549682617188,858.2155838560275,847.1873709749884,850.9710828897074,2040517.0
2020-07-20,848.6638793945312,860.0151271461067,844.4187366917006,857.3388047940873,3035845.0
2020-07-21,865.6907348632812,869.612898576353,849.586780823028,855.4931204747007,4756570.0
2020-07-22,849.8637084960938,868.413213696742,839.8044893347877,866.7520732250025,4977432.0
2020-07-23,845.8492431640625,865.5985145572295,841.0503489975233,841.6502318909778,9075059.0
2020-07-24,834.636474609375,843.9573589405636,828.7762666969484,843.8650952648213,6059379.0
2020-07-27,834.082763671875,844.4188305682814,827.1612978475448,837.9587957989065,3615970.0
2020-07-28,843.0344848632812,846.2645020466655,829.6529851035466,838.6970219516165,3793721.0
2020-07-29,850.8327026367188,868.274762085164,846.4952396120575,848.6639429608726,7245021.0
2020-07-30,838.189453125,860.7534414109467,834.4518731047947,857.3388405759703,3364408.0
2020-07-31,842.98828125,851.7093381679906,837.081942086751,843.4035804036233,2943858.0
2020-08-03,845.2493896484375,848.8023860753749,833.852009325412,842.5730671234762,3583167.0
2020-08-04,852.9552001953125,858.2616566747531,845.8952833918548,847.1873127176596,3860346.0
2020-08-05,861.7990112304688,869.9445595407757,857.1909468225851,860.1233669418299,3007723.0
2020-08-06,858.4476928710938,869.199804903909,856.678922571828,862.0782459007172,2188023.0
2020-08-07,852.396728515625,862.8229847094696,850.9537573859309,858.8200409758862,2461109.0
2020-08-10,893.7294921875,902.9921550385172,861.1007664027097,861.1007664027097,11861641.0
2020-08-11,895.4517822265625,912.0221433745769,890.9833217121371,902.6198192625455,5427516.0
2020-08-12,884.1410522460938,889.9593008131251,879.7191833351499,886.235621730225,3672458.0
2020-08-13,922.26220703125,925.0084316555586,885.8166761172005,890.8902001148499,8816193.0
2020-08-14,914.9080200195312,946.7454903508496,906.1574074940223,930.8733182234847,13443785.0
2020-08-17,931.6644897460938,937.4362036547057,919.4694635482282,932.7816048282176,4735094.0
2020-08-18,935.1554565429688,938.3671411577219,926.6375746207841,936.4587669665549,4362050.0
2020-08-19,939.39111328125,954.1461688469872,935.9467556016101,946.9781321027995,4914223.0
2020-08-20,926.96337890625,935.5743869452988,913.2323120331722,917.8869109731986,4791040.0
2020-08-21,925.4739379882812,940.2289940284209,923.4724376992015,940.2289940284209,2806380.0
2020-08-24,922.8671875,932.222975591655,921.6104686793318,927.1959866713278,2026255.0
2020-08-25,912.6737670898438,930.8267026417257,910.2533415916259,924.4033334881416,2914757.0
2020-08-26,902.0147705078125,919.7487817062972,898.3376258568591,918.8178618867564,4482066.0
2020-08-27,908.205322265625,912.3013920595487,898.6168598148886,907.8795230674234,4466609.0
2020-08-28,914.0234985351562,935.295048093025,910.6256756700875,919.748677504238,7821191.0
2020-08-31,879.6727294921875,926.6376476018982,875.4370555101864,919.8418871964726,8489726.0
2020-09-01,889.214599609375,899.2685220323045,878.1366313205733,898.2910676112538,5099949.0
2020-09-02,889.5404052734375,893.4968144312086,882.5119721333996,890.3782558226173,2107714.0
2020-09-03,894.7534790039062,903.9230151842688,887.4457253768763,893.6828986373821,3278899.0
2020-09-04,877.3919067382812,890.0989846668525,875.0646072509119,882.511965610494,3130721.0
2020-09-07,867.7568969726562,885.0719821794241,852.9552497206388,881.7206936938672,3470806.0
2020-09-08,853.3742065429688,871.3409476248855,849.8832572335741,871.3409476248855,3738931.0
2020-09-09,846.6715698242188,863.8935863626992,838.7587514146466,844.8562648253143,5656245.0
2020-09-10,857.3306274414062,859.2390017261096,848.998883612364,854.3051379987087,2948599.0
2020-09-11,854.0258178710938,857.8891008169048,848.998828396476,856.4461865403048,2632298.0
2020-09-14,839.78271484375,859.5647602637586,838.7587258083657,858.6804319235788,5006356.0
2020-09-15,847.0905151367188,851.9778442699767,837.827851415634,847.1370497646966,4488829.0
2020-09-16,858.1218872070312,860.1699221950727,848.3937636279624,851.7916437321336,3596197.0
2020-09-17,843.692626953125,854.5378656537281,842.5289771706069,851.7916408032181,4512652.0
2020-09-18,838.4794311523438,850.9537217253796,835.035016709619,848.2540885385768,7496145.0
2020-09-21,820.9315795898438,841.3652799833394,813.9031466632026,838.7587159811271,4597697.0
2020-09-22,797.332763671875,826.6102010922444,793.1436248084501,826.6102010922444,5089087.0
2020-09-23,801.1495971679688,813.3446812483852,795.5175434604282,806.3627823996561,3709291.0
2020-09-24,791.9334716796875,800.4979450569803,784.765377978513,796.8673351715388,11609426.0
2020-09-25,827.8204345703125,833.5456140845855,793.1436719189276,800.6840995934394,4961967.0
2020-09-28,840.48095703125,854.1189554507232,831.3114193106221,835.9660185228877,3853608.0
2020-09-29,833.5921630859375,849.7901338413224,830.7528690024407,847.0905004581765,3362381.0
2020-09-30,839.3172607421875,842.0169508633131,823.0261644015485,835.7797769005587,3582787.0
2020-10-01,840.4343872070312,850.4883097207172,838.479478347283,847.0904865293609,2506154.0
2020-10-05,834.988525390625,845.7871723355493,833.2197550443261,845.2286431834735,2788003.0
2020-10-06,830.93896484375,842.0634674706546,826.8894865675471,838.8052482722461,3497325.0
2020-10-07,826.563720703125,833.1732286160081,815.5322868809858,833.1732286160081,5073845.0
2020-10-08,820.1868896484375,832.2423125871529,818.325050022963,828.7978979162576,3918217.0
2020-10-09,845.6941528320312,851.7451318837608,824.4226000742633,826.0983012667364,9668150.0
2020-10-12,843.1806030273438,861.7989988987729,839.7361884273624,853.6069160791111,6188905.0
2020-10-13,834.52294921875,852.4431528594532,827.4479256381369,845.2285254196896,4548652.0
2020-10-14,851.9778442382812,853.6534885772827,825.9120888618756,835.0350918798501,5286914.0
2020-10-15,827.4014282226562,855.5152148738997,824.2363352948342,849.9296966048644,4927777.0
2020-10-16,832.3353271484375,841.0859955406994,828.0531190187628,832.2422579008138,2373435.0
2020-10-19,840.5275268554688,843.4133555652988,822.9331195581944,836.8969168357656,5800391.0
2020-10-20,853.9327392578125,870.8754913403335,849.9297953968193,855.5153143150898,13188572.0
2020-10-21,860.5887451171875,866.6862579094978,845.8802249288913,861.05420497643,6390783.0
2020-10-22,871.6202392578125,874.1337342023537,856.5859178567108,858.3080968419277,6151367.0
2020-10-23,876.2282104492188,882.9773786040732,863.8935238213811,875.0645607673473,5102184.0
2020-10-26,886.0029296875,892.9848282665977,877.8573813452193,884.2341593199275,6975809.0
2020-10-27,914.1166381835938,917.8868517178573,889.1680008394101,893.6829387922343,9638520.0
2020-10-28,914.9544677734375,925.9393664491496,906.9020459021456,921.5640321924141,7369181.0
2020-10-29,869.944580078125,892.5659205558754,862.0317615327382,885.3978265098164,11852038.0
2020-10-30,865.2899169921875,881.3948174777645,860.3560536275426,875.9954942330806,4797473.0
2020-11-02,865.1038208007812,873.1563003756467,857.0513980447554,865.7554760712695,3682174.0
2020-11-03,882.2792358398438,887.0734955123266,868.0827089640246,879.6261371512411,4049112.0
2020-11-04,891.8634643554688,902.1120882989388,882.516405167204,886.5494102445809,3369408.0
2020-11-05,909.1817626953125,910.7949764875862,896.08636811594,903.393236761754,2889134.0
2020-11-06,911.6964721679688,918.1018337991255,901.5902117601587,910.0358228561875,3419233.0
2020-11-09,916.5360717773438,924.8393184831136,913.2622665541509,921.4231487202808,3040456.0
2020-11-10,980.9218139648438,983.9584994614313,921.9925079995368,925.2189356606641,12149416.0
2020-11-11,1005.3569946289062,1008.5360443873922,969.1074407328989,986.9001110033928,10254627.0
2020-11-12,1018.4049072265625,1020.9196276797311,998.714353008892,1001.0393313227502,6743163.0
2020-11-13,997.8129272460938,1013.6128412730217,985.0970759995272,1010.6711430192929,5025096.0
2020-11-14,1005.1198120117188,1013.2808098761624,1000.1853575316534,1005.926505776665,911852.0
2020-11-17,1025.7119140625,1040.8474997560759,1006.8754296583269,1008.725821094775,7611327.0
2020-11-18,1089.5281982421875,1095.316723494242,1024.0511751353192,1025.7118242720876,13436421.0
2020-11-19,1076.337890625,1116.9051772233856,1051.1434241919783,1067.607667095629,10841151.0
2020-11-20,1074.4876708984375,1101.7222751197146,1061.3922176756253,1081.794482029694,7009257.0
2020-11-23,1068.3668212890625,1089.2435549374572,1065.5199939733723,1080.6556953710785,4998877.0
2020-11-24,1077.5240478515625,1085.5900578971268,1070.6917092068666,1077.0495766724116,4623887.0
2020-11-25,1059.019775390625,1089.196191669632,1055.650983354257,1083.21780789283,4651911.0
2020-11-26,1061.7242431640625,1077.0021935300063,1045.3076081866045,1072.3049747103823,7360928.0
2020-11-27,1065.0928955078125,1081.604515235151,1036.2450254771743,1071.3558917250273,18995549.0
2020-12-01,1058.9722900390625,1081.7944024969968,1054.4648133619917,1081.7944024969968,3551604.0
2020-12-02,1056.884765625,1074.250460634328,1047.7274468450835,1062.8631500282672,4434968.0
2020-12-03,1067.70263671875,1079.3745595253135,1063.1002889351078,1077.0496968231992,4087608.0
2020-12-04,1090.809326171875,1102.6711065782677,1071.118770697263,1072.3049487379024,6542918.0
2020-12-07,1109.9779052734375,1112.0656481055757,1085.5901313500412,1095.8387558482152,5484461.0
2020-12-08,1111.5911865234375,1122.124424336989,1089.4334039334562,1114.9598626499057,4982626.0
2020-12-09,1120.7010498046875,1124.4968196600803,1106.7990195417713,1117.854222413143,4304573.0
2020-12-10,1129.57373046875,1132.8001582755696,1110.3102663898119,1121.6500834192445,4921373.0
2020-12-11,1133.3218994140625,1154.67310237335,1121.6498621279095,1127.343516250386,6689415.0
2020-12-14,1185.845947265625,1199.3683770806913,1136.927917985515,1136.927917985515,9723233.0
2020-12-15,1182.6195068359375,1188.0759258243481,1154.0088693204711,1186.1780409588139,6953407.0
2020-12-16,1203.4962158203125,1212.7484043511604,1183.3786829908806,1192.1089068592687,5729223.0
2020-12-17,1213.507568359375,1218.4420224266485,1190.021244328955,1205.1568290357038,5345257.0
2020-12-18,1216.1173095703125,1234.5741948960504,1205.1569773389579,1218.3946789045665,10315248.0
2020-12-21,1171.801513671875,1270.1594177912752,1095.0795428697284,1211.0877526754687,21153346.0
2020-12-22,1198.2296142578125,1203.2590556995247,1151.5891843825252,1172.18118971044,7998730.0
2020-12-23,1200.222412109375,1206.3905378031866,1184.6122398893413,1203.2589815004803,4057070.0
2020-12-24,1197.7552490234375,1215.5954154288293,1189.499495113222,1209.901760087242,3277840.0
2020-12-28,1223.56640625,1225.0846909876345,1201.8356011896508,1209.90161193589,3405825.0
2020-12-29,1219.2486572265625,1228.9279395088993,1202.9742713950861,1228.8329525958015,3778319.0
2020-12-30,1226.0811767578125,1230.1615599163233,1206.1058912327624,1222.427655542215,2866392.0
2020-12-31,1221.8582763671875,1237.4209557263787,1216.5442218107496,1226.982588768564,3889877.0
2021-01-01,1230.7783203125,1233.5776541199975,1217.4931264155261,1217.4931264155261,2058419.0
2021-01-04,1247.479736328125,1255.0238983972995,1235.523084484525,1238.3699118681297,4014636.0
2021-01-05,1239.6033935546875,1245.9612607359354,1228.9277925011618,1240.2676068407218,2833637.0
2021-01-06,1246.9102783203125,1262.0933562907273,1233.6250850961997,1241.216624081407,4615963.0
2021-01-07,1270.5865478515625,1278.035839344962,1257.3488459593764,1262.093558585638,4270598.0
2021-01-08,1303.277587890625,1312.3399188125748,1278.2254839682503,1280.882569171268,4984995.0
2021-01-11,1281.072265625,1314.2377568333236,1276.3275535300925,1311.4384230324074,3252470.0
2021-01-12,1280.882568359375,1297.061967667329,1275.4261492590344,1284.8680803236734,2836161.0
2021-01-13,1283.4447021484375,1302.8980229573417,1275.6634201599577,1284.8681158661623,4389762.0
2021-01-14,1306.3140869140625,1318.745209207855,1287.0031322084644,1288.663781411314,5168591.0
2021-01-15,1285.010498046875,1313.810879496686,1276.375144541668,1306.4090817278195,2587576.0
2021-01-18,1267.8345947265625,1284.7257006749871,1258.44004139243,1276.517325392192,3185998.0
2021-01-19,1299.9088134765625,1311.4384876024021,1268.7360766457393,1271.6303975012167,3885798.0
2021-01-20,1312.0552978515625,1321.9243224704562,1292.9815778294676,1299.1022102791208,3957992.0
2021-01-21,1301.284912109375,1324.7237458039167,1291.5582513683362,1323.7748032925958,2985423.0
2021-01-22,1292.554443359375,1304.7958237093515,1279.6488496524075,1292.4595722851902,3282665.0
2021-01-25,1291.7955322265625,1325.1033923726104,1273.4808947817253,1300.051286029034,4847989.0
2021-01-27,1290.4195556640625,1321.592296525359,1262.188513659253,1298.9126613328463,8896211.0
2021-01-28,1276.65966796875,1295.401280857546,1271.5828491638815,1276.0428322251232,2962948.0
2021-01-29,1266.5533447265625,1299.1021146050682,1257.4435210714505,1292.4595179635521,5130876.0
2021-02-01,1374.8751220703125,1387.3537373349468,1268.9256838730569,1277.039187427158,11317043.0
2021-02-02,1442.582275390625,1511.6653325279894,1398.741180255026,1398.741180255026,14349665.0
2021-02-03,1450.5059814453125,1478.4522893603373,1428.1583411343438,1451.8819016183031,6197782.0
2021-02-04,1451.6922607421875,1470.860852615383,1432.9031531930505,1447.1372904764253,3957579.0
2021-02-05,1439.0711669921875,1468.013910541981,1433.9468548027176,1456.0572593250154,3270494.0
2021-02-08,1472.5689697265625,1489.8396763272492,1442.3925528773368,1443.4838598842255,5223019.0
2021-02-09,1486.4708251953125,1494.1098581024626,1466.1160563787264,1477.5033655544835,3825206.0
2021-02-10,1473.565185546875,1484.1459164950534,1450.6482033746329,1480.350146887649,2578777.0
2021-02-11,1452.3564453125,1480.2553770015613,1448.6081689040436,1470.2914811010182,2720190.0
2021-02-12,1443.673583984375,1465.167153805868,1438.6916360844523,1456.6266716917148,1867284.0
2021-02-15,1459.1414794921875,1465.1672412871933,1443.673670182375,1449.0352185528136,1917477.0
2021-02-16,1470.3388671875,1493.6354512146524,1460.4224646882785,1461.3714071604606,3838556.0
2021-02-17,1469.2950439453125,1486.992844102329,1454.7288002609255,1465.1671673860853,2340184.0
2021-02-18,1446.757568359375,1471.9994131799087,1437.7901089618485,1463.458931529809,2446843.0
2021-02-19,1431.764404296875,1468.013959283468,1422.322357486646,1446.0459185610396,3044240.0
2021-02-22,1378.05419921875,1434.753511415308,1373.214615822233,1433.7571913312122,6168108.0
2021-02-23,1410.4132080078125,1421.5157883238596,1385.4559752689154,1387.3538601665439,3733776.0
2021-02-24,1448.655517578125,1453.7798299635524,1410.7926907450849,1410.7926907450849,2380414.0
2021-02-25,1429.5343017578125,1461.9407094634205,1425.311554207259,1455.6777124859755,3168105.0
2021-02-26,1368.849609375,1417.2456787532496,1361.8749048968534,1406.3328395797228,5579058.0
2021-03-01,1397.6500244140625,1410.1286422285134,1364.7691415875574,1381.660365467507,2494481.0
2021-03-02,1409.79638671875,1413.5921565529673,1383.7004691085065,1403.7706252744706,2089473.0
2021-03-03,1420.471923828125,1432.903046293997,1405.7158229434622,1417.2454964503872,2184001.0
2021-03-04,1387.92333984375,1418.05226557574,1383.5582273146892,1397.792365455787,3530366.0
2021-03-05,1388.8248291015625,1401.777801434139,1365.623115692929,1379.3827818130576,3306902.0
2021-03-08,1437.8375244140625,1447.1372065684013,1394.9453728888852,1402.5369123331784,4150049.0
2021-03-09,1431.2900390625,1454.0646593803797,1415.6324875939576,1447.1373326986077,3779948.0
2021-03-10,1446.3780517578125,1456.389441049776,1430.5307590047482,1445.239367140452,2210547.0
2021-03-12,1436.6988525390625,1485.0949169244602,1426.4028502442188,1448.3708908729739,4885349.0
2021-03-15,1407.993408203125,1450.078984128294,1388.5875807739249,1442.3925731887111,3181450.0
2021-03-16,1387.1641845703125,1420.566914036215,1382.6092142623681,1412.311160670486,3233903.0
2021-03-17,1364.2471923828125,1416.7236425182123,1358.6484085305635,1400.6391136658717,5178384.0
2021-03-18,1355.1846923828125,1394.660675214078,1347.4982816900083,1381.233232189934,3381940.0
2021-03-19,1339.195068359375,1349.2538354307069,1308.212073371155,1342.753602641995,9920812.0
2021-03-22,1328.5667724609375,1345.030898929687,1321.164975857099,1337.0597600880967,2964175.0
2021-03-23,1332.647216796875,1344.176889955917,1326.7163268835502,1330.3223542859291,2564844.0
2021-03-24,1299.2445068359375,1335.1619534174024,1290.6091541853539,1328.5193566342314,4237815.0
2021-03-25,1301.0950927734375,1318.0811873984546,1291.5107962917903,1291.5107962917903,3894604.0
2021-03-26,1326.90625,1336.1109452622527,1311.4384420116712,1315.518940807424,3093766.0
2021-03-30,1350.8670654296875,1355.2795551337251,1324.2966769398915,1336.1109640583097,2801282.0
2021-03-31,1346.45458984375,1358.5061137368616,1338.3885782736972,1350.9145734356355,2400871.0
2021-04-01,1370.84228515625,1373.92634822011,1347.9727945271668,1358.8856330608257,1380763.0
2021-04-05,1332.12548828125,1365.528216954364,1310.8691537448574,1365.528216954364,2548649.0
2021-04-06,1329.4683837890625,1343.9872497329748,1322.1615731968232,1334.1182250012614,1824079.0
2021-04-07,1332.45751953125,1344.8411485847305,1318.3182543341416,1330.4172701648129,1841308.0
2021-04-08,1346.691650390625,1361.5426223416202,1338.0088041324389,1338.0088041324389,1644834.0
2021-04-09,1332.4100341796875,1344.6514146150707,1325.7674372126405,1341.8045873434792,2015002.0
2021-04-12,1276.469970703125,1322.778293156595,1263.9913542113509,1322.778293156595,3755497.0
2021-04-13,1303.5621337890625,1311.4384020758264,1278.462653543167,1278.462653543167,2063654.0
2021-04-15,1304.4638671875,1320.0739254129426,1288.7588220392413,1308.5442505487194,2625838.0
2021-04-16,1289.755126953125,1322.1615341064485,1286.10172176502,1291.036176066136,3752588.0
2021-04-19,1243.5416259765625,1277.4663196200754,1239.3188782776967,1271.5829225820166,4157065.0
2021-04-20,1263.5169677734375,1271.061014486644,1250.4215146375473,1252.6041287727658,2989204.0
2021-04-22,1268.54638671875,1271.10848514656,1240.5050893675555,1243.1146812556876,2398100.0
2021-04-23,1255.3560791015625,1275.995578849514,1247.337445329043,1262.0935478057656,2062964.0
2021-04-26,1267.692138671875,1272.7214637438335,1255.4507588982988,1262.1408489599312,1431562.0
2021-04-27,1310.157470703125,1317.5591526152534,1267.6922943172074,1270.6339928657856,4303909.0
2021-04-28,1305.6497802734375,1328.4717738992479,1302.4233531709046,1314.142767826071,3220346.0
2021-04-29,1289.2806396484375,1318.6029835382085,1284.3935630271928,1313.2888133261574,2221346.0
2021-04-30,1272.0098876953125,1295.3064716710717,1267.8820111179675,1281.0723346197412,1968093.0
2021-05-03,1273.955322265625,1282.30606270569,1251.7975377796083,1257.82329956282,1653245.0
2021-05-04,1269.305419921875,1281.9264010604022,1263.042422811014,1281.0723296730794,2029558.0
2021-05-05,1270.3017578125,1277.9881680298072,1256.399728584715,1273.670433805711,1813150.0
2021-05-06,1271.488037109375,1287.287952382395,1267.5499026963244,1275.378678063904,2333882.0
2021-05-07,1274.14501953125,1290.466899663873,1270.633978695925,1278.225518523832,2362325.0
2021-05-10,1323.77490234375,1327.4283081181588,1278.2256583921371,1278.2256583921371,3929224.0
2021-05-11,1312.9566650390625,1328.4244723005404,1305.839597128142,1309.5404956093594,1975828.0
2021-05-12,1314.570068359375,1352.2430386086894,1306.6937994134494,1309.5406268631518,4283174.0
2021-05-14,1343.22802734375,1351.1991670282011,1303.8944094376445,1322.8257648302279,4558155.0
2021-05-17,1315.946044921875,1367.4261768396768,1298.3431147697358,1359.8346366490332,9620003.0
2021-05-18,1344.9361572265625,1349.3961403285743,1325.6725794929805,1333.2641189603705,3312380.0
2021-05-19,1331.7933349609375,1361.7325178380354,1328.5195295980834,1341.8047248940643,3215258.0
2021-05-20,1337.7716064453125,1354.0933700984285,1330.0851958393416,1338.7680423436254,1996254.0
2021-05-21,1345.6478271484375,1351.9582014874895,1335.2568382847915,1342.7535064707895,2185322.0
2021-05-24,1369.561279296875,1383.5581813371514,1338.0089407993028,1347.4983659113545,5035538.0
2021-05-25,1376.8681640625,1387.3065322449827,1368.4700455559546,1385.4561405840832,2892219.0
2021-05-26,1397.6973876953125,1401.2084285003984,1378.6236672095106,1384.4121931108948,3230579.0
2021-05-27,1407.139404296875,1409.1796538993556,1387.116740126184,1400.5916776869722,3747221.0
2021-05-28,1402.6317138671875,1423.0814685664475,1398.646202191612,1411.1721953185863,2315923.0
2021-05-31,1392.762939453125,1400.6392089823526,1383.1312652051588,1397.1281678694472,2405318.0
2021-06-01,1399.3580322265625,1416.2966320961518,1388.3028293177017,1391.1021632604654,2077742.0
2021-06-02,1395.94189453125,1399.3105708639796,1380.7588147099395,1393.3323026869623,2469417.0
2021-06-03,1433.709716796875,1437.6478512400902,1397.9820094054467,1404.5297356578435,3025466.0
2021-06-04,1459.0465087890625,1468.2512042092442,1439.4508240497523,1441.3960865675735,5677538.0
2021-06-07,1478.2626953125,1489.365276396235,1462.0831791064027,1466.5431625891351,3131245.0
2021-06-08,1470.0543212890625,1502.1760022763237,1467.1126226580848,1481.2992669319908,3945382.0
2021-06-09,1441.7283935546875,1475.6055946333738,1436.0347385271632,1470.860882110437,3025732.0
2021-06-10,1442.107666015625,1455.6775881726498,1437.6476832343967,1447.137106886109,1584311.0
2021-06-11,1426.6876220703125,1449.1776298756492,1422.1327673597334,1443.3416100599354,1909384.0
2021-06-14,1438.359619140625,1441.9181535768957,1402.537039148833,1426.6875798545732,2005404.0
2021-06-15,1433.662109375,1445.903372683945,1428.9647753687825,1442.3923324203645,1831871.0
2021-06-16,1414.7783203125,1438.5967526136956,1412.0263640429941,1428.964963589276,1504791.0
2021-06-17,1411.599365234375,1423.2712876798992,1404.6720391251936,1405.3837459513,1675778.0
2021-06-18,1400.638916015625,1414.82555788816,1385.5507094032032,1411.5992465512297,4649835.0
2021-06-21,1392.14599609375,1394.3759875691562,1373.3568902138563,1385.455905829836,1970012.0
2021-06-22,1422.654541015625,1427.9687116534824,1394.5184887318494,1395.0403376010522,3862264.0
2021-06-23,1403.72314453125,1430.0562979946553,1400.7339525921877,1428.1584130603558,1818874.0
2021-06-24,1427.2568359375,1435.9395660623736,1406.3326100799777,1413.92414913574,2762042.0
2021-06-25,1446.0458984375,1451.217704182366,1430.5307128783002,1433.37754016761,2099002.0
2021-06-28,1437.1259765625,1449.9367007918356,1433.2353353344663,1448.086309182683,1173658.0
2021-06-29,1433.757080078125,1451.6921144149073,1427.1144833487756,1435.749835929391,2174022.0
2021-06-30,1423.9356689453125,1445.6189812058774,1419.1434631392492,1438.5967837640267,2139362.0
2021-07-01,1416.10693359375,1426.2605719692936,1404.5772590959177,1420.6617880734627,2060651.0
2021-07-02,1409.79638671875,1424.0305235970648,1400.1645975968834,1423.413687831464,1814564.0
2021-07-05,1430.957763671875,1436.698912000088,1412.0264075667972,1413.9242925232043,1605396.0
2021-07-06,1428.6329345703125,1441.4436583276683,1423.4137508173158,1429.107405820585,1072506.0
2021-07-07,1439.0238037109375,1442.1078668271957,1418.669033478717,1418.669033478717,1096808.0
2021-07-08,1424.077880859375,1446.1882861626907,1420.5668401479975,1426.2604948179292,1456033.0
2021-07-09,1423.0340576171875,1426.1181205423343,1409.6539924017823,1421.420901806806,1248405.0
2021-07-12,1424.1253662109375,1438.5967384146468,1415.442519721172,1427.589029282972,865284.0
2021-07-13,1436.3192138671875,1437.647756413591,1424.694669302127,1437.647756413591,995833.0
2021-07-14,1465.8314208984375,1470.7659913589266,1431.0052777808949,1436.2719549460066,4010254.0
2021-07-15,1527.1805419921875,1542.031514825587,1470.8133360673298,1470.8608295259446,9066480.0
2021-07-16,1536.1007080078125,1539.9439715582985,1513.6581941873687,1527.180625130449,4157388.0
2021-07-19,1527.417724609375,1555.6962555889331,1516.030415356565,1518.307900374667,3027093.0
2021-07-20,1509.1505126953125,1539.8013983477545,1501.2268668752356,1527.6548893729782,1847026.0
2021-07-22,1558.3056640625,1563.0503756932737,1510.2892055266088,1527.7971451090887,3231269.0
2021-07-23,1529.4580078125,1561.911793565018,1524.8081665973211,1560.0614021056306,2259058.0
2021-07-26,1516.0303955078125,1544.2140550421404,1511.4755413689434,1529.4579539934896,2219416.0
2021-07-27,1526.13671875,1536.3378502448313,1503.3620995987487,1527.9397326003482,3984778.0
2021-07-28,1529.9273681640625,1536.7412146410677,1490.388455357962,1528.2479220617595,4119892.0
2021-07-29,1531.6549072265625,1542.5472918149728,1522.0580719682507,1529.7355401749003,1672177.0
2021-07-30,1536.885009765625,1559.3896568933428,1521.098263917632,1533.5741487320984,2536568.0
2021-08-02,1548.8809814453125,1552.7677460870864,1537.4608426684515,1541.5394971312883,1083353.0
2021-08-03,1568.4586181640625,1572.6332177287125,1545.3783015531835,1559.4856013644448,1777140.0
2021-08-04,1557.75830078125,1578.0077175259885,1548.5453620761355,1573.8810313768543,2067087.0
2021-08-05,1561.7889404296875,1567.0191686086387,1543.9388508840404,1554.687259149479,1831728.0
2021-08-06,1545.42626953125,1572.9212246798,1543.4589886853669,1561.4050229127727,1192143.0
2021-08-09,1533.04638671875,1558.5260309437879,1525.8967913796937,1554.687296877424,1223794.0
2021-08-10,1524.4093017578125,1544.9945843785547,1508.622554078814,1541.2517950703404,1429931.0
2021-08-11,1519.4669189453125,1533.4782744913828,1499.7453763355222,1526.0886413175447,1370930.0
2021-08-12,1557.998046875,1561.404969975116,1518.2192148129277,1525.896682397317,1645811.0
2021-08-13,1601.1358642578125,1609.1972285308802,1559.4855798043436,1560.4452632380694,5439442.0
2021-08-16,1589.3319091796875,1609.4373499105104,1586.6927794081303,1606.5102682134166,1794407.0
2021-08-17,1572.681396484375,1597.8730893342392,1559.5337788851366,1591.1553045742753,1838525.0
2021-08-18,1567.0191650390625,1594.1302236630906,1561.500984965145,1580.5987098681271,1570228.0
2021-08-20,1529.3515625,1557.5662800979044,1525.8967254193888,1553.63160127974,2416059.0
2021-08-23,1517.0196533203125,1553.7275462442421,1504.6877440945948,1535.5895051344105,1973841.0
2021-08-24,1541.059814453125,1548.3053546042913,1518.9870939059508,1525.8967682611724,1580003.0
2021-08-25,1529.5435791015625,1560.4453403347475,1525.896735013683,1549.840791008598,1795313.0
2021-08-26,1531.4149169921875,1538.3245912057077,1521.0983195567082,1529.543581061111,2051262.0
2021-08-27,1572.0574951171875,1599.504419389291,1533.6222417890183,1539.3323116716465,4903187.0
2021-08-30,1593.1705322265625,1617.018643432089,1578.7752799316133,1580.3107500799688,3345934.0
2021-08-31,1604.7825927734375,1608.4294366851302,1578.679250207064,1593.1225327599905,3264644.0
2021-09-01,1618.41015625,1648.73612914205,1604.7825812844249,1604.8306123153627,3530101.0
2021-09-02,1618.21826171875,1641.0587757495466,1614.1876379010162,1619.849793948872,2400278.0
2021-09-03,1623.3045654296875,1635.5885605230474,1604.6866829580379,1628.5828244364052,2336258.0
2021-09-06,1625.8956298828125,1646.8167756403504,1622.056896140061,1631.4618406693448,1850835.0
2021-09-07,1613.899658203125,1636.2603301015947,1611.7403703774778,1625.8957016789432,1734879.0
2021-09-08,1599.360595703125,1626.3755927103514,1591.155254857432,1614.1876590290717,1644392.0
2021-09-09,1602.719482421875,1612.8440730979057,1588.4680886709868,1588.4680886709868,1225239.0
2021-09-13,1604.302734375,1608.0935541922647,1593.5543268768065,1595.0418830447852,1578773.0
2021-09-14,1628.054931640625,1630.3102814530093,1607.8536654346535,1608.4294520712558,1407269.0
2021-09-15,1647.776611328125,1655.0701826834963,1628.5829408409018,1631.4619914139853,2757989.0
2021-09-16,1651.855224609375,1658.8129299853622,1640.339022607741,1640.6748884030158,2128381.0
2021-09-17,1647.0087890625,1671.4807185089585,1637.31600906446,1654.4943672821396,3473932.0
2021-09-20,1635.6365966796875,1665.050920227603,1631.4139657288756,1631.6538866107528,1820374.0
2021-09-21,1651.5194091796875,1660.972268514535,1624.1684285916972,1630.1184196144495,2029747.0
2021-09-22,1641.922607421875,1660.2525397780903,1637.220134601978,1651.519442911922,1487933.0
2021-09-23,1698.3519287109375,1703.438298376907,1645.9053165109929,1649.0242880432324,3702946.0
2021-09-24,1697.4400634765625,1737.0270048862633,1679.4459991994258,1708.2365020428444,3612494.0
2021-09-27,1669.4652099609375,1710.8755718712835,1666.970056564532,1700.5589753784402,1650711.0
2021-09-28,1667.1141357421875,1688.131226817034,1649.6958576202644,1674.9355793229802,1442615.0
2021-09-29,1651.6151123046875,1671.7684634716825,1647.3924819637373,1662.1716295826373,1698747.0
2021-09-30,1634.29296875,1664.3311091463959,1628.5828987870457,1650.607588242858,1792078.0
2021-10-01,1628.48681640625,1643.4578543062173,1619.4657688418931,1629.0626030276228,1563937.0
2021-10-04,1646.09716796875,1654.4463677853887,1616.155088817147,1628.1031018562799,1588493.0
2021-10-05,1647.488525390625,1669.8491965487813,1637.2199593748394,1645.3772686683249,1705242.0
2021-10-06,1626.71142578125,1665.914470006682,1621.8649776571115,1647.4884780777143,1845661.0
2021-10-07,1643.4100341796875,1659.5807955769703,1631.46202094467,1641.0588563619917,1378863.0
2021-10-08,1657.27734375,1670.808856724488,1650.655504633038,1669.8491732915616,1755402.0
2021-10-11,1647.6805419921875,1676.4230145169672,1645.857120003811,1663.8511847268846,1528151.0
2021-10-12,1648.9281005859375,1655.9818678492734,1631.4619081930623,1641.538584684843,1671988.0
2021-10-13,1681.4134521484375,1692.785677714227,1654.5423152812882,1657.3733346273905,2105025.0
2021-10-14,1717.1617431640625,1744.6086679902046,1696.192564850853,1703.4382221765586,4440909.0
2021-10-18,1716.345947265625,1737.5070157754615,1710.1560354111418,1734.2920994080255,1918546.0
2021-10-19,1771.6236572265625,1809.0032802696742,1729.3975859629732,1736.8351326059917,6639827.0
2021-10-20,1733.860107421875,1793.3125696731863,1723.8794928858445,1780.2128666585677,3295376.0
2021-10-21,1732.9483642578125,1752.8617955513746,1718.8410646105908,1741.82543603928,2774633.0
2021-10-22,1719.9927978515625,1757.6603762115424,1709.5322239982531,1742.7852815725694,1520637.0
2021-10-25,1712.21923828125,1739.7141923533413,1689.3787254779995,1719.992650739883,2488386.0
2021-10-26,1723.8314208984375,1738.8504905283826,1709.7241208479152,1713.034981936652,1930107.0
2021-10-27,1712.6033935546875,1740.8660283572772,1703.5343133601934,1728.390141715246,1408879.0
2021-10-28,1741.105712890625,1786.9305979894414,1718.793072502196,1726.9984129239365,6379424.0
2021-10-29,1695.4249267578125,1751.3264922172177,1665.8187133734634,1748.543386558564,3984689.0
2021-11-01,1722.9676513671875,1732.2286200509711,1680.5976037960029,1704.3978001166342,2316925.0
2021-11-02,1742.449462890625,1750.8946078505276,1723.0158709818968,1727.4303918869448,1687119.0
2021-11-03,1813.3218994140625,1837.7938276675998,1744.704531958066,1744.704531958066,11580233.0
2021-11-04,1831.9876708984375,1843.407927357529,1823.3985508997948,1823.3985508997948,764191.0
2021-11-08,1846.9588623046875,1875.1255486165771,1835.1066777743717,1866.1525316346103,3674523.0
2021-11-09,1865.2408447265625,1884.9143566617367,1852.4771243457444,1855.5480647151035,3550645.0
2021-11-10,1871.5267333984375,1875.221491310295,1854.1084550724106,1854.7801866386171,3208195.0
2021-11-11,1853.820556640625,1901.8527623266878,1848.0145417970675,1869.3194684829502,7061537.0
2021-11-12,1880.931640625,1885.7780891895882,1850.3657443903007,1861.7860015408658,2026320.0
2021-11-15,1868.5517578125,1894.895022355158,1864.6649928772206,1882.1792163049145,1127678.0
2021-11-16,1876.4691162109375,1900.1252197810186,1865.6246462533163,1871.3827470133574,2279531.0
2021-11-17,1874.1658935546875,1899.117664061753,1865.192876436727,1870.4231045488552,2166686.0
2021-11-18,1820.5196533203125,1875.2216144374752,1816.6809192068274,1874.1659859860406,1883794.0
2021-11-22,1789.3299560546875,1823.3987216432856,1763.7543663450222,1821.7192754522985,2407464.0
2021-11-23,1810.298828125,1819.1758999180827,1770.136099712554,1775.414358616549,2028470.0
2021-11-24,1787.410400390625,1825.7017929348049,1771.5275926578124,1817.6404286388422,1361828.0
2021-11-25,1775.318359375,1791.5849462763492,1764.0899932153386,1780.2127213246124,1930012.0
2021-11-26,1706.461181640625,1767.4970267608685,1697.2961576639007,1746.6239113369245,2796595.0
2021-11-29,1696.0006103515625,1717.8814403012275,1665.1947944307701,1706.3172076418607,2111420.0
2021-11-30,1693.6015625,1726.374779503581,1680.6938654776252,1696.000771399986,3385628.0
2021-12-01,1713.9947509765625,1721.6722190660432,1691.0103777432262,1692.8817137304907,1359786.0
2021-12-02,1717.065673828125,1721.6722014943448,1691.922012951243,1713.9467024486062,2813690.0
2021-12-03,1728.6298828125,1770.4241455757146,1724.1194172783082,1727.3822474185167,3612772.0
2021-12-06,1710.7796630859375,1747.5834986194034,1706.3171117766608,1726.4704634905584,1566109.0
2021-12-07,1725.6068115234375,1737.027068163789,1700.6550414835156,1718.0252887353813,2097201.0
2021-12-08,1751.470458984375,1766.7773643033388,1729.3497069389553,1729.3497069389553,3433206.0
2021-12-09,1804.0130615234375,1808.1876612523988,1754.253379119209,1761.0191945463573,3791595.0
2021-12-10,1797.87109375,1814.617523978683,1786.0190259454105,1804.0130915846248,1771926.0
2021-12-13,1786.45068359375,1819.7996823876706,1780.260772403773,1817.352442810877,1857829.0
2021-12-14,1790.4815673828125,1798.4469877741249,1771.767738000958,1775.4145823810732,1685243.0
2021-12-15,1804.9727783203125,1822.1990503302482,1788.5141828230405,1790.7694156240912,2176709.0
2021-12-16,1798.3509521484375,1831.076136397466,1791.0573809049295,1815.7212002431895,2469902.0
2021-12-17,1772.63134765625,1799.1185885012726,1757.8521985079321,1791.2492307574366,2352938.0
2021-12-20,1726.8065185546875,1755.8849760748226,1700.0793559482438,1747.5836901957393,2488158.0
2021-12-21,1753.8695068359375,1777.525609767241,1739.4262242932973,1744.6085382671702,2077840.0
2021-12-22,1795.5677490234375,1803.7730894447934,1753.8695496536557,1753.8695496536557,1692505.0
2021-12-23,1802.71728515625,1811.7383327926534,1787.0264845670383,1807.0838916051728,1677127.0
2021-12-24,1784.4354248046875,1812.6021105447307,1775.414376972999,1812.6021105447307,1203991.0
2021-12-27,1790.9613037109375,1800.030383089792,1771.3838539986514,1784.435526189797,1139744.0
2021-12-28,1822.918701171875,1832.0356938863433,1796.6233513866891,1796.6233513866891,1916098.0
2021-12-29,1818.4561767578125,1831.9876900843246,1813.8497664492443,1818.6001527062683,1287946.0
2021-12-30,1809.6751708984375,1825.0301072531745,1805.0687602813368,1816.0091758638605,1805349.0
2021-12-31,1819.4639892578125,1830.2123977056526,1811.2107345051281,1811.258648391288,1145546.0
2022-01-03,1845.3272705078125,1859.338625236238,1817.3045610509616,1818.6001102591058,1906676.0
2022-01-04,1859.4346923828125,1864.6649202610063,1837.3619733061253,1845.3272755531807,1643920.0
2022-01-05,1870.039306640625,1872.3425705467248,1849.9339835089095,1862.4577833096112,1711667.0
2022-01-06,1846.910888671875,1874.2618683170547,1842.2084161101238,1866.1045585983168,1372015.0
2022-01-07,1828.10107421875,1856.9394923415327,1820.6635272905046,1851.2774535604094,1447123.0
2022-01-10,1874.3577880859375,1880.9315965177607,1830.3563237997737,1832.9954533792463,2397846.0
2022-01-11,1882.083251953125,1890.576427193741,1859.5306905119812,1870.4230744165488,2232435.0
2022-01-12,1894.6070556640625,1904.012000509997,1881.2675491779653,1898.7337414360024,1585970.0
2022-01-13,1937.0250244140625,1947.1976451630637,1895.9026135928539,1895.9026135928539,2373324.0
2022-01-14,1962.312744140625,1967.3030512458845,1926.0846937230638,1932.8024779064526,3124945.0
2022-01-17,1985.9688720703125,1988.4161117696958,1959.6736388044635,1962.3127683376233,1858651.0
2022-01-18,1940.6717529296875,1994.7500070276271,1929.49153487568,1991.9667845484041,1460676.0
2022-01-19,1939.4244384765625,1945.2784844870314,1906.8911438952794,1938.4647549617687,2336679.0
2022-01-20,1922.7257080078125,1952.9557353610674,1904.107826462069,1938.5604842404698,2031107.0
2022-01-21,1877.18896484375,1914.376700623453,1864.7130792918497,1902.2366808681768,2209132.0
2022-01-24,1823.3026123046875,1880.0198808389705,1805.6924444055185,1876.1811470342968,2307120.0
2022-01-25,1847.6785888671875,1853.4366895538576,1775.5103233049413,1818.6001335399606,2998042.0
2022-01-27,1833.8111572265625,1844.511651475247,1791.7290599918242,1837.362056397492,2932713.0
2022-01-28,1821.047607421875,1869.4635967302102,1815.0495851017704,1838.8496673786215,2233620.0
2022-01-31,1832.2275390625,1846.4309005415928,1775.8461381234051,1813.9935540779416,3161064.0
2022-02-01,1910.25,1919.2710482978964,1839.7132629992464,1850.8935991645128,5392787.0
2022-02-02,1902.7642822265625,1927.0443197684463,1891.1521361995615,1914.6643801409593,3579380.0
2022-02-03,1855.69189453125,1904.9716154094253,1852.1890265693658,1901.6127233923307,2262217.0
2022-02-04,1869.4154052734375,1878.8683813578405,1845.759300992026,1869.463436307426,1440816.0
2022-02-07,1808.5235595703125,1868.983620198028,1798.9747555846877,1854.5883676676197,2641464.0
2022-02-08,1799.9822998046875,1820.4715185379862,1773.4950593608883,1813.8017652554538,2040523.0
2022-02-09,1812.6502685546875,1823.3027321329703,1799.9823758774091,1808.523582583912,1390810.0
2022-02-10,1824.3582763671875,1833.9551110666466,1805.164606968269,1815.721125137674,1288856.0
2022-02-11,1795.8077392578125,1812.8421212868445,1775.4144649977036,1812.8421212868445,1744894.0
2022-02-14,1726.4705810546875,1772.487357075394,1722.6318471334987,1768.9365750578393,2290199.0
2022-02-15,1800.414306640625,1806.1243766999758,1733.3324054577547,1737.0271635637387,2602134.0
2022-02-16,1785.6829833984375,1811.2106573856308,1767.8809253428915,1800.4142183624663,1898439.0
2022-02-17,1793.3603515625,1808.907293181848,1779.3489971269305,1793.6483034466721,1459905.0
2022-02-18,1807.179931640625,1819.5598719204893,1789.9536600924837,1794.6081015249551,1912482.0
2022-02-21,1788.802001953125,1807.9477579495776,1774.3108046221096,1799.3585203881364,1262585.0
2022-02-22,1770.088134765625,1780.2128422644635,1727.9100929903864,1739.906136401872,2288298.0
2022-02-23,1746.9119873046875,1777.3339085339774,1742.929277200823,1774.454857926201,1583872.0
2022-02-24,1686.499755859375,1727.4302800924493,1680.405789134377,1711.3555816527,3616355.0
2022-02-25,1705.405517578125,1726.1825705015399,1693.84128517391,1710.1559037846503,2476882.0
2022-02-28,1743.5048828125,1748.7831417118912,1682.1331739236682,1693.7453200725572,2553662.0
2022-03-02,1712.55517578125,1753.293692783803,1697.2002400499528,1727.4302697709443,3152628.0
2022-03-03,1681.6533203125,1740.4339303672814,1675.1754571636056,1737.0270073331353,2259979.0
2022-03-04,1642.7381591796875,1683.332816311351,1634.3409289224523,1669.8492168673324,3906819.0
2022-03-07,1568.5545654296875,1599.6004187055405,1540.8198074890975,1591.395078361906,6318251.0
2022-03-08,1591.635009765625,1598.8326356765338,1530.6951103865974,1562.268719478889,4421730.0
2022-03-09,1622.776611328125,1631.269903205025,1583.5256536737932,1608.9092329469368,3306502.0
2022-03-10,1658.52490234375,1687.1235162014757,1638.1796599294194,1669.8492139878088,2776325.0
2022-03-11,1658.9569091796875,1665.4826867040376,1637.0281645885275,1650.6556234575262,1577597.0
2022-03-14,1676.3270263671875,1683.2847312139957,1646.3369192688767,1665.0507460982226,1558334.0
2022-03-15,1673.1600341796875,1693.8412590176035,1656.9893917655797,1677.526640658794,2062332.0
2022-03-16,1685.39599609375,1699.2634919727889,1675.799161775601,1690.002523426004,2101909.0
2022-03-17,1715.818115234375,1731.8447824713328,1697.1522012817659,1709.3402517522557,3383036.0
2022-03-21,1685.4921875,1732.2287273563852,1674.6477170287492,1732.2287273563852,2301462.0
2022-03-22,1702.526611328125,1705.3576308788718,1651.7593292188396,1685.4922286899146,3986030.0
2022-03-23,1696.0006103515625,1719.320965504525,1688.2271976835286,1708.2365745795905,1574226.0
2022-03-24,1700.1273193359375,1707.9486459948682,1680.4057769219967,1684.2445108498596,1580887.0
2022-03-25,1680.5018310546875,1706.221396902405,1668.889683598012,1704.0140778908872,1483897.0
2022-03-28,1671.3846435546875,1684.24442498721,1655.5498669095084,1681.3653746880866,1799629.0
2022-03-29,1676.231201171875,1683.3807963551992,1663.1314980259715,1678.1984820487153,2071779.0
2022-03-30,1702.0946044921875,1705.405582802666,1683.380776546496,1695.66477200629,1712835.0
2022-03-31,1696.384521484375,1709.5321382592306,1687.1235525019044,1708.1885579617094,1401916.0
2022-04-01,1717.9293212890625,1721.672110175738,1688.0831894086527,1688.0831894086527,2050573.0
2022-04-04,1752.7177734375,1756.0766653744429,1704.9735237623847,1712.075204430263,1955281.0
2022-04-05,1762.0269775390625,1770.6160982019587,1753.3417948048664,1765.8176805916553,1718581.0
2022-04-06,1778.1015625,1783.0918696351291,1754.013413922009,1759.0997831222776,2245496.0
2022-04-07,1752.669921875,1781.0284973759206,1737.1710108136785,1775.3184277396294,2003954.0
2022-04-08,1756.9405517578125,1764.761995641949,1744.7526182774295,1761.4031034222835,1903321.0
2022-04-11,1709.6761474609375,1755.9808761249792,1707.276938721868,1746.863882916515,2262446.0
2022-04-12,1677.23876953125,1709.6761179837508,1663.707255905973,1708.2365927651285,4215141.0
2022-04-13,1689.8106689453125,1701.374784251257,1676.6629353651208,1683.4766644437593,1673417.0
2022-04-18,1668.2657470703125,1679.39805196211,1645.8571613355455,1675.895300993809,1808707.0
2022-04-19,1636.9801025390625,1689.7626941495848,1618.9860372172934,1677.8146816354754,2737766.0
2022-04-20,1623.400634765625,1643.3620990349998,1603.9670432969226,1641.0108040988482,3832617.0
2022-04-21,1645.37744140625,1656.2219123473908,1631.4620299741177,1634.2930495783482,1797489.0
2022-04-22,1626.0396728515625,1647.200740340259,1622.2489699838895,1632.421591391714,1474689.0
2022-04-25,1590.5313720703125,1607.4698087082643,1585.3970889468972,1607.4698087082643,1964344.0
2022-04-26,1631.413818359375,1634.4368446277238,1596.9132455215033,1612.2681805745947,2440990.0
2022-04-27,1609.4371337890625,1623.400457325112,1599.5043166271944,1607.469735909452,1346726.0
2022-04-28,1649.9359130859375,1661.212194591687,1612.2683344390723,1621.8651697631144,3117433.0
2022-04-29,1626.0396728515625,1668.8895634510234,1619.1299986893434,1661.2120956490635,2404830.0
2022-05-02,1611.7403564453125,1617.978298998816,1588.3241735020188,1601.3278142280826,1399802.0
2022-05-04,1568.07470703125,1614.0915981835428,1559.5336181501166,1611.7883345020268,1777673.0
2022-05-05,1571.6256103515625,1603.822919503048,1567.1630589217993,1584.1494089654504,1707752.0
2022-05-06,1557.0384521484375,1567.163159961809,1547.1057513249314,1550.8485404153603,1439520.0
2022-05-09,1550.992431640625,1564.1400480502637,1527.0962902982521,1542.7391773977713,1400010.0
2022-05-10,1543.123046875,1563.9002182131985,1536.4532933667144,1546.0501284283428,1176030.0
2022-05-11,1507.4708251953125,1544.1306864923934,1494.5630123744102,1535.9733770858145,2988788.0
2022-05-12,1464.6209716796875,1492.2597857134033,1452.0970553612678,1487.509399329927,3407191.0
2022-05-13,1472.63427734375,1511.4055127674533,1441.4445647248697,1468.3157017503665,4328846.0
2022-05-16,1480.6956787109375,1504.303869112208,1477.384700384339,1487.5094080535391,1775914.0
2022-05-17,1539.42822265625,1543.0750666825088,1482.7109533089608,1482.7109533089608,1608711.0
2022-05-18,1509.1024169921875,1557.5664373789,1501.9047902020816,1557.5664373789,2984009.0
2022-05-19,1485.5419921875,1499.7453545145315,1478.2484211880223,1487.5093901759872,1798843.0
2022-05-20,1545.186279296875,1548.4011953827448,1498.1138769765737,1506.1272102499681,2175224.0
2022-05-23,1577.8636474609375,1593.0746074821234,1540.867801734864,1563.324419029144,4177811.0
2022-05-24,1560.7332763671875,1587.02850976395,1545.1863338414914,1578.4874205877443,1970395.0
2022-05-25,1511.2615966796875,1573.5929933536202,1507.7587284631986,1567.1631607416602,1417130.0
2022-05-26,1501.472900390625,1524.8411707088824,1474.6977067115677,1511.501546330541,3578710.0
2022-05-27,1535.781494140625,1541.2516430253177,1510.5417721804795,1511.6933454776167,1279218.0
2022-05-30,1593.890380859375,1596.6254555132475,1548.5453336831326,1554.6873317568843,2119326.0
2022-05-31,1587.79638671875,1606.8941122311485,1578.6793932622204,1593.5544878491896,3534742.0
2022-06-01,1581.558349609375,1594.0342346487694,1572.3933256631988,1586.884639697276,1425466.0
2022-06-02,1571.1458740234375,1582.9499108484952,1558.2380605887224,1566.20348054171,1852251.0
2022-06-03,1585.4451904296875,1606.2222447135566,1578.6313437858357,1591.1072294227183,2928263.0
2022-06-06,1574.0728759765625,1595.2819756672934,1568.2188298847534,1585.5411644270173,1538005.0
2022-06-07,1525.368896484375,1572.3454742301633,1522.1539801801507,1564.2841093778297,2157491.0
2022-06-08,1520.66650390625,1542.9791447988289,1506.79900734176,1530.6951494048749,2122442.0
2022-06-09,1530.7911376953125,1535.4936103066498,1493.459425864959,1493.459425864959,1361104.0
2022-06-10,1521.1943359375,1530.2153845253408,1505.7914856111847,1506.7031381027189,1337799.0
2022-06-13,1470.283203125,1502.8163811642673,1457.0875545504432,1497.2502869639573,2460367.0
2022-06-14,1482.3751220703125,1491.6360911524214,1463.7092079532288,1470.283133560247,1983405.0
2022-06-15,1497.442138671875,1503.8240574315266,1477.000950235418,1485.542039739772,1461683.0
2022-06-16,1465.820556640625,1511.5014664181572,1455.5999042474539,1505.1675789410342,2329325.0
2022-06-17,1429.8802490234375,1468.2675854007114,1421.6750261621075,1460.6381491552697,4548572.0
2022-06-20,1412.4622802734375,1437.4619661876975,1397.6350992990738,1429.928473832515,1837431.0
2022-06-21,1439.813232421875,1454.11242315581,1417.3566146162045,1420.3316100994773,1458922.0
2022-06-22,1419.132080078125,1430.840172780336,1408.815481693787,1429.928520247781,1906619.0
2022-06-23,1434.05517578125,1450.8016068710317,1421.7711794803595,1421.7711794803595,1828491.0
2022-06-24,1434.5828857421875,1451.0414815319295,1428.9687605827005,1441.2047254567296,1731440.0
2022-06-27,1473.882080078125,1482.423170169187,1448.8822761113063,1462.5577670433058,2389778.0
2022-06-28,1488.9488525390625,1494.7069531611924,1462.6535029348984,1468.3156586430973,2072405.0
2022-06-29,1485.4940185546875,1491.3480641024094,1463.9011411786873,1469.515265866676,1480197.0
2022-06-30,1495.4267578125,1503.7280432060636,1479.9278464387703,1486.5977168030404,3308971.0
2022-07-01,1508.7664794921875,1512.461237639134,1472.7303162155404,1498.0179537069541,1294305.0
2022-07-04,1517.931396484375,1523.449576796209,1487.7013652108508,1508.7184580022176,1269969.0
2022-07-05,1501.8087158203125,1532.8544532690842,1498.641713446109,1520.1386470359864,1445200.0
2022-07-06,1493.411376953125,1526.3764789891043,1489.2367775073205,1502.4324245278174,2422594.0
2022-07-07,1546.14599609375,1549.073077500837,1502.52842977761,1502.7683506421629,1697912.0
2022-07-08,1619.4178466796875,1633.3812882181835,1552.7678756386726,1555.646926087941,6516138.0
2022-07-11,1595.95361328125,1620.7614075925003,1586.740675383602,1617.0186186234635,1316037.0
2022-07-12,1587.0765380859375,1605.4544999612704,1582.5660726376943,1588.276142423115,781516.0
2022-07-13,1580.838623046875,1615.3872285589027,1578.1035485402788,1596.9133214448323,1914814.0
2022-07-14,1579.7830810546875,1600.1283252206526,1568.698689320391,1585.2532303670937,1170472.0
2022-07-15,1616.922607421875,1619.80165771867,1582.7098696318574,1587.2204520528167,1345141.0
2022-07-18,1657.9970703125,1664.6668231669255,1621.864966417858,1627.6710979204931,3200640.0
2022-07-19,1660.060546875,1665.002823126472,1644.8975008824657,1650.6075707850268,1351783.0
2022-07-20,1669.80126953125,1676.4231091529232,1658.2850674583804,1670.1851663634523,1509911.0
2022-07-21,1715.678466796875,1719.3718936578289,1667.03116212086,1678.5004930001353,2827327.0
2022-07-22,1718.2054443359375,1729.674774354274,1703.4315007029827,1716.0185048649967,1495629.0
2022-07-25,1732.4935302734375,1735.4580959030477,1710.7214261738022,1715.5326459080813,1916615.0
2022-07-26,1702.1680908203125,1730.8413006299909,1693.0801650002802,1730.8413006299909,1585897.0
2022-07-27,1746.295654296875,1768.5052179427084,1700.9530812859246,1704.8409740431496,5369460.0
2022-07-28,1750.7666015625,1765.103205239417,1736.8673383347445,1754.4115008023941,1831059.0
2022-07-29,1757.3760986328125,1781.1407946543866,1743.7198284365454,1764.0826184383156,1747781.0
2022-08-01,1763.839599609375,1766.9013387126752,1740.1235500482805,1757.32742706825,1341943.0
2022-08-02,1742.7965087890625,1760.8751856982317,1725.9326796716186,1758.2994331139398,1749346.0
2022-08-03,1739.6375732421875,1753.4395443690587,1723.3083770323399,1742.7964859468436,1264299.0
2022-08-04,1730.2093505859375,1763.936889495592,1725.2523113366983,1743.5254536994958,1856927.0
2022-08-05,1737.353515625,1756.3556398746414,1725.544135710572,1732.979636056967,1430542.0
2022-08-08,1778.37060546875,1780.7033646376751,1740.0748416134963,1746.052499906036,2625195.0
2022-08-10,1803.156005859375,1814.673863911755,1771.1780656203512,1778.7108575032198,3422074.0
2022-08-11,1814.8197021484375,1826.1432131468564,1803.2045517435606,1817.638448030951,1918049.0
2022-08-12,1794.6998291015625,1816.617871750042,1786.4867031977406,1812.729979033616,1041383.0
2022-08-16,1797.0811767578125,1811.757947560274,1790.3745383079531,1807.870054968943,1426893.0
2022-08-17,1803.6905517578125,1815.0140628405834,1798.198998304173,1809.2793974470403,1748371.0
2022-08-18,1841.451904296875,1845.3397971618556,1798.150450053524,1804.95426256724,2519639.0
2022-08-19,1881.7886962890625,1887.571889169579,1839.702210723852,1841.0143507686928,4134598.0
2022-08-22,1827.94140625,1889.5158841992084,1822.449733988434,1882.8092454483167,3175874.0
2022-08-23,1824.4422607421875,1858.3640289824457,1813.4102704974193,1817.589802529708,1811509.0
2022-08-24,1840.2852783203125,1844.8049770465773,1799.705400663993,1823.4215684612113,1534933.0
2022-08-25,1825.268310546875,1864.2444081767544,1820.505618620991,1846.748892354449,1121363.0
2022-08-26,1851.9976806640625,1858.412679782872,1834.3076979829652,1837.223617459612,1119310.0
2022-08-29,1828.7674560546875,1837.0292277137173,1808.84200675938,1817.589764986588,1183546.0
2022-08-30,1868.618408203125,1873.9642606063069,1836.203126906372,1840.8199994363927,1394462.0
2022-09-01,1859.3360595703125,1876.3942364522336,1839.0704423625305,1851.60892019762,2014905.0
2022-09-02,1886.114013671875,1903.9011708713629,1846.9920919762847,1847.2350852787417,3201140.0
2022-09-05,1913.183349609375,1917.4600552518018,1887.6690541079888,1893.355073375627,2474746.0
2022-09-06,1907.3031005859375,1929.464018853395,1896.6113951462037,1918.4807926365681,1172733.0
2022-09-07,1903.2205810546875,1906.3794937586094,1879.7960521184943,1886.6970376803263,1238549.0
2022-09-08,1919.0638427734375,1921.5909492753467,1892.9663869948834,1912.7460171941304,1632797.0
2022-09-09,1895.104736328125,1931.6995508376567,1889.5158904587126,1921.93117277149,980869.0
2022-09-12,1906.9141845703125,1911.8712240039051,1893.306560200178,1895.1046868335607,791708.0
2022-09-13,1935.538818359375,1939.0865442880122,1908.0805753136926,1913.7180673632317,1761021.0
2022-09-14,1899.1383056640625,1917.654322437595,1894.7644266176915,1909.5870167192818,2322752.0
2022-09-15,1902.637451171875,1929.0750735318522,1900.013171112644,1904.1925844902735,1566565.0
2022-09-16,1866.1884765625,1902.054310076249,1861.3286107381184,1892.43175201416,3881617.0
2022-09-19,1857.149169921875,1877.8036006903667,1851.6089700694856,1867.2577150630927,1755456.0
2022-09-20,1878.532470703125,1900.9851455207381,1871.0483248632986,1876.8801637979375,1666658.0
2022-09-21,1842.5208740234375,1891.7513364246145,1838.5843354163487,1867.2575425398484,1618385.0
2022-09-22,1835.2796630859375,1852.1920197060658,1820.5057185954038,1829.253476986946,1875115.0
2022-09-23,1804.8082275390625,1842.3263654803486,1800.6288143972622,1837.0291595434057,1948766.0
2022-09-26,1799.5595703125,1824.199183614921,1767.0471171836791,1797.1782836483073,1529101.0
2022-09-27,1789.596923828125,1811.7579592007219,1781.1408048472763,1803.9821739681008,1443698.0
2022-09-28,1784.0081787109375,1803.982275612287,1774.4342663336504,1778.4193327600913,1853503.0
2022-09-29,1764.6171875,1805.342884684095,1747.0244978760531,1792.950227487386,2377718.0
2022-09-30,1795.914794921875,1830.1768494729101,1765.1519387336052,1772.8304319264964,2339518.0
2022-10-03,1768.3109130859375,1800.0943896773058,1763.1594075996936,1800.0943896773058,1850414.0
2022-10-04,1819.0963134765625,1828.2327657511155,1783.8622883940834,1783.8622883940834,1637532.0
2022-10-06,1859.3360595703125,1865.2165448079961,1825.4628177521543,1829.2535369091447,2771898.0
2022-10-07,1870.611083984375,1874.8876711781863,1849.7136600227827,1851.6089603178095,1469264.0
2022-10-10,1856.128662109375,1863.2726414649894,1830.711538966775,1851.6089629581663,1656954.0
2022-10-11,1826.2889404296875,1869.8820320262546,1818.8047944798323,1869.8820320262546,1047963.0
2022-10-12,1857.683837890625,1862.3007107382275,1805.9749094571064,1827.3096744195552,1907748.0
2022-10-13,1823.5675048828125,1858.412719646368,1815.8888930331207,1847.721014669323,1303645.0
2022-10-14,1858.0238037109375,1882.4689515567445,1845.2423333757442,1846.7489391804904,1819114.0
2022-10-17,1830.4197998046875,1860.3566204672352,1825.7543998456204,1849.5677421661258,2588147.0
2022-10-18,1864.3416748046875,1877.0744993365927,1840.0423460609502,1840.0423460609502,1401849.0
2022-10-19,1851.51171875,1892.4317655542561,1848.3528059415503,1866.1884899148288,1636141.0
2022-10-20,1850.78271484375,1864.05017219681,1833.4330176816254,1845.4368624680828,1374019.0
2022-10-21,1824.150634765625,1871.0483399087937,1814.7710700071777,1860.064995700611,2225676.0
2022-10-24,1856.2257080078125,1866.0912591293152,1846.7489698729382,1852.5808087251687,269400.0
2022-10-25,1894.472900390625,1899.8673989963554,1838.5359151011116,1861.3286387002413,2136147.0
2022-10-27,1909.00390625,1916.585225604877,1895.2504624942792,1897.3887559574089,2245395.0
2022-10-28,1919.6956787109375,1930.3387375839095,1908.7609804240194,1916.7311130490784,2013794.0
2022-10-31,1966.3988037109375,1977.6251407543402,1922.7571867073916,1930.3386245352822,3176507.0
2022-11-01,1967.7110595703125,1998.3768609022488,1934.275277050348,1975.0495045493044,4464211.0
2022-11-02,1956.87353515625,1984.7691163147608,1943.9462451662691,1979.4232641405536,1889651.0
2022-11-03,1952.4024658203125,1965.8157430719764,1937.1425344585657,1949.778185711933,1052241.0
2022-11-04,1958.623046875,1972.473664093063,1948.5631486253778,1953.6660076004537,2312753.0
2022-11-07,1961.1016845703125,1975.0494757900992,1937.1425222685373,1964.7465839473857,1395070.0
2022-11-09,1947.34814453125,1979.8605979124388,1940.3013394162754,1968.2942127119375,1301233.0
2022-11-10,1922.2227783203125,1945.7444817575017,1914.9815069580902,1939.0864892210677,1261210.0
2022-11-11,1954.7352294921875,1962.2194941328792,1936.1219194517967,1947.4454306760347,1203125.0
2022-11-14,1943.751953125,1965.232536013451,1939.3294278322016,1956.6305973644571,1175155.0
2022-11-15,1940.593017578125,1960.4698208053956,1922.6600419792367,1946.8621968632658,1450841.0
2022-11-16,1947.4454345703125,1953.5202669292544,1929.415403318415,1930.3387303773463,1195832.0
2022-11-17,1972.668212890625,2001.2927755524245,1945.0155047587518,1945.8903043496618,3786182.0
2022-11-18,1967.7110595703125,1993.4683488766889,1950.6043553079674,1981.8533168189133,1248459.0
2022-11-21,1955.0753173828125,1976.0213859279013,1950.7500843862754,1962.413762020872,714687.0
2022-11-22,1972.9111328125,1976.1672191112277,1962.9969355660112,1964.892354384004,1337869.0
2022-11-23,1968.2457275390625,1986.7132183159722,1961.4419151475695,1981.8047062024805,1046988.0
2022-11-24,1994.683349609375,2002.264788013911,1971.550458684871,1973.5915786709932,1611889.0
2022-11-25,2004.9376220703125,2037.0613822481182,2000.7580900512858,2003.236669051952,2652761.0
2022-11-28,2006.5899658203125,2013.9284107224858,1994.4889472985235,2006.4929108820752,1105372.0
2022-11-29,1993.0797119140625,2013.9284897952184,1981.464560872759,2011.9845433764972,1413764.0
2022-11-30,2016.69873046875,2027.536136952665,1987.685234932023,1995.4610206921482,2104550.0
2022-12-01,2045.2742919921875,2050.8631370338676,2021.1693128745374,2026.8068040283754,2614357.0
2022-12-02,2027.0498046875,2040.0741486955221,2011.1579503308838,2037.3528139820432,1957264.0
2022-12-05,2027.1473388671875,2038.0333909147603,2010.8667882649013,2037.2071188007624,1767537.0
2022-12-06,2034.8258056640625,2041.1436311891716,2009.0685169847704,2022.6761411926982,1530731.0
2022-12-07,2064.47119140625,2083.910656485405,2037.547579731252,2037.547579731252,3438327.0
2022-12-08,2106.9462890625,2114.041740986129,2060.5832142025715,2060.5832142025715,3743754.0
2022-12-09,2093.678955078125,2132.849523174242,2077.592750880682,2107.237933992664,2573609.0
2022-12-12,2103.058349609375,2108.2098549903726,2074.7254259611036,2088.6730988976224,1536090.0
2022-12-13,2112.000244140625,2114.7218162674526,2092.1720879131003,2109.1816170831257,1233124.0
2022-12-14,2133.91845703125,2148.0607141701425,2114.0902992043193,2115.9369533153463,1516631.0
2022-12-15,2116.520263671875,2147.088772984709,2112.681017037665,2135.1334553088236,1323412.0
2022-12-16,2114.04150390625,2149.615814477438,2100.4338804328304,2100.4338804328304,2822390.0
2022-12-19,2122.789306640625,2126.1425664648414,2094.650732109753,2110.1536560058594,1592779.0
2022-12-20,2102.62109375,2118.8043531406606,2078.0787696463653,2118.8043531406606,1747181.0
2022-12-21,2086.14599609375,2113.9929316121666,2082.7927362231853,2092.7554608998385,1979681.0
2022-12-22,2050.814697265625,2088.138608547772,2038.1304002177787,2083.910430432446,1993744.0
2022-12-23,2004.9376220703125,2045.177215699701,1992.642256599703,2035.797769689138,2026125.0
2022-12-26,2032.4444580078125,2048.919355077869,1993.5168867479647,1995.2178397230057,1154610.0
2022-12-27,2064.568359375,2068.3589599179986,2026.5641125136403,2042.6503163579696,1059351.0
2022-12-28,2061.652099609375,2076.1344029126985,2054.410710659609,2069.330591667198,1153883.0
2022-12-29,2051.73828125,2061.117965686803,2035.4577289733243,2050.5233146621886,1517150.0
2022-12-30,2027.3416748046875,2073.2187607282644,2022.7734483892923,2055.7232437600933,1189427.0
2023-01-02,2030.88916015625,2038.810883354032,2016.8928423402485,2034.2424199144461,807344.0
2023-01-03,2030.4033203125,2038.0334046699954,2009.9918835987373,2029.4799932541243,1260225.0
2023-01-04,2012.5191650390625,2042.55304212396,2000.3208538690078,2032.3473234817711,1015547.0
2023-01-05,2028.8482666015625,2040.366006146861,2010.5264776510194,2021.704168969843,1881403.0
2023-01-06,2028.0706787109375,2062.235440942713,2013.7827204772466,2031.6182858856014,1877917.0
2023-01-09,2062.2353515625,2067.6784960337727,2041.8725618587598,2048.919367082359,1844365.0
2023-01-10,2047.607177734375,2072.1495002058364,2038.422078764089,2072.1495002058364,1425414.0
2023-01-11,2065.783203125,2080.022514673019,2038.3249619850405,2047.0727202243197,1455621.0
2023-01-12,2099.218994140625,2103.981567618775,2058.73640768196,2058.73640768196,2726901.0
2023-01-13,2093.046875,2104.17615734597,2057.8614946194307,2101.3086467304324,2180210.0
2023-01-16,2077.301025390625,2100.434034451336,2072.5384517449515,2086.826409980111,1009649.0
2023-01-17,2151.073974609375,2155.6422011701447,2076.523440650743,2079.9253468361458,4645453.0
2023-01-18,2202.97705078125,2211.0444750427646,2138.3408390552613,2158.7522743371524,4090049.0
2023-01-19,2209.39208984375,2219.7921542778813,2178.1916592432426,2196.51344661083,2176835.0
2023-01-20,2186.89111328125,2233.254188720947,2175.713421177639,2218.480243139282,1962410.0
2023-01-23,2170.902099609375,2209.5866796700566,2164.5842739333234,2191.7995229993912,1466706.0
2023-01-24,2145.630859375,2189.1753066081287,2138.3410603057755,2181.7882152987227,1036962.0
2023-01-25,2113.75,2143.200834436234,2094.602176058995,2139.312941766055,2134447.0
2023-01-27,2099.316162109375,2133.480921120602,2067.484043582405,2113.7498200396813,1647900.0
2023-01-30,2053.681884765625,2112.3405567467235,2025.3976097045672,2069.719441045998,3441304.0
2023-01-31,2064.85986328125,2072.975934782594,2014.560247937211,2060.5346298079153,4516463.0
2023-02-01,2085.4169921875,2153.8438054777257,2021.9957455870974,2073.2186819717817,6868872.0
2023-02-02,2084.78515625,2106.217212096164,2048.7737401601116,2075.7459956125554,3488506.0
2023-02-03,2105.82861328125,2120.699850908229,2071.323564200145,2115.9370397829343,2045634.0
2023-02-06,2095.67138671875,2120.456701843692,2082.2581098973906,2103.5928729080574,1332484.0
2023-02-07,2104.613525390625,2111.1256980862368,2089.7909347387763,2101.6489598006283,1089248.0
2023-02-08,2071.129150390625,2114.2846647648103,2065.9776450648883,2099.996706444853,1452145.0
2023-02-09,2087.215087890625,2091.637613268565,2075.8430492745906,2089.7423130489155,1563181.0
2023-02-10,2103.2041015625,2109.1329951336807,2077.641161400185,2080.216795213337,1454665.0
2023-02-13,2141.548583984375,2148.4494512770393,2099.656444439231,2112.0977487715127,2978938.0
2023-02-14,2130.224853515625,2153.892494573353,2120.991108615604,2152.9205214259823,1874906.0
2023-02-15,2114.090576171875,2126.5318818864994,2096.7894039513953,2124.733636360065,1946344.0
2023-02-16,2117.2490234375,2140.5763775317337,2110.833906142339,2125.5107946792077,2464602.0
2023-02-17,2163.95263671875,2185.967734860672,2099.462119741686,2108.9875045964395,3753179.0
2023-02-20,2163.126220703125,2188.8835088849414,2152.920502744292,2171.096352982778,1779752.0
2023-02-21,2166.965576171875,2198.603350895719,2160.40475715395,2176.247967575382,1882604.0
2023-02-22,2133.238037109375,2178.1917945834875,2120.894025759893,2166.5281169685827,2103097.0
2023-02-23,2098.635986328125,2146.3113225750967,2093.144432284118,2142.229082309819,2000556.0
2023-02-24,2074.2392578125,2111.4172291796176,2059.3680218060285,2099.4619124960573,1479060.0
2023-02-27,2054.459716796875,2079.925367318757,2023.7455058850846,2074.2394664460476,1398112.0
2023-02-28,2050.037109375,2078.370269559717,2026.564052321324,2055.7232473187532,2108587.0
2023-03-01,2056.0146484375,2070.3026048706474,2041.143413252751,2041.143413252751,1389077.0
2023-03-02,2062.138427734375,2088.770398387862,2048.482156869744,2070.2542615428033,1727640.0
2023-03-03,2091.734619140625,2099.364465092747,2072.489505572278,2080.0222965996836,1821066.0
2023-03-06,2081.140380859375,2123.6158007338704,2079.8283593813194,2097.7612179666257,1821012.0
2023-03-08,2109.959228515625,2128.232370043727,2080.605688695033,2091.686086987523,2965342.0
2023-03-09,2131.7314453125,2137.3689369897434,2110.6396756131094,2113.992935489825,1873933.0
2023-03-10,2097.372314453125,2120.8453706341556,2073.2186872422794,2110.639652764468,1900535.0
2023-03-13,2074.045166015625,2117.881016188435,2047.9475899430795,2103.39871002077,2334468.0
2023-03-14,2084.104736328125,2110.153663652274,2074.5793522016215,2084.2506746763925,2871343.0
2023-03-15,2115.645263671875,2150.4419499285345,2099.462005631055,2103.5442454046,3044201.0
2023-03-16,2112.680908203125,2125.7052533363226,2072.2467307329857,2123.6640148267616,2946792.0
2023-03-17,2134.2099609375,2166.430774685029,2125.4135568131896,2125.4135568131896,3286473.0
2023-03-20,2116.520263671875,2143.2008802314544,2091.6863012508347,2129.6905478331523,1996773.0
2023-03-21,2146.55419921875,2164.5843498167274,2120.8455551414904,2121.5258889323645,3178680.0
2023-03-22,2151.89990234375,2183.2946824661053,2146.0194173420336,2157.29440077174,1956033.0
2023-03-23,2144.804443359375,2179.163788920165,2138.875549559657,2151.948540887264,2455799.0
2023-03-24,2105.439697265625,2157.1488624494514,2092.7069904523432,2144.172925032826,1449544.0
2023-03-27,2093.630126953125,2128.621159715573,2089.742234423964,2114.0902088474595,1540581.0
2023-03-28,2073.802001953125,2108.9873824249885,2062.9643589820885,2106.9947900134407,1627243.0
2023-03-29,2087.263671875,2098.781648502378,2061.5550297835766,2077.738287644097,2372385.0
2023-03-31,2103.544189453125,2115.9368467956247,2090.276851217464,2096.0600438510055,1489542.0
2023-04-03,2109.32763671875,2122.3035744218596,2094.6023370181397,2118.9016680740347,1231654.0
2023-04-05,2194.472412109375,2199.089284640665,2104.321901103664,2109.181766926074,2763363.0
2023-04-06,2210.509765625,2227.4220022092723,2191.2646512820643,2194.4722098889056,2389899.0
2023-04-10,2244.96630859375,2254.8803871382565,2214.2034537060617,2220.8613273201554,1955914.0
2023-04-11,2236.996337890625,2264.6975743146454,2223.194365798637,2254.977842236042,1342440.0
2023-04-12,2224.360595703125,2247.882298916871,2217.9941239909936,2239.4261798121042,1165839.0
2023-04-13,2195.4443359375,2230.6783623581905,2179.6011262528464,2230.4840151892886,1956668.0
2023-04-17,2151.948486328125,2210.072526327236,2139.4585368247213,2195.4442834208003,4125850.0
2023-04-18,2154.4755859375,2167.499930059871,2126.677061421972,2157.7801994317997,2848601.0
2023-04-19,2157.391845703125,2172.3601383140835,2146.2141537162743,2146.2141537162743,1970015.0
2023-04-20,2170.173095703125,2188.348946525727,2159.9673774163116,2162.6403036342863,1898996.0
2023-04-21,2153.114990234375,2180.13589271743,2140.284991423888,2177.3656741716695,1009316.0
2023-04-24,2166.4306640625,2170.1242091595805,2125.2677472449573,2157.780198725592,1239073.0
2023-04-25,2184.947021484375,2190.8275065725575,2155.933764985177,2168.5207699701436,1350118.0
2023-04-26,2212.356689453125,2223.194332939474,2181.1564923208393,2184.8500379157467,1894812.0
2023-04-27,2240.9814453125,2245.258032359644,2203.560478106506,2211.967951143922,1252989.0
2023-04-28,2298.133056640625,2302.6042277302213,2247.4934015248787,2247.4934015248787,2884961.0
2023-05-02,2317.621337890625,2348.627423859294,2306.6866399161695,2306.6866399161695,1840153.0
2023-05-03,2290.26025390625,2323.015699786715,2282.6788162966945,2317.2811534387065,998235.0
2023-05-04,2290.843505859375,2314.8998421991737,2277.187472442366,2295.606316846947,1230912.0
2023-05-05,2310.8662109375,2339.490773325237,2290.940760958859,2290.940760958859,2425866.0
2023-05-08,2299.105224609375,2318.1559935215105,2288.0734715893173,2310.8175486819723,1583576.0
2023-05-09,2307.8046875,2334.582359613427,2301.292277150483,2301.292277150483,1417301.0
2023-05-10,2298.181884765625,2321.9952271241095,2284.136920099533,2320.099926926632,1675409.0
2023-05-11,2179.3095703125,2249.1945843235953,2174.6442888876654,2235.5383136868804,9470848.0
2023-05-12,2158.849609375,2172.3599409340413,2135.765247586551,2160.355977884797,5367292.0
2023-05-15,2183.8779296875,2196.6592814723913,2152.920490469622,2158.6550370374007,2662740.0
2023-05-16,2164.778564453125,2191.7994656354413,2160.793616894486,2191.410771292498,2528855.0
2023-05-17,2157.391845703125,2181.107897260315,2148.2551550915055,2162.008718480303,1961004.0
2023-05-18,2126.871826171875,2170.9509081440533,2119.8736662052443,2167.500355633973,2290757.0
2023-05-19,2128.669677734375,2137.417435398571,2107.7236105343713,2130.5649777686613,1729803.0
2023-05-22,2154.4755859375,2159.724145557414,2117.346025099779,2128.6210075475865,1112099.0
2023-05-23,2136.056884765625,2166.1396462243997,2132.5092773774895,2163.22372651969,2265389.0
2023-05-24,2123.906982421875,2146.6026498445763,2115.013523233778,2138.3408782694446,2648479.0
2023-05-25,2142.9091796875,2145.4364048242815,2116.957543759442,2128.6212216864915,1689521.0
2023-05-26,2156.27392578125,2158.509511629599,2139.3130406829882,2147.088826382881,1249128.0
2023-05-29,2162.202880859375,2178.969417406607,2157.974702810822,2162.640221309677,1369656.0
2023-05-30,2148.83837890625,2174.3040290601107,2145.339180498117,2167.500216720629,1716729.0
2023-05-31,2143.832275390625,2161.6680758820066,2138.3407225451506,2139.409987825667,2809284.0
2023-06-01,2145.92236328125,2159.7243345210836,2140.430572617023,2154.864468781837,1049488.0
2023-06-02,2171.922607421875,2174.595533532231,2150.1502669077345,2158.752324036677,1399950.0
2023-06-05,2204.72705078125,2209.1009305656466,2177.2201593441882,2182.0800257712954,2344944.0
2023-06-06,2214.10595703125,2216.7788829130077,2200.2553410985056,2205.40684571206,1677680.0
2023-06-07,2250.603759765625,2253.0336925660627,2214.1547677590556,2214.1547677590556,2128603.0
2023-06-08,2274.708740234375,2279.3256125544535,2247.930833318294,2252.013072962738,2556995.0
2023-06-09,2296.772705078125,2302.458843300265,2272.716368027476,2279.2771872231074,2501720.0
2023-06-12,2274.36865234375,2303.576494597751,2267.710778272007,2298.7166285753933,1172382.0
2023-06-13,2288.413330078125,2291.81523586622,2261.8786547694767,2280.103150062843,1688768.0
2023-06-14,2289.04541015625,2293.8566297802727,2274.4171668160334,2286.955525508715,1013564.0
2023-06-15,2295.1201171875,2303.0902491086276,2283.164800656749,2288.9966392280307,2561534.0
2023-06-16,2300.46630859375,2313.2963078837265,2286.324050512393,2297.5017427563694,1794542.0
2023-06-19,2300.02880859375,2352.077782073122,2294.828657208563,2312.3241742902037,3111256.0
2023-06-20,2315.239990234375,2322.6754897421997,2288.462083106002,2298.6678009470857,1771306.0
2023-06-21,2327.341064453125,2344.399240716472,2315.2400461801976,2315.2400461801976,1607299.0
2023-06-22,2348.5302734375,2356.0630658303157,2313.2962445033627,2327.4871483174743,1741775.0
2023-06-23,2322.57861328125,2358.9789622519193,2316.4551346464305,2351.1545305128802,1212955.0
2023-06-26,2310.914794921875,2336.4777360570315,2301.5837578244823,2330.888890481583,793572.0
2023-06-27,2321.12060546875,2329.7710718720296,2305.0830479606784,2320.5373266401093,1012317.0
2023-06-28,2353.58447265625,2364.7135184074355,2323.06460890131,2332.735694843218,1734938.0
2023-06-30,2406.168212890625,2413.8953520825203,2347.363836485957,2352.175056186712,2690699.0
2023-07-03,2385.2705078125,2422.5455318542595,2379.3900234077732,2408.7435620212377,1078456.0
2023-07-04,2392.85205078125,2414.7698541611435,2389.304206617585,2389.304206617585,1441581.0
2023-07-05,2401.55126953125,2415.304594472899,2385.562358919369,2392.0258853481737,1191896.0
2023-07-06,2418.8525390625,2429.88429222369,2398.392456262032,2398.9270889680947,1796824.0
2023-07-07,2380.70263671875,2433.8208768309673,2376.0857640490426,2413.1664464664873,1837661.0
2023-07-10,2370.3994140625,2394.310047407556,2352.1749183111224,2381.3341115133267,1178479.0
2023-07-11,2405.1962890625,2409.5215222701177,2378.612727570397,2378.612727570397,1219658.0
2023-07-12,2386.145751953125,2416.276923578533,2379.1962379329816,2410.785369475748,1822435.0
2023-07-13,2381.47998046875,2415.2560483093857,2377.6893800044522,2396.8858502160365,1141663.0
2023-07-14,2402.960693359375,2407.626212081264,2380.0220314006688,2381.577283407345,845623.0
2023-07-17,2399.607177734375,2424.1008517924624,2395.9136325855734,2405.6333633465697,878697.0
2023-07-18,2405.342041015625,2420.164632379931,2398.927160246682,2399.8018412112187,720865.0
2023-07-19,2424.246826171875,2432.8002376655836,2397.274570268951,2405.2449402301295,1431080.0
2023-07-20,2419.921630859375,2425.753470064867,2399.8504791797304,2424.10116308294,1045704.0
2023-07-21,2513.765625,2522.2703902851617,2450.4416675388784,2451.3163484775255,4610417.0
2023-07-24,2532.23291015625,2564.065029072906,2511.481189622633,2563.724743569816,2155297.0
2023-07-25,2489.1259765625,2544.3827457617876,2481.4474834991283,2542.6817927276616,2068876.0
2023-07-26,2572.083984375,2598.910538611685,2512.5506280999057,2518.382467081956,5820099.0
2023-07-27,2585.64306640625,2601.340576009005,2572.278434868901,2594.1478319300177,2117794.0
2023-07-28,2575.29150390625,2593.370062095357,2551.42951564318,2585.594276904825,1325724.0
2023-07-31,2606.200439453125,2614.607912729074,2557.3587860647845,2580.5888506675433,1284981.0
2023-08-01,2591.912109375,2613.635804228994,2580.9290026022054,2606.2003045397114,1298745.0
2023-08-02,2577.658203125,2600.071388900892,2558.538271749699,2593.2393620081925,1479486.0
2023-08-03,2554.016357421875,2597.908654353044,2542.4165280878956,2570.629507570981,1612618.0
2023-08-04,2582.327392578125,2590.2900500214596,2554.409371909208,2560.79908171002,1101278.0
2023-08-07,2591.1748046875,2608.9677857364222,2578.592182949216,2583.4089453335787,1163125.0
2023-08-08,2587.53759765625,2604.5441046141023,2583.703867647575,2594.2714649771096,767310.0
2023-08-09,2606.608642578125,2609.950856526968,2570.875321104389,2590.290209773469,906865.0
2023-08-10,2598.64599609375,2616.4389774833166,2577.1666434216595,2595.3037821301805,1040041.0
2023-08-11,2593.73095703125,2611.818656980212,2586.6039722146966,2597.2207700100184,1320121.0
2023-08-14,2614.767578125,2618.3557901003232,2571.612555174645,2592.256233943249,1364413.0
2023-08-16,2645.38916015625,2649.2720898021607,2607.0508998585565,2623.7132496036984,1703875.0
2023-08-17,2607.493408203125,2645.389354746101,2597.1715681329524,2645.389354746101,1629067.0
2023-08-18,2597.122314453125,2629.3166244780414,2588.0784646747607,2605.035773008495,1898966.0
2023-08-21,2617.077880859375,2621.354167592683,2578.936177576682,2597.0241168644384,1376318.0
2023-08-22,2633.346923828125,2640.080550957905,2616.8319334983844,2622.7301271877122,1497180.0
2023-08-23,2671.48876953125,2679.7461451458007,2636.9350389579504,2643.914664535535,1990672.0
2023-08-24,2642.538330078125,2719.8539688265487,2635.1166277936177,2700.8813963683565,2619182.0
2023-08-25,2593.632568359375,2637.180951346529,2586.3582246541696,2632.0200312859306,1408427.0
2023-08-28,2649.616455078125,2654.1874597039136,2605.0850396990195,2608.52565307271,1551734.0
2023-08-29,2672.81591796875,2675.912614053112,2650.550329924836,2664.0178259159998,1101830.0
2023-08-30,2663.03466796875,2691.1984491335065,2661.0686032452586,2676.7479214154737,1920079.0
2023-08-31,2656.841552734375,2678.3701057524145,2632.9048583946064,2673.848060826761,2439625.0
2023-09-01,2656.251708984375,2669.8665625206936,2642.6858150652083,2664.017568257907,1263430.0
2023-09-04,2665.09912109375,2695.4747249489537,2659.102527712225,2686.627433729209,1548282.0
2023-09-05,2686.578125,2692.525518522466,2673.8479044837923,2674.3394206427047,1066447.0
2023-09-06,2684.12060546875,2696.2611508702375,2665.983706790542,2693.508612317878,1747425.0
2023-09-07,2798.103271484375,2807.4912787165313,2683.6783984086255,2686.6274955497342,4100519.0
2023-09-08,2852.366943359375,2879.006977732233,2823.711404543645,2838.9976065536307,3638510.0
2023-09-11,2845.09228515625,2876.3527630482,2841.01279675132,2855.709082930629,1545803.0
2023-09-12,2894.145751953125,2957.9444579889237,2882.6932806243726,2901.5184948693486,7788759.0
2023-09-13,2857.42919921875,2893.752195482007,2839.439659743868,2893.5556370174218,2458417.0
2023-09-14,2869.078125,2881.9065043296982,2856.69182220112,2875.2710364013233,1910041.0
2023-09-15,2859.19873046875,2885.1506879728545,2850.7937560504242,2883.233822929619,1655275.0
2023-09-18,2870.306884765625,2880.284566359742,2857.6748240299553,2860.62392085558,736631.0
2023-09-20,2840.96337890625,2894.980956398286,2837.080449277266,2877.2863747995616,1399240.0
2023-09-21,2850.15478515625,2855.8072208617195,2797.7591157476663,2836.097375315198,2444711.0
2023-09-22,2868.97998046875,2886.625363563662,2853.0057044082337,2859.3462152141647,1965569.0
2023-09-25,2853.25146484375,2874.190102404505,2822.285945070252,2868.439267018743,1049532.0
2023-09-26,2863.131103515625,2894.0474249159984,2860.6243228619414,2865.5394849287145,953456.0
2023-09-27,2914.739990234375,2944.0833606031206,2862.2459210351394,2872.42040141311,2903693.0
2023-09-28,2958.92724609375,2998.7400545544797,2927.715970325153,2938.283567632631,4081102.0
2023-09-29,2972.24755859375,3006.4571329344913,2954.258018294054,2988.418393016862,2698016.0
2023-10-03,3021.104248046875,3025.232936024404,2944.2803638997502,2988.909937748808,3254492.0
2023-10-04,2976.376220703125,3012.1095429008956,2939.315948821484,3012.1095429008956,3100946.0
2023-10-05,3043.517333984375,3062.047349653723,2981.0947801948587,2981.0947801948587,3413447.0
2023-10-06,3041.207275390625,3062.0967138048354,3021.00591165396,3062.0967138048354,1898118.0
2023-10-09,3022.529296875,3032.654577337045,3003.7043247523643,3022.8242545579947,1181760.0
2023-10-10,3023.8076171875,3046.417362049435,3020.0228465048326,3021.694193558358,1551789.0
2023-10-11,3036.2919921875,3057.2306293851666,3032.064905053997,3037.5699822508573,2066921.0
2023-10-12,3029.4599609375,3052.364662815554,3015.009433314256,3041.502107289892,1870280.0
2023-10-13,3037.1767578125,3046.417165639326,3011.51951821106,3015.6974055792325,1437808.0
2023-10-16,3049.26806640625,3060.4255800022383,3022.529633469217,3046.3681688631154,818794.0
2023-10-17,3014.272216796875,3061.3593715184847,3011.0281619626157,3057.1322843100943,1847182.0
2023-10-18,2993.92333984375,3026.9038822919865,2985.6165247133586,3016.5820428973298,1350839.0
2023-10-19,3002.573974609375,3017.810976342754,2956.1256951318155,2974.262834354896,1599104.0
2023-10-20,2961.237548828125,3004.3925723133916,2926.7822175042998,2988.3690972614277,1667471.0
2023-10-23,2908.104736328125,2955.8799659738224,2898.962487198978,2952.0462356929575,1614030.0
2023-10-25,2866.62060546875,2915.182305418815,2860.9189700904612,2908.7925954254843,2108353.0
2023-10-26,2815.99462890625,2866.669755685704,2808.572686497823,2856.6920731088903,3286109.0
2023-10-27,2852.66162109375,2861.164995339321,2809.1624374618655,2816.0436642510904,2399538.0
2023-10-30,2876.69677734375,2882.2508140523414,2807.687715240719,2850.0073053770957,1693052.0
2023-10-31,2879.35107421875,2901.4693030267013,2858.608994759592,2880.2357073718113,1556467.0
2023-11-01,2846.173583984375,2932.532831114658,2822.335049722768,2897.438624551836,3875595.0
2023-11-02,2868.586669921875,2888.0015579774495,2853.939344554493,2885.1998199043587,1451606.0
2023-11-03,2861.852783203125,2898.028419840576,2855.708831328494,2884.2167680267817,1136175.0
2023-11-06,2924.963623046875,2928.453435966839,2877.581510719681,2883.233946858254,1235499.0
2023-11-07,2911.0537109375,2932.975380077677,2905.941990778791,2919.6060442797034,1112206.0
2023-11-08,2945.607177734375,2951.8003294140635,2910.75872962952,2924.226224553206,1013438.0
2023-11-09,2973.525390625,2977.309921034546,2946.147844684323,2952.0460385675747,1719911.0
2023-11-10,2981.782958984375,2992.350557042261,2954.258052414998,2969.790011978774,947753.0
2023-11-13,2996.774169921875,3002.5250052663955,2980.209978543521,2998.248718471943,531769.0
2023-11-15,3012.945068359375,3018.9416619229605,3003.163944102434,3010.389328150513,1160184.0
2023-11-16,2999.379150390625,3029.8041945516875,2993.3335972525724,3006.0638185745934,1597607.0
2023-11-17,3056.24755859375,3062.5880692152014,2993.480847407553,2998.248650276918,1325050.0
2023-11-20,3036.390380859375,3059.147483838917,3024.004077208596,3042.5835326847646,1231164.0
2023-11-21,3022.67724609375,3046.4173823577844,3010.487500435866,3036.09554224331,1884782.0
2023-11-22,3030.000732421875,3036.2428439938585,3010.5366434296247,3022.677189239935,1104208.0
2023-11-23,2993.972412109375,3035.6039285667907,2979.620283648063,3027.739669684493,1514688.0
2023-11-24,3002.426513671875,3014.9601759619027,2988.025185941801,2998.248626241866,915121.0
2023-11-28,2998.248779296875,3007.243429635509,2983.5032934970545,3002.180908843494,1210508.0
2023-11-29,3031.426025390625,3037.4715783759366,2997.2656510469446,2998.2486834021583,1801107.0
2023-11-30,3056.444091796875,3071.5337341572085,3006.8009588174195,3024.1024239342632,3131624.0
2023-12-01,3136.511962890625,3143.6881467966937,3068.093057699292,3076.8419493120086,2112908.0
2023-12-04,3257.326904296875,3290.7500043298023,3194.8551502062915,3229.2612825931287,3095974.0
2023-12-05,3259.194580078125,3268.582587087281,3223.4122982818967,3262.733592562646,1659309.0
2023-12-06,3334.74072265625,3343.2930561881835,3264.650467392225,3273.4977586317705,2057233.0
2023-12-07,3298.66357421875,3352.0420408408468,3280.428275438048,3334.7408148264217,2128823.0
2023-12-08,3321.125732421875,3371.8011001630207,3308.887027157063,3319.7003834549623,2428891.0
2023-12-11,3328.35107421875,3347.2252478811833,3302.9887908607275,3320.6341740503703,1534238.0
2023-12-12,3285.687255859375,3317.734206714598,3275.46381534016,3317.734206714598,1888423.0
2023-12-13,3342.113525390625,3352.1404076425965,3289.422893951591,3296.0583625004438,1509107.0
2023-12-14,3374.8486328125,3381.6314603820315,3342.4085635704632,3367.819807144505,2425646.0
2023-12-15,3428.81689453125,3439.5318513274055,3374.6027555151954,3376.8635379597545,2632935.0
2023-12-18,3432.35595703125,3446.5115273164656,3407.1902320818226,3436.681203507805,1767429.0
2023-12-19,3439.5810546875,3465.189095863652,3417.0697094682364,3429.750731011291,1311700.0
2023-12-20,3360.49609375,3454.9655987325427,3354.6470992579452,3445.528392158476,1876048.0
2023-12-21,3366.05029296875,3381.582252872266,3276.446985800964,3332.529032162412,2292802.0
2023-12-22,3418.937255859375,3436.681037476406,3350.764107538747,3365.9027094734593,1681707.0
2023-12-26,3430.83203125,3448.821570888279,3418.937244057978,3418.937244057978,1072263.0
2023-12-27,3483.86669921875,3488.781861040447,3444.692763500572,3450.4435988312116,1389266.0
2023-12-28,3458.357177734375,3499.546139234552,3441.1049111401144,3484.8498528757905,3371121.0
2023-12-29,3466.172119140625,3479.934572251223,3435.6981158243007,3471.0872809658385,968577.0
2024-01-01,3465.63134765625,3477.968451638937,3436.730292587616,3477.968451638937,777080.0
2024-01-02,3379.763671875,3465.6314050038186,3373.7670784461066,3465.2382880568675,1511464.0
2024-01-03,3381.975341796875,3407.042665984193,3353.7131625660754,3374.749958237751,1283859.0
2024-01-04,3400.013916015625,3421.0509521502554,3364.919709377571,3382.6634911645956,1651616.0
2024-01-05,3462.1416015625,3494.6800689491574,3401.2919939702065,3406.1579561931667,2069018.0
2024-01-08,3441.694580078125,3499.545888590757,3430.7828252364316,3479.9344416438303,1993855.0
2024-01-09,3495.61376953125,3532.77243964386,3460.372204462653,3467.597348096857,1807271.0
2024-01-10,3485.34130859375,3498.563046125242,3460.2739828656045,3489.715754691779,1534821.0
2024-01-11,3445.380859375,3499.1526782902665,3441.1537724771306,3485.3410264487006,1105348.0
2024-01-12,3508.245849609375,3517.928574122562,3434.7641824746715,3445.5775381734243,1782631.0
2024-01-15,3482.932861328125,3544.5197428637716,3478.0176995136876,3515.4221289211832,1783518.0
2024-01-16,3512.865966796875,3528.1029676322887,3477.968319722217,3487.798642841839,1791818.0
2024-01-17,3510.359375,3553.12128286779,3487.5038725189397,3494.6800567814375,2699076.0
2024-01-18,3534.984375,3555.5788549915437,3465.189077273359,3510.2120074684813,2148898.0
2024-01-19,3584.135986328125,3593.818951078156,3541.865594827272,3541.865594827272,1913923.0
2024-01-23,3490.747802734375,3599.2255163150785,3476.198876255316,3575.8784984849062,1742142.0
2024-01-24,3528.2998046875,3556.5619858879777,3461.945118390726,3509.425630807157,3711521.0
2024-01-25,3532.4775390625,3556.856789265897,3504.3137583223156,3538.818049700548,2206540.0
2024-01-29,3645.083740234375,3670.495220992268,3539.0146518832207,3542.8483818243494,2072982.0
2024-01-30,3571.651611328125,3674.4766547688023,3563.393995297765,3652.8991419242775,1454989.0
2024-01-31,3420.706787109375,3477.9684209477605,3329.5797371378712,3460.273838817444,9637606.0
2024-02-01,3340.343994140625,3434.4693435929394,3313.8021201436277,3420.952648501876,6149780.0
2024-02-02,3318.766357421875,3378.0432551299355,3303.9716728034773,3344.9640731096847,7579802.0
2024-02-05,3285.04833984375,3350.1250331017454,3262.1436381990698,3318.2256814969937,2954238.0
2024-02-06,3366.1484375,3369.5890506360884,3280.9195829570976,3289.226158100314,2545192.0
2024-02-07,3337.099853515625,3388.5124931578844,3331.4966171488454,3386.546428467918,2099940.0
2024-02-08,3278.904541015625,3359.8081548151595,3237.961337919304,3355.089551337529,3471727.0
2024-02-09,3268.140380859375,3332.479802798737,3252.8049795729025,3279.641811825158,3121873.0
2024-02-12,3243.564453125,3282.4923903623385,3231.2273490770262,3273.497740318375,1922273.0
2024-02-13,3265.14208984375,3281.9028401260325,3228.376774384282,3255.803282120277,2151493.0
2024-02-14,3252.85400390625,3260.669062987632,3207.683716009988,3234.2255891152977,2502138.0
2024-02-15,3244.3017578125,3265.5843124866537,3234.373034940201,3252.854091376783,1999189.0
2024-02-16,3329.28466796875,3340.343781429929,3247.987944124862,3248.8725772025077,2768329.0
2024-02-19,3283.1806640625,3350.1742221834957,3278.904377374721,3342.8506792338067,1216447.0
2024-02-20,3299.7939453125,3310.6073015047805,3271.9740809272776,3283.1807940708886,1578162.0
2024-02-21,3240.4677734375,3299.941231179559,3234.2256619543627,3299.941231179559,2430672.0
2024-02-22,3306.675048828125,3311.8359686367753,3221.3477933254794,3253.83706031099,2521388.0
2024-02-23,3330.46435546875,3342.2115438868536,3284.0652771991845,3306.675020932053,2107176.0
2024-02-26,3411.26953125,3432.404726266313,3335.428683272108,3342.3099095564894,4122419.0
2024-02-27,3446.95361328125,3452.4094906296773,3393.329152492944,3416.0372949709936,2122286.0
2024-02-28,3411.318603515625,3453.392433511921,3387.6766289501143,3445.528175194786,1666903.0
2024-02-29,3418.544189453125,3436.681088272327,3378.1414639550185,3425.8677324453834,2119512.0
2024-03-01,3571.847900390625,3596.276349307091,3440.6130869319354,3442.2349942450974,4407803.0
2024-03-04,3582.6123046875,3617.3625952750995,3560.5924754030525,3607.7288299638517,1307501.0
2024-03-05,3551.302734375,3582.612170465882,3529.3810651508325,3569.586991935605,1981370.0
2024-03-06,3580.400390625,3590.476472250364,3525.20321996433,3556.6110556652293,1500196.0
2024-03-07,3614.560546875,3642.2820095773072,3581.432406553522,3598.6354717054296,2344401.0
2024-03-11,3578.827880859375,3637.2199099001346,3569.832990326545,3637.2199099001346,1748541.0
2024-03-12,3560.198974609375,3609.6947488782403,3551.8431997277125,3577.3038813071857,1470377.0
2024-03-13,3478.50927734375,3575.0922087091567,3452.3113204096185,3573.2243031876847,2503293.0
2024-03-14,3546.977294921875,3574.3056423875005,3462.2399539298067,3467.204315321638,4528490.0
2024-03-15,3477.1328125,3541.8655893368423,3464.2552325964903,3536.950427542037,4054210.0
2024-03-18,3500.774658203125,3511.5880137485115,3466.860043083504,3477.132682851996,1354787.0
2024-03-19,3442.284423828125,3489.273419411317,3421.9357016398912,3480.9176442134026,1447405.0
2024-03-20,3450.148681640625,3465.139925372857,3428.571168989598,3443.3166546278585,1442811.0
2024-03-21,3499.59521484375,3534.9843799376754,3465.3364409688484,3465.3364409688484,2504962.0
2024-03-22,3556.41455078125,3585.4140056521824,3486.0293371969537,3486.0293371969537,3020545.0
2024-03-26,3607.8271484375,3614.511576464763,3538.9164842314067,3543.831646015062,2320963.0
2024-03-27,3643.51123046875,3663.9583526078504,3607.827345964249,3620.508368061104,2387693.0
2024-03-28,3700.035400390625,3748.646542546278,3634.8113473636895,3643.658638595526,4278668.0
2024-04-01,3772.878173828125,3786.493267927305,3716.697970808546,3716.697970808546,1905190.0
2024-04-02,3742.79736328125,3794.5049621323606,3707.2608389745246,3784.478079921172,3608162.0
2024-04-03,3718.270751953125,3735.2280603905624,3706.1794057633247,3735.2280603905624,1684618.0
2024-04-04,3733.409423828125,3754.93773581746,3667.7428163016702,3740.339609743757,2339529.0
2024-04-05,3679.58837890625,3725.692498789113,3653.19386507257,3706.1302515889165,1645597.0
2024-04-08,3743.239990234375,3754.9871793202697,3679.5886428462886,3681.45630839201,1083395.0
2024-04-09,3721.0234375,3762.998873492511,3710.9473552770623,3755.1838138167886,1997057.0
2024-04-10,3689.516845703125,3735.522806157532,3686.469589518029,3735.522806157532,1951581.0
2024-04-12,3616.82177734375,3737.5873976609155,3601.3390178158124,3686.3221165584205,3437544.0
2024-04-15,3539.702880859375,3617.411634962523,3525.3505127651024,3564.5244473250796,1719910.0
2024-04-16,3483.325927734375,3537.0977492045167,3469.56347485363,3519.3050076932896,2291042.0
2024-04-18,3490.69873046875,3556.266941251657,3479.6396163562536,3501.5120864898577,3273257.0
2024-04-19,3458.65185546875,3482.785106901113,3413.4813284132993,3465.188924390691,2759031.0
2024-04-22,3551.40087890625,3558.5770629720905,3480.8683086664028,3508.1966556579137,2605754.0
2024-04-23,3548.89404296875,3571.1106694558407,3527.1199730252715,3571.1106694558407,1434580.0
2024-04-24,3573.175048828125,3592.933854043625,3539.997708729366,3555.1855097527296,1501234.0
2024-04-25,3590.3291015625,3603.7965967640926,3550.3197328986516,3554.7433784756945,2420380.0
2024-04-26,3544.0283203125,3598.783176372282,3524.1711140571897,3590.0342841106994,1973113.0
2024-04-29,3572.634521484375,3587.9696821621487,3544.0281840690564,3544.913057183897,1396979.0
2024-04-30,3533.313232421875,3587.035854484185,3523.2371508092306,3577.254730576903,1571996.0
2024-05-02,3538.425048828125,3572.4870247671647,3515.372987536179,3529.1354408445814,3748847.0
2024-05-03,3440.416748046875,3560.5432560635268,3429.2592346107563,3548.7468675840228,4079696.0
2024-05-06,3404.5361328125,3467.1552482126867,3382.712861699477,3463.026560163976,2614667.0
2024-05-07,3369.58935546875,3436.681317691999,3366.8860163315494,3420.362883628184,3376013.0
2024-05-08,3427.6865234375,3438.057322967009,3310.6564715126897,3370.818004699296,4116670.0
2024-05-09,3219.873291015625,3319.700275032287,3211.2225582602136,3256.5404459914744,12120574.0
2024-05-10,3215.941162109375,3250.0523369591824,3179.716563687459,3225.919084549805,4132191.0
2024-05-13,3237.961181640625,3258.7522197128437,3170.4758672395483,3211.615866827031,3557067.0
2024-05-14,3322.108642578125,3327.466120910786,3237.51866046963,3244.006770008901,2870328.0
2024-05-15,3353.418212890625,3359.4145660646263,3296.254739284734,3332.4795764021014,2718682.0
2024-05-16,3401.8818359375,3409.647695479342,3321.3713427214498,3370.768718156894,3398714.0
2024-05-17,3392.198974609375,3416.9713425077857,3354.253828861537,3416.9713425077857,2676919.0
2024-05-21,3382.565185546875,3411.417281605587,3375.7331585750126,3399.3259354549778,2100848.0
2024-05-22,3402.127685546875,3413.7764751730087,3376.7654023130335,3391.510887914321,1409992.0
2024-05-23,3524.56396484375,3540.538239956345,3396.3766470163896,3402.1764416734054,4525637.0
2024-05-24,3564.376953125,3596.915420377188,3521.516886047509,3525.1540577951887,2740360.0
2024-05-27,3590.033935546875,3632.3043241636647,3538.916256289362,3583.05431026439,2570708.0
2024-05-28,3596.12890625,3622.7199794020107,3584.1851591586255,3590.0341536601704,1440187.0
2024-05-29,3573.1259765625,3599.7170492038185,3549.0908839895046,3549.7297590075214,1506146.0
2024-05-30,3573.027587890625,3582.120637009393,3546.534914403679,3564.5244541734073,2701849.0
2024-05-31,3607.040771484375,3681.259716412045,3574.6988620799234,3574.6988620799234,6432341.0
2024-06-03,3831.0244140625,3853.3883999506247,3736.6043491575165,3789.9828135864914,5767666.0
2024-06-04,3345.45556640625,3831.8600096832693,3263.667324820024,3786.6405226526304,9920882.0
2024-06-05,3351.157470703125,3383.106023885246,3121.1770874117606,3383.106023885246,10372458.0
2024-06-06,3423.45947265625,3478.165128758799,3327.8595734307237,3379.6653320036944,8374602.0
2024-06-07,3472.561767578125,3487.798768964526,3387.5294695185335,3406.25628373822,5879660.0
2024-06-10,3483.620849609375,3524.170933573082,3461.3060635247307,3461.3060635247307,3151257.0
2024-06-11,3537.638427734375,3577.2546789663015,3490.944391666527,3509.4254476256383,2548176.0
2024-06-12,3568.702392578125,3587.03584992884,3517.2897526104916,3553.661949605066,2242274.0
2024-06-13,3640.8076171875,3652.849763309984,3573.3225432840154,3603.305029548159,2965500.0
2024-06-14,3625.226806640625,3656.88040082014,3612.643944358606,3654.9143360885164,1746508.0
2024-06-18,3626.602783203125,3647.0499034376567,3612.6437722731503,3645.083838799685,1936792.0
2024-06-19,3529.037109375,3636.2368403818305,3514.340823023802,3627.3895487993927,2936151.0
2024-06-20,3561.236572265625,3579.9124915512257,3531.6625368886803,3551.8243540135686,2618715.0
2024-06-21,3502.336181640625,3576.643172764542,3483.5117438892325,3570.7481998456587,4508508.0
2024-06-24,3498.967529296875,3534.0403306945373,3472.6132209375814,3487.8214811554917,2330559.0
2024-06-25,3554.648193359375,3558.7597499311096,3495.400706699931,3523.6373620686804,2158039.0
2024-06-26,3569.658203125,3591.4053337598266,3559.057120958622,3567.7262697674155,2480187.0
2024-06-27,3531.46435546875,3568.0235395085265,3517.1975102093993,3564.209017285815,5519875.0
2024-06-28,3515.66162109375,3542.9075160367374,3505.407402127858,3507.289749024576,3141514.0
2024-07-01,3493.964111328125,3508.676749607373,3481.530027139966,3502.5340870656305,2961120.0
2024-07-02,3592.990478515625,3600.4211771476025,3502.385541573321,3502.385541573321,5087748.0
2024-07-03,3580.952880859375,3616.7687518854223,3571.689179714271,3616.6202346651207,1923801.0
2024-07-04,3540.2822265625,3610.3288997028403,3532.851527674528,3582.686796593475,1851947.0
2024-07-05,3593.634521484375,3604.3843626954545,3535.0311726490877,3540.2822482724014,1635209.0
2024-07-08,3598.439697265625,3612.0130585397096,3560.7908237810175,3606.464948630707,1706210.0
2024-07-09,3632.224853515625,3650.950118291094,3612.4096561300557,3616.2735228663482,2425176.0
2024-07-10,3616.322998046875,3659.866844585888,3567.7261795760105,3650.999592405431,2231438.0
2024-07-11,3587.640625,3650.553876095973,3569.707774784106,3626.1810867915146,2942924.0
2024-07-12,3615.629638671875,3633.809937207494,3579.3181442017562,3596.45833837869,2001185.0
2024-07-15,3617.858642578125,3640.051565713179,3603.3934525037653,3636.0885264472968,943302.0
2024-07-16,3602.94775390625,3617.8587379140035,3587.541389977207,3612.4095587798215,2220953.0
2024-07-18,3622.416015625,3645.2530779167314,3565.397739447795,3606.3657548731135,3240772.0
2024-07-19,3585.064453125,3625.1406399640023,3576.6429945505733,3617.264147674278,2432533.0
2024-07-22,3617.7099609375,3628.0140083802585,3534.634893678459,3584.4699200062273,3639057.0
2024-07-23,3505.35791015625,3679.682056118013,3428.02905604963,3635.6924158520765,6957691.0
2024-07-24,3486.9296875,3525.0739415258454,3468.6502167398844,3516.2066892915877,3184060.0
2024-07-25,3585.70849609375,3597.349924596564,3499.413456322879,3506.2991890603626,4691483.0
2024-07-26,3645.89697265625,3666.8021016568177,3562.8714930705823,3595.4673944643587,2617659.0
2024-07-29,3740.06884765625,3754.979831776795,3652.535360033135,3666.802205120295,4159919.0
2024-07-30,3749.67919921875,3759.9336605012822,3704.054901273021,3739.969946119707,1979989.0
2024-07-31,3779.748779296875,3786.6840981579703,3728.3284404949313,3742.1494918483113,2703636.0
2024-08-01,3744.378662109375,3803.477389028954,3731.0529908147664,3774.7949404176857,1998663.0
2024-08-02,3631.828369140625,3714.259541086526,3623.307979478477,3695.881139197811,2512525.0
2024-08-05,3495.400634765625,3574.5622473988606,3479.0530977833027,3563.7630621462454,2900685.0
2024-08-06,3543.1552734375,3601.3128273732077,3513.2343747983955,3515.215894468333,2125532.0
2024-08-07,3604.632080078125,3621.970377721598,3576.9899765889945,3596.458311189059,1613097.0
2024-08-08,3520.714599609375,3595.2196895455763,3514.6708679657236,3587.5413009561235,2038088.0
2024-08-09,3558.85888671875,3572.234144389889,3542.6598667853705,3566.7353789703648,848232.0
2024-08-12,3538.944580078125,3577.6338004034938,3530.0773278420515,3545.9294853625324,1965035.0
2024-08-13,3518.98095703125,3573.6708535154207,3512.4418451309184,3546.9203370072655,1316218.0
2024-08-14,3512.441650390625,3545.6321042179725,3503.822088370616,3526.0645978570737,1584372.0
2024-08-16,3535.3779296875,3547.811772023547,3500.3544730069766,3544.9386652756757,2808865.0
2024-08-19,3522.200927734375,3566.636362817366,3514.2252623959716,3566.5870183316038,1898535.0
2024-08-20,3539.687744140625,3546.920339578724,3515.2160236942213,3529.086661893691,1285569.0
2024-08-21,3562.822021484375,3581.894148674575,3548.8026244189223,3556.827875990509,1714248.0
2024-08-22,3573.17529296875,3578.7729892012117,3550.8336106374327,3573.7202592470203,1734927.0
2024-08-23,3565.298828125,3588.532097719208,3553.905090100767,3573.1753203821986,1825180.0
2024-08-26,3608.248291015625,3614.292023005356,3561.4844733054415,3577.6339076404442,1606911.0
2024-08-27,3668.486328125,3702.469438244461,3602.4026966702863,3608.9911527032123,3315435.0
2024-08-28,3654.962646484375,3689.985861796769,3650.950020744061,3670.7652176002025,1278175.0
2024-08-29,3649.414306640625,3675.7190289308087,3617.809164304788,3656.3992119323852,2165489.0
2024-08-30,3670.41845703125,3710.3957145547793,3632.5218919894023,3683.992060763176,2592912.0
2024-09-02,3649.067626953125,3687.5585012212314,3632.4723997991414,3671.7559303082635,1277813.0
2024-09-03,3656.05224609375,3679.6323781420283,3633.0170803223837,3659.8171817795624,1211993.0
2024-09-04,3617.066162109375,3646.9870616437684,3597.5482411534276,3616.2735058407375,1930121.0
2024-09-05,3590.662109375,3634.107024290044,3575.0576421905484,3634.107024290044,2958770.0
2024-09-06,3541.71875,3590.315568693052,3503.5249096620782,3581.6960064328896,3096557.0
2024-09-09,3545.236083984375,3560.7909655347785,3521.012053589111,3550.883366854938,1454589.0
2024-09-10,3562.9208984375,3591.5044165479167,3538.003385239341,3551.8740229860086,1203483.0
2024-09-11,3504.26806640625,3570.6489775558207,3483.907902743875,3561.7817251150263,1865165.0
2024-09-12,3588.5322265625,3604.4339707528998,3501.3453585510424,3525.12359528144,3751523.0
2024-09-13,3579.615234375,3601.164260488384,3566.7849430660444,3588.5320727667454,1752455.0
2024-09-16,3628.41015625,3636.088544866544,3579.615235041641,3585.708311189913,1045964.0
2024-09-17,3661.0556640625,3670.7651587432733,3625.883690206795,3634.1070451471865,1289060.0
2024-09-18,3695.97998046875,3723.2258759487204,3650.1573380706172,3654.9130336586118,2249929.0
2024-09-19,3649.662109375,3715.7457447730767,3640.051786948083,3715.349537576296,1711564.0
2024-09-20,3758.84375,3774.6959078186196,3646.243988248508,3665.8114955558667,5401701.0
2024-09-23,3752.700927734375,3803.328851369825,3714.358571017065,3764.8873219164702,1937874.0
2024-09-24,3756.565185546875,3796.3936835802774,3740.118475101147,3752.7010769583158,2676546.0
2024-09-25,3758.79443359375,3777.9654919680165,3743.0907928834763,3752.5525980290936,2113862.0
2024-09-26,3727.386962890625,3767.810011954277,3701.874897506245,3765.8780786807533,2750597.0
2024-09-27,3671.4091796875,3703.460357923151,3617.2642500742177,3703.460357923151,4095425.0
2024-09-30,3641.58740234375,3681.3167270593494,3631.134837585759,3664.820672368274,1837697.0
2024-10-01,3619.7412109375,3689.5897822721363,3605.7220554306127,3633.116469278175,1674100.0
2024-10-03,3465.3310546875,3583.578338245253,3453.194246657778,3549.397123794199,5315877.0
2024-10-04,3461.665283203125,3520.7146662267596,3436.4504937350202,3482.5208261434614,3445879.0
2024-10-07,3436.302001953125,3480.4897458680553,3397.3155053348632,3472.6132534846006,2304227.0
2024-10-08,3499.760009765625,3505.803741625895,3436.9459318073277,3460.6745819218163,2249452.0
2024-10-09,3454.878662109375,3524.826160210482,3448.834930458676,3509.3208657946843,1645791.0
2024-10-10,3428.3759765625,3522.052127770106,3423.5706944900494,3482.5209061300893,2686116.0
2024-10-11,3450.370849609375,3464.7864541615186,3415.1492876909674,3437.3422121277545,1280465.0
2024-10-14,3522.200927734375,3540.8272616859044,3468.947584668747,3477.5671471693995,1974378.0
2024-10-15,3519.079833984375,3537.012684122755,3487.623208572359,3537.012684122755,1231552.0
2024-10-16,3499.958251953125,3548.802517781621,3481.0842289239285,3517.19737614145,1961835.0
2024-10-17,3537.31005859375,3549.892660730696,3489.258204269039,3517.09841185004,2968537.0
2024-10-18,3544.74072265625,3559.255258044508,3507.5376410412273,3536.9631608978584,2102609.0
2024-10-21,3552.468505859375,3588.482480170472,3538.300592062359,3546.920154115808,1750549.0
2024-10-22,3479.449462890625,3558.462561891636,3467.6595172857465,3551.874105562686,1363574.0
2024-10-23,3423.471435546875,3481.4804722366666,3411.186110352357,3468.699767124874,2125268.0
2024-10-24,3410.83935546875,3442.4943266909463,3385.1787716967206,3412.1769780415616,1924421.0
2024-10-25,3295.66357421875,3403.260194141124,3284.4185946906396,3393.3525953226635,3236774.0
2024-10-28,3309.9306640625,3341.833083904265,3232.403703251498,3285.3597705978486,2991674.0
2024-10-29,3349.659912109375,3353.1275716175005,3285.3596939840263,3285.3596939840263,2253467.0
2024-10-30,3376.8564453125,3406.6285854189828,3322.017790636822,3348.7187203265817,1785128.0
2024-10-31,3588.829345703125,3621.177557084316,3475.93231254891,3497.3821659060313,7637083.0
2024-11-01,3592.842041015625,3608.248163013316,3586.5506192804,3591.4548321093766,212796.0
2024-11-04,3541.42138671875,3591.454757579255,3498.273748223489,3591.454757579255,1724189.0
2024-11-05,3541.768310546875,3551.874012498377,3509.1721668076166,3523.141977250831,1251506.0
2024-11-06,3611.765380859375,3626.0818120535296,3524.5289292827542,3560.7908358845502,1819732.0
2024-11-07,3612.85546875,3629.1534203086458,3586.550745704968,3613.64812502655,1581009.0
2024-11-08,3626.478271484375,3633.116314000204,3587.1944989060057,3606.762005642167,1622142.0
2024-11-11,3595.319091796875,3627.171925224892,3572.6801317566133,3612.3105270062706,926127.0
2024-11-12,3558.16552734375,3617.264256361415,3546.920306155537,3616.2734964993606,1116206.0
2024-11-13,3515.166259765625,3571.540638731014,3502.979865586132,3551.8739595234183,1568694.0
2024-11-14,3493.6669921875,3532.802007059221,3467.8080628221655,3525.1236180654023,1291765.0
2024-11-18,3509.419921875,3535.3284372010994,3478.4093319368303,3488.5646204454893,1233217.0
2024-11-19,3473.5048828125,3573.670801019988,3462.7056971346988,3527.0059150429074,1826460.0
2024-11-21,3451.31201171875,3497.9273120409725,3420.5488693375355,3497.3823457348035,1510581.0
2024-11-22,3570.203125,3580.110723515332,3441.008137113958,3467.65948036631,2534018.0
2024-11-25,3718.32177734375,3726.247856272274,3620.2365506032675,3626.18110979966,4753829.0
2024-11-26,3668.387451171875,3720.203996884119,3655.9037805332373,3720.203996884119,1141534.0
2024-11-27,3664.5234375,3685.6266708471194,3650.950075825708,3669.774513123046,971816.0
2024-11-28,3632.17529296875,3686.1221198575586,3614.2920288241835,3665.811542392949,2124283.0
2024-11-29,3690.38232421875,3715.349423970889,3601.511214374312,3601.511214374312,2094305.0
2024-12-02,3669.823974609375,3683.4965085580607,3638.96166095972,3672.5981504936294,1158369.0
2024-12-03,3752.05712890625,3763.7481434838655,3667.29757557445,3686.61739260098,3252670.0
2024-12-04,3754.880615234375,3799.5639807052953,3723.3250595085055,3740.118390394391,2510166.0
2024-12-05,3796.14599609375,3848.1113024577694,3725.2570796192617,3774.795072699305,2765170.0
2024-12-06,3830.970947265625,3848.0615541590573,3764.8873156546315,3796.591629891723,1856562.0
2024-12-09,3910.826416015625,3922.418257918458,3831.7637313714667,3831.7637313714667,3332753.0
2024-12-10,3886.8994140625,3926.8766708182884,3865.251456441381,3918.4552120818294,2349493.0
2024-12-11,3880.55859375,3911.1729759766104,3865.9448861460396,3886.8993599564724,1237958.0
2024-12-12,3824.23388671875,3922.4182855950135,3811.403594909171,3893.6862496560757,1899867.0
2024-12-13,3851.08349609375,3861.981854328129,3759.1409346122255,3823.342220588058,2300361.0
2024-12-16,3842.01806640625,3878.230144335169,3821.6083173515144,3846.1296229071436,918660.0
2024-12-17,3772.020751953125,3839.59052354427,3761.9150501295635,3827.354784853903,1690180.0
2024-12-18,3723.424072265625,3783.7119065193083,3710.395676856457,3772.020891790718,1318341.0
2024-12-19,3682.010498046875,3727.4366924425294,3665.8114776014195,3667.941514543971,1856838.0
2024-12-20,3596.309814453125,3690.5805194235677,3573.770027388189,3682.0105432934306,2796593.0
2024-12-23,3606.861328125,3665.8115407395962,3583.628057412665,3636.0887444633295,1217612.0
2024-12-24,3606.1181640625,3645.0054881752694,3598.835982411058,3614.2423464556105,627922.0
2024-12-26,3595.962890625,3631.283382671433,3576.989936171985,3624.1995464681772,1124705.0
2024-12-27,3574.7607421875,3609.9820616491907,3570.2031500845333,3598.836013241129,1309122.0
2024-12-30,3545.8798828125,3589.522902163864,3533.0495912548545,3574.562331818288,1591690.0
