Date,Close,High,Low,Open,Volume
2014-01-01,811.1532592773438,822.9063552270391,810.3245324288544,821.2489015300602,529952.0
2014-01-02,816.31396484375,824.6014162634835,812.2267076971348,815.9372625064893,1726948.0
2014-01-03,837.10791015625,839.7072114478647,808.8740885513513,815.4475259011783,2618174.0
2014-01-06,843.6625366210938,845.3199900102492,827.6149813068259,839.6694553176673,2311810.0
2014-01-07,831.061767578125,850.0099122368166,828.3683828387221,843.8131776074296,2897486.0
2014-01-08,841.0447387695312,845.3203486214335,832.5124645514118,833.2658694967072,2550020.0
2014-01-09,844.5478515625,849.6521870185071,837.0703647739618,839.5753987220118,2582206.0
2014-01-10,859.2205200195312,870.1072752276093,841.9299155874307,851.3474761644713,3369334.0
2014-01-13,892.3140258789062,898.0587388687336,860.7651922462484,860.7651922462484,3814316.0
2014-01-14,876.4923706054688,898.3599648511447,873.9496292273288,893.5381553996656,2974964.0
2014-01-15,886.6069946289062,895.8738204654273,876.5866718632298,882.4067067915508,3048854.0
2014-01-16,885.36376953125,896.5895207181418,875.8331793366227,896.5518136865213,2997962.0
2014-01-17,833.6613159179688,865.6621683698207,831.0243989560067,865.6621683698207,7564756.0
2014-01-20,880.8053588867188,885.250464720259,834.584001952227,835.8836065812333,6010558.0
2014-01-21,858.994384765625,881.2009698441422,857.0355509446147,879.2232825120135,3132282.0
2014-01-22,856.6400756835938,865.2289084420371,852.8919053522875,861.5560601939437,2384030.0
2014-01-23,848.5034790039062,857.6385141043042,842.7964732439988,854.3989279713758,2290762.0
2014-01-24,847.0906982421875,860.1057850130419,841.9298935745752,845.3202152936674,1850266.0
2014-01-27,841.3922729492188,852.6757075079151,837.8072235040648,840.0336910434252,2532948.0
2014-01-28,834.882568359375,848.2793319223194,828.7502470101399,842.2979231687881,2852166.0
2014-01-29,833.9202270507812,845.3168917180338,832.1088152849396,845.3168917180338,1698076.0
2014-01-30,836.864013671875,840.411289852025,826.4484619559653,829.4863388841271,2225250.0
2014-01-31,845.713134765625,856.5626258946722,838.146775569183,839.6940442004773,2174246.0
2014-02-03,828.12744140625,846.920664280127,826.7500646801604,838.5241020521074,1362480.0
2014-02-04,811.8627319335938,820.7875807286258,797.0319310139829,820.4102071282908,2694166.0
2014-02-05,828.1085815429688,830.221910531758,807.5794947899827,816.5610047939987,1853650.0
2014-02-06,820.8820190429688,826.4105060742156,809.4664663129148,822.6745438518202,1922652.0
2014-02-07,809.2398681640625,828.3350081664838,804.1830990445453,826.4481402663324,1990912.0
2014-02-10,790.050537109375,809.0890172463997,786.8617485415427,809.0890172463997,4019270.0
2014-02-11,793.1262817382812,802.4851678642533,790.9752700886315,792.4847648788771,3568786.0
2014-02-12,794.5411376953125,801.3905230388136,790.5976024484448,799.2771942653013,3074348.0
2014-02-13,805.2208862304688,806.9756365461662,791.1637202025437,795.1261428412877,2094350.0
2014-02-14,818.1082763671875,824.4670590468075,803.0888792181588,806.7870671801389,1910062.0
2014-02-17,817.1648559570312,824.9387899152578,810.2966740282832,815.1270751221211,1670394.0
2014-02-18,817.3912963867188,826.825637296076,813.5609908304139,817.0139227503445,1526916.0
2014-02-19,829.4485473632812,835.8827876995642,815.976324019586,818.9009703422367,1072918.0
2014-02-20,826.2030639648438,838.5242771794123,823.7312480516604,832.4862985858612,1587924.0
2014-02-21,832.3729858398438,835.1278317274789,826.7312685752257,829.4672273551735,1717860.0
2014-02-24,821.8819580078125,832.2031632152848,818.9385175210655,831.731446197251,2450424.0
2014-02-25,826.033203125,830.033400946314,822.6746142591337,826.0709773455246,3305374.0
2014-02-26,823.4859008789062,828.3351892955606,821.5990325661601,827.9578156330114,3859712.0
2014-02-28,858.8082885742188,860.4121269687878,815.1838473890374,815.5046519208554,3988192.0
2014-03-03,845.3359985351562,867.5821603401325,840.7886268977013,857.317613842159,1606078.0
2014-03-04,845.56201171875,850.5999854865629,839.278778936165,842.7505971851774,2030332.0
2014-03-05,849.8074340820312,862.7702519760875,846.279046778099,850.9207597258342,2302006.0
2014-03-06,845.5999755859375,852.8644180851138,842.354525460684,850.166233438314,1314562.0
2014-03-07,840.977294921875,849.1097166265691,812.4101241064201,847.3926478559886,4698472.0
2014-03-10,808.57958984375,840.9771535684653,805.6927183615317,840.826240965929,3829768.0
2014-03-11,811.9758911132812,821.7876049733981,800.7868004295395,813.240129559688,2550254.0
2014-03-12,822.4667358398438,826.353701692904,812.4852242241453,812.4852242241453,1669788.0
2014-03-13,811.1837158203125,830.9769494365247,806.3910878989693,810.6176552280532,2019884.0
2014-03-14,807.4096069335938,815.3155644736972,801.654660227635,807.9567801611598,2161246.0
2014-03-18,800.7870483398438,812.0328038259217,794.0886646885562,805.8815936520906,2565842.0
2014-03-19,769.6156616210938,783.050151390769,759.6718773455701,783.050151390769,8652662.0
2014-03-20,795.5791625976562,801.1265371894476,759.0494185253795,769.0875490594472,5728956.0
2014-03-21,802.673828125,809.4665544561002,786.824133352433,801.9190807548778,4680776.0
2014-03-24,812.334716796875,814.3536109450505,802.353108070853,806.4287627248408,2183014.0
2014-03-25,810.0892944335938,819.6557555047506,803.8060585751007,809.089290884984,2249968.0
2014-03-26,790.0316162109375,814.5608997331304,787.7862617611202,810.6173641163921,3192350.0
2014-03-27,790.3146362304688,798.1451381771237,779.2953458934279,792.8430208422211,5012476.0
2014-03-28,793.277099609375,801.107601988994,784.9559931120571,791.3524573523363,2971162.0
2014-03-31,804.9944458007812,809.4474726398149,785.6918233058827,793.9940423802004,2683268.0
2014-04-01,821.4292602539062,824.5614801840292,809.4287589579598,809.4665331783718,2755932.0
2014-04-02,819.7499389648438,830.9768054324254,815.5233723682026,826.4483214791152,3763016.0
2014-04-03,817.5801391601562,823.4294316397235,810.447812925069,819.9764990611383,1581194.0
2014-04-04,807.1456909179688,825.3161958250055,803.8058971683867,819.655590915369,1694656.0
2014-04-07,812.787353515625,817.3724063281286,800.2962493438287,803.8436167922839,2594986.0
2014-04-09,807.7304077148438,815.8817142381988,794.371419274472,812.1079782796503,3350500.0
2014-04-10,802.352783203125,810.8436885725769,798.2205610164356,807.7303566037779,2152886.0
2014-04-11,816.674560546875,820.7501232977423,792.4848665760996,799.2775940038948,2340742.0
2014-04-15,850.1283569335938,852.1095682858971,820.4290737550342,823.051801785448,3597244.0
2014-04-16,828.825927734375,854.3741104007372,824.259668825002,854.3741104007372,3475910.0
2014-04-17,838.864013671875,840.4112827921545,808.5986594535439,837.7696667259016,7681438.0
2014-04-21,838.43017578125,846.4115941855829,834.486638300462,837.7697716819512,1842594.0
2014-04-22,838.1658325195312,849.0530079358388,837.7317975070811,843.0339161509985,1486274.0
2014-04-23,835.4110107421875,846.7887907041392,830.6372703908461,842.0716195537033,1938992.0
2014-04-24,835.4110107421875,835.4110107421875,835.4110107421875,835.4110107421875,1938992.0
2014-04-25,832.2033081054688,843.4301750893198,827.6559368334597,840.4111856482842,3160448.0
2014-04-28,826.9578857421875,838.788495834722,822.7124316613676,832.2033432647004,2550766.0
2014-04-29,828.0521850585938,832.618443371767,821.5047149548053,824.9388522447697,1846180.0
2014-04-30,826.1463012695312,832.3352838478892,823.0518560464675,824.5991247241145,2397378.0
2014-05-02,833.4110107421875,837.7319216027834,823.1464635260453,823.1464635260453,1917778.0
2014-05-05,835.3921508789062,841.1659869818133,831.7882135759749,834.2978039892107,1314478.0
2014-05-06,829.806884765625,838.373340353603,826.4482961228615,835.392033229798,961232.0
2014-05-07,817.2215576171875,831.3541829268306,807.6174162817259,826.8445860623233,4716182.0
2014-05-08,815.9006958007812,823.353825181759,810.4664601120177,817.0517038278351,2606900.0
2014-05-09,815.0894165039062,824.4483026757376,812.1082011314635,812.1082011314635,1799440.0
2014-05-12,814.8819580078125,817.655599498548,801.2209559921907,812.4855980950396,2886064.0
2014-05-13,834.3541259765625,844.9394736734587,817.3157451267473,817.3157451267473,2547484.0
2014-05-14,836.2979125976562,844.4491294251978,830.6373069678691,835.6563035871445,1389228.0
2014-05-15,827.636962890625,839.6563501946201,819.3347427988131,836.2977616467363,2520196.0
2014-05-16,815.4100952148438,850.3737262187836,792.5789899224693,830.2408977403045,5241798.0
2014-05-19,768.5970458984375,815.1272445336868,754.558761780142,811.3535072904752,6516606.0
2014-05-20,780.484130859375,815.1270488624772,765.3137292097703,765.3137292097703,4702114.0
2014-05-21,786.0128173828125,788.3336286948121,775.8048407676629,777.8426218156504,4116946.0
2014-05-22,796.994140625,801.5415108431871,783.0879790142353,791.2580804427743,4216842.0
2014-05-23,803.0133666992188,810.9759877031321,790.9751839114774,799.6547780097426,3094780.0
2014-05-26,812.8628540039062,818.7499198830144,805.1644682840633,810.9759857262742,2650850.0
2014-05-27,804.35302734375,824.4104916088462,799.2773703071983,815.1836323959697,1795094.0
2014-05-28,811.5610961914062,814.655542361301,800.9568574900477,807.5797849001431,1887488.0
2014-05-29,815.108154296875,822.6745140104362,805.7681569474446,809.4664369506355,2820710.0
2014-05-30,808.0891723632812,817.7687704723651,803.8625134109261,814.6743247004418,2585648.0
2014-06-02,803.7493286132812,814.2780169007067,798.5415536658136,809.0891290627344,1095158.0
2014-06-03,803.2775268554688,806.8248020414862,794.4469288409704,803.7492438819196,2484628.0
2014-06-04,788.4278564453125,805.6549258012155,783.8050294780012,803.8058318671847,2141062.0
2014-06-05,794.0507202148438,798.6735473773939,780.408699767642,786.1070786739663,4348470.0
2014-06-06,794.0889282226562,803.0613801998744,783.3258181244003,800.14671227495,3361586.0
2014-06-09,805.3473510742188,806.9475116725619,792.4696998484083,795.1366651844365,2666196.0
2014-06-10,822.2443237304688,823.311128335929,805.8044266532817,805.8044266532817,2628068.0
2014-06-11,840.8369750976562,843.5230087015374,814.6435664037851,824.8542519597238,3544562.0
2014-06-12,852.4190673828125,858.762595935962,832.0167697146057,856.8576212333534,2734338.0
2014-06-13,843.3515014648438,853.0478056186038,832.4931439569697,852.6668106183275,1904022.0
2014-06-16,864.763427734375,867.5065732151155,841.9989757871874,841.9989757871874,2439906.0
2014-06-17,868.6115112304688,875.1455384490012,865.2396681835793,870.5354616189339,1918144.0
2014-06-18,848.4949951171875,873.6215985929398,846.3042737077199,873.6215985929398,1948824.0
2014-06-19,867.163818359375,872.097685745794,842.0372129456396,849.6189773757627,1896354.0
2014-06-20,873.3931884765625,875.9077935113801,861.8109738680912,870.5357250353553,1155674.0
2014-06-23,864.4205322265625,876.250352416634,858.7817876932842,873.6215241558083,1262734.0
2014-06-24,879.7365112304688,883.7178903223337,859.1437131609669,864.477643087465,1479100.0
2014-06-25,880.3080444335938,883.9084286972134,873.6215633632372,880.0984785735185,1028422.0
2014-06-26,879.203125,893.109443298069,872.9167071392292,874.764570201819,2036182.0
2014-06-27,914.216552734375,917.0168101190621,882.0034075195373,882.7653975044353,3058836.0
2014-06-30,924.065185546875,927.7227745545345,905.4727049709379,914.5975161214996,2146470.0
2014-07-01,910.8637084960938,921.6268162091607,907.6443196595258,921.5886795062918,1092790.0
2014-07-02,914.9977416992188,918.8648042181045,908.1016941448542,914.388112417726,907740.0
2014-07-03,921.2074584960938,931.532456674352,911.3397285746626,914.0066926633008,1526762.0
2014-07-04,918.388671875,924.1035982712352,914.7692184907178,919.1125253453044,536136.0
2014-07-07,948.125244140625,951.7256287365346,918.3504253661278,922.0270833846391,2204902.0
2014-07-08,933.2283325195312,947.2108326393198,927.0562311415081,946.7536571699056,2500588.0
2014-07-09,913.6829833984375,942.0671065913448,907.3775915183227,941.0575072010874,1554242.0
2014-07-10,896.0242309570312,921.8557155002608,889.6234951296968,914.216745686129,1990562.0
2014-07-11,912.273681640625,918.1981739388174,899.5675511015487,903.3393653149112,1329446.0
2014-07-14,924.3892822265625,929.2469693356355,908.7684844640528,921.550887577869,1587924.0
2014-07-15,914.121337890625,925.8178659893587,912.0067970008342,924.3700663610829,1389656.0
2014-07-16,915.0928955078125,923.5318977131276,909.3779703982016,918.0645821517228,1407240.0
2014-07-17,907.51123046875,925.7418826202401,904.8633332127296,918.1981612811277,1790220.0
2014-07-18,930.0848388671875,946.7724360208437,927.722688817205,934.1996028664421,3507488.0
2014-07-21,938.6762084960938,941.0003146511115,930.7896324709005,940.2954368618405,981072.0
2014-07-22,964.8318481445312,967.7274477932962,937.9716965423945,939.1528184293209,2399016.0
2014-07-23,985.309814453125,989.1769680702173,964.7932971670532,967.7269389693256,2065858.0
2014-07-24,988.7581787109375,991.3489632442858,978.014138604182,988.6438616107513,1481418.0
2014-07-25,992.7779541015625,996.054549076616,978.0143943888366,988.3012618015747,1806914.0
2014-07-28,1003.8465576171875,1007.8590956110769,990.5487608022537,999.1360634709396,1314922.0
2014-07-30,1006.075439453125,1011.8713888229026,997.3718136786838,1002.1016150334182,1899252.0
2014-07-31,1000.2601928710938,1007.2192135417826,996.0731194735276,998.3411451703986,2407210.0
2014-08-01,975.583740234375,1003.3229974902191,973.1025604108362,998.3024275131088,2381882.0
2014-08-04,979.3247680664062,985.4696004402845,964.5731382399085,981.6315056364342,1828636.0
2014-08-05,978.4140014648438,986.6718238718399,965.3876640384829,986.6330169810511,1404656.0
2014-08-06,971.8037109375,982.7366515241475,965.4456288049425,975.4867682504795,1837562.0
2014-08-07,957.517578125,967.2873553287906,953.3499071551465,965.3489037149053,1672656.0
2014-08-08,960.9677734375,972.2107903329141,955.6564361101987,955.6564361101987,1464790.0
2014-08-11,956.9744262695312,967.5002717090601,951.7794155886031,965.6974555366367,1290896.0
2014-08-12,958.2736206054688,965.3101625828455,946.0419711583942,965.3101625828455,984552.0
2014-08-13,969.2451171875,980.8564223079519,957.595005178119,957.595005178119,2768378.0
2014-08-14,969.1285400390625,981.6315485064131,965.3679641744162,974.6531251757988,1578056.0
2014-08-18,964.4180908203125,971.1638618204944,957.5947060665154,965.7556029573066,1373260.0
2014-08-19,945.3826904296875,971.1252855996702,944.0257745320029,969.2256412032883,3234156.0
2014-08-20,944.4910888671875,951.7990888743464,942.1068313852508,947.7089372837576,2056758.0
2014-08-21,943.0369262695312,953.717809283356,942.0871042920955,948.6778371204765,2265450.0
2014-08-22,955.3461303710938,956.8968911036662,944.3357670301986,947.5148076017874,3096238.0
2014-08-25,977.774169921875,980.2747529916071,956.3929968064225,957.5948743876882,3143512.0
2014-08-26,982.3294067382812,988.609968786268,969.2254595943804,980.4684749256752,1815490.0
2014-08-27,988.5905151367188,995.355689570902,974.6724761042054,982.4068759487564,1435460.0
2014-08-28,977.890625,988.3388592160481,974.2656829868444,987.4471526333039,1766288.0
2014-09-01,983.6280517578125,992.4868097757484,978.1616772913952,979.0726923770059,810148.0
2014-09-02,983.91943359375,990.4714581795902,974.6924777448841,986.9822445608158,1407940.0
2014-09-03,1010.475341796875,1014.1972042600217,984.3450694251511,984.3450694251511,3061690.0
2014-09-04,1002.0822143554688,1018.6365664681229,999.2520570502785,1016.5236738717629,1701598.0
2014-09-05,1007.4519653320312,1016.4463605930771,1001.423362752114,1007.9558869581987,1467060.0
2014-09-08,1024.5484619140625,1027.3786181697646,1007.6258293279618,1012.646396475255,1697342.0
2014-09-09,1020.1097412109375,1033.9696645357037,1017.7254845692822,1028.1543120917459,1418098.0
2014-09-10,1008.052734375,1024.568376372531,1004.5829256754328,1022.7268477422143,1258768.0
2014-09-11,1007.35498046875,1017.4542355752352,1004.699264444591,1011.8715339380215,1075622.0
2014-09-12,1010.9408569335938,1017.4346668428883,1005.3580620717712,1011.8712754184405,1196210.0
2014-09-15,991.8284301757812,1015.2061816620145,990.1613424231808,1013.4227678520731,1151544.0
2014-09-16,988.9393920898438,998.3020707375624,986.2836768762559,994.8128596165379,1535608.0
2014-09-17,1004.5829467773438,1009.8361685422556,992.8747202751575,992.8747202751575,1657700.0
2014-09-18,1024.393798828125,1028.076855600267,1000.6283714629616,1004.7766375287681,1483078.0
2014-09-19,1052.268798828125,1062.2712256494638,1024.2775832722202,1024.6652735005594,3587864.0
2014-09-22,1055.2154541015625,1059.9452567266267,1037.5561423974523,1052.1914508983411,999584.0
2014-09-23,1042.1888427734375,1078.7286464396702,1040.2891985333915,1056.068171743424,2055990.0
2014-09-24,1024.6654052734375,1049.4581796339164,1020.691579921923,1044.0499191832641,2442132.0
2014-09-25,1050.097900390625,1056.4559829413436,1031.256115458339,1031.624402283671,2473158.0
2014-09-26,1040.5604248046875,1056.416915027222,1035.171569257908,1050.6403693072664,1612712.0
2014-09-29,1073.1068115234375,1076.01448732264,1037.1873610109865,1044.9798753623058,2089534.0
2014-09-30,1060.953125,1076.4800430452174,1049.9232621970611,1075.0456081193727,2788954.0
2014-10-01,1076.0736083984375,1086.3085980139783,1061.108719758836,1066.9240762792533,2142022.0
2014-10-07,1058.917724609375,1100.9239033284548,1056.6885058352132,1062.1161689375201,3457674.0
2014-10-08,1040.25048828125,1062.2519105696554,1027.088422864454,1061.495933491696,1962442.0
2014-10-09,1049.1092529296875,1055.7969099524666,1041.5298893736826,1049.8652300107697,1685176.0
2014-10-10,1038.4281005859375,1057.405515116154,1034.5511989597067,1049.0895800580724,2344362.0
2014-10-13,1053.1800537109375,1056.3784985350494,1035.1330521671227,1039.009954984228,2209532.0
2014-10-14,1046.45361328125,1060.604308885769,1038.5447692147206,1058.3944931599108,2369406.0
2014-10-15,1046.45361328125,1046.45361328125,1046.45361328125,1046.45361328125,2369406.0
2014-10-16,1038.2734375,1069.4825068667112,1032.9038889473338,1058.394526349337,3848014.0
2014-10-17,946.41015625,973.6260915560197,942.0874471819542,959.533511018657,9892812.0
2014-10-20,939.489501953125,966.744136761041,937.4153219171441,965.3484144460564,3399242.0
2014-10-21,943.4053344726562,947.4179660716854,936.271872353195,940.4783490603719,1950732.0
2014-10-22,950.5581665039062,964.9608182367468,947.9412578967957,963.4100575806813,2067664.0
2014-10-27,952.6131591796875,976.8632057739827,947.8833565670784,976.5918415008973,2797208.0
2014-10-28,960.92919921875,963.3715723467582,951.1787315477783,963.3715723467582,2289958.0
2014-10-29,973.5348510742188,976.6231990239246,960.6957721504239,961.4727198027897,2425016.0
2014-10-30,993.7938842773438,1000.2813792578424,974.6809878991871,979.6534726488701,4111292.0
2014-10-31,1013.0818481445312,1017.8017687919044,994.8818052962088,994.8818052962088,3170070.0
2014-11-03,1006.2835083007812,1029.0674669422665,1002.4570020553109,1029.0674669422665,2541632.0
2014-11-05,1009.8377075195312,1024.7939497736193,1006.1472061841068,1024.7939497736193,2310642.0
2014-11-07,999.484619140625,1016.1306606493433,993.3272729222308,1011.8963351623524,2126740.0
2014-11-10,998.2418823242188,1003.0395727489021,990.9968822937448,1000.3591408748183,1541964.0
2014-11-11,1002.5348510742188,1007.7015743366924,992.7064397269186,1001.4859902235902,1249940.0
2014-11-12,1006.8272094726562,1014.3053318927773,1000.3202717824211,1002.2626412421928,1320582.0
2014-11-13,1005.5450439453125,1011.9354193383282,996.493584939046,1008.0895664437055,1645540.0
2014-11-14,1012.537841796875,1014.3636502740267,1000.3203558367591,1004.2827708991931,1457174.0
2014-11-17,1017.1412963867188,1019.7440527147182,1007.021531676087,1008.1287202987983,1570552.0
2014-11-18,1004.535400390625,1020.385061658602,1002.1656713614376,1017.8017478309783,1467026.0
2014-11-19,999.8346557617188,1009.2551474187256,993.5025125042276,1009.2551474187256,1865746.0
2014-11-20,1012.1493530273438,1014.0140468065129,994.706912005678,1005.3705021110067,1795386.0
2014-11-21,1018.6369018554688,1025.5711996079076,1004.8460770122564,1013.1400335520542,2001594.0
2014-11-24,1032.447265625,1035.2831446143507,1018.5787636693536,1018.5787636693536,1942766.0
2014-11-25,1024.01708984375,1040.8768173466142,1016.2476126825683,1033.340462437168,2371684.0
2014-11-26,1020.6376342773438,1031.9228215648802,1015.8593856935809,1021.70593764662,1584800.0
2014-11-27,1030.73779296875,1036.4483401925133,1019.8605240311974,1020.6374718124512,1732418.0
2014-11-28,1026.7366943359375,1045.7330333770922,1023.7649064265865,1032.6998076637135,1989768.0
2014-12-01,1046.1407470703125,1048.8795069736398,1027.6105614155633,1029.6500493457897,1896354.0
2014-12-02,1032.291259765625,1053.1328374042346,1029.2029125863485,1046.1597529322278,1436572.0
2014-12-03,1023.7645874023438,1038.5459413603178,1017.2187651641214,1037.9632305916539,3094670.0
2014-12-04,1024.7747802734375,1036.059966859919,1021.6475461819159,1034.8945450749247,1285308.0
2014-12-05,1001.8546142578125,1029.3780244059144,999.212973115246,1025.9205502432653,2359676.0
2014-12-08,976.1571044921875,1008.0896358381486,971.8255641804436,1008.0896358381486,3232574.0
2014-12-09,976.9530639648438,994.1041388574081,974.7193403234096,977.3997707562481,2487940.0
2014-12-10,974.2536010742188,983.5769741498067,969.7084756683207,977.0118035459824,2087970.0
2014-12-11,968.1351928710938,980.0807653074824,966.1345902210907,971.417873203032,1938822.0
2014-12-12,952.0325317382812,978.9537796470177,941.1358248654334,971.1843052053747,2380786.0
2014-12-15,916.27392578125,926.5102509773802,913.7877307595567,926.4713656504979,3487788.0
2014-12-16,949.0614013671875,955.354661044219,910.9715076339102,912.9138775862212,3339140.0
2014-12-17,949.4691772460938,959.5306141703245,934.3769270174789,953.0819089478998,2287076.0
2014-12-18,955.9175415039062,958.9476563685165,945.8561071702168,953.742144945342,1481444.0
2014-12-19,975.2830810546875,980.4109171058695,958.7534991252248,960.0354818485833,1903130.0
2014-12-22,976.3901977539062,982.4504281300444,961.2397166558154,981.2850065071143,1643954.0
2014-12-23,977.6723022460938,985.4223380351524,969.0870854601746,971.1848067057525,1266476.0
2014-12-24,963.376220703125,979.2843000412977,957.8404685818216,977.0116901809175,3288972.0
2014-12-26,973.126708984375,975.0690776649825,957.5877595395148,965.7457079980663,626206.0
2014-12-29,980.080810546875,985.5388880674693,973.9041131827814,974.2925871010833,778920.0
2014-12-30,982.8585815429688,987.6756208084546,977.4005033250234,980.8967690364404,701342.0
2014-12-31,993.8130493164062,996.9790726917109,980.8962961102026,983.8875252526666,1573792.0
2015-01-01,988.8798217773438,997.2125685256316,987.1122464447332,997.2125685256316,366830.0
2015-01-02,1002.048828125,1006.5162772872535,990.8414147406944,990.9967663398744,925740.0
2015-01-05,986.820556640625,1009.9929805494601,980.7603275085361,1002.6508637690987,1754242.0
2015-01-06,950.4401245117188,982.4892159620673,947.8761592587928,982.4892159620673,2423784.0
2015-01-07,939.2134399414062,963.0851449461541,935.2315819963237,959.5306462784281,2636332.0
2015-01-08,949.3524169921875,951.372462050959,940.3203999473999,948.808496694894,1565408.0
2015-01-09,975.962890625,978.9152350350141,951.7609503477082,953.7033196341321,3197642.0
2015-01-12,974.9530639648438,982.0621562957241,963.5125249811985,977.7889427991842,1596006.0
2015-01-13,970.3688354492188,982.9942361398183,963.4540764832464,978.9541458557276,1468432.0
2015-01-14,979.7114868164062,983.5379917062464,971.378742724886,977.4000866609931,1787096.0
2015-01-15,986.374267578125,1002.9426439983486,980.2169173889156,984.0045384904878,5009920.0
2015-01-16,983.6742553710938,988.666183468146,965.0858341314856,988.161148374541,5293830.0
2015-01-19,975.4578857421875,990.9968405130705,972.3500947880108,985.1697324739894,1135074.0
2015-01-20,971.3595581054688,982.8389809822314,964.6778258988641,978.9542419269657,2058566.0
2015-01-21,976.5458374023438,979.7313048334269,966.6203089816711,979.7313048334269,2310480.0
2015-01-22,976.4486694335938,979.4398997375164,969.4366960019721,977.5946485629985,2113214.0
2015-01-23,972.5834350585938,983.6355001483398,969.6698803859573,976.6235262677399,3150380.0
2015-01-27,973.9262084960938,978.966993691794,969.0605673743652,977.9355157868088,2738736.0
2015-01-28,988.542236328125,990.6051913511299,974.2566434186825,974.2956065456141,3121980.0
2015-01-29,990.5081176757812,999.8696288890982,978.1493909577207,987.9196349744208,3734392.0
2015-01-30,966.1412963867188,1002.3221890188706,961.4507987870331,996.755875914217,5817402.0
2015-02-02,978.655517578125,981.4775892670272,958.35610199422,966.1216457731344,3181802.0
2015-02-03,995.8017578125,998.4292030837731,975.8915994363273,977.6626161491255,2345054.0
2015-02-04,978.6941528320312,1001.0371300845436,973.9453079667115,999.5969198839489,2245418.0
2015-02-05,993.5247802734375,1008.82237229295,980.5238274812212,980.9130787029288,4530168.0
2015-02-06,1002.614013671875,1010.029269778334,992.9216945303027,993.7585467938646,2136416.0
2015-02-09,978.1491088867188,1000.025098022979,973.1278074132713,997.0667514756377,2076432.0
2015-02-10,950.2207641601562,983.346087495437,947.0484041074313,977.0207539291625,3799054.0
2015-02-11,957.519287109375,968.1653487581569,952.5952959084931,955.6314752205897,2937522.0
2015-02-12,958.3949584960938,965.2653003023502,952.4978398786867,965.2653003023502,3107980.0
2015-02-13,988.2114868164062,991.7147476263905,957.6552675293209,961.4504667401372,4158326.0
2015-02-16,1006.13671875,1010.1070627648623,994.5370117010494,996.483268084026,2364392.0
2015-02-18,1025.930419921875,1028.7914557401139,998.5271592271386,1006.2343559950583,2660014.0
2015-02-19,1043.601806640625,1046.0346263093047,1025.6767723153887,1026.0660234623776,2618002.0
2015-02-20,1041.4613037109375,1050.5113961664626,1028.4992168004844,1050.5113961664626,1801588.0
2015-02-23,1049.67431640625,1059.541873334952,1039.6900601313948,1039.6900601313948,1614892.0
2015-02-24,1052.827392578125,1062.6559873327594,1042.8041721847849,1048.642941345954,2199922.0
2015-02-25,1040.1568603515625,1059.541585814079,1038.463674939364,1054.8705722101963,1767994.0
2015-02-26,1034.0264892578125,1048.1563289835995,1021.9208321069946,1042.8041241656533,1991994.0
2015-02-27,1036.3232421875,1041.5391716229622,1018.3982007188866,1035.194356392145,2877376.0
2015-03-02,1039.0672607421875,1054.4621668639634,1032.5084341231352,1043.0765676699182,2176038.0
2015-03-03,1080.5616455078125,1086.0111638929384,1041.694863869645,1043.9720220648246,3424308.0
2015-03-04,1068.8836669921875,1094.613206238857,1057.0698564763886,1085.2322154312521,3862994.0
2015-03-05,1049.596923828125,1078.498840424192,1043.602490250662,1070.4413554098865,2173514.0
2015-03-09,1030.270751953125,1043.1160497418666,1015.946279655019,1027.6238230993297,2883174.0
2015-03-10,1028.674072265625,1042.5119706925927,1010.2041228189868,1031.08741057026,3037052.0
2015-03-11,1014.6029052734375,1035.3888848419654,1011.1969566997149,1028.4018436314238,2240200.0
2015-03-12,1019.468505859375,1021.745568653856,1008.1997011723096,1021.3563174036497,1827636.0
2015-03-13,1005.1830444335938,1027.6038603285083,1002.3220096166265,1026.84483936647,1586838.0
2015-03-16,997.3784790039062,1015.9457442896887,993.3691721943622,1006.2922944563131,1556296.0
2015-03-17,1005.70849609375,1014.6612753820975,995.6074445552633,1005.2414135720721,1267318.0
2015-03-18,996.230224609375,1011.839142713724,993.2523955279207,1008.5305070890261,1255170.0
2015-03-19,1010.5934448242188,1014.3302944192418,999.6360613746142,1002.7111078929946,2448964.0
2015-03-20,1016.31591796875,1019.0601593293569,1003.8210051199793,1010.4966285786901,1963908.0
2015-03-23,1018.7290649414062,1024.1202337934706,1014.3889506901498,1018.2814639314781,1566608.0
2015-03-24,1008.6668701171875,1026.4556347698528,1005.0857773147686,1023.730875784874,2394878.0
2015-03-25,1001.835693359375,1017.5030606863162,990.722547963292,1008.7059418886712,2224858.0
2015-03-26,978.2274169921875,1006.8762538064229,973.5174385529419,993.8752992372083,3091642.0
2015-03-27,978.8892822265625,1001.1154765711976,974.7243119231076,985.1951348855569,2751776.0
2015-03-30,998.098876953125,1000.337072363321,980.9134667294057,982.859723607837,1339006.0
2015-03-31,994.1282348632812,1000.1616293835264,981.3024248734272,1000.1616293835264,2427028.0
2015-04-01,989.7293701171875,997.8842575011563,981.7886848979912,995.7044131109373,2075758.0
2015-04-06,991.5397338867188,997.6119964027386,973.167093786485,995.7047032794852,1568542.0
2015-04-07,1006.2142944335938,1011.6638109218221,990.2549961466393,997.4366613693636,1886922.0
2015-04-08,1028.16845703125,1034.0461903099072,1008.4918777133432,1009.717981428157,1652134.0
2015-04-09,1037.1796875,1046.0935052633845,1025.7356409689432,1035.0193235347233,2544450.0
2015-04-10,1032.975830078125,1039.6125849876323,1022.9526072332783,1030.932260371894,1815544.0
2015-04-13,1033.6566162109375,1037.3545028063072,1022.9522076453941,1036.965251585742,1308642.0
2015-04-15,1022.8551025390625,1056.3890639872775,1015.7123031784744,1033.3454060570268,2913934.0
2015-04-16,1005.358154296875,1022.5630406566728,1000.9012464606805,1022.5435590876325,3217570.0
2015-04-17,963.338623046875,996.483333408964,961.4507162188052,995.3545426456591,9668742.0
2015-04-20,945.4134521484375,966.8611389393753,943.8759287219941,965.3625786506316,2890722.0
2015-04-21,944.7323608398438,954.4441615028854,934.5923457456884,945.4135505962181,2546032.0
2015-04-22,951.7584838867188,962.6185581964488,937.1420771486937,946.4646276808189,4186812.0
2015-04-23,956.4877319335938,965.2653675256602,946.5423424720389,962.2291884585792,4342990.0
2015-04-24,970.4226684570312,978.5774616308835,952.7117398555176,955.7284364854457,3625158.0
2015-04-27,973.2059936523438,980.9131877050067,967.6786446962884,972.9335367732796,2733052.0
2015-04-28,971.18212890625,977.0208992203156,955.651037883663,977.0208992203156,3088298.0
2015-04-29,968.1844482421875,971.181663226502,954.0740934157504,966.8999003826176,2019620.0
2015-04-30,958.998291015625,969.2356179546472,944.7517522046746,965.3431054327409,3738054.0
2015-05-04,965.946533203125,974.9966254660549,956.4682265192363,969.6249387939057,1890630.0
2015-05-05,980.076416015625,987.3164331194939,973.1282423524068,973.5174936493478,3255070.0
2015-05-06,958.7452392578125,978.9668211901034,955.9231679044811,978.9668211901034,3394406.0
2015-05-07,990.74169921875,994.0503346939918,955.1057298878252,959.4653246840891,3205028.0
2015-05-08,983.735107421875,1007.3821181156643,979.4728257353269,996.4830843802553,3003664.0
2015-05-11,994.9266967773438,997.6709384802723,982.8599019416248,986.75241640476,2573082.0
2015-05-12,982.0419921875,998.4295086859643,978.188442622935,996.4832523337499,2467386.0
2015-05-13,979.1224975585938,991.4228743342524,965.5181861928057,991.4228743342524,1863774.0
2015-05-14,972.8358764648438,980.9128373277608,967.2890479204309,980.9128373277608,1309050.0
2015-05-15,977.46826171875,985.7398509783703,973.5173994499143,978.9669170797819,1461454.0
2015-05-18,981.06884765625,982.9567542992446,971.9993692317648,978.6166407189788,4507752.0
2015-05-19,978.0715942382812,984.8056598515801,971.8630558238865,980.679558599859,1957722.0
2015-05-20,995.3347778320312,1000.3365986215814,979.7062854803607,980.9130021863382,1897814.0
2015-05-21,994.7318115234375,1004.2684694699545,991.8707761266558,995.3156885405712,1579578.0
2015-05-22,1019.020751953125,1023.2441657905059,988.4061808781901,992.5906315799486,2691632.0
2015-05-25,1012.4423217773438,1026.4164011623827,1006.4867597016599,1019.838094216317,982978.0
2015-05-26,1015.4981689453125,1021.1033489731749,1007.7325304258185,1013.9995136091186,1961740.0
2015-05-27,1017.9894409179688,1024.9570010286275,1008.9393483832807,1015.1673690523133,1620690.0
2015-05-28,1015.7511596679688,1021.006051660886,1005.1440628674507,1013.5713146062367,2763608.0
2015-05-29,1016.0629272460938,1030.971274561738,1010.9831775755677,1018.6708925653135,4423532.0
2015-06-01,1018.9629516601562,1030.3875193764493,1015.3040261563821,1015.7321457188594,882264.0
2015-06-02,1012.0143432617188,1023.7308445524964,1008.3554193206244,1018.2813267487949,3935820.0
2015-06-03,1016.2963256835938,1022.0183966329679,1008.355636047179,1013.6105293444717,1804684.0
2015-06-04,1014.2525634765625,1020.9282799725238,1007.5769420126525,1018.7095666747146,4131468.0
2015-06-05,1011.9741821289062,1024.997783674079,1009.6758543665708,1018.3189939759344,2308534.0
2015-06-08,1012.6025390625,1017.5330756585412,1006.3951752479683,1017.5330756585412,1570320.0
2015-06-09,1006.3952026367188,1017.5331033504065,1002.2111763115394,1015.5687537300389,2578914.0
2015-06-10,1021.7562866210938,1025.3903328197846,1007.239764502395,1008.1040590097958,2763350.0
2015-06-11,1010.1864624023438,1026.5691191739115,1004.470185781821,1023.6225947216328,1847336.0
2015-06-12,984.4532470703125,1017.1203353298748,973.0600219091946,1010.4218854917065,2571456.0
2015-06-15,984.060302734375,990.2086767913617,974.7099822304069,984.2567376360739,2525176.0
2015-06-16,986.8892822265625,989.7572519511672,979.9943956457387,982.1748429802573,1267396.0
2015-06-17,987.5963745117188,993.626869931744,982.8819357083361,990.4250186106477,1975720.0
2015-06-18,993.9806518554688,1000.3647886436453,985.3178501382552,988.0679398316236,2165046.0
2015-06-19,1001.641357421875,1003.7824789472943,992.8214483652994,995.9250818518165,1999610.0
2015-06-22,1018.122314453125,1021.4617085001447,1000.6396044422571,1000.6396044422571,1102002.0
2015-06-23,1011.48291015625,1024.6047268035595,1008.5756152686237,1021.4617675188861,898318.0
2015-06-24,1009.7935180664062,1016.7079707222739,1005.2951769171666,1013.6043368941092,1170246.0
2015-06-25,1001.818359375,1010.8543681066177,999.5200318314048,1006.5327987132354,1930992.0
2015-06-26,1018.6327514648438,1020.0274583213412,1001.8964610178153,1001.8964610178153,1290102.0
2015-06-29,1018.6719360351562,1023.032828624743,999.2248834172896,1010.4609966293546,1372756.0
2015-06-30,1002.1914672851562,1017.0419689114647,997.8895609985979,1015.5687067643211,1549952.0
2015-07-01,1018.7508544921875,1024.6045769374819,1004.4699969650717,1007.2789780486845,1279708.0
2015-07-02,1012.7207641601562,1022.6210701663941,1010.0885540270491,1021.462122710273,1445880.0
2015-07-03,1022.993896484375,1025.390441245825,1009.6756452114064,1010.8739175921314,963470.0
2015-07-06,1034.5443115234375,1039.140870102226,1013.7222071319751,1013.7222071319751,1182338.0
2015-07-07,1027.845947265625,1039.8873721707796,1022.640420729067,1034.3283010658668,1642836.0
2015-07-08,1019.5363159179688,1029.986593609288,1013.80037926183,1020.655937144468,2667850.0
2015-07-09,991.0143432617188,1020.7742388026802,984.7873168516325,1019.4974116012528,3934122.0
2015-07-10,972.0977172851562,1005.3541173858192,964.4956460266457,1005.3541173858192,8263654.0
2015-07-13,985.926513671875,989.4820048619551,972.5099512564547,972.5099512564547,2280308.0
2015-07-14,981.9783325195312,988.067816077864,978.2460684031337,986.4963364499071,1703274.0
2015-07-15,1000.1486206054688,1001.7986551222756,982.1748213743186,982.5676913028684,2003660.0
2015-07-16,997.9681396484375,1005.2952211179872,992.625166349734,999.3431843519688,1456608.0
2015-07-17,1007.4757080078125,1009.7151435587947,999.1862092287465,1000.56125411734,1070526.0
2015-07-20,1015.4481811523438,1017.3183240455857,1004.7194666595351,1009.483448057297,853786.0
2015-07-21,1008.4595336914062,1023.7947789867976,1005.979211078881,1014.2077995755418,1274500.0
2015-07-22,995.3294067382812,1011.451987311699,992.5734067728544,1008.3022730654967,1320628.0
2015-07-23,979.797119140625,999.1875419583056,977.592281346209,991.1754201728075,1496780.0
2015-07-24,986.3131713867188,990.7818663755542,981.1752775484046,983.3012959558698,1574972.0
2015-07-27,983.1246337890625,986.254644274098,976.8645166973047,979.5614989836151,2003738.0
2015-07-28,985.0932006835938,991.7666409927327,981.1953701857198,984.0892096710344,1891188.0
2015-07-29,986.943359375,990.2112074146554,977.7895015489428,988.6166452141716,2413318.0
2015-07-30,976.6673583984375,990.9001882867877,973.5767587577238,990.6049025561787,2770574.0
2015-07-31,988.5181274414062,991.7662702478949,979.1674133015143,980.30914626362,1963776.0
2015-08-03,988.0656127929688,994.1287755894796,984.6402209064718,985.6245068228969,1179324.0
2015-08-04,987.7898559570312,993.3412665253986,978.7738361403651,988.3804274591272,2342692.0
2015-08-05,1002.8495483398438,1003.9716727757337,988.6168118979872,992.1602413313133,988994.0
2015-08-06,1013.1453247070312,1016.9643353133331,1004.0111694910778,1009.8774758337977,2211366.0
2015-08-07,1004.7787475585938,1013.027044142572,1002.7904708243803,1013.027044142572,1188506.0
2015-08-10,1012.6729125976562,1019.3266479420373,1006.5703390004753,1012.6335027064194,1431182.0
2015-08-11,1025.3106689453125,1027.5942309049863,1000.8610707795267,1014.9953744341205,2200306.0
2015-08-12,1051.8863525390625,1059.6425041137527,1024.4444882765072,1024.877612404298,3479784.0
2015-08-13,1037.67333984375,1056.7290715375727,1006.3336463673754,1051.2170719095823,1406426.0
2015-08-14,1064.2882080078125,1070.646750021498,1038.2637570169688,1038.6180613489132,2293964.0
2015-08-17,1057.0244140625,1061.7686903645667,1045.311414223275,1059.1308239108191,773644.0
2015-08-18,1079.1317138671875,1082.675143314027,1059.0916902220647,1065.7454248457934,1916926.0
2015-08-19,1076.257568359375,1083.8365694754057,1071.6510336408705,1082.714445147223,1690070.0
2015-08-20,1057.8514404296875,1080.7458914483136,1052.0047438797426,1080.7458914483136,2349298.0
2015-08-21,1053.6385498046875,1074.8006947213094,1045.3509401811814,1067.7532467698338,3536080.0
2015-08-24,1015.251708984375,1041.3747007001416,1011.4918129548136,1039.012414044489,4692344.0
2015-08-25,1010.7237548828125,1032.3190254231888,998.2627341573209,1018.8933276431219,3925800.0
2015-08-26,1014.5037231445312,1039.0124479978338,988.9910072054296,1007.1412820514923,3216158.0
2015-08-27,1013.6763305664062,1029.523328742025,1002.3177324041958,1029.523328742025,5264798.0
2015-08-28,1012.180419921875,1027.2005816222709,1007.0030193403618,1027.2005816222709,2744152.0
2015-08-31,1009.50341796875,1019.7202873376233,996.5108428791201,1019.7202873376233,3692044.0
2015-09-01,999.0106811523438,1028.0668173099755,996.0972336212462,1006.3338059825712,2987602.0
2015-09-02,1020.4290161132812,1031.708895390077,1003.184305915978,1007.7907452392152,3765950.0
2015-09-03,1025.8619384765625,1029.5628141591062,1014.3063862246262,1022.1216529184319,2265074.0
2015-09-04,1002.9674682617188,1029.523478412227,999.6996203670963,1028.1454783705378,2426396.0
2015-09-07,999.9357299804688,1007.8887383161784,997.1600253948405,1005.1524436027706,1759184.0
2015-09-08,1000.15283203125,1009.5232551231649,993.5384100768578,1002.003270713534,1787746.0
2015-09-09,1003.8732299804688,1013.4208035963237,1001.6093723189773,1009.0702405181663,2045076.0
2015-09-10,1002.1603393554688,1015.192321115719,994.9160346943657,1000.821749186022,2665818.0
2015-09-11,1004.759033203125,1011.2159101715936,1000.2707280081735,1002.5936042522561,1592672.0
2015-09-14,1004.62109375,1009.8772183056344,1001.2155033727986,1009.8772183056344,1589318.0
2015-09-15,998.95166015625,1007.4755367504011,998.4595172553946,1004.6211079254399,1379900.0
2015-09-16,1004.1094970703125,1009.877374228837,1000.4479341499434,1005.9402304696602,1756816.0
2015-09-18,1004.4634399414062,1018.1450095790207,999.6404405727508,1009.8770106613256,2455294.0
2015-09-21,1004.385009765625,1006.7670008026531,997.3571701836357,1003.9715904746255,1108840.0
2015-09-22,994.837646484375,1012.7909669192687,980.3489361554113,1006.924660328299,2081246.0
2015-09-23,997.14013671875,1007.0224006611313,989.2462446459544,997.7898227608331,1228352.0
2015-09-24,1015.9403076171875,1019.720003220643,996.0577361258197,998.2625745814441,2354254.0
2015-09-28,1021.1769409179688,1031.1379336903622,1015.5862160955667,1021.2950744531498,2366812.0
2015-09-29,1019.0308227539062,1037.0432481923265,1011.7865196054689,1017.1016615381175,3325952.0
2015-09-30,1018.952392578125,1040.862556628306,1012.2198390759062,1040.862556628306,3368336.0
2015-10-01,1041.216796875,1043.3231105464795,1020.5861114543216,1023.2633877146109,2834408.0
2015-10-05,1067.615234375,1090.5884998880877,1044.405797978967,1044.405797978967,4807306.0
2015-10-06,1063.0286865234375,1073.2652590603298,1056.7292572699653,1072.8715447319878,3979590.0
2015-10-07,1044.89794921875,1069.7216527288933,1042.141949377343,1060.6465197410744,2065530.0
2015-10-08,1036.9647216796875,1054.5047126157601,1031.5314452247835,1051.2171598283098,2357550.0
2015-10-09,1035.3309326171875,1043.5793253907163,1026.8070551365206,1043.5399155058851,2249724.0
2015-10-12,1020.7440795898438,1047.4182324816566,1018.5392403117346,1045.3118218120044,2455912.0
2015-10-13,1023.08642578125,1028.3818644731357,1010.9009860831316,1024.7597117399066,6179712.0
2015-10-14,977.8683471679688,1003.1842000111076,976.4116232447201,1003.1842000111076,8337128.0
2015-10-15,971.5885620117188,985.663849659138,970.5058475773018,980.3487060720006,3215710.0
2015-10-16,973.2618408203125,981.136127558341,972.4744121465097,976.7658599700695,2333828.0
2015-10-19,979.8565063476562,982.2975158885099,966.9033437681582,980.348649243863,3130642.0
2015-10-20,994.8179321289062,996.0975040214239,982.5537661308349,982.8096420606638,2695084.0
2015-10-21,996.097412109375,1000.8219848150321,993.0461255703048,998.0659840700655,1929688.0
2015-10-23,1001.0885620117188,1005.3697078164455,997.2020846368997,1005.3697078164455,2335398.0
2015-10-26,1000.851318359375,1005.7637189838522,992.3877708259708,1005.7637189838522,1414630.0
2015-10-27,998.7013549804688,1004.1463722093938,994.4597054400253,998.2870350614679,1530420.0
2015-10-28,997.912353515625,999.6681801240976,990.3957356173146,990.3957356173146,1255342.0
2015-10-29,984.5951538085938,1000.3976833387508,982.5039032077173,999.6677830299922,3130316.0
2015-10-30,984.5361938476562,991.1255280436903,980.511578065072,986.430159019187,1516696.0
2015-11-02,993.2761840820312,995.426582911528,981.5179154117274,986.4303191348015,1319294.0
2015-11-03,1003.5740356445312,1005.2904622085056,993.7294844768718,997.477918109006,1364906.0
2015-11-04,999.7666625976562,1005.0538894455448,994.3215491338057,1004.1858502164823,991434.0
2015-11-05,979.5842895507812,1000.2204276250237,978.5387121206609,998.5829921028948,1596098.0
2015-11-06,988.698974609375,993.6311255352923,979.899998091324,983.273608590866,908024.0
2015-11-09,975.125732421875,987.5152569979206,974.0406592196997,984.4573234281537,2021556.0
2015-11-10,969.917236328125,977.3549579275414,966.701512685699,975.7569218750518,1361920.0
2015-11-13,945.94677734375,961.9861852989491,941.6657293810285,961.9861852989491,2743232.0
2015-11-16,936.9509887695312,943.0273608467379,929.6119088514287,943.0273608467379,2043528.0
2015-11-17,943.2443237304688,946.3614046915723,937.1087084991328,939.2788549819729,1985028.0
2015-11-18,927.8163452148438,942.5930479073451,925.6659469997475,942.5930479073451,1520352.0
2015-11-19,932.196044921875,939.7126603611777,928.0332912920888,933.3008657253373,1866906.0
2015-11-20,946.3220825195312,956.2652806771579,931.9595995531071,933.7549219652956,2012126.0
2015-11-23,943.44140625,952.2600327110383,939.9691533602941,949.0640572880455,1088082.0
2015-11-24,934.3265380859375,943.9935499126769,933.3598561694702,939.1008967450261,998640.0
2015-11-26,925.4885864257812,940.0285101665737,922.4504005942035,938.2529357587725,2915292.0
2015-11-27,928.566162109375,930.9729937890619,920.33929642562,926.4551631328427,1737206.0
2015-11-30,936.5364379882812,943.5203434809245,927.3033949152268,933.162827948724,4100048.0
2015-12-01,931.939453125,938.3118479363134,930.0258369600631,932.33402507625,1721994.0
2015-12-02,933.2422485351562,938.332288261204,925.8637668678911,938.2927925045152,1640296.0
2015-12-03,927.5404663085938,936.3196965012413,926.0608207705071,931.1902586358742,2283358.0
2015-12-04,918.7216186523438,926.1790889749516,915.8413194513366,923.2986934428674,1246092.0
2015-12-07,915.3280639648438,924.8371905257458,913.5327422573125,920.2207177999841,1382604.0
2015-12-08,918.9583740234375,926.8498156208908,914.3418999551421,915.1704435242302,1139964.0
2015-12-09,934.2083740234375,936.2404776585179,915.407056418641,922.4698568128966,5282806.0
2015-12-10,940.8770751953125,943.5009415597852,928.0337319600042,934.7414587641368,1723988.0
2015-12-11,941.4486694335938,943.7963532617399,932.4721576022382,940.2649535877007,1652378.0
2015-12-14,938.4700317382812,941.8436426024244,919.5898137520439,921.4047876902902,2718532.0
2015-12-15,937.44384765625,941.0541426269915,932.3933072052921,938.4696769732741,1135868.0
2015-12-16,950.287353515625,952.6942817223168,940.6598333510057,940.6598333510057,1435934.0
2015-12-17,962.6574096679688,964.7289134698981,944.3493003128787,952.8917488874453,1618844.0
2015-12-18,953.601806640625,960.4673221881011,947.2294098540235,954.8644180097954,3024970.0
2015-12-21,965.2808227539062,966.7013203693166,949.6755785042104,954.844413479802,1610104.0
2015-12-22,948.9656372070312,962.7559126735786,946.9730288592576,962.7559126735786,1560858.0
2015-12-23,957.1527099609375,960.7827528409855,951.1354873815433,952.8913133925995,849834.0
2015-12-24,960.4871826171875,962.0457232241711,948.5513759933116,955.25910202987,843160.0
2015-12-28,971.7124633789062,973.1723605401066,954.9431530640414,958.0208339880396,3704198.0
2015-12-29,968.9901733398438,972.7386082546167,965.0247045058945,969.9963514516037,1708524.0
2015-12-30,954.1936645507812,970.2527286749988,951.8262321099313,967.9050441040372,1605762.0
2015-12-31,961.5130004882812,966.1097266343451,949.932271542653,953.1874911647617,1240318.0
2016-01-01,953.444091796875,962.3614607983734,951.8066559290186,962.3614607983734,712262.0
2016-01-04,934.9780883789062,952.4970511180745,933.5773381551637,950.9779099979028,1870184.0
2016-01-05,926.8302001953125,941.6858989240518,923.6933709782847,941.054544973605,2678020.0
2016-01-06,939.712890625,941.5081164980916,927.3232696941315,927.3232696941315,2653228.0
2016-01-07,935.6287841796875,940.2255090993268,931.1898495156827,935.1355692170202,3199580.0
2016-01-08,946.0261840820312,949.873262376621,936.1223850168575,941.054536676588,1907544.0
2016-01-11,932.1171264648438,940.6595710334631,926.7904049006862,940.0677130818899,2930228.0
2016-01-12,918.1890258789062,933.1630178290166,908.1471851858205,932.2554827315082,3482594.0
2016-01-13,899.3086547851562,918.16921925129,889.7995255687782,914.2234984981689,4746092.0
2016-01-14,899.1506958007812,907.0815352280324,887.7870028974825,896.8621589271012,2742052.0
2016-01-15,892.1669311523438,904.2407784946372,889.7600030329971,903.1163059125059,3269408.0
2016-01-18,898.6971435546875,904.3197962206992,891.7329842236046,892.5221284574309,2213922.0
2016-01-19,899.3482055664062,907.5158287590216,895.0079124723413,898.4406704714314,967910.0
2016-01-20,899.66357421875,901.5969383111565,885.0249158126582,897.1777515777661,1615954.0
2016-01-21,891.7136840820312,905.7152708352313,888.2528303513958,903.777231371675,2675536.0
2016-01-22,908.0289916992188,910.5208252982858,893.8889344398276,899.0307734432425,1343178.0
2016-01-25,911.5492553710938,925.135616539719,906.3481253957956,910.4615585153929,1397560.0
2016-01-27,917.5217895507812,921.5561369815601,902.5510860972909,910.5012003646507,1626986.0
2016-01-28,922.0505981445312,929.0513921163019,912.8942058357925,915.8408565212998,3106660.0
2016-01-29,945.8214721679688,949.2625295247001,923.5731316322335,932.9272841830003,2235744.0
2016-02-01,950.3305053710938,954.384647743429,933.0460347647642,945.742460722257,1495274.0
2016-02-02,948.511474609375,962.3153011753078,941.2337341631024,952.8226718172283,1475588.0
2016-02-03,955.7100830078125,961.0891819895866,933.560613336447,944.3189078640196,1308692.0
2016-02-04,957.1929931640625,965.0837198392942,950.0537274811413,957.9246585378401,1250046.0
2016-02-05,957.9444580078125,965.0639281008247,952.4664792357518,952.4664792357518,1402996.0
2016-02-08,934.6085205078125,954.0288935904242,928.2998975682851,949.2627840493755,1063658.0
2016-02-09,902.3532104492188,922.9997502241702,892.148714269127,922.9997502241702,2489610.0
2016-02-10,897.3696899414062,905.715233224035,893.1375797250594,899.8219325987665,1890732.0
2016-02-11,869.3467407226562,905.3594184222402,858.9443829631508,901.7996828321135,1962408.0
2016-02-12,880.6785888671875,887.3233511219838,855.9186125585161,870.1575543570866,2172568.0
2016-02-15,897.5083618164062,912.4197788629979,885.9788101227853,889.9340726679762,2479712.0
2016-02-16,896.0841064453125,902.590490978527,887.1649742615408,896.262073863866,1588702.0
2016-02-17,900.0396728515625,901.6612723496015,888.5100260662135,895.8668520864364,1585178.0
2016-02-18,915.9795532226562,917.5220670537783,901.0088452413005,903.7775291380034,1529140.0
2016-02-19,917.4822998046875,920.3894559641716,911.8658471472746,912.6174048563447,879012.0
2016-02-22,915.9989624023438,926.7177595787696,911.6877660388664,917.719539762117,1324884.0
2016-02-23,895.4713134765625,917.5811893488988,892.6037485372051,913.7644001586698,1306852.0
2016-02-24,874.4885864257812,894.8581846507692,870.632206179303,894.8581846507692,1659328.0
2016-02-25,875.2399291992188,881.2321107160612,864.481542517386,877.9888161563844,1830556.0
2016-02-26,874.3106689453125,892.6630460804228,869.9994719719568,881.9047527059093,1537536.0
2016-02-29,860.9812622070312,884.7919149000361,836.5377291075442,884.7919149000361,2191718.0
2016-03-01,900.4747924804688,903.8170665220812,855.1277468435388,867.3890605124332,1999760.0
2016-03-02,917.1661376953125,921.5762170180911,892.4061543549648,911.6880601831331,1527486.0
2016-03-03,938.6432495117188,945.7034329630957,910.1060640937194,923.9494853206991,2648284.0
2016-03-04,932.472900390625,941.3524451083595,929.3086904911012,941.3524451083595,1512966.0
2016-03-08,931.1873779296875,936.2105414969056,911.3714761317129,926.361977467982,1268152.0
2016-03-09,932.3541870117188,937.1597919844534,907.7919699945838,925.9268859028247,2017784.0
2016-03-10,928.8142700195312,933.382617312433,915.6234315552865,931.8795983178651,1661666.0
2016-03-11,935.5181884765625,945.6436961329194,923.5535229226397,925.5311535927096,1530528.0
2016-03-14,931.464111328125,948.4717362908041,925.5312188992834,934.2327944615844,1636742.0
2016-03-15,921.5364990234375,934.8262186074585,917.6604193284481,929.1108840557063,1623356.0
2016-03-16,920.4092407226562,922.367076052418,912.4393300473471,915.6431308153293,1918246.0
2016-03-17,930.29736328125,934.1537435043288,922.3670441250916,923.1580964785437,2221088.0
2016-03-18,959.4871826171875,961.1285775705642,933.4417461179141,933.4417461179141,3204070.0
2016-03-21,967.5558471679688,970.9969053698792,957.1732857011689,959.546442607866,2336982.0
2016-03-22,978.1757202148438,982.8824425818904,963.6994250908555,965.8748188269523,1951984.0
2016-03-23,978.4526977539062,984.0295590353319,971.9265156881459,984.0295590353319,2278434.0
2016-03-28,978.2943115234375,995.5985800683636,973.6073847245252,985.2556101808243,3320882.0
2016-03-29,976.71240234375,983.6539067699464,971.0168634404195,980.1139664380282,1838796.0
2016-03-30,984.66259765625,990.7932545205489,972.9945733016168,977.3057707934812,2136504.0
2016-03-31,996.8447265625,1008.5918356888968,977.8000816090234,980.2326257393887,4363964.0
2016-04-01,970.5814208984375,997.0619695278947,962.7500816703171,990.7928424580053,3041400.0
2016-04-04,977.4437866210938,984.068848199608,967.8522795596627,971.4120141391629,1752352.0
2016-04-05,974.0820922851562,982.8429584790094,965.8947197350799,977.2660973224105,1491794.0
2016-04-06,981.6561889648438,984.4644629004407,972.7371526610311,976.9494670004374,1763150.0
2016-04-07,977.26611328125,982.7638886050396,971.8078326373956,980.9049348558164,2390942.0
2016-04-08,961.9392700195312,978.4128934452649,959.941843903391,975.3673617905902,1399500.0
2016-04-11,991.4458618164062,995.5395972363746,954.4048661626427,962.3153913691297,2400648.0
2016-04-12,995.9943237304688,998.703716994259,984.1088379338913,988.02450893135,1303628.0
2016-04-13,999.17822265625,1006.6141341980988,993.7595332702252,1000.6812414621571,1601468.0
2016-04-18,996.6270141601562,1009.9760216918182,965.0838037705253,970.225643708647,7121504.0
2016-04-20,969.1777954101562,1002.6194629448361,965.0840600543967,1002.6194629448361,6405024.0
2016-04-21,958.913818359375,975.9214474017585,954.0884173392253,969.4348554158558,2525724.0
2016-04-22,956.0061645507812,963.2640089169112,950.9236166819811,956.7774209597204,1964126.0
2016-04-25,969.5332641601562,971.8273346436322,950.1722826445425,950.1722826445425,2267654.0
2016-04-26,984.7808227539062,986.2442498917213,965.8746574034825,968.643339877612,2554368.0
2016-04-27,993.2059936523438,994.5903355115264,979.2833925602013,980.9050887922823,1848670.0
2016-04-28,999.7911376953125,1004.6363326065053,988.0638270052472,989.3294912610867,4992744.0
2016-04-29,1002.8564453125,1005.4273650105995,992.770529573802,995.5392123256014,2372178.0
2016-05-02,999.3759765625,1000.6812322652129,988.8154469023842,1000.2857060864519,1116692.0
2016-05-03,980.153076171875,1000.6808381389394,977.7403288061099,998.7032080240402,2153118.0
2016-05-04,980.1136474609375,986.4618604951828,971.8075996010991,978.4919518722317,1364892.0
2016-05-05,977.0685424804688,984.840594888434,974.3987402170264,980.1140753792936,1246566.0
2016-05-06,978.2943115234375,982.6056043678868,961.5240418906399,974.971930588411,885598.0
2016-05-09,993.7794189453125,995.935017521903,971.5705638528688,978.2945095629054,1821276.0
2016-05-10,997.8729248046875,1002.2435082484112,987.2333095731115,994.7483067213042,1158534.0
2016-05-11,996.0535278320312,998.9408880542508,984.8601184183317,988.815379938084,1598716.0
2016-05-12,1014.9992065429688,1016.4626340136091,996.9434760701694,996.9434760701694,1513082.0
2016-05-13,998.0708618164062,1014.9203180368593,992.8301392076812,1014.5247918022385,1621730.0
2016-05-16,1009.0464477539062,1014.4454373658946,997.7146627569139,1003.845317770881,1111526.0
2016-05-17,1016.581298828125,1024.9071436591212,1009.3827421584475,1014.2081419108247,1756698.0
2016-05-18,1009.0265502929688,1014.8605595623403,999.1186033735455,1014.8605595623403,1500740.0
2016-05-19,1011.3403930664062,1012.5467669257358,999.1384714111803,1010.569136521584,1038792.0
2016-05-20,1000.404296875,1014.8410011532668,997.8333769350347,1005.5461367549307,1230918.0
2016-05-23,985.4337158203125,1006.9700977509619,980.9840461419134,1006.2186366086594,1533016.0
2016-05-24,976.0398559570312,984.1679376099843,972.8361520971234,982.4869514812422,1339158.0
2016-05-25,999.27685546875,1001.8477750143892,981.3002142662702,981.3002142662702,1548678.0
2016-05-26,1008.0777587890625,1014.4852648834253,990.8328718044828,1000.6814370454453,1943248.0
2016-05-27,1017.550537109375,1020.398403272918,1008.8292608165993,1009.8377754718292,1104676.0
2016-05-30,1042.765380859375,1044.9605708891208,1021.2487911964168,1021.6443174517215,1349464.0
2016-05-31,1016.2647094726562,1046.9575730583294,1013.3378549963884,1044.1888903944048,3722608.0
2016-06-01,1041.63818359375,1046.1669398808067,1016.89799713934,1016.9770830771872,1911942.0
2016-06-02,1048.2037353515625,1049.8452270435346,1028.368134762424,1028.368134762424,1408756.0
2016-06-03,1040.0557861328125,1051.3084855612533,1036.4762552344862,1048.6979743981424,1554922.0
2016-06-06,1044.032470703125,1054.6226565303527,1040.315895409082,1047.2295079339863,1322026.0
2016-06-07,1051.485107421875,1054.6222379859685,1044.2318711092594,1044.6315006045174,1202194.0
2016-06-08,1044.27197265625,1050.4462294335422,1041.2347491763724,1045.9303961933833,938266.0
2016-06-09,1029.945068359375,1047.9883001979056,1021.1332188889663,1047.9883001979056,1562138.0
2016-06-10,1021.35302734375,1040.3354273432915,1020.3339526727219,1025.4492294489141,1396832.0
2016-06-13,1017.8561401367188,1020.3938259984706,1006.2668868725001,1015.0587341763901,1029978.0
2016-06-14,1013.0011596679688,1022.6321747649677,1006.3672690911923,1022.6321747649677,977570.0
2016-06-15,1021.7927856445312,1025.009725254356,1007.8656577316335,1011.0626939179352,1270844.0
2016-06-16,1022.3721313476562,1024.9297210262375,1005.6475983682167,1017.2768554121171,1145070.0
2016-06-17,1040.0760498046875,1043.0332698576487,1022.6521599868671,1022.6521599868671,1878988.0
2016-06-20,1062.7349853515625,1066.2117432620796,1035.7599880988673,1040.0760071724621,1872838.0
2016-06-21,1059.498046875,1065.0129552370477,1055.5816570198747,1064.4135107969516,1027690.0
2016-06-22,1066.0714111328125,1070.087706422063,1051.724753605711,1059.0179907115548,1761712.0
2016-06-23,1057.1600341796875,1062.8147530989759,1049.1474424538421,1061.0164201834107,1397014.0
2016-06-24,1028.626708984375,1036.3195796786688,1004.7288366130906,1025.1099485823886,3766586.0
2016-06-27,997.41552734375,1017.8565413564431,992.1403388294152,1017.8565413564431,4272566.0
2016-06-28,984.6668090820312,1000.2323542003767,982.4488464699091,997.4150450732207,4499524.0
2016-06-29,1000.2327270507812,1004.0692096243245,985.2067150303141,989.0831020179912,2531264.0
2016-06-30,1020.2940063476562,1024.2102969761406,999.2135524773805,1007.8654912006676,5121812.0
2016-07-01,999.41357421875,1024.8899573958768,996.8159822085332,1023.8508815654677,2197296.0
2016-07-04,996.756103515625,1009.4044385741844,991.8806420324967,1005.4680480877363,1883484.0
2016-07-05,993.1996459960938,997.895294654676,989.9426056210636,996.7563110600888,1559748.0
2016-07-07,971.0196533203125,995.8166801088555,969.1014124546682,994.1581593583807,3316800.0
2016-07-08,969.7409057617188,975.9151615271658,960.509426027587,973.0977542655187,2456356.0
2016-07-11,984.7470703125,987.8042947657625,969.9008722542538,971.0997608478932,1543632.0
2016-07-12,985.066650390625,989.082946109196,973.4374912606936,987.7641493345592,1465536.0
2016-07-13,996.316650390625,998.7743335414599,979.5921116709027,990.2822040675153,2102300.0
2016-07-14,1007.8253784179688,1010.6627862788297,987.4842803064405,993.4787215061964,2699988.0
2016-07-15,977.2343139648438,1010.1837560701307,969.7212577212135,1005.8677367330814,8336366.0
2016-07-18,972.4783935546875,986.6852418847783,971.3395080117954,977.8933928278868,2598850.0
2016-07-19,985.5667114257812,988.2043063779133,970.10106210133,970.10106210133,2362896.0
2016-07-20,997.0560302734375,1000.0732538090859,978.3533421176064,979.0926960368674,2815252.0
2016-07-21,1001.4918823242188,1006.8668814877784,984.867250215969,994.8779922460109,2527148.0
2016-07-22,1005.1083374023438,1008.6650014317817,995.8768556133122,998.6342605290957,1517216.0
2016-07-25,1025.28173828125,1026.9845646244146,1003.9864314935877,1006.4705350657766,1688796.0
2016-07-26,1022.737548828125,1028.9077508859016,1014.884475464949,1025.281712963334,2311290.0
2016-07-27,1032.734619140625,1033.8764562841575,1019.692947148725,1023.6995992003899,1750510.0
2016-07-28,1049.44189453125,1053.5687639617938,1032.5338495920732,1033.9161244012182,4632080.0
2016-07-29,1049.4617919921875,1055.712106931344,1041.3282734095324,1047.338248054066,2488084.0
2016-08-01,1085.100830078125,1091.8119678622322,1054.5501282250991,1054.5501282250991,3961704.0
2016-08-02,1081.47509765625,1088.08607106842,1077.7088852640363,1082.9575387970738,2578162.0
2016-08-03,1064.286865234375,1081.3952476998365,1061.382042875789,1076.186600712027,2294702.0
2016-08-04,1062.5635986328125,1074.9641610365445,1056.2531247721538,1069.7755687592794,1415416.0
2016-08-05,1061.401611328125,1075.5049987107136,1054.5502012125653,1071.338024330874,1868484.0
2016-08-08,1061.5621337890625,1068.97443779929,1053.3685524333737,1057.7558155135403,2058244.0
2016-08-09,1061.8424072265625,1065.6888305126301,1033.2550169887834,1064.9676139191665,2261914.0
2016-08-10,1071.9390869140625,1074.583515004602,1060.9609051947002,1062.1629001779268,2062078.0
2016-08-11,1085.7620849609375,1087.8055156647672,1067.9926502378357,1067.9926502378357,2233138.0
2016-08-12,1097.2008056640625,1099.7450669756493,1082.616642035085,1083.7985839584953,2327358.0
2016-08-16,1078.4696044921875,1097.821737159851,1071.3177952970882,1097.0204074246976,3183754.0
2016-08-17,1051.5654296875,1081.394921767189,1048.941054163209,1081.394921767189,1848566.0
2016-08-18,1057.174560546875,1064.787194864466,1053.7889611640862,1055.7521803606587,1292064.0
2016-08-19,1043.1312255859375,1060.33976609094,1041.7288982229452,1057.7554966571442,2416244.0
2016-08-22,1021.1748046875,1039.5052273380643,1016.2065981129282,1036.9209578067862,2265274.0
2016-08-23,1042.14990234375,1043.712456992985,1017.7693936493326,1019.6725527363187,1503374.0
2016-08-24,1030.5301513671875,1042.530045276194,1029.3281566954624,1037.641953174894,1116878.0
2016-08-25,1022.1165771484375,1037.6022419274811,1012.0798982611041,1033.7158105754745,1939690.0
2016-08-26,1011.6589965820312,1030.730688284189,1008.5538430640885,1025.6222099159606,1250314.0
2016-08-29,1001.8829345703125,1015.6657721204908,988.3404373407882,1015.6657721204908,1488728.0
2016-08-30,1019.351806640625,1021.6156225507355,1002.1633175038322,1005.6691362057446,1444026.0
2016-08-31,1006.1900634765625,1021.6957798661033,1002.0031336678913,1021.6957798661033,3231668.0
2016-09-01,1004.6672973632812,1015.6655299681074,996.4737192276646,1011.6388279164538,1345736.0
2016-09-02,1007.5921630859375,1009.435163031737,1000.0796958157603,1006.4702817432075,1742330.0
2016-09-06,995.27197265625,1009.735921334759,993.6492597449608,1009.6357550787363,2239066.0
2016-09-07,977.8429565429688,1001.5422514682307,970.8112664361391,1001.5422514682307,3854040.0
2016-09-08,930.3841552734375,945.5693183345071,915.4192796884597,945.5693183345071,7021516.0
2016-09-09,942.5444946289062,948.2339188797316,929.5629858978053,933.4293645739074,2742438.0
2016-09-12,945.1885986328125,947.1518176124299,931.1452736298843,936.3539175873664,2024454.0
2016-09-14,932.9285888671875,952.6213363016797,925.5363376818943,946.3709219067682,2069858.0
2016-09-15,932.3273315429688,938.3974645241912,928.2405684163473,937.5359761483048,2818964.0
2016-09-16,946.2504272460938,951.9799558030719,929.5427177875114,936.2338031320041,4358004.0
2016-09-19,966.183349609375,972.4137083427362,941.5625111682859,947.5724846438281,2802546.0
2016-09-20,964.2003173828125,968.3671942332567,955.7462468002384,966.0033098732437,1184552.0
2016-09-21,966.9652709960938,971.2123608765593,961.8768429595203,964.6814991171672,1678020.0
2016-09-22,952.781494140625,972.8147467508148,950.0169444078654,971.7129178572544,2857574.0
2016-09-23,960.8347778320312,963.1386015873172,950.036777802373,954.3840321897889,1800726.0
2016-09-26,962.0367431640625,969.2487129581815,959.592647606393,962.0367431640625,1753476.0
2016-09-27,976.060302734375,980.8281783628539,962.0370240404617,962.0370240404617,2038792.0
2016-09-28,970.8311157226562,976.6207040248516,967.6858570971339,974.0163821474521,1731328.0
2016-09-29,976.7412109375,984.2336272908714,969.4491270952809,975.6193293113257,3603958.0
2016-09-30,973.9364013671875,981.5490355840158,970.8513007482969,976.4405573595652,2175364.0
2016-10-03,966.2836303710938,984.6941650697237,962.0366406361132,981.6291173613173,1818880.0
2016-10-04,963.659423828125,971.6327163353989,960.7947080919909,969.6093384414587,1780718.0
2016-10-05,956.127197265625,967.7664401261981,952.020380004571,964.8015575237174,1176354.0
2016-10-06,957.08837890625,962.5574162297071,950.6777398429323,959.5925347903584,2267572.0
2016-10-07,948.694580078125,956.7879932884529,944.8481570580677,956.7879932884529,1816512.0
2016-10-10,953.7028198242188,956.3471498578955,943.5860296269421,949.5358455666598,1202142.0
2016-10-13,933.1087036132812,949.5359690400363,929.903383530012,946.8916386625027,5173334.0
2016-10-14,948.0536499023438,956.3875027535724,917.9236568112419,927.5396182968245,7741214.0
2016-10-17,946.551025390625,951.899942356811,939.319002456917,949.1352951197803,2728346.0
2016-10-18,961.6759643554688,967.8862708927354,943.4858153027811,951.9798924222927,2128632.0
2016-10-19,959.6328735351562,965.6027434856932,949.6963610094232,961.9967581365764,1985058.0
2016-10-20,962.0570068359375,965.3425390511954,955.986969439081,960.354180088194,1265854.0
2016-10-21,973.0751953125,974.3773568063051,960.895016159433,961.5961800407127,1259660.0
2016-10-24,975.3047485351562,978.1972586098717,965.201020861061,975.5056186525825,1253190.0
2016-10-25,963.5537719726562,970.0419351112397,956.5434250341331,966.1851899231793,1772466.0
2016-10-26,962.6699829101562,965.281294287899,953.1286528760962,963.6141116407058,1437130.0
2016-10-27,971.447998046875,976.0277970057765,950.3164247035046,956.0211158168509,2941602.0
2016-10-28,963.65380859375,970.2424040591571,959.3552098075587,968.1934906349315,1752102.0
2016-11-01,944.0894775390625,964.0559460222848,937.7218560857723,964.0559460222848,2934776.0
2016-11-02,925.629150390625,941.6786452269796,921.9933834453576,940.4734251179008,2325076.0
2016-11-03,931.8163452148438,938.0634253295127,917.7755439679964,921.5920761053114,1463310.0
2016-11-04,936.2755737304688,938.5252598360235,921.5919508863094,932.0371953165815,1183752.0
2016-11-07,914.7823486328125,942.0403565915566,907.9527666766489,939.2281757860775,2048052.0
2016-11-08,917.2532958984375,926.8147332219346,907.9329419512666,916.1485102389836,1933634.0
2016-11-09,871.7162475585938,913.9592017613994,860.8692592299969,875.7938724570772,4500226.0
2016-11-10,865.9312133789062,890.8592215856132,860.0457565138516,885.757138782839,2172426.0
2016-11-11,844.116455078125,862.5563907032504,838.110458184368,862.5563907032504,2398424.0
2016-11-15,852.21142578125,866.7745066625408,824.3305996729633,850.4437102187263,6290324.0
2016-11-16,879.650390625,887.4038981036113,858.9205568493284,861.7729515324859,4019958.0
2016-11-17,858.599365234375,887.2836820272476,855.7670764513904,877.8025715415324,2504688.0
2016-11-18,853.7382202148438,863.7415129227597,845.3417903800896,860.52759101421,2140534.0
2016-11-21,856.8713989257812,859.7237927978684,845.6628896446322,854.1797599383771,1793366.0
2016-11-22,857.7153930664062,874.7692462537761,852.5128766918979,856.5101723735729,1318860.0
2016-11-23,866.2925415039062,868.9439680425832,854.5817555278221,863.339711726471,1275808.0
2016-11-24,879.1881103515625,886.8814921862887,858.5186016318137,865.7097102558204,3026234.0
2016-11-25,924.1431884765625,926.9151568646034,880.6949232285424,888.6493994948544,4276148.0
2016-11-28,917.0126342773438,931.8167084906913,904.6791260972419,921.5924353951482,1924296.0
2016-11-29,907.8726806640625,920.7885895795166,904.9399574248345,913.9590057999128,1442296.0
2016-11-30,914.3809814453125,921.8935050448363,900.8222470318631,909.9417317470549,3445832.0
2016-12-01,909.31884765625,919.9850697183319,905.5425289605904,914.7624470518086,1123052.0
2016-12-02,892.6063842773438,912.271544844283,885.9173519853887,907.1292513497316,1998032.0
2016-12-05,878.2039794921875,899.0342457770811,871.7761370073407,895.4788061702131,2249526.0
2016-12-06,876.738037109375,885.4155692768659,871.7362916004246,879.8113113618153,1593444.0
2016-12-07,865.5692138671875,877.5812044823333,861.9936678732695,876.6772891927997,2065706.0
2016-12-08,882.1210327148438,883.4266883479182,867.7588207510247,867.9596908484208,3239546.0
2016-12-09,881.920166015625,891.8230226229676,873.1019883221801,885.837132929941,1588718.0
2016-12-12,887.1224975585938,890.8989134679456,868.963864074411,881.7392192789614,1311758.0
2016-12-13,883.9490356445312,891.0598180024498,876.9989101439801,891.0598180024498,2147534.0
2016-12-14,886.881591796875,893.7512894932702,879.4091857961388,889.4526895169718,1870366.0
2016-12-15,907.651611328125,912.793905265556,884.6318793208583,884.6318793208583,4295410.0
2016-12-16,917.0321044921875,919.9849337959776,904.718808257005,914.7623119010659,1987230.0
2016-12-19,919.5433349609375,923.0786692230199,908.455361511245,915.9678855174652,1334210.0
2016-12-20,939.7908935546875,942.0807931371365,918.7999675668772,920.7885619916063,2922760.0
2016-12-21,929.4658813476562,941.5984120564242,926.2519607317669,941.5984120564242,2034902.0
2016-12-22,927.0958251953125,934.0459501611189,918.4584110325322,926.4128864823829,1868300.0
2016-12-23,919.2217407226562,931.1332977706178,915.4855374501896,924.0024096095009,1118954.0
2016-12-26,921.2305297851562,924.6453216257642,910.3433306844221,910.3433306844221,897408.0
2016-12-27,933.4030151367188,936.0545393303481,916.570142267034,916.570142267034,1294692.0
2016-12-28,929.3856201171875,944.0491355344354,925.2677835959056,934.7287837073618,1350418.0
2016-12-29,944.7723999023438,948.0666498953643,925.2076719612422,925.2076719612422,1963516.0
2016-12-30,950.3367919921875,955.5795225549188,942.3421011254674,946.0581989227989,1405748.0
2017-01-02,948.6490478515625,954.1729743633091,945.0533954026876,950.7581834287748,823132.0
2017-01-03,951.4212036132812,952.8071876505883,941.3978055032684,948.609022287284,1475324.0
2017-01-04,955.9407348632812,959.6970446865884,947.4238628723975,952.0036615796276,1420066.0
2017-01-05,937.8223266601562,960.1390154099171,932.1979636021986,957.7486807265066,2216404.0
2017-01-06,916.5299682617188,935.7934875345827,906.7677607696784,932.438917942464,3009896.0
2017-01-09,925.4890747070312,928.542340104718,906.7278230184438,913.959148146637,1854578.0
2017-01-10,930.1692504882812,935.9743770066168,920.587707082192,925.6094597937466,1533914.0
2017-01-11,933.8047485351562,935.8938757422372,916.0478538425945,930.0284304259059,1931296.0
2017-01-12,941.8199462890625,948.1071429835986,925.6096853534792,933.8051485434272,2570374.0
2017-01-13,903.63427734375,947.2833120908105,899.0343715382933,943.2860166026041,10235580.0
2017-01-16,907.35009765625,913.5167491739518,895.0769183206913,903.9152002789746,3364808.0
2017-01-17,915.4653930664062,919.1011611443918,905.0402554911502,905.8838509816882,3009956.0
2017-01-18,922.0341186523438,923.1991261848814,910.1224609823573,915.1643209091209,3136574.0
2017-01-19,920.38671875,922.0539012036434,917.1526908029483,921.9936794112832,2251676.0
2017-01-20,918.1171264648438,924.0025819390962,909.9416730835012,918.7799586498752,2037246.0
2017-01-23,929.33740234375,932.0770476584906,910.442082476867,912.5370706490086,2318546.0
2017-01-24,934.031005859375,935.9043868330559,922.609145866422,928.2495511249939,2282638.0
2017-01-25,947.9908447265625,950.8110469845676,933.9099974105497,935.7431485504228,4111648.0
2017-01-27,949.9246215820312,958.3650635308711,944.7878251301055,944.7878251301055,2871658.0
2017-01-30,939.8929443359375,947.5679442211967,933.9503743546762,943.1563610937216,2577956.0
2017-01-31,898.355712890625,939.5508288793174,886.3698478474603,934.696030256882,4666804.0
2017-02-01,873.4168701171875,902.4448377236334,868.4412850394995,894.407278474384,4864152.0
2017-02-02,889.4315795898438,894.0043767875244,867.4138905919513,874.2831191979832,6009482.0
2017-02-03,899.4635620117188,903.6737029260678,882.7236215385708,890.2575734422824,2153372.0
2017-02-06,902.767333984375,909.9185646786616,892.3728494157114,909.7171215605126,2408910.0
2017-02-07,904.3181762695312,907.5412650583585,896.8244554911626,904.0764052660237,1814638.0
2017-02-08,914.9341430664062,919.6278250142534,904.096546629396,904.4389407881264,2212584.0
2017-02-09,933.6079711914062,937.9188327522444,914.6319966998827,916.5658696354621,4033202.0
2017-02-10,966.1007080078125,976.7771897040612,931.0697811332373,931.0697811332373,5782160.0
2017-02-13,972.6676025390625,978.610171509737,959.815577465468,965.3149324567023,3819812.0
2017-02-14,969.4445190429688,974.8431525527285,966.1207092633928,974.8431525527285,2033328.0
2017-02-15,972.4464721679688,978.207764920197,956.8951227306679,965.7182918096013,1924972.0
2017-02-16,986.1641235351562,998.3514240098527,981.269098391305,991.0994766199507,4175680.0
2017-02-17,970.1095581054688,997.3850301856563,967.7325690744921,995.9346006461884,2723324.0
2017-02-20,1008.1018676757812,1029.3742795036517,970.1903338542369,976.9990715445616,3973948.0
2017-02-21,993.2553100585938,1017.6499853162966,989.1457930502763,1012.8556799544151,5501112.0
2017-02-22,971.5596313476562,995.1284633749578,966.9868357040045,993.4765913586212,4505496.0
2017-02-23,999.8827514648438,1004.4957776783287,972.9699400754694,972.9699400754694,4853352.0
2017-02-27,1003.1260375976562,1008.0210645740823,995.1488728101481,998.7950118405934,2139892.0
2017-02-28,993.6179809570312,1003.1865271497245,987.0710809304518,1002.9850840719836,2354828.0
2017-03-01,998.9762573242188,1007.9807027183884,995.1286753647045,999.117208443885,1130374.0
2017-03-02,1007.7994995117188,1011.244195627165,995.1489142573853,1001.8569290394078,1544942.0
2017-03-03,1004.818115234375,1007.0943823954822,997.3042303193229,1003.992179042524,1013970.0
2017-03-06,996.1361083984375,1000.7692996002907,988.9043209338091,999.1577548344286,1400694.0
2017-03-07,1007.134521484375,1009.229509176564,997.1630922020915,1000.3256885337012,1511672.0
2017-03-08,1012.13037109375,1015.2729021296561,1004.0726496482765,1008.0209528287301,1791510.0
2017-03-09,1015.172119140625,1016.8843848441065,1008.8468278611105,1012.9159179281675,858468.0
2017-03-10,1024.237060546875,1027.178148383857,1012.8353656604352,1015.1117308593005,1171420.0
2017-03-14,1034.4100341796875,1042.3267064893373,1027.7825776835032,1030.0991726967586,3402294.0
2017-03-15,1006.530029296875,1036.283098892146,1004.7372064189753,1036.2227053415324,3022496.0
2017-03-16,1015.6358032226562,1018.0934484377963,1009.6328380629669,1009.6328380629669,1571818.0
2017-03-17,1017.5894775390625,1025.7479203462153,1011.1433005062505,1025.7479203462153,2593152.0
2017-03-20,999.157470703125,1017.6700662643439,993.5170656265751,1017.6700662643439,3487540.0
2017-03-21,1001.8567504882812,1003.9920662885941,993.1141426169279,999.9632056694585,3373700.0
2017-03-22,998.734375,1005.6036019692767,995.1084004736686,999.2178185980067,1888716.0
2017-03-23,991.2412109375,1001.1924815038434,985.943197806119,999.9636587860158,2620638.0
2017-03-24,977.8848876953125,995.0478707829969,976.3136716265253,995.0478707829969,5099814.0
2017-03-27,971.781494140625,983.0421416235237,969.344013420573,977.7844580381583,2181270.0
2017-03-28,978.9931030273438,984.411901643739,970.9555446432383,970.9555446432383,1153158.0
2017-03-29,984.8952026367188,987.3930762855073,977.2403682660424,981.4303435246011,1717764.0
2017-03-30,983.4447631835938,993.1140275491842,981.0274470921962,985.0159792986648,2986086.0
2017-03-31,979.7387084960938,983.384848381224,972.9702004728003,982.3976984746398,1867044.0
2017-04-03,971.6401977539062,981.0274617209824,970.230096679564,981.0274617209824,1196888.0
2017-04-05,967.43017578125,974.9439616439121,964.9121378432458,974.9439616439121,2905568.0
2017-04-06,966.9468994140625,970.9555968325449,963.9252533658284,966.9267354348995,1720704.0
2017-04-07,978.6307373046875,980.3228396613099,963.7641776065551,964.8721146492218,2277012.0
2017-04-10,975.8906860351562,986.6678873361948,968.9409020185988,979.8188248271236,2543264.0
2017-04-11,974.7023315429688,984.2910401013994,969.3439269049462,973.8965593676529,1557784.0
2017-04-12,964.2070922851562,978.2073832939974,960.0775100451383,975.9915098969146,1050538.0
2017-04-13,938.180419921875,970.5523485162216,935.1185454187745,966.9263746114289,2500472.0
2017-04-17,932.6205444335938,939.8925568596338,924.6836128385872,938.885342023803,2270882.0
2017-04-18,930.1837158203125,940.416986369477,927.4642338604199,938.724883933278,1730620.0
2017-04-19,926.29541015625,946.2584333396109,907.6217010043711,911.9325620096932,5626812.0
2017-04-20,936.9117431640625,939.5305031428053,922.9920069894927,928.7734625946063,1268842.0
2017-04-21,930.9891967773438,941.0008571009095,927.0408934217584,938.3620318991545,1161154.0
2017-04-24,937.9592895507812,942.6125459163661,919.5876416804164,926.6381493384262,2000020.0
2017-04-25,931.2713623046875,944.5464416539,927.7259444113214,937.9189839694192,3148710.0
2017-04-26,930.807861328125,944.3447741204955,927.8667733760475,942.7533938329913,2187438.0
2017-04-27,927.705810546875,937.8384568540324,917.6336561824337,929.0756825569686,5773186.0
2017-04-28,915.8204956054688,926.1344190730422,913.7456715422119,924.2207101048651,2540510.0
2017-05-02,922.5690307617188,927.4439929185463,918.5804968958669,924.2209034557537,2382696.0
2017-05-03,941.6656494140625,944.7678525412799,913.9470675863085,924.6235486491418,3514406.0
2017-05-04,938.7649536132812,946.7823477670474,930.1834598953898,946.7621837896027,2708208.0
2017-05-05,934.897216796875,939.7318501093346,927.6452668281856,929.8611404297296,1682474.0
2017-05-08,943.7405395507812,945.7348061037799,933.7691084249224,935.09865224721,1071782.0
2017-05-09,947.8096313476562,951.2139989227946,939.7519100522493,944.3447718462891,1790270.0
2017-05-10,939.7119140625,949.2602974984322,933.0844556279939,948.7970177046311,1206388.0
2017-05-11,946.5606079101562,950.8110753981957,935.8035700767623,945.6944422493673,2071302.0
2017-05-12,951.0731201171875,954.7998168850349,934.7160019688889,944.0831046556407,2314446.0
2017-05-15,952.8660278320312,958.0430555991819,943.3982037529393,956.8948891422832,1817604.0
2017-05-16,978.6707763671875,981.0276995070653,956.2300392169614,958.8689629678913,3601026.0
2017-05-17,989.2266235351562,991.4021695674822,976.1932162397682,980.4235211388675,2876198.0
2017-05-18,1021.8001098632812,1036.2234576000346,983.948965522428,987.0713340280269,5138594.0
2017-05-19,1010.0958251953125,1023.5522796710662,1001.5748237024462,1021.7996858282878,1786044.0
2017-05-22,1019.84619140625,1028.8708044434973,1011.2445302606668,1011.2445302606668,1663940.0
2017-05-23,1015.9580078125,1033.0605055955032,1012.8558040593548,1020.5911986425249,2748596.0
2017-05-24,1031.0460205078125,1035.4173744485693,1019.1608794392395,1021.2358020660399,2534548.0
2017-05-25,1057.4149169921875,1062.6322724116624,1034.6115239654255,1038.237498932594,4094094.0
2017-05-26,1038.74072265625,1058.3210195865777,1033.2614342755078,1057.5756412189105,1362550.0
2017-05-29,1036.5654296875,1046.0936455782542,1032.9998487435562,1039.04313959034,1749290.0
2017-05-30,1027.802734375,1037.8143946056755,1017.2873681754559,1031.38838119967,927634.0
2017-05-31,1025.98974609375,1036.424456378248,1018.4960255487699,1020.5104559790484,2502730.0
2017-06-01,1028.81005859375,1033.0000349919585,1019.3019066028297,1019.3019066028297,1080064.0
2017-06-02,1033.3624267578125,1044.2202848770607,1028.3666789059027,1029.8775016467048,1355648.0
2017-06-05,1049.09521484375,1055.5212283098979,1031.4487844218331,1033.4028213035353,1500188.0
2017-06-06,1086.1810302734375,1091.3983860990525,1059.5905451109572,1059.9934312497828,5946720.0
2017-06-07,1053.6478271484375,1087.792422636758,1038.0561554294827,1086.5837643893838,4927776.0
2017-06-08,1015.9178466796875,1049.4983512899805,1013.4602015989972,1046.6983119674794,3330714.0
2017-06-09,1010.0355834960938,1026.312144699506,1001.5749743004743,1015.2731034743343,3148034.0
2017-06-12,1002.0584106445312,1012.4125650070695,995.2899036656172,1006.0067145789708,1626506.0
2017-06-13,998.7383422851562,1010.7767531653071,996.8846953542725,1004.2177253977449,1175414.0
2017-06-14,1006.3357543945312,1008.6986386259099,1000.1434401561424,1000.1434401561424,1489142.0
2017-06-15,982.2998657226562,1006.1322078379781,979.7740647410081,1005.8470544056337,2997198.0
2017-06-16,977.6151123046875,991.996019043722,972.2375767752947,983.8278183787805,2450426.0
2017-06-19,990.6516723632812,996.6200041503173,979.8354323661412,984.6222717723183,1644742.0
2017-06-20,996.0696411132812,997.6992028983336,969.7114991321703,990.3661748655978,1670958.0
2017-06-21,980.3038330078125,994.9087235455702,976.5965394732793,994.0328737074766,1657818.0
2017-06-22,975.6390991210938,990.3662247104943,971.6262632392139,981.4036344416211,5775882.0
2017-06-23,962.1340942382812,983.420247205768,958.9972073772916,977.4926957217513,1424756.0
2017-06-27,954.4548950195312,971.5041281667128,949.8717517874006,957.6121714683323,1974330.0
2017-06-28,957.3878173828125,960.6265511300094,951.2565720477404,957.326649147253,1789726.0
2017-06-29,950.5438232421875,966.3505935218702,946.4088497162633,961.0341279452782,2471826.0
2017-06-30,962.3988647460938,968.3670950258708,946.4087896599493,946.9383176739734,1753848.0
2017-07-03,966.9815673828125,970.8313854734395,954.5561643697702,960.3817655582941,1475956.0
2017-07-04,964.2322998046875,969.7727512449217,957.3881191215022,966.859948787715,1215134.0
2017-07-05,959.8120727539062,963.478587463068,955.3307769982641,961.7675671575746,815856.0
2017-07-06,956.3692016601562,962.2151932962149,953.3341635538504,961.0338011078911,1026788.0
2017-07-07,950.0143432617188,959.9954114223865,947.3866941890876,957.3677623497554,1232090.0
2017-07-10,991.9751586914062,996.0286729691607,969.1612980369055,980.1812274058749,783608.0
2017-07-11,1008.6171875,1024.5054133408223,988.3291253803789,988.3291253803789,3537504.0
2017-07-12,993.8087158203125,1011.6728286787946,989.9996743964425,1011.3468963930799,2646450.0
2017-07-13,996.6400756835938,1007.0693122287673,988.573823382257,996.0697687699579,3131960.0
2017-07-14,976.6981811523438,987.9218075591996,967.5522857538552,970.8114092427103,4508432.0
2017-07-17,975.8833618164062,986.740376187067,970.4854387507452,976.7999902615185,2211822.0
2017-07-18,981.1387329101562,995.2547708209615,976.1684903437571,976.1684903437571,1908002.0
2017-07-19,997.9436645507812,1002.1804853550514,983.8886943293385,984.0516107215961,3915576.0
2017-07-20,995.947265625,1000.9174084863205,990.1623419844288,997.8009117899043,1182504.0
2017-07-21,1014.8912963867188,1018.4763530415412,991.8126620110299,991.955189024107,2148416.0
2017-07-24,1033.8880615234375,1037.6874884173808,1013.992262303913,1013.992262303913,2271402.0
2017-07-25,1050.5567626953125,1054.0293399781865,1028.8633282436092,1031.8661261433738,2678832.0
2017-07-26,1044.22412109375,1051.9863504759023,1040.547275596941,1045.8582746478874,1459826.0
2017-07-27,1013.8696899414062,1055.9900373243809,1007.6599264385796,1038.5862622298855,4255304.0
2017-07-28,1014.9317626953125,1018.506472975487,997.6505719069944,1013.5835662986294,1382752.0
2017-07-31,1017.9965209960938,1029.1087511596875,1006.230589164871,1009.4988980212735,2019662.0
2017-08-01,1022.0200805664062,1029.8232041478386,1017.6691863660682,1021.3460320815618,1747460.0
2017-08-02,1010.6426391601562,1024.61463698911,1005.8218645403465,1021.3463287371512,1251024.0
2017-08-03,1017.0357666015625,1022.1629427975695,1007.6393846333995,1013.1750991758483,1882548.0
2017-08-04,1030.6607666015625,1032.9077279566416,1016.443609352169,1017.5875368992838,1387890.0
2017-08-07,1022.75537109375,1029.5167011226988,1013.665392284234,1028.086816815584,1885520.0
2017-08-08,1022.5921020507812,1033.0302785270705,1019.8344677429598,1026.2485009255797,1073958.0
2017-08-09,1026.2484130859375,1030.681094416174,1018.6087653092968,1021.3459525138709,992946.0
2017-08-10,1026.02392578125,1029.7621126453726,1015.7696699763039,1025.0230264727982,1526172.0
2017-08-11,1019.732421875,1035.6449746136989,1014.4009751344435,1021.3052350688682,1394736.0
2017-08-14,1008.8447265625,1025.3905324431119,1006.2301205912763,1022.5716572634855,786504.0
2017-08-16,1018.220947265625,1039.2402326654815,1007.1290673978177,1014.8096109716979,1373340.0
2017-08-17,1015.483642578125,1023.3889021376806,1005.8626410752519,1021.6321667087971,1752374.0
2017-08-18,1026.9837646484375,1041.731939820133,1009.6616780813424,1010.7239177295253,2837356.0
2017-08-21,1033.1119384765625,1041.3643943091138,1019.0173635045483,1023.5929736922262,2304834.0
2017-08-22,1020.3451538085938,1037.4833206296405,1018.0777456227855,1030.742436679891,1131326.0
2017-08-23,1017.0357666015625,1028.2093302730707,1010.3765716063986,1023.3885578368952,1562272.0
2017-08-24,1019.95703125,1028.6792664329041,1015.6877250856181,1020.4063636551616,1623908.0
2017-08-28,1016.1572265625,1023.5517091695705,1005.412650455473,1023.2249583566057,2036796.0
2017-08-29,1009.4374389648438,1019.7121428152199,1006.6184633409171,1013.9926035526345,1312602.0
2017-08-30,1015.0339965820312,1017.260510683357,1005.0452536843266,1013.5836654640195,970782.0
2017-08-31,1019.8551025390625,1023.1437576009857,1007.7214295561351,1015.218150766989,1784664.0
2017-09-01,1003.5540161132812,1020.5492514746686,995.4241427943459,1013.1751142634203,1702330.0
2017-09-04,1003.4521484375,1005.4131529994002,996.0167683919291,1002.1857390522986,1062544.0
2017-09-05,1014.9525756835938,1017.2607781151107,995.6286863358904,1005.0046241619167,1165994.0
2017-09-06,1002.2265014648438,1011.0714187154215,1000.9191983783935,1008.3341313190272,1228764.0
2017-09-07,1005.0455322265625,1008.4363217425957,1001.3482391164956,1004.1875615412785,870636.0
2017-09-08,1009.3350830078125,1010.7240737706651,1001.9609444130987,1002.4511705799392,1021134.0
2017-09-11,1002.7372436523438,1014.3805902320722,1000.919267380168,1009.5802631334122,732764.0
2017-09-12,1016.6272583007812,1020.1202812142544,1003.7787468736175,1010.6830052362125,1396460.0
2017-09-13,1016.9339599609375,1034.2763984119106,1011.2144212662856,1021.3461954735511,1278980.0
2017-09-14,1016.0147094726562,1020.3657039432385,1009.86618566322,1013.9924640312365,1081510.0
2017-09-15,1023.8179321289062,1028.2914087743325,1015.2181767199904,1020.937715743765,2944072.0
2017-09-18,1020.9581298828125,1029.0880059096062,1016.9544327463688,1023.3684670692129,726600.0
2017-09-19,1020.6309204101562,1023.3885542389438,1017.8732865813687,1023.3885542389438,782754.0
2017-09-20,1018.7107543945312,1027.0653431445837,1010.8463916834997,1027.0653431445837,1334642.0
2017-09-21,1031.518310546875,1038.0958170526176,1013.1749808305751,1017.6893489796124,2438740.0
2017-09-22,1022.81689453125,1032.3357605418255,1018.0778086556215,1029.4759914163883,2435396.0
2017-09-25,1025.737548828125,1035.2360644152022,1018.3838593413557,1019.936324847833,1599558.0
2017-09-26,1010.9892578125,1032.1311147039519,1007.4554414361406,1025.4311265225924,1449230.0
2017-09-27,1019.30322265625,1026.330062599746,1010.6217823831257,1017.2605308272796,2010356.0
2017-09-28,1011.725341796875,1027.0659853528439,1001.7365935104109,1019.1811708472685,4332866.0
2017-09-29,995.1792602539062,1014.8095535712764,989.275899344946,1012.7668612331701,1985014.0
2017-10-03,1000.28564453125,1002.6756336351123,991.5429642495566,996.833515624073,1923006.0
2017-10-04,997.7733154296875,1002.5531945754659,990.7055814366361,1000.7556655817631,1300778.0
2017-10-05,992.5850219726562,998.2432194551909,990.4605423171363,997.2423202372031,1684686.0
2017-10-06,999.550537109375,1002.9618729891938,991.9517819487412,992.7484119607906,1389188.0
2017-10-09,1002.5940551757812,1008.252251764047,997.2626094913419,997.2626094913419,1773616.0
2017-10-10,1004.6981811523438,1009.0695226104312,1001.4298735588828,1002.9618927433177,1222010.0
2017-10-11,1021.4891357421875,1027.2494679433732,1003.6768197329593,1005.0045696725673,1527746.0
2017-10-12,1041.03759765625,1043.8156789024729,1024.2058344455966,1026.657065002706,5006356.0
2017-10-13,1045.2864990234375,1065.856349761699,1030.7424905720654,1041.0376393763431,4066320.0
2017-10-16,1055.826904296875,1058.1147598902746,1043.8363586576857,1043.8363586576857,1218590.0
2017-10-17,1059.973388671875,1068.3075326309197,1053.0282354590624,1056.0718267718062,1443016.0
2017-10-18,1056.7255859375,1067.7764711260509,1054.02919229344,1060.1572689928205,1514144.0
2017-10-19,1055.62255859375,1060.4842264424472,1050.3524519981472,1058.9317602408394,86822.0
2017-10-23,1057.2564697265625,1074.0474376129594,1040.731111640704,1055.663209886606,1886088.0
2017-10-24,1053.375244140625,1070.7381240551342,1049.555470403918,1070.3704794356208,1339020.0
2017-10-25,1048.664306640625,1070.8264393654003,1046.6570591348882,1056.283846175855,1105106.0
2017-10-26,1040.0413818359375,1052.4537140038105,1031.4591224490364,1038.5051922099783,3007552.0
2017-10-27,1058.659912109375,1062.2852593863993,1036.5387829162578,1039.6930720765122,1409270.0
2017-10-30,1071.727783203125,1073.2844753454078,1057.5948387758667,1059.3563561997041,1137252.0
2017-10-31,1074.923095703125,1081.477504823266,1065.6240477663941,1065.6240477663941,1592634.0
2017-11-01,1066.2589111328125,1076.0905237524676,1056.4272985131574,1074.9229797489493,741882.0
2017-11-02,1075.8037109375,1095.405529013983,1067.856530574869,1068.5734190100877,1468422.0
2017-11-03,1073.3250732421875,1080.1252100027662,1066.2381011863677,1078.363693247158,666886.0
2017-11-06,1091.944091796875,1094.5044078474893,1069.9048712307176,1073.2844884175286,1377000.0
2017-11-07,1110.17333984375,1133.912565938147,1092.1487181308603,1093.7668175776203,2696892.0
2017-11-08,1120.39453125,1130.226146880713,1113.532882841065,1115.4787234346436,1402252.0
2017-11-09,1120.968017578125,1126.5393065171202,1113.9630513522934,1126.5393065171202,1152432.0
2017-11-10,1109.640869140625,1116.7073407576718,1103.3322910062827,1115.1506487468116,1356566.0
2017-11-13,1130.2054443359375,1137.763477512048,1106.89636640802,1106.89636640802,1496996.0
2017-11-14,1112.0374755859375,1129.2222969680638,1109.1289165385526,1129.2222969680638,1657252.0
2017-11-15,1108.227783203125,1128.587397929177,1106.6096833428658,1108.5145186193658,6670834.0
2017-11-16,1125.1666259765625,1131.8644523717546,1100.7105085173605,1110.1529735531867,1653482.0
2017-11-17,1109.0469970703125,1125.7607601616037,1107.5313099789423,1125.7607601616037,1325464.0
2017-11-20,1107.469970703125,1117.0762579310608,1104.1313580885458,1112.2014554608727,1014498.0
2017-11-21,1094.9752197265625,1106.4659355798285,1092.1281689210746,1106.4659355798285,1527740.0
2017-11-22,1098.1300048828125,1110.0303765925175,1094.750386928091,1094.9962173297456,1822624.0
2017-11-23,1098.3756103515625,1103.1890046346882,1093.3573907797931,1098.2731977072406,793470.0
2017-11-24,1101.1611328125,1107.2443832067752,1095.0368773600799,1098.6827270908307,2287512.0
2017-11-27,1100.259765625,1104.3766728789435,1090.571471907267,1101.1404741391927,1856786.0
2017-11-28,1100.034423828125,1107.0393868369383,1093.7667516532656,1100.3211591538095,911716.0
2017-11-29,1088.9124755859375,1103.1888360273929,1085.5738638962462,1096.8392530498866,1447532.0
2017-11-30,1080.248779296875,1092.5177964350696,1074.5136701159283,1087.069422710697,4299962.0
2017-12-01,1077.3604736328125,1092.947697491941,1073.898946392475,1079.4292289697394,1031144.0
2017-12-04,1078.3436279296875,1089.0559494360377,1066.299842169635,1074.1037048791766,1259104.0
2017-12-05,1079.6549072265625,1086.2707259337094,1076.6234320817048,1077.790976565261,1167914.0
2017-12-06,1078.7325439453125,1083.5254341810034,1070.3552122921985,1079.838580151654,1407518.0
2017-12-07,1072.1580810546875,1083.9150338008144,1071.2363671632468,1078.323342864351,1326300.0
2017-12-08,1065.7059326171875,1083.525731990183,1063.862505095843,1072.4651668621168,1385548.0
2017-12-11,1090.120849609375,1094.8522322844758,1068.5117884291733,1068.5117884291733,1008002.0
2017-12-12,1070.068603515625,1090.4897226620717,1068.1227634770657,1090.0800721276382,1882246.0
2017-12-13,1076.725830078125,1086.168298454293,1065.501441213696,1069.7617683708459,2961458.0
2017-12-14,1047.80419921875,1078.2002500966664,1036.8665495108912,1078.2002500966664,5504150.0
2017-12-15,1042.806640625,1058.7215069351887,1039.222197760675,1050.2417592472,2718138.0
2017-12-18,1057.1036376953125,1060.565166128615,1021.8122696834256,1039.2838321383483,2180664.0
2017-12-19,1054.973388671875,1064.1905287313093,1050.6310515722598,1055.2601241379166,1801952.0
2017-12-20,1060.564697265625,1062.1213892492497,1044.8750622951718,1057.7176461446584,1577570.0
2017-12-21,1063.329833984375,1068.3685553791593,1056.9188433559943,1059.7658944654465,1293648.0
2017-12-22,1084.2427978515625,1091.268266105107,1061.0770348743079,1066.730233533756,3665664.0
2017-12-26,1085.3485107421875,1101.857446100297,1078.0363092335006,1100.3212567061614,2175786.0
2017-12-27,1073.2437744140625,1089.0563306358802,1069.3930980345929,1085.3489719867046,739284.0
2017-12-28,1076.131591796875,1087.0078349072355,1067.4060142728206,1068.6964736320144,2605088.0
2017-12-29,1106.5479736328125,1109.702262660033,1072.6903978840237,1074.5543277676695,2609542.0
2018-01-01,1083.771484375,1103.9262704894843,1079.4291487432424,1098.80563885408,1351760.0
2018-01-02,1077.8724365234375,1093.6030766199972,1073.3662807687306,1089.6703915927735,1920290.0
2018-01-03,1080.92431640625,1093.3572498290605,1077.8724400013637,1078.2001804234121,1257120.0
2018-01-04,1088.4825439453125,1090.4897916861535,1081.4774793581687,1085.573984961798,913082.0
2018-01-05,1101.63232421875,1105.8517452123988,1085.5740414198397,1085.5740414198397,1153706.0
2018-01-08,1111.9556884765625,1117.0559190978593,1098.621639779532,1106.0567590996443,1242220.0
2018-01-09,1109.7432861328125,1114.6590924944196,1096.4501464324337,1112.201189313616,2149396.0
2018-01-10,1149.7252197265625,1153.5758947110753,1103.8647627944968,1110.5625889778853,3365850.0
2018-01-11,1143.129638671875,1155.9926234489913,1139.7295197620547,1151.1178228518074,2520744.0
2018-01-12,1137.33349609375,1149.0699459106766,1122.6679844465011,1149.0699459106766,3360314.0
2018-01-15,1124.94140625,1150.2987350847163,1120.4147477066892,1137.660975714622,1457214.0
2018-01-16,1167.85205078125,1172.2761957275952,1126.7640897503684,1128.99666474895,4267752.0
2018-01-17,1183.459716796875,1198.2276363862538,1172.4810640917945,1175.6968603174525,4280806.0
2018-01-18,1195.4422607421875,1201.5051091166054,1174.898324878664,1186.7576887524056,2209478.0
2018-01-19,1212.2789306640625,1221.5779784384388,1189.481816833685,1200.5014769819347,1820000.0
2018-01-22,1279.661865234375,1287.1762649748148,1199.837019441159,1215.8512712406816,4367110.0
2018-01-23,1273.749267578125,1290.3179030830747,1268.842355407664,1279.0668016917125,3239610.0
2018-01-24,1303.56005859375,1338.2370509428408,1265.8033023718367,1268.821412822512,5621538.0
2018-01-25,1281.5714111328125,1305.695446065326,1265.125985141688,1303.7244410337098,3833844.0
2018-01-29,1313.5179443359375,1324.2556672434018,1281.9616102740777,1285.8214161501228,3141060.0
2018-01-30,1294.6292724609375,1315.5504378111707,1290.8720219989561,1305.7776167303982,1574758.0
2018-01-31,1277.999267578125,1293.4591439127105,1272.3532157594584,1288.1210585568801,3043214.0
2018-02-01,1288.77783203125,1309.8837558979646,1268.328843002132,1282.7827126724897,2400630.0
2018-02-02,1294.9576416015625,1309.8837869222402,1274.3444434371966,1281.140255547771,2456490.0
2018-02-05,1274.241455078125,1309.0622011820428,1263.4216316013408,1277.0337031606502,2757742.0
2018-02-06,1230.7359619140625,1263.5445975526895,1225.7058457964724,1235.9713888935953,2657306.0
2018-02-07,1213.407958984375,1244.5946643577663,1210.2871932332807,1242.9521771728664,2180324.0
2018-02-08,1221.2716064453125,1243.198875543576,1215.0301737607842,1223.5505779870555,2755004.0
2018-02-09,1220.2449951171875,1229.401882898761,1189.4278036205474,1211.3345205582316,2102458.0
2018-02-12,1218.4383544921875,1241.4537314812178,1213.6135472837161,1222.9551952830968,1974562.0
2018-02-14,1195.648193359375,1221.373600768992,1187.723175114258,1219.5463543956255,2847532.0
2018-02-15,1201.4180908203125,1208.4602160980523,1192.8976866463286,1203.922824186829,2465236.0
2018-02-16,1204.37451171875,1231.7014175771262,1200.2477418209917,1200.2477418209917,2515756.0
2018-02-19,1200.494140625,1212.6895901282571,1188.8324193537783,1209.2814085534058,1568224.0
2018-02-20,1209.1785888671875,1225.7266680498926,1202.2595711895378,1202.3006734707953,1889068.0
2018-02-21,1249.2347412109375,1257.5703839277498,1215.4610976466947,1221.1892517940198,3089228.0
2018-02-22,1252.4786376953125,1264.3045659948489,1241.1044334912085,1253.2177770108085,3463010.0
2018-02-23,1262.9908447265625,1268.4110336908184,1228.6218121639893,1252.396779785366,3362500.0
2018-02-26,1244.882080078125,1268.8007997180819,1240.5705512159868,1262.6620239118822,1363882.0
2018-02-27,1249.2554931640625,1264.1199848899075,1245.0055166863995,1248.7011135367218,1717800.0
2018-02-28,1246.2578125,1258.1247433568049,1240.673315479462,1246.2372613584855,2706864.0
2018-03-01,1247.3458251953125,1256.995437521501,1240.0778393654803,1251.9858715977978,1718124.0
2018-03-05,1275.330078125,1278.532848770298,1245.3956812326965,1251.9861828288067,2858168.0
2018-03-06,1249.4404296875,1284.0147761722028,1244.246002119006,1281.9616665205042,1906764.0
2018-03-07,1243.1370849609375,1268.4108795780148,1239.4620394970016,1260.6090645207205,1917772.0
2018-03-08,1233.4874267578125,1254.4085889562423,1226.7327177010347,1254.4085889562423,1951826.0
2018-03-09,1245.867919921875,1257.816956803535,1222.5034741679267,1233.9187827907297,1872436.0
2018-03-12,1253.2791748046875,1266.3164157899657,1246.44236254526,1249.522025770129,2091340.0
2018-03-13,1185.3831787109375,1207.1050345142821,1179.3059552703733,1201.0278110737179,88067154.0
2018-03-14,1185.424072265625,1200.2681109604603,1180.5582639295483,1187.9083542850394,3668668.0
2018-03-15,1178.3616943359375,1191.8506643996936,1172.5719854600059,1188.7504488786267,2348906.0
2018-03-16,1160.29443359375,1179.30625008478,1151.794579208847,1177.9922798838893,7197482.0
2018-03-19,1162.4705810546875,1169.4511532475274,1157.9537402240264,1161.6493372672946,3489940.0
2018-03-20,1176.369873046875,1179.7985048374778,1157.5428239097507,1157.9534456990057,4024984.0
2018-03-21,1173.0438232421875,1184.3564738443938,1170.272126101421,1179.5111165706428,3907678.0
2018-03-22,1162.6142578125,1180.9279328456714,1159.0007653498428,1174.357983004287,2326094.0
2018-03-23,1157.19384765625,1163.7433459172155,1148.9404091831125,1150.5623453302403,3654122.0
2018-03-26,1156.7216796875,1160.9921065627746,1142.1651560579753,1157.5429233365505,2964210.0
2018-03-27,1169.3277587890625,1175.6102928032913,1159.2059708352,1160.006663349388,2494574.0
2018-03-28,1169.92333984375,1180.5379560001022,1160.006861113144,1164.482599698706,6865654.0
2018-04-02,1194.7662353515625,1196.5524811112268,1166.1664537940578,1166.1664537940578,1662988.0
2018-04-03,1195.422607421875,1203.0806632013268,1187.5592407609424,1187.5592407609424,1937290.0
2018-04-04,1195.2789306640625,1204.7643341307246,1187.5182189182194,1202.8959849328112,2841820.0
2018-04-05,1214.5985107421875,1216.9801367957593,1199.159194040392,1201.7050286840954,1809424.0
2018-04-06,1211.4578857421875,1215.4408983659882,1201.705615020501,1212.9771668152464,1129018.0
2018-04-09,1200.6173095703125,1216.877976588584,1196.962814832368,1207.1051555119252,1235866.0
2018-04-10,1206.2425537109375,1214.311231405429,1201.3560944899225,1201.3560944899225,1184532.0
2018-04-11,1237.6756591796875,1242.1309458123865,1209.5276149708484,1211.580723972191,3124416.0
2018-04-12,1289.04443359375,1293.4586177654894,1235.1297733811252,1235.9715680870231,6114360.0
2018-04-13,1294.813720703125,1330.7431276124448,1286.1085587361306,1293.4586487355098,8179118.0
2018-04-16,1308.9188232421875,1313.9694925224285,1277.3420401051146,1279.4978050205054,6270274.0
2018-04-17,1300.275390625,1311.9164617161916,1292.3092653580857,1308.9189016995044,3301724.0
2018-04-18,1297.1956787109375,1311.3004807644973,1291.754938559756,1300.0289297087393,2433066.0
2018-04-19,1310.3558349609375,1321.0525538640138,1299.9260804015776,1305.736339294976,4820952.0
2018-04-20,1397.120361328125,1405.291796689623,1330.414858606236,1334.521077305638,18465662.0
2018-04-23,1399.6658935546875,1460.9511943623181,1391.8230776881096,1405.96897799214,15185910.0
2018-04-24,1390.2216796875,1413.8324335716193,1372.503388829029,1400.220360779952,8314336.0
2018-04-25,1424.9608154296875,1430.1962452680934,1381.763406538386,1389.9552943532865,8196574.0
2018-04-26,1453.2935791015625,1461.8139836410433,1423.6261464279487,1423.6261464279487,12135034.0
2018-04-27,1417.4456787109375,1455.243429484312,1404.3263343217684,1447.4416165158577,4501330.0
2018-04-30,1450.3575439453125,1457.2970134332982,1411.5537773154317,1417.4461409873184,3458558.0
2018-05-02,1437.07373046875,1450.3983886255028,1425.3915596101972,1449.7003515736615,3158046.0
2018-05-03,1429.7235107421875,1447.852422558443,1425.0218110762855,1441.2003696516003,3761550.0
2018-05-04,1429.271728515625,1435.9443322902077,1424.8575444801318,1433.89122343649,2347244.0
2018-05-07,1404.716552734375,1433.0700065821163,1400.5897838116612,1433.0700065821163,3484426.0
2018-05-08,1413.0318603515625,1431.6330498139255,1394.759188412162,1410.362818382886,2992820.0
2018-05-09,1432.782958984375,1435.020828200862,1412.6213843929406,1412.6213843929406,2615050.0
2018-05-10,1417.15869140625,1441.7549006698011,1412.6212998126996,1438.3878214746314,3858678.0
2018-05-11,1419.4989013671875,1431.0168620137747,1413.5654368672654,1418.3696915047663,2627876.0
2018-05-14,1409.890380859375,1425.268145904303,1400.5487357083168,1419.5194411959596,2433894.0
2018-05-15,1429.9490966796875,1435.4514881045814,1409.9518381397652,1416.6449925020559,1952890.0
2018-05-16,1434.671630859375,1440.8720608476801,1427.0135735140782,1428.9434761447144,1648450.0
2018-05-17,1433.80908203125,1450.7882316624732,1427.321238171489,1442.4936921579724,2968048.0
2018-05-18,1438.0181884765625,1444.444379965666,1419.9302769576161,1429.29247465778,1874996.0
2018-05-21,1460.479248046875,1474.953668091481,1444.5882026860959,1448.961285238081,3446178.0
2018-05-22,1440.8306884765625,1467.9522764316284,1434.5892576232188,1460.992257480873,1857416.0
2018-05-23,1435.1644287109375,1455.6544183647168,1429.3746206847895,1447.4419815897395,1507298.0
2018-05-24,1479.7579345703125,1484.3979815056887,1438.1414703975627,1441.2826874370587,2962316.0
2018-05-25,1472.407958984375,1508.9533063448437,1466.9672190683502,1488.504316648303,3769772.0
2018-05-28,1438.0181884765625,1485.0138365000632,1431.4276881070705,1485.0138365000632,3716798.0
2018-05-29,1446.8260498046875,1455.2437975047005,1432.2489745192988,1449.4539894746586,3525312.0
2018-05-30,1442.96630859375,1450.727021595617,1429.9906178054732,1440.8926481648402,3779106.0
2018-05-31,1441.7239990234375,1456.6293901693666,1429.3441829492658,1435.8860137244876,5049371.0
2018-06-01,1434.6024169921875,1455.3457929092187,1421.2290500323745,1452.4475224823725,1603856.0
2018-06-04,1444.374267578125,1448.3076359433228,1418.1655928859127,1444.995325741051,1681483.0
2018-06-05,1425.61767578125,1450.7084551719204,1416.9643095446447,1444.1666251280637,2449568.0
2018-06-06,1429.0546875,1436.6316165335538,1420.3184297968646,1426.7774744676226,2236512.0
2018-06-07,1437.1693115234375,1448.3069085513996,1427.439405190974,1428.4330573191332,2414762.0
2018-06-08,1446.734130859375,1455.180581722491,1436.7144136666768,1436.7144136666768,2582138.0
2018-06-11,1448.886962890625,1459.9004325657957,1443.338884833909,1446.733981902213,2179378.0
2018-06-12,1474.805908203125,1478.1182179351927,1451.6197400786514,1454.932049810719,4608875.0
2018-06-13,1510.4959716796875,1516.7479965102916,1488.883171662609,1503.7885649273069,5370983.0
2018-06-14,1480.2294921875,1517.2859482116633,1477.289777588996,1515.3813301501473,3819998.0
2018-06-15,1523.70361328125,1529.5414973546144,1481.0989773080962,1490.5390783544042,9183574.0
2018-06-18,1514.553955078125,1546.807537690188,1508.8816436424388,1546.807537690188,4674987.0
2018-06-19,1510.8270263671875,1522.8341471577187,1507.928755831542,1508.8810649385564,3245034.0
2018-06-20,1509.12939453125,1520.5983456959912,1505.9413172283698,1517.0375729679004,3107695.0
2018-06-21,1506.5623779296875,1517.0375757299241,1505.1132426908625,1517.0375757299241,2910659.0
2018-06-22,1498.654296875,1512.897185610947,1490.1665047827655,1512.897185610947,2949458.0
2018-06-25,1506.4796142578125,1509.0466336476225,1495.507590133082,1500.3932663751646,2083217.0
2018-06-26,1533.598876953125,1541.051571279571,1507.928485384255,1509.584639679021,4679712.0
2018-06-27,1538.56787109375,1561.050193624906,1532.9783484188938,1540.224025960374,4081208.0
2018-06-28,1525.8980712890625,1549.3327004031294,1512.3176838039797,1544.3642363719061,4888125.0
2018-06-29,1530.079833984375,1546.351573177046,1525.5668531242559,1527.7198338916187,3506276.0
2018-07-02,1533.0611572265625,1538.4023173957705,1524.5733634172914,1533.5994277824213,2650290.0
2018-07-03,1551.8583984375,1556.7026307190063,1537.7810834853544,1540.1824269337917,3242233.0
2018-07-04,1545.3165283203125,1556.7025915984113,1537.863832356466,1556.7025915984113,2700614.0
2018-07-05,1557.0341796875,1562.9962973153101,1541.963108382384,1550.9891734418945,2472571.0
2018-07-06,1584.0704345703125,1590.736497285476,1558.1516756655678,1559.1453279945954,3713781.0
2018-07-09,1559.269287109375,1593.5517016364201,1553.8867855872238,1593.220450556791,6151747.0
2018-07-10,1552.72802734375,1572.4363113545967,1549.1259106041157,1571.691021422751,5303302.0
2018-07-11,1639.51025390625,1654.49843270451,1568.502625976114,1573.3468579272117,22903802.0
2018-07-12,1632.4300537109375,1648.6190042543649,1623.4454358359455,1642.9052510576466,6921701.0
2018-07-13,1640.5040283203125,1654.4157683224119,1634.624699314586,1635.4527766698618,4148185.0
2018-07-16,1647.2113037109375,1652.842269712558,1637.4813955600744,1647.873805975947,2582159.0
2018-07-17,1661.275390625,1666.959128471084,1643.7262486317657,1650.3642143001423,3315492.0
2018-07-18,1659.69921875,1669.199768688601,1653.725088848738,1663.6405117329084,2013869.0
2018-07-19,1644.0584716796875,1668.1625282050627,1634.5993485928,1661.2341705129106,1746318.0
2018-07-20,1656.6705322265625,1659.4916883542317,1646.2157548473979,1646.9625463646241,1934995.0
2018-07-23,1664.1800537109375,1667.747900671107,1647.875524861559,1660.3217146263744,2086201.0
2018-07-24,1658.662109375,1671.9380442174213,1646.3404026068467,1671.9380442174213,2038423.0
2018-07-25,1644.1416015625,1661.151393554441,1633.2719498641436,1661.068439216828,1535492.0
2018-07-26,1630.2015380859375,1647.0454183960533,1622.2359986373067,1638.7064325638014,3503036.0
2018-07-27,1612.818603515625,1630.1603131948177,1609.9560206571193,1627.0072382395674,2033977.0
2018-07-30,1613.52392578125,1621.904339471632,1602.6958020962857,1612.19635254203,1579251.0
2018-07-31,1609.8729248046875,1615.5152373349688,1599.7500655273857,1611.3665079119205,2204803.0
2018-08-01,1639.9925537109375,1644.1828104647961,1617.8383816358955,1617.962762474516,2425180.0
2018-08-02,1616.6767578125,1647.0454342264125,1613.8556017986762,1642.8967051729455,1509287.0
2018-08-03,1642.440673828125,1644.5980944509713,1623.3980437051753,1623.3980437051753,1505131.0
2018-08-06,1639.204345703125,1658.620316274793,1636.4661440649008,1657.0023524895967,1532249.0
2018-08-07,1632.400390625,1642.1914316474233,1626.7166521132867,1641.4031123595917,1353521.0
2018-08-08,1637.9183349609375,1641.4862826898197,1627.9613845964334,1636.25884323352,1315062.0
2018-08-09,1638.208740234375,1643.5606618749987,1631.2803824686414,1642.89682466323,2060297.0
2018-08-10,1653.766357421875,1656.5875134397693,1636.300268853974,1643.684925549937,2784105.0
2018-08-13,1659.615966796875,1663.0179040830005,1651.1940272546694,1657.6660845598426,3559575.0
2018-08-14,1662.4371337890625,1679.9032210106898,1644.8879909627835,1652.8535298854902,3311765.0
2018-08-16,1666.5445556640625,1676.1281608381555,1655.3429865819292,1659.7406801439236,2152065.0
2018-08-17,1670.0709228515625,1677.663117469527,1662.8106468237643,1670.9836230090193,1213731.0
2018-08-20,1667.7479248046875,1679.405896568038,1662.562012327637,1679.405896568038,1587032.0
2018-08-21,1674.1368408203125,1679.4057070449269,1662.8107889911232,1667.913746550136,1376866.0
2018-08-23,1688.6156005859375,1691.0218835825533,1676.3354239309424,1678.4097883612449,3046791.0
2018-08-24,1695.170654296875,1697.6598916746973,1685.2137047855865,1688.6156422778113,1570533.0
2018-08-27,1701.7257080078125,1708.446730522496,1688.5328298267505,1695.1707967253324,1532702.0
2018-08-28,1716.91015625,1719.2334852585288,1702.638567447153,1705.1278051188594,1987983.0
2018-08-29,1719.2332763671875,1723.0501880299112,1697.3279672602557,1719.6481492620637,1525867.0
2018-08-30,1727.863037109375,1730.0204577988652,1713.8404103518255,1715.9147754091382,2408020.0
2018-08-31,1724.543701171875,1735.8283258112237,1720.8929004457352,1727.779831545867,2504554.0
2018-09-03,1703.38525390625,1734.1689074073238,1699.6513974070476,1729.8542693009592,1439711.0
2018-09-04,1741.5533447265625,1746.4074385920405,1706.745549608313,1709.1104061221931,4420803.0
2018-09-05,1725.2491455078125,1748.4820304779792,1721.7642532772238,1742.4663727624895,1681106.0
2018-09-06,1721.9716796875,1727.11606367161,1709.5254913833567,1721.7227154064813,2238097.0
2018-09-07,1725.747314453125,1729.1906793538164,1713.7573225868978,1725.2909136341311,1312182.0
2018-09-10,1726.4937744140625,1736.9899789765664,1721.1004260859636,1729.5222659068913,1530539.0
2018-09-11,1697.8673095703125,1733.3389418166805,1694.5067986320414,1733.3389418166805,3679745.0
2018-09-12,1695.958740234375,1716.660855633092,1692.681285123696,1702.9287258943746,2307661.0
2018-09-14,1713.7572021484375,1718.8602612799427,1674.5518073429332,1696.000719868537,3642038.0
2018-09-17,1721.01708984375,1724.045783417413,1704.7541944663674,1717.573725964068,1033857.0
2018-09-18,1718.1962890625,1724.8757839427396,1707.2852117192351,1720.0632173012496,1456507.0
2018-09-19,1724.1285400390625,1733.3387985047252,1714.9600119487116,1719.1500657494366,1301268.0
2018-09-21,1745.07958984375,1759.8906316348873,1701.1030676954008,1723.3818207947484,4508530.0
2018-09-24,1824.1544189453125,1834.1528952838864,1740.9308835663392,1754.912179835069,3032226.0
2018-09-25,1811.501220703125,1835.3148876803823,1787.1067721068484,1829.5066663408227,2868778.0
2018-09-26,1777.43994140625,1824.611072677926,1771.5903953885015,1814.6541227588104,1970951.0
2018-09-27,1816.18896484375,1833.4890412236875,1772.1709147409906,1777.2322419895327,3311802.0
2018-09-28,1811.9158935546875,1817.143332697929,1791.296831621154,1807.186382929721,2904371.0
2018-10-01,1871.5335693359375,1888.4603061500193,1817.4341724280189,1817.8903706532674,3772208.0
2018-10-03,1794.6158447265625,1871.076841730148,1788.6001874748802,1867.1770768543352,3902322.0
2018-10-04,1713.25927734375,1789.471312377176,1706.2479654026577,1789.4299871442736,4762419.0
2018-10-05,1744.6649169921875,1759.0610875831674,1676.8332994540804,1700.9788818610816,3417624.0
2018-10-08,1723.8387451171875,1760.8868208876224,1699.4440925549188,1744.6652469920311,2010154.0
2018-10-09,1735.6624755859375,1748.813826264037,1703.6342035274113,1726.161925756881,1867130.0
2018-10-10,1695.6685791015625,1747.4032119905214,1683.5543100897783,1742.466264755315,2749573.0
2018-10-11,1642.85498046875,1670.2781167403937,1610.536425530603,1647.045236825475,4700256.0
2018-10-12,1591.7015380859375,1641.2373258590642,1579.0063857986852,1641.2373258590642,9373289.0
2018-10-15,1617.5894775390625,1622.6094802694922,1593.1119758271352,1609.7068922420012,2638151.0
2018-10-16,1628.210205078125,1636.1757444087991,1605.5581044844214,1624.6422576643397,2815425.0
2018-10-17,1600.9117431640625,1650.3645780352526,1593.1121115272424,1634.5994060982644,2779207.0
2018-10-19,1587.4697265625,1600.5797515640659,1551.6662740102072,1600.5797515640659,3428776.0
2018-10-22,1579.006103515625,1589.7927978643916,1565.6886442085658,1588.1333064261198,1778496.0
2018-10-23,1532.983154296875,1578.1748099291135,1527.453701706945,1569.8598741549874,2752811.0
2018-10-24,1537.0159912109375,1558.219078998808,1505.918108821923,1539.96783422874,2735913.0
2018-10-25,1540.7574462890625,1560.630161120394,1517.5172437032654,1533.2740048338,2507233.0
2018-10-26,1495.9400634765625,1541.50595177344,1489.288114907715,1541.50595177344,2285970.0
2018-10-29,1555.7242431640625,1561.5030820346624,1483.67531550414,1503.922160688264,2609483.0
2018-10-30,1575.51416015625,1587.6539467726827,1534.1057370597289,1552.3985967970266,2404883.0
2018-10-31,1611.5595703125,1616.3406591923963,1559.4248532782551,1579.838064661396,2769190.0
2018-11-01,1609.56396484375,1616.714790519411,1580.9190468549205,1616.1327855170089,2769759.0
2018-11-02,1591.0213623046875,1625.2373436853534,1583.9952820998456,1608.2748542225731,1818635.0
2018-11-05,1572.2296142578125,1602.579129904937,1567.1575237237719,1588.1527366029468,1713366.0
2018-11-06,1607.0277099609375,1611.0189200146685,1572.3544659343165,1574.8489468427263,1398710.0
2018-11-07,1614.8853759765625,1620.5810870495854,1610.6031634761657,1613.0976443695208,144530.0
2018-11-09,1587.487548828125,1631.3488364576808,1583.9953162901213,1630.5589581338204,2570479.0
2018-11-12,1592.1856689453125,1618.1698467080198,1586.9057043240691,1586.9057043240691,2552008.0
2018-11-13,1608.8984375,1612.266027047948,1582.3322586241595,1592.310181432089,1418432.0
2018-11-14,1563.7484130859375,1604.6994716798813,1554.8929862066034,1600.6251328597386,2422318.0
2018-11-15,1557.263427734375,1579.0070148797577,1544.58314496612,1549.9047265591723,1829123.0
2018-11-16,1568.6961669921875,1579.67194594215,1555.101263799151,1570.691772392245,1829729.0
2018-11-19,1581.8751220703125,1585.9494614311814,1550.1537191551836,1579.0065094543618,1740628.0
2018-11-20,1561.7532958984375,1581.5012744836033,1558.3857052657347,1581.5012744836033,1190182.0
2018-11-21,1506.666015625,1555.7657406748526,1495.4824701821303,1555.7241254052842,3840461.0
2018-11-22,1507.1240234375,1536.2678182091681,1504.9620585066273,1513.3186112183055,3194219.0
2018-11-26,1535.020263671875,1546.5780446281028,1483.8002799133599,1512.486808160494,4333177.0
2018-11-27,1571.7308349609375,1578.0917815340288,1526.081814349013,1541.589190857071,3344839.0
2018-11-28,1649.6002197265625,1653.8408169056706,1565.286746015548,1570.6914545675272,5313249.0
2018-11-29,1630.184814453125,1660.4927155054168,1615.2179296864263,1660.4927155054168,4035441.0
2018-11-30,1636.587158203125,1655.503636216142,1629.6025921751063,1634.716297740299,5268901.0
2018-12-03,1648.3531494140625,1654.6724813038272,1636.6291084145114,1649.6835190486397,1610576.0
2018-12-04,1672.0089111328125,1679.1182221230968,1638.8739109602127,1648.8518343146127,3270615.0
2018-12-05,1668.5999755859375,1677.954279672317,1650.5149876856042,1667.9763553135122,2501539.0
2018-12-06,1656.9173583984375,1677.1226947259522,1646.0248118661957,1661.3243153507449,2321216.0
2018-12-07,1658.9959716796875,1666.2300268196898,1640.5368545651372,1650.5563929340417,1680420.0
2018-12-10,1642.865234375,1672.1337709692116,1629.7275937840152,1642.1999988384848,2010786.0
2018-12-11,1662.9874267578125,1671.3023638916015,1630.559171936035,1638.0426153564451,2942014.0
2018-12-12,1676.956298828125,1681.2800248595386,1650.4731470085014,1663.9017886743557,2219993.0
2018-12-13,1648.519287109375,1687.682617651055,1641.7842088570983,1682.9431444551872,3748429.0
2018-12-14,1654.46484375,1662.1145463649434,1642.4081832477384,1648.8522604127402,2473761.0
2018-12-17,1658.2479248046875,1667.0617377154829,1650.514992802363,1662.1559045903896,1227921.0
2018-12-18,1652.8848876953125,1664.6505449641058,1643.3643245294413,1656.252478099343,1768742.0
2018-12-19,1636.7535400390625,1650.3485416305025,1629.7690749837382,1650.3485416305025,2498833.0
2018-12-20,1624.7802734375,1642.116896444675,1618.0867086826001,1624.572400016549,1940277.0
2018-12-21,1576.3455810546875,1621.41249281892,1568.6542653836234,1619.749505646798,3729956.0
2018-12-24,1595.220703125,1612.183195327016,1583.995537895817,1584.6607734726404,1864116.0
2018-12-26,1570.85791015625,1597.9646868864847,1555.1011446127459,1597.9646868864847,2446614.0
2018-12-27,1587.2796630859375,1614.5110784167337,1556.6391443039415,1587.3212783661052,4968201.0
2018-12-28,1576.5535888671875,1596.4678213509505,1574.0174926132029,1592.3103530661824,2239130.0
2018-12-31,1574.059326171875,1587.3216112390962,1568.321998843159,1586.4901174668391,1879740.0
2019-01-01,1582.1661376953125,1588.1528512988864,1567.365510313299,1576.5119403469573,1094883.0
2019-01-02,1599.211669921875,1608.4827422943208,1579.837828581627,1583.9952965515788,2100463.0
2019-01-03,1579.7965087890625,1617.2137275171976,1574.1007969050313,1595.636505317587,2611668.0
2019-01-04,1560.5887451171875,1580.8355940063368,1530.7797198142066,1579.8378422851672,4280862.0
2019-01-07,1578.091796875,1587.155097835165,1564.0395340836271,1573.0197059800764,1856423.0
2019-01-08,1574.474853515625,1585.1595266991353,1565.9520435383959,1584.3280330428202,1691756.0
2019-01-09,1568.98681640625,1595.636227030668,1552.149070915176,1585.990921518634,2414376.0
2019-01-10,1570.3172607421875,1583.995289703925,1556.6391302797679,1571.5228858479884,3053461.0
2019-01-11,1532.06884765625,1559.0507792081312,1525.7910292516913,1554.8933104635762,9209862.0
2019-01-14,1507.705810546875,1539.0946947868554,1505.0034562745589,1538.2632011646042,3615370.0
2019-01-15,1553.0638427734375,1554.3525969995742,1503.3404830972684,1505.0034703573317,7711653.0
2019-01-16,1555.0179443359375,1559.0506684314746,1535.7688451162314,1554.8931999823242,2359280.0
2019-01-17,1578.4747314453125,1581.5578118876103,1559.3093838829232,1564.8922922681413,2625816.0
2019-01-18,1583.765869140625,1586.723937572348,1563.2255977392604,1567.3919772641518,1683728.0
2019-01-21,1590.4737548828125,1609.889125080663,1579.4328486160844,1584.890846740901,2409803.0
2019-01-22,1584.807373046875,1598.4314129675397,1574.891370003206,1589.140366816729,2457093.0
2019-01-23,1562.8924560546875,1588.3073742302843,1558.2261307660992,1584.0576869445747,2578169.0
2019-01-24,1584.515625,1587.5987047470653,1562.3921120066907,1570.5582554660737,1962927.0
2019-01-25,1600.5565185546875,1612.3889966021393,1584.0576137161067,1584.890889683343,2327080.0
2019-01-28,1629.05419921875,1634.8871298553388,1604.472562964554,1610.7221315037564,2769033.0
2019-01-29,1652.1776123046875,1657.4272905950693,1613.763617806703,1634.887139246903,2557626.0
2019-01-30,1651.052734375,1657.8022481908624,1628.7626061321723,1649.5527972078128,2429575.0
2019-01-31,1678.3009033203125,1683.0089323123411,1654.0525959351392,1655.7191476690787,4094319.0
2019-02-01,1691.5081787109375,1695.507943259959,1664.9683646804212,1674.467729195669,3064163.0
2019-02-04,1708.4241943359375,1712.7571890397037,1685.7174223346428,1691.5086501027124,1590764.0
2019-02-05,1703.674072265625,1712.3817636611814,1689.8833171313265,1708.2153846741712,1111404.0
2019-02-06,1728.880859375,1738.9218745490869,1700.7577980530846,1708.132167626711,1789812.0
2019-02-07,1735.6302490234375,1748.1710917043463,1722.381243906447,1728.8391319762463,1339945.0
2019-02-08,1717.71484375,1741.1299777082806,1709.0488558409588,1729.0474772647437,1684474.0
2019-02-11,1721.464599609375,1746.5462855619394,1707.298909316172,1716.5483531763334,1778730.0
2019-02-12,1709.548583984375,1724.8807761757985,1681.5504378370827,1724.8807761757985,2422903.0
2019-02-14,1703.716064453125,1729.0476748279918,1694.091787824195,1716.5902394966558,1724085.0
2019-02-15,1691.2996826171875,1709.8817717991772,1675.6757629187302,1707.381944647424,1930065.0
2019-02-18,1641.803466796875,1701.5076007604264,1635.4288861275202,1697.8828711149486,2942184.0
2019-02-19,1587.2242431640625,1642.3870763763575,1576.5582691547786,1641.553800335578,4408554.0
2019-02-20,1595.5150146484375,1611.3889610827289,1567.641976740625,1595.7233336214952,4645778.0
2019-02-21,1595.056640625,1616.555198905997,1580.766040730918,1595.5149830439473,4683919.0
2019-02-22,1604.59765625,1608.2223858433558,1587.4737968947852,1597.556414306942,2271955.0
2019-02-25,1654.1773681640625,1658.2187351901007,1608.638828283663,1610.3053797763164,2934880.0
2019-02-26,1698.7998046875,1704.1744961214945,1643.4286530830734,1653.2196464529434,6453309.0
2019-02-27,1714.9652099609375,1729.0057868041836,1684.8838686174506,1699.8828348069235,4732082.0
2019-02-28,1652.7608642578125,1726.005930000999,1647.8862211141382,1716.5481681851936,8454295.0
2019-03-01,1662.7183837890625,1670.7178103177614,1650.17754357794,1662.4267576321536,4148548.0
2019-03-05,1656.6358642578125,1672.3847997561172,1647.0531910155628,1670.7182478879,2449622.0
2019-03-06,1666.218505859375,1679.050975344617,1654.0944022792767,1657.6358249319887,2635047.0
2019-03-07,1677.6343994140625,1686.592115281699,1666.7184038193668,1670.7181688010528,2539884.0
2019-03-08,1685.4671630859375,1694.0499457512203,1674.9263040701048,1687.383738389681,2031071.0
2019-03-11,1678.8843994140625,1694.0499807879219,1669.5933523681072,1690.6335697881243,3111689.0
2019-03-12,1676.9259033203125,1687.2169411949396,1669.0514874144653,1678.259226022845,2658550.0
2019-03-13,1666.968505859375,1679.8009755857972,1648.7197425623024,1677.3844550337024,1833163.0
2019-03-14,1656.0526123046875,1673.0514617094257,1650.7196259810876,1670.6765439218766,1905495.0
2019-03-15,1699.8411865234375,1724.006188405401,1659.0523705858382,1665.6352707525064,5184318.0
2019-03-18,1685.5504150390625,1720.3813859458098,1675.7177194094327,1702.3825463716912,2349915.0
2019-03-19,1685.5504150390625,1691.5499604182737,1662.468613168912,1691.5499604182737,2373993.0
2019-03-20,1679.0924072265625,1703.882361770888,1666.5515660050803,1689.8832879291513,3091165.0
2019-03-22,1671.259765625,1679.8841505183873,1652.6360703118605,1679.0508746500745,3148149.0
2019-03-25,1653.42724609375,1673.0509287845703,1647.5526119404362,1673.0509287845703,2429205.0
2019-03-26,1652.094482421875,1662.3437149543693,1631.5959156386368,1653.2193845425054,2316539.0
2019-03-27,1639.803466796875,1664.8850480276176,1634.0538434345135,1661.551944828363,2266166.0
2019-03-28,1666.8018798828125,1678.7176646252426,1643.8867918570782,1649.8863378528783,4054489.0
2019-04-01,1692.9251708984375,1699.8413005251268,1673.4264925561233,1674.8847255261087,2095740.0
2019-04-02,1732.6307373046875,1738.213645526795,1697.3831236520045,1697.466430904016,3719663.0
2019-04-03,1732.6307373046875,1741.2135203452624,1714.9653277114685,1737.3803695701665,2939886.0
2019-04-04,1678.6343994140625,1732.9639506065305,1672.7181605192725,1731.6723321981601,4397518.0
2019-04-05,1706.799072265625,1711.8819332104272,1682.2174331348529,1690.4251804331725,3152103.0
2019-04-08,1725.505859375,1729.047281517868,1693.7996745615583,1715.7148687447182,2194294.0
2019-04-09,1742.7965087890625,1748.2128020269918,1714.5900387830948,1724.8810773097582,2690970.0
2019-04-10,1700.091064453125,1737.7967969204717,1696.549642066689,1735.7136072813917,3313062.0
2019-04-11,1682.80078125,1712.3820774789554,1677.9261372854994,1704.0493179778412,3422442.0
2019-04-12,1678.6343994140625,1699.0496601664302,1672.3848297959908,1698.2163842173538,3198471.0
2019-04-15,1760.9619140625,1766.3782071476933,1700.7160287506683,1724.8810286692228,9189201.0
2019-04-16,1776.377685546875,1796.5012180775905,1762.8369515526128,1766.5449887898938,5771952.0
2019-04-18,1791.58544921875,1795.7101255251032,1761.7124174960625,1791.4603357327621,3413728.0
2019-04-22,1801.0843505859375,1813.2085569458345,1787.877048186641,1789.876829191017,2007135.0
2019-04-23,1795.7509765625,1804.4586676122412,1778.2521855120003,1802.3754782014676,2163524.0
2019-04-24,1819.4161376953125,1829.0405145754792,1796.6261649628375,1798.209307723865,3003071.0
2019-04-25,1829.0404052734375,1837.3731633840227,1806.583662852706,1812.3748890522672,4211526.0
2019-04-26,1865.32958984375,1869.8291978062061,1827.49874631855,1835.7065943542339,2716958.0
2019-04-30,1883.4957275390625,1888.9952277766376,1858.2891253329994,1865.3302677412676,3488395.0
2019-05-02,1846.0394287109375,1882.7035699241558,1842.4565049324885,1879.0372371774372,2457699.0
2019-05-03,1776.54443359375,1821.5830421214591,1770.7115015885172,1820.7080616333694,3780886.0
2019-05-06,1798.0848388671875,1804.042681359417,1756.9625836703606,1758.2124977683002,2891422.0
2019-05-07,1793.168701171875,1820.1669724641636,1782.2112003743132,1799.918319854091,2201698.0
2019-05-08,1793.9180908203125,1806.5421392471872,1775.2108842398877,1792.376449040913,1824895.0
2019-05-09,1810.3336181640625,1819.9579956076432,1779.9607519451797,1787.3768261663276,2264162.0
2019-05-10,1779.710693359375,1826.5407578692711,1771.4196389094484,1812.3750676850661,2039633.0
2019-05-13,1773.8359375,1805.708738256019,1767.91959768442,1777.3773598062244,1701744.0
2019-05-14,1743.5048828125,1799.7093006799294,1726.8393650794449,1779.044018003642,2456110.0
2019-05-15,1746.0462646484375,1769.8780371064872,1736.9636385821434,1747.3795874822522,2346876.0
2019-05-16,1757.1705322265625,1769.877989543198,1730.7557272130523,1746.5462646339656,1946529.0
2019-05-17,1746.087646484375,1779.0437434018997,1741.5463342903843,1760.3784477965312,1947908.0
2019-05-20,1786.5018310546875,1792.709695843018,1708.2156006768228,1770.7112933845115,2625116.0
2019-05-21,1758.00390625,1790.4599632749569,1752.0043601971663,1789.9184152910757,1863157.0
2019-05-22,1734.6719970703125,1768.1696454821993,1729.0473850947033,1758.2120397830477,2595795.0
2019-05-23,1711.59033203125,1762.6701832681376,1708.2155240890443,1748.2127656286902,2541294.0
2019-05-24,1706.549072265625,1724.8811423778534,1693.4249766170979,1724.8811423778534,2274208.0
2019-05-27,1712.5067138671875,1724.0059608286417,1699.9659738527628,1712.215189393136,2329820.0
2019-05-28,1728.0057373046875,1747.7960380935897,1704.049057402332,1716.5481947426913,5872979.0
2019-05-29,1756.170654296875,1769.6279786349728,1730.7974439654981,1733.2138626879157,3281320.0
2019-05-30,1788.459716796875,1797.0007929186304,1761.8780992926615,1769.044351852326,4971725.0
2019-05-31,1830.33251953125,1837.3319568665636,1793.41835040945,1799.8762396953941,4265370.0
2019-06-03,1868.4547119140625,1872.9126162050354,1821.2495070688542,1834.040374334433,3682419.0
2019-06-04,1833.8460693359375,1868.2027739276477,1827.041831516472,1868.2027739276477,2408658.0
2019-06-06,1819.565673828125,1847.2022235156294,1807.7213210575874,1847.2022235156294,3735467.0
2019-06-07,1832.7113037109375,1839.4734971257328,1799.4046351116822,1826.2011569921292,2659446.0
2019-06-10,1874.5028076171875,1878.1569730978283,1835.8619251836717,1845.2700990204878,2080593.0
2019-06-11,1892.39501953125,1901.7611502158388,1874.0825626182,1879.122677085125,3048937.0
2019-06-12,1899.19873046875,1904.238844085014,1864.0020190816062,1885.8425114187498,2404448.0
2019-06-13,1893.4873046875,1919.44381516581,1884.2050517857824,1901.8034124881374,3320916.0
2019-06-14,1893.8231201171875,1901.0473666360042,1876.6027280291848,1896.1331727143588,2131408.0
2019-06-17,1889.3712158203125,1900.1235030077426,1882.861066771546,1895.0833876151491,1489497.0
2019-06-18,1890.757080078125,1898.4431728376928,1874.250581654,1885.0028671892844,1877447.0
2019-06-19,1898.3597412109375,1911.8841354500328,1884.289416400398,1894.2437282248786,1652817.0
2019-06-20,1913.521728515625,1918.6038857795465,1858.122502339911,1873.24284819982,2199377.0
2019-06-21,1889.9169921875,1925.7437235944321,1883.3227604356455,1919.4435805510482,3871804.0
2019-06-24,1911.4637451171875,1915.2438316269777,1890.7153112911255,1893.5292526431672,1382424.0
2019-06-25,1904.994873046875,1910.5809166125996,1890.462505284528,1906.8428735818168,1386077.0
2019-06-26,1893.5709228515625,1904.1552450340562,1890.0428838183238,1902.643169710446,1762224.0
2019-06-27,1892.184814453125,1901.8029908594262,1882.7346008280504,1894.2428199593667,2813464.0
2019-06-28,1870.890380859375,1900.0810427488275,1866.9423323541912,1898.4430466233846,2372928.0
2019-07-01,1881.264892578125,1894.2431471819475,1853.5863031292097,1877.4427645018416,2769940.0
2019-07-02,1891.80712890625,1895.9231405322419,1861.860324438775,1885.7588272184694,1771746.0
2019-07-03,1879.668701171875,1897.435228603284,1874.9226751786662,1891.8910203801224,1656881.0
2019-07-04,1883.869140625,1891.7234028609519,1873.3270628147523,1876.6030559464327,984140.0
2019-07-05,1817.045654296875,1890.0432423805805,1797.6411283086409,1887.523184724073,4088470.0
2019-07-08,1827.377197265625,1838.633574586955,1791.0045396927603,1805.2007783455763,2788062.0
2019-07-09,1792.0548095703125,1826.5374291848686,1767.8622187362987,1826.2015035816294,3977224.0
2019-07-10,1770.928466796875,1787.4349674096677,1739.9318398183725,1747.2399659671528,6343581.0
2019-07-11,1766.18212890625,1788.40059219384,1752.3218143119811,1787.5605731275207,2400346.0
2019-07-12,1770.4241943359375,1780.6303435442785,1758.2439183687752,1765.804089658738,1560725.0
2019-07-15,1802.4293212890625,1809.0655966257605,1762.3604428005822,1785.0409632751368,2900415.0
2019-07-16,1773.2122802734375,1795.5247804763085,1768.1603934350517,1790.051903068057,2735399.0
2019-07-17,1782.6846923828125,1789.2100466706702,1761.5089474669426,1774.896366297305,1802969.0
2019-07-18,1739.4910888671875,1781.8006458658915,1734.4813416384122,1781.8006458658915,3072096.0
2019-07-19,1748.7529296875,1765.6346949937742,1736.5863416426605,1748.7950698626937,1953177.0
2019-07-22,1776.4957275390625,1782.852725551611,1741.890429869783,1748.794633337769,1920167.0
2019-07-23,1778.6434326171875,1793.420246180481,1770.1814790756562,1791.6520031496477,3538588.0
2019-07-24,1765.4661865234375,1785.6737349257007,1748.373927387494,1776.5802970323198,2413196.0
2019-07-25,1791.6514892578125,1797.6296372551337,1761.8875808960724,1775.653848457884,2544464.0
2019-07-26,1775.7803955078125,1793.2515044685795,1763.950519171414,1793.2515044685795,1720592.0
2019-07-29,1793.4197998046875,1803.5235733247139,1770.9389448349884,1777.253803285005,1647090.0
2019-07-30,1834.80322265625,1839.728894828227,1785.378968058582,1793.4199295121848,2851672.0
2019-07-31,1857.1575927734375,1862.2094791602149,1807.8595603367787,1828.5723767472791,3000677.0
2019-08-01,1835.5609130859375,1867.0930637377182,1823.9415329523483,1852.3583946890553,2375236.0
2019-08-02,1856.8209228515625,1860.7781928280247,1823.3100346466458,1829.624892767103,2500816.0
2019-08-05,1893.2786865234375,1896.3518351560097,1848.6536905135504,1852.2740446083235,3039682.0
2019-08-06,1864.904296875,1896.0997451143921,1861.9995025059043,1879.9758854637569,2885467.0
2019-08-07,1863.6832275390625,1884.774897502187,1858.462985263213,1877.618057373186,2165362.0
2019-08-08,1901.2779541015625,1920.5592426159385,1868.27212445677,1876.6919370065987,2073298.0
2019-08-09,1891.3001708984375,1909.528980693727,1887.174545460432,1902.8774117887451,1744550.0
2019-08-13,1851.8948974609375,1891.2996457160864,1847.5587779380853,1890.247169563768,1647281.0
2019-08-14,1856.0631103515625,1867.387920936072,1824.9098087160505,1836.4451145818814,1945002.0
2019-08-16,1822.973388671875,1887.2163830982036,1804.5760191413187,1887.2163830982036,3755507.0
2019-08-19,1821.205322265625,1840.5708897238355,1816.7427808259351,1835.519002560824,974884.0
2019-08-20,1841.2020263671875,1856.5681802399215,1824.1519104262086,1828.7828061138819,1843611.0
2019-08-21,1840.7388916015625,1854.0422330235324,1837.4131076365138,1839.686415311245,1214408.0
2019-08-22,1865.8302001953125,1882.3750473179919,1827.0990678807889,1841.4127472144173,2131601.0
2019-08-23,1892.5216064453125,1902.793738710259,1864.0625931892137,1864.946714797177,2826425.0
2019-08-26,1916.6019287109375,1921.4011806440024,1873.4082501897042,1891.931837382591,2345475.0
2019-08-27,1883.0909423828125,1915.3810034317644,1876.7760834210994,1911.2973124117973,3432106.0
2019-08-28,1885.4063720703125,1896.2678471525905,1865.830309482109,1886.0378579602545,1294621.0
2019-08-29,1880.522705078125,1892.9419266887764,1871.050417408984,1871.050417408984,1670652.0
2019-08-30,1902.541259765625,1907.9298585181584,1867.5147511885593,1886.880323450659,2583625.0
2019-09-03,1895.804931640625,1933.3571694173884,1883.4697838569462,1911.2973033283404,2545060.0
2019-09-04,1890.5845947265625,1911.2974154624721,1880.144109571674,1907.0875092610129,2228092.0
2019-09-05,1865.2410888671875,1897.5309462015116,1858.505238922693,1887.8903020808193,2055943.0
2019-09-06,1850.2535400390625,1880.5648608315112,1846.127914711477,1865.8301910018486,1890550.0
2019-09-09,1837.9185791015625,1854.7582015848009,1835.350495560509,1852.3584731562203,1703945.0
2019-09-11,1813.627197265625,1848.1484206119067,1807.3544795016448,1840.5705910968693,2627440.0
2019-09-12,1796.451171875,1822.889299349851,1785.2949209667388,1814.469487343616,2118859.0
2019-09-13,1803.4818115234375,1816.9535123764792,1781.2535873406553,1797.6300825777657,2291174.0
2019-09-16,1810.25927734375,1829.961551905011,1790.3884421212174,1818.6369477707285,2597948.0
2019-09-17,1787.231201171875,1815.7744854196794,1772.875587051176,1814.4272333584638,2796530.0
2019-09-18,1800.6187744140625,1804.3234091361192,1779.2323305205957,1790.3885804171368,1454663.0
2019-09-19,1769.8021240234375,1798.3032663541728,1760.5824721325191,1797.629640364863,1652691.0
2019-09-20,1739.070068359375,1792.9147262233682,1731.9553681683738,1772.286186349705,6941979.0
2019-09-23,1697.265625,1767.3184148130545,1662.9127533376763,1767.3184148130545,6323401.0
2019-09-24,1721.5989990234375,1735.3233343375014,1694.9082348478362,1696.5921973265722,4620978.0
2019-09-25,1758.435791015625,1761.4248657194385,1734.5236045087968,1738.6913707985852,4002232.0
2019-09-26,1757.7198486328125,1774.0541999529871,1737.007031088283,1766.39208962216,4234281.0
2019-09-27,1731.2392578125,1755.6988484849956,1727.239847815575,1755.5304933869547,2046795.0
2019-09-30,1767.571044921875,1771.5283151599194,1734.4811450710238,1736.0388924017548,2620039.0
2019-10-01,1734.439453125,1764.7507819400419,1717.389330666539,1764.7507819400419,3342877.0
2019-10-03,1734.6915283203125,1752.2888507512919,1722.8196155920275,1742.9008438893566,2317618.0
2019-10-04,1750.7738037109375,1758.0147191622984,1730.2293377647247,1734.9866551895889,2163251.0
2019-10-07,1724.124755859375,1763.529514702984,1718.4835232794414,1751.320788055482,2177916.0
2019-10-09,1700.8861083984375,1734.4811769944622,1697.0130156467662,1734.4811769944622,2066920.0
2019-10-10,1687.709228515625,1716.8418611801899,1681.5206870564086,1707.5379275140626,2881452.0
2019-10-11,1672.8902587890625,1679.752425846823,1620.8137442381626,1625.8656312331907,12593069.0
2019-10-14,1701.6439208984375,1711.5371995083121,1657.0189195092157,1679.7524107829702,3510704.0
2019-10-15,1715.368408203125,1723.5355850560968,1703.0753999687133,1710.905866552999,2261310.0
2019-10-16,1723.030517578125,1731.1135173363523,1697.4342660263067,1715.9578542468319,3034082.0
2019-10-17,1748.4703369140625,1754.5398125516379,1721.222538226388,1733.8779109317952,3818774.0
2019-10-18,1771.1982421875,1776.8370503623398,1743.3476414712588,1754.109046665526,3087901.0
2019-10-22,1766.0758056640625,1817.8167306136459,1756.3045749699033,1790.697987059618,5552505.0
2019-10-23,1782.1749267578125,1794.0124728120659,1767.022783734888,1773.4796270372078,2348134.0
2019-10-24,1792.4195556640625,1807.0550659648738,1774.598711628635,1794.1413804053345,2798671.0
2019-10-25,1829.395751953125,1833.7434015851707,1786.4363075105916,1802.750555361196,3954245.0
2019-10-27,1821.4324951171875,1832.882673158159,1815.4922830681774,1832.882673158159,224405.0
2019-10-29,1889.5736083984375,1895.4707320509099,1826.425601683673,1826.425601683673,5064173.0
2019-10-30,1939.4637451171875,1945.6622731542095,1874.0774820008062,1915.5303352956266,5195136.0
2019-10-31,1953.9703369140625,1967.1423426637693,1925.8616226066495,1937.053487199357,4879261.0
2019-11-01,1894.7821044921875,1958.5758003484457,1889.7028051713576,1949.1057635115963,4172620.0
2019-11-04,1888.7987060546875,1919.1458679636748,1877.5637572686649,1900.0336548407101,2646411.0
2019-11-05,1895.60009765625,1903.4773622324444,1867.3190405618145,1891.4245883422345,2693475.0
2019-11-06,1884.106689453125,1903.305077011819,1875.9280220783,1894.0071815384397,2540719.0
2019-11-07,1881.39453125,1897.8809155516014,1872.656146444943,1897.8809155516014,1915598.0
2019-11-08,1833.7000732421875,1885.0536169802108,1828.5776872003692,1885.0536169802108,2788759.0
2019-11-11,1808.7340087890625,1841.4917702545968,1800.16797176361,1838.0481203803479,2983768.0
2019-11-13,1875.5843505859375,1880.0610542509526,1823.4129608341796,1823.4129608341796,3823365.0
2019-11-14,1891.25244140625,1894.0073191063927,1848.1206452022125,1883.2459138841973,2995915.0
2019-11-15,1872.0103759765625,1903.9072130591126,1867.1032187754693,1890.5630747808327,2724180.0
2019-11-18,1853.2000732421875,1883.4610593253979,1849.8854765057474,1875.411444499007,1611089.0
2019-11-19,1815.4923095703125,1854.965021314036,1812.2208000560338,1853.544599772276,2975313.0
2019-11-20,1815.27734375,1838.0484404722633,1803.1814794234922,1826.8134887642436,2894129.0
2019-11-21,1823.4989013671875,1830.8166578220275,1814.286969212353,1818.2472508966962,2052574.0
2019-11-22,1783.55224609375,1813.9424970270513,1773.91006887719,1805.3333726937478,3742049.0
2019-11-25,1791.9891357421875,1794.959241444249,1766.764360735358,1786.005836681924,2737010.0
2019-11-26,1761.9866943359375,1806.108357503192,1752.0001297581002,1799.1781796114253,6561580.0
2019-11-27,1768.572509765625,1783.5523025058906,1761.9004381962832,1766.5923690695954,2907521.0
2019-11-28,1788.416748046875,1803.095138698723,1773.4798314127002,1779.5493068530664,2924429.0
2019-11-29,1767.6685791015625,1795.0025507983723,1761.254823055117,1795.0025507983723,2064271.0
2019-12-02,1739.9473876953125,1780.1088749213777,1735.5997371899107,1773.479890184135,3809860.0
2019-12-03,1765.7315673828125,1775.2016050430811,1730.4341542854477,1745.6722637565906,4664774.0
2019-12-04,1789.4063720703125,1792.419565383878,1760.9962636852654,1767.4531065000488,3334301.0
2019-12-05,1826.2535400390625,1830.9885583009834,1780.668269899672,1793.280552651129,3902721.0
2019-12-06,1828.2337646484375,1832.0216953585923,1808.7770591862793,1828.5780455552865,1829461.0
2019-12-09,1773.866943359375,1831.9785313689058,1767.8836441121698,1831.9785313689058,2244747.0
2019-12-10,1732.8873291015625,1774.2112252388092,1724.6225919108472,1773.479365698912,4520045.0
2019-12-11,1757.8973388671875,1763.1488843500529,1727.6362420261078,1743.6922819376096,4943024.0
2019-12-12,1739.8179931640625,1793.84014436997,1708.0503027052566,1765.817612238175,7137306.0
2019-12-13,1783.1650390625,1788.4595669336036,1727.8514102104707,1741.6260103915208,5711133.0
2019-12-16,1830.9454345703125,1838.908874217556,1790.956095891973,1804.472378445692,5574177.0
2019-12-17,1863.832275390625,1867.3190126792545,1824.2733922855418,1830.7302353445987,6059673.0
2019-12-18,1866.2431640625,1896.9776997939618,1853.5447040602294,1871.6238674532924,8251081.0
2019-12-19,1919.0169677734375,1925.4307235863355,1866.0708512965498,1876.6170289687755,6251505.0
2019-12-20,1913.7227783203125,1934.212542847944,1901.1104911967032,1911.226215535687,5548338.0
2019-12-23,1921.29833984375,1930.122692764965,1902.6165810619204,1902.6165810619204,2247329.0
2019-12-24,1907.4378662109375,1931.5003291438366,1903.6066373442857,1927.58313513529,1805896.0
2019-12-26,1895.6859130859375,1918.9736342643744,1889.8747547049215,1908.1260545463392,1880367.0
2019-12-27,1892.716064453125,1916.7354382819578,1873.345533886741,1900.8947329144871,2720261.0
2019-12-30,1879.544189453125,1915.5303751671674,1874.2927491415521,1900.033949660197,2288830.0
2019-12-31,1861.0345458984375,1891.4247997842408,1857.3756677013128,1884.5374996484768,1909289.0
2020-01-01,1866.1141357421875,1880.146842222534,1854.4056409366908,1866.4584166902255,1354908.0
2020-01-02,1857.5479736328125,1876.746366508135,1850.2733042531497,1876.746366508135,2380752.0
2020-01-03,1894.567138671875,1913.808618436803,1863.0147774616473,1863.0147774616473,4655761.0
2020-01-06,1894.3944091796875,1916.3476726058134,1883.5899178881357,1898.3116021414744,3023209.0
2020-01-07,1899.0440673828125,1906.619929815024,1880.0609032697823,1894.4381010821942,2429317.0
2020-01-08,1941.573486328125,1945.6628219051381,1895.7729699023348,1898.3126204870928,5197454.0
2020-01-09,1906.361328125,1938.731506066248,1902.6162753647252,1935.9766286092424,3734173.0
2020-01-10,1905.6729736328125,1923.2785928420933,1900.8948670525256,1918.1131176598853,1915807.0
2020-01-13,1885.699951171875,1910.3219248169305,1880.8356689910945,1909.3750470904292,2843893.0
2020-01-14,1899.94775390625,1919.662776699493,1889.702979004724,1889.702979004724,2948452.0
2020-01-15,1917.166015625,1920.695841046894,1889.0142181269018,1905.1994156148705,2620681.0
2020-01-16,1927.411376953125,1936.1926443750767,1906.9216128460625,1917.2094774790664,3117214.0
2020-01-17,1910.450927734375,1940.109320001684,1905.1992776447905,1929.0895984557453,3281059.0
2020-01-20,1868.4815673828125,1930.3380056865112,1856.2995291437408,1889.6168015512435,5817599.0
2020-01-21,1869.0838623046875,1882.428004178045,1857.8920013786455,1868.136774614394,1902980.0
2020-01-22,1899.94775390625,1902.6166667883554,1871.3655003152235,1877.6502037400014,1773686.0
2020-01-23,1890.49951171875,1913.6244029087607,1884.2437223281115,1906.7646483988144,2069866.0
2020-01-24,1883.9847412109375,1890.4994327121674,1872.422401429644,1890.4994327121674,1319430.0
2020-01-27,1871.775146484375,1892.6564958676415,1868.1079599578986,1889.4207430501624,1549101.0
2020-01-28,1884.2869873046875,1887.7816429680117,1856.8909429557814,1875.8740288038423,1743024.0
2020-01-29,1859.1341552734375,1887.0477888309656,1855.1648810310244,1885.3652395594365,2306761.0
2020-01-30,1844.68115234375,1868.1079179511214,1833.5932220074517,1863.7935809581627,2098567.0
2020-01-31,1793.9444580078125,1850.2897397237982,1787.5161381966818,1846.0183776890453,3287223.0
2020-02-03,1814.1787109375,1893.7350431921934,1806.154001974521,1856.890647294887,4728073.0
2020-02-04,1818.708740234375,1843.6887090284197,1800.4591792106855,1837.0446722614088,3509339.0
2020-02-05,1852.1881103515625,1860.946130437135,1815.7319617026758,1824.9646010034498,2439322.0
2020-02-06,1836.4837646484375,1876.0461053017345,1825.395835202132,1850.85042141743,2640065.0
2020-02-07,1843.559814453125,1856.0282091513395,1828.4164459282606,1845.6737979426848,2083442.0
2020-02-10,1865.47607421875,1869.833596582946,1828.4159626946296,1847.3126738917822,2383032.0
2020-02-11,1858.0985107421875,1876.563998861233,1853.0940485237627,1866.382121760579,1335820.0
2020-02-12,1873.069580078125,1885.3654416541303,1855.1650798885034,1856.1143183798254,1620407.0
2020-02-13,1891.3624267578125,1895.7199498854284,1873.2853942654824,1874.967943804775,1645948.0
2020-02-14,1884.6749267578125,1908.6626825312246,1873.2851192474182,1887.9538649992403,1500115.0
2020-02-17,1901.1126708984375,1912.9770980968278,1889.8522087706754,1895.6765639407943,1774724.0
2020-02-18,1911.898681640625,1916.4287360594958,1886.2715587746434,1898.2653328763918,2486223.0
2020-02-19,1895.159423828125,1924.1948356259552,1890.1115638738363,1911.8989717660136,1760463.0
2020-02-20,1861.0325927734375,1910.7336324177,1856.243636205008,1902.1913287688274,2317278.0
2020-02-24,1825.2664794921875,1880.1447149442315,1817.802550737264,1860.3419519753884,3092877.0
2020-02-25,1860.471435546875,1878.1602170120473,1821.5130572184623,1825.3959604669149,2674567.0
2020-02-26,1832.3853759765625,1867.1587652062894,1823.1957113633828,1858.6164618327377,2686842.0
2020-02-27,1816.7672119140625,1829.2356030339017,1800.1138298673857,1829.2356030339017,2349001.0
2020-02-28,1725.8641357421875,1785.7039648637196,1717.1060111518734,1784.4096638502886,4298076.0
2020-03-02,1726.8568115234375,1772.2867022295245,1713.3959939344404,1755.9354048424332,2667076.0
2020-03-03,1756.970458984375,1777.5067440821795,1736.0891112103618,1742.9920500223313,2757585.0
2020-03-04,1797.5252685546875,1807.232526496905,1747.306429599145,1774.0553181510331,3237002.0
2020-03-05,1833.6365966796875,1853.2236465162528,1798.2590296876417,1799.6826767777966,3937056.0
2020-03-06,1826.2159423828125,1832.4285464688082,1787.5164600452229,1810.29607858088,2595027.0
2020-03-09,1701.87646484375,1794.6777888534073,1669.6483890970449,1790.4498229335236,4940975.0
2020-03-11,1685.7840576171875,1714.7764875598261,1656.7054673280554,1667.9227439297556,6796449.0
2020-03-12,1527.1458740234375,1646.6961965549096,1517.2228987467024,1642.8995588611901,8728786.0
2020-03-13,1558.59716796875,1570.4184072537998,1299.5212741347095,1456.4336637054846,8029720.0
2020-03-16,1463.7684326171875,1589.617635097848,1446.0364635471321,1514.3324465174235,7844271.0
2020-03-17,1430.63427734375,1493.6236031857848,1400.5633668263586,1492.7607357084967,5713248.0
2020-03-18,1427.5277099609375,1478.566332815072,1404.532274902428,1446.8559589230956,7258778.0
2020-03-19,1422.2696533203125,1464.9459794709219,1344.3918593792648,1355.6475949117219,5135111.0
2020-03-20,1562.29296875,1624.482259820397,1414.1426627757016,1416.750178441545,8547498.0
2020-03-23,1451.256591796875,1521.0511528505763,1406.10314429944,1408.058781495962,7003490.0
2020-03-24,1480.330322265625,1538.4344496085027,1419.2274878439598,1436.784826013675,6350865.0
2020-03-25,1521.311279296875,1573.2007876997652,1460.2084659312738,1477.5919000495032,2765520.0
2020-03-26,1556.6434326171875,1592.3664839814446,1497.192157217009,1591.975292951126,4556067.0
2020-03-27,1585.80419921875,1607.9680836145176,1521.3985799004784,1581.8929255018497,4331250.0
2020-03-30,1545.822021484375,1655.7722524193052,1532.8279457230028,1534.957374158789,8513547.0
2020-03-31,1587.1947021484375,1612.3137899613828,1547.1259008793863,1597.0163865434904,3927593.0
2020-04-01,1485.1973876953125,1594.7130399847692,1479.3304777512344,1587.020890389216,4941878.0
2020-04-03,1437.7840576171875,1512.3590461247509,1434.1335782217463,1512.3590461247509,5735369.0
2020-04-07,1542.9537353515625,1552.2104362321677,1481.9379174936141,1486.2837764891965,5427577.0
2020-04-08,1482.3289794921875,1569.7242449849496,1478.4612074858246,1529.7423428424756,6285615.0
2020-04-09,1535.087646484375,1546.0826899049903,1504.7100313689177,1521.4415868915737,5307397.0
2020-04-13,1529.090576171875,1553.2100949945377,1517.5740491664594,1530.6116269084393,2990438.0
2020-04-15,1508.143798828125,1574.9396450023846,1501.755405925204,1551.4720012854616,4761399.0
2020-04-16,1491.542724609375,1534.0017576266855,1455.9066708994349,1486.2406902748871,6245533.0
2020-04-17,1569.8983154296875,1609.6629316806784,1523.6584106663854,1564.509491842267,9895823.0
2020-04-20,1580.719482421875,1590.5845621749102,1566.6823351476917,1590.5845621749102,3244282.0
2020-04-21,1510.3165283203125,1559.8158241125827,1501.6682045125647,1534.0883578580394,5122541.0
2020-04-22,1537.999755859375,1555.817780722397,1494.2369696719225,1510.316650645869,3829836.0
2020-04-23,1632.5220947265625,1651.4265832452913,1530.481294099705,1547.1259569350625,5934366.0
2020-04-24,1580.632568359375,1609.6628243364232,1571.2889706284175,1599.884640664491,2987102.0
2020-04-27,1596.321044921875,1629.6972661526988,1586.2386723886268,1592.5836695182143,3374741.0
2020-04-28,1615.833984375,1623.6130300607945,1592.8443250805258,1621.0055144878918,2678505.0
2020-04-29,1656.33740234375,1662.334709492323,1608.0114673858327,1628.828091321007,4241510.0
2020-04-30,1750.9033203125,1766.1573298484207,1688.1056495046514,1720.9603903050554,5915544.0
2020-05-04,1677.8927001953125,1708.7918008863655,1663.2906772557187,1708.7918008863655,3729348.0
2020-05-05,1679.8917236328125,1718.3525741156748,1674.8939859994464,1699.317691300753,2905528.0
2020-05-06,1654.5552978515625,1698.1007806688924,1645.8635804788394,1686.0193784008598,3517431.0
2020-05-07,1644.1689453125,1681.3694366976029,1636.9547765436193,1660.118227482169,3166754.0
2020-05-08,1645.6898193359375,1685.758615953224,1639.4752200782516,1685.4109260318023,2686530.0
2020-05-11,1682.108642578125,1696.1022907955169,1659.2493761502633,1659.2493761502633,2449841.0
2020-05-12,1694.450439453125,1700.534642108253,1660.335445994015,1680.4567945663457,3256595.0
2020-05-13,1694.5811767578125,1733.1289329584079,1673.721049179577,1733.1289329584079,2656665.0
2020-05-14,1653.46923828125,1671.5045562483178,1643.6910538412735,1660.1184249204525,2263146.0
2020-05-15,1645.2554931640625,1666.5502044867046,1621.1793681310655,1665.3333426196796,3173682.0
2020-05-18,1691.06103515625,1697.449428186007,1627.1768926584828,1657.5110169148572,3727694.0
2020-05-19,1693.7115478515625,1709.18274130493,1654.0338363378944,1654.0338363378944,3198693.0
2020-05-20,1698.01416015625,1706.0975010641368,1678.9792748022548,1694.8851626145165,2778505.0
2020-05-21,1730.6953125,1736.6057247741066,1687.1933158372663,1691.4087789841901,3400908.0
2020-05-22,1756.031494140625,1766.157368383115,1704.663454105012,1718.4398080271558,3663418.0
2020-05-26,1688.801025390625,1759.2039502782425,1673.1559309711545,1751.381403068507,4575317.0
2020-05-27,1742.9505615234375,1747.0356272665613,1687.280055438414,1702.7078576194992,3482160.0
2020-05-28,1742.0811767578125,1750.5121012403388,1713.3985057841626,1728.3482191243363,3475681.0
2020-05-29,1714.3111572265625,1740.647107952109,1705.6629393550168,1722.6986871909753,7237735.0
2020-06-01,1777.67333984375,1790.4936218448233,1721.9159565648333,1729.6516055685431,3747773.0
2020-06-02,1779.3253173828125,1808.7467656570238,1773.1542179703627,1790.667947279619,2443886.0
2020-06-03,1783.6837158203125,1799.0260853811474,1760.8880399611958,1788.6526221564861,3699799.0
2020-06-04,1823.2601318359375,1830.626180330102,1784.2067307574457,1784.2067307574457,4048593.0
2020-06-05,1785.5142822265625,1828.882687226329,1778.5840972587184,1823.3037212604454,3573289.0
2020-06-08,1805.9998779296875,1826.267524683333,1797.5877999980617,1811.6661017532872,2957841.0
2020-06-09,1806.2613525390625,1826.7033011033075,1795.9749349072247,1798.45944113349,2909439.0
2020-06-10,1838.2540283203125,1858.5216779508742,1807.5256562997831,1810.6203292382702,5168397.0
2020-06-11,1802.425537109375,1834.9846128759464,1797.3260638605627,1830.6259795912054,2269513.0
2020-06-12,1777.8868408203125,1786.3425483687686,1753.0426265700655,1753.2169293684392,2842642.0
2020-06-15,1769.5179443359375,1794.885168514339,1744.281394025201,1777.5377869340214,2399022.0
2020-06-16,1783.378662109375,1807.917685465574,1770.4770633957696,1800.1157734673875,2146528.0
2020-06-17,1785.1221923828125,1794.7548161349644,1766.597997791723,1783.5530415703113,2703527.0
2020-06-18,1776.6666259765625,1795.0600428263313,1765.4213273527016,1782.6815630462536,1944389.0
2020-06-19,1782.3326416015625,1821.9090606609934,1771.3489049105926,1780.0661731434204,5681758.0
2020-06-22,1767.818359375,1789.0013636336823,1760.1472272178053,1787.039978291655,3196138.0
2020-06-23,1774.2257080078125,1781.809689070674,1752.1709760430797,1766.9903325568769,4205944.0
2020-06-24,1780.240234375,1799.4618507849095,1770.9999525844485,1773.0921179588256,2560937.0
2020-06-25,1757.488525390625,1795.757356354556,1751.5172175997045,1773.9641845541364,3043931.0
2020-06-26,1847.05859375,1858.521717147858,1760.8446772067002,1765.2469405367788,6300722.0
2020-06-29,1832.0648193359375,1854.6863034536816,1823.04257329481,1837.6003704771572,3076341.0
2020-06-30,1815.06591796875,1840.9997909328376,1808.8767852246206,1830.626326876775,3071725.0
2020-07-01,1823.6964111328125,1842.7871462377532,1812.7561953286,1812.930498154077,2503466.0
2020-07-02,1880.4454345703125,1887.2885752730463,1828.8828780244116,1832.3697853228375,3758699.0
2020-07-03,1917.49365234375,1922.157475565958,1883.1477036695514,1886.111489477367,4185208.0
2020-07-06,1972.8914794921875,1978.7320047949395,1922.157036998762,1922.157036998762,5190366.0
2020-07-07,1978.732421875,2007.3251012210274,1945.8247377746334,1983.1783133333547,5630055.0
2020-07-08,1934.2744140625,1982.6552490280956,1924.4240719772856,1978.8197364306593,2793358.0
2020-07-09,1921.591064453125,1956.5908104845953,1909.9970554016188,1943.0790450301463,3443998.0
2020-07-10,1937.2822265625,1961.2547146446677,1896.8776024289814,1922.3756124800143,9610320.0
2020-07-13,1935.233154296875,1956.9826915517851,1926.5158878360783,1935.233154296875,2963503.0
2020-07-14,1893.3465576171875,1951.7958690611736,1887.2881002757663,1926.5157975101356,2976738.0
2020-07-15,1947.3505859375,1970.1027425630493,1901.3235770783685,1904.7232267700278,5569321.0
2020-07-16,1952.461181640625,2038.300452743071,1939.6618234837852,1960.54274151541,8582118.0
2020-07-17,1922.7562255859375,1960.4555296254105,1913.4078681036299,1954.4272073773677,4509135.0
2020-07-20,1929.0028076171875,1945.6027691035847,1914.0629702602184,1922.9744858716006,2952646.0
2020-07-21,1943.987060546875,1955.869013167955,1923.10592327301,1948.3117457527344,2665286.0
2020-07-22,1914.1942138671875,1949.1852330325912,1908.2968582764345,1949.1852330325912,2861534.0
2020-07-23,1896.9388427734375,1914.1940670675217,1889.7746910432481,1914.1940670675217,2265766.0
2020-07-24,1884.8818359375,1889.7745414300118,1856.662072372267,1882.3482429546743,3665100.0
2020-07-27,1928.04248046875,1935.2066339250362,1890.2119875832125,1891.5225112630715,4248480.0
2020-07-28,2017.9871826171875,2026.9424239298082,1935.2058056053988,1935.2058056053988,8092319.0
2020-07-29,1988.5445556640625,2046.1638581994637,1962.3340877964347,2002.479745086751,6090431.0
2020-07-30,1991.5589599609375,2060.1430259214258,1985.2247627862425,1997.1504418015033,7098496.0
2020-07-31,1993.218994140625,2039.873763500964,1972.2943427739444,2012.2215868373378,4723290.0
2020-08-03,1969.4107666015625,2012.8329452458786,1948.9229604152245,2001.12547506702,4012337.0
2020-08-04,1965.523193359375,1982.953114053591,1943.9870081692359,1974.4784376893751,2927928.0
2020-08-05,1974.0849609375,2009.4690905759016,1968.4060265510898,1974.5218020441469,3800641.0
2020-08-06,2016.546142578125,2026.5060351843426,1979.1962253528047,1987.6271739790384,4748047.0
2020-08-07,2005.4068603515625,2033.93250365836,1998.1115274341362,2016.4588567197143,3165491.0
2020-08-10,1994.44189453125,2031.3112430348858,1988.5445393095358,2025.1954672494044,2929353.0
2020-08-11,1991.9080810546875,2019.953366664989,1988.1514180120762,1994.616581356475,2774423.0
2020-08-12,1972.2069091796875,2006.3240338059327,1962.7710972777495,1999.2910616326228,3415751.0
2020-08-13,1969.67236328125,2009.4686214666372,1966.2213620046377,1985.8792072146375,2695682.0
2020-08-14,1958.927001953125,1993.1317975372626,1951.0203464943554,1989.3749203764958,2270405.0
2020-08-17,1968.756103515625,1983.259318655426,1955.5198986698267,1977.1435410208055,2625630.0
2020-08-18,1983.040771484375,1999.8591589063706,1964.3003253029995,1976.9687210234638,3493374.0
2020-08-19,1971.551513671875,1996.0146174535985,1967.9693310118732,1988.8067386607693,2843005.0
2020-08-20,1968.275390625,1988.9816199028137,1957.0922137534417,1971.9010870995226,2895164.0
2020-08-21,1964.562255859375,1984.1326555606536,1957.9659113279085,1974.5221495231515,1975294.0
2020-08-24,1964.124755859375,1974.4777604553942,1948.3110249996253,1966.3089610443521,2167966.0
2020-08-25,1959.36376953125,1965.785420558957,1951.413387588922,1961.4170085132705,1663419.0
2020-08-26,1968.84326171875,1974.434743682429,1936.4732865771462,1958.7959142549091,2618149.0
2020-08-27,1964.3868408203125,1998.4169308587875,1958.5769399022483,1979.7637318249112,3579393.0
2020-08-28,1955.781005859375,1991.951357596977,1952.7668454314553,1981.860287206739,2941136.0
2020-08-31,1972.11962890625,1988.6758679904763,1946.5644182979843,1957.048607265478,6018154.0
2020-09-01,1962.5958251953125,1990.2477776992844,1958.1836880322535,1982.3846389814205,3610908.0
2020-09-02,1979.021728515625,1982.1670706755965,1958.4901908138613,1963.1644772707725,2084137.0
2020-09-03,2009.032470703125,2030.4376872859589,1981.511477953767,1981.511477953767,4654146.0
2020-09-04,1999.6837158203125,2030.6557048856391,1977.0989472809924,1987.6268596815441,5231303.0
2020-09-07,2033.1024169921875,2047.4744480122272,1994.922543553401,1999.8587631747334,4620401.0
2020-09-08,2051.58056640625,2088.4936405622248,2033.102272593079,2040.8779591065886,7453998.0
2020-09-09,2033.6268310546875,2061.016860665987,2026.9432457588346,2031.3116579264183,3866535.0
2020-09-10,2036.6844482421875,2051.842921764821,2030.6998523506988,2040.0482104836522,2308813.0
2020-09-11,2074.209228515625,2081.9849156454634,2035.8107208864612,2036.5097093849656,4145424.0
2020-09-14,2176.692138671875,2189.2295658140006,2080.9804071140484,2082.946192417084,7512131.0
2020-09-15,2176.692138671875,2217.4058218241776,2153.277622147914,2176.692138671875,7318770.0
2020-09-16,2186.82666015625,2190.845683805475,2164.3730691105566,2174.5513819485627,3074003.0
2020-09-17,2150.088134765625,2180.4923175239887,2141.0456521137894,2166.731823083038,4828176.0
2020-09-18,2140.434814453125,2184.555783651285,2128.6400999150032,2171.1011575728044,4183256.0
2020-09-21,2153.889404296875,2188.487101619583,2142.400352004392,2153.627256899451,4598809.0
2020-09-22,2204.2568359375,2232.2583978347984,2147.51121012835,2171.100633510557,7499613.0
2020-09-23,2155.767333984375,2201.548414177455,2104.700646552897,2192.9425582597637,7502280.0
2020-09-24,2037.6453857421875,2140.521468568275,2011.7407928818816,2140.521468568275,8424708.0
2020-09-25,2116.3203125,2131.7844438793554,2054.987868291273,2068.879329141932,8228267.0
2020-09-28,2119.8154296875,2135.2795639016417,2067.132343777121,2131.7848346644864,4347166.0
2020-09-29,2174.07080078125,2193.8598314988276,2119.8152616559064,2127.285287468467,6995811.0
2020-09-30,2177.478271484375,2188.5739931807548,2149.2582927044537,2174.5950774558473,3917166.0
2020-10-01,2204.693359375,2219.152842802343,2177.4782434934455,2192.942376155071,2610337.0
2020-10-05,2364.009765625,2383.492924857861,2274.2389033903096,2289.047776689921,17412105.0
2020-10-06,2371.435791015625,2390.3946533177104,2315.345432819533,2390.3946533177104,9846367.0
2020-10-07,2390.35107421875,2420.099999544905,2361.563284754469,2395.6368948563645,9656101.0
2020-10-08,2468.763427734375,2520.5728180941064,2446.3098407845746,2446.3098407845746,19839329.0
2020-10-09,2457.625244140625,2472.390606962801,2428.8374472729756,2455.047923322684,7739245.0
2020-10-12,2472.520751953125,2493.489125821279,2446.9655463013128,2459.8523594077824,4623203.0
2020-10-13,2469.506591796875,2494.275355457132,2456.96916626297,2485.625986553803,4209878.0
2020-10-14,2465.16357421875,2493.591484344709,2445.816700894613,2493.591484344709,4395936.0
2020-10-15,2404.6220703125,2481.088016139685,2392.6892476396147,2466.3914466868196,6629355.0
2020-10-16,2424.53955078125,2431.8657729555116,2396.462518155747,2412.9578176653818,5273773.0
2020-10-19,2379.133544921875,2433.9275819251575,2374.7904221077406,2433.9275819251575,3331194.0
2020-10-20,2403.218505859375,2421.5562320671715,2384.749040034989,2390.9348041134713,3406273.0
2020-10-21,2347.414794921875,2411.9920411102385,2336.5789461082827,2403.2179703895754,4570143.0
2020-10-22,2343.6865234375,2357.2863371661892,2314.6883823072058,2334.7809246478623,5262294.0
2020-10-23,2357.41748046875,2370.7540257805153,2342.7648244839015,2358.294887584139,3499091.0
2020-10-26,2358.64599609375,2377.7296027252714,2343.115931470247,2360.1814586962864,2672752.0
2020-10-27,2307.712646484375,2384.9244862771034,2302.4045038672325,2368.780278186564,3537502.0
2020-10-28,2300.73681640625,2330.3493055373738,2286.522864465453,2325.128776221585,3569445.0
2020-10-29,2309.90625,2329.5163889016144,2281.478339073982,2288.2782456705877,3105968.0
2020-10-30,2338.158447265625,2346.493814897958,2300.21058936053,2312.932992588828,3427003.0
2020-11-02,2285.295166015625,2338.1589564594406,2281.302919911739,2333.9034453203194,2571196.0
2020-11-03,2310.740234375,2338.290741289744,2282.180580415025,2284.768889425326,2879269.0
2020-11-04,2327.892333984375,2388.1703672270205,2290.0323070068357,2290.0323070068357,4893928.0
2020-11-05,2356.452392578125,2377.773429641783,2340.044921348574,2355.8382504015453,2816502.0
2020-11-06,2375.53662109375,2380.6256268533502,2352.5925032795994,2368.122571409635,3884421.0
2020-11-09,2392.339111328125,2407.6059144599903,2364.700778126416,2396.287444642655,3646592.0
2020-11-10,2324.778076171875,2380.5371293260437,2314.9072457095467,2366.5425280904883,4760020.0
2020-11-11,2358.295166015625,2362.682202110523,2319.3381569664807,2340.87854703458,3242441.0
2020-11-12,2343.5986328125,2380.405823398873,2335.438702702525,2356.715828105187,2437505.0
2020-11-13,2331.139404296875,2338.2023608861377,2312.84537849813,2330.174170692871,2548093.0
2020-11-14,2342.984619140625,2359.348179251426,2333.947281301712,2349.6527859515836,298819.0
2020-11-17,2339.211669921875,2364.6125672736275,2325.1731537525325,2364.6125672736275,2827273.0
2020-11-18,2304.6416015625,2337.588285699119,2287.4445484811836,2334.7806254216334,2893762.0
2020-11-19,2313.63525390625,2348.07349088108,2308.3271110405285,2313.723080321704,4167501.0
2020-11-20,2334.12255859375,2347.9417223181563,2305.4313853223703,2329.5161706856147,2711471.0
2020-11-23,2390.27685546875,2395.3219474826788,2338.2904725426147,2360.22565521187,3706418.0
2020-11-24,2388.34619140625,2406.7278284790273,2373.38635655697,2399.18204125448,3120516.0
2020-11-25,2370.140380859375,2397.9102362028125,2358.6462595522107,2394.444520212119,3302249.0
2020-11-26,2387.07470703125,2396.1557452808297,2351.451880177085,2356.716324684944,2341099.0
2020-11-27,2351.14404296875,2384.529428708383,2341.843655471187,2373.386400465167,6086808.0
2020-12-01,2392.514404296875,2400.4986826536547,2302.7116763597796,2350.574290133927,3605017.0
2020-12-02,2412.47509765625,2416.9936592168783,2371.1491313435768,2385.6702638757392,2509032.0
2020-12-03,2377.291015625,2433.839869687464,2369.701528644834,2433.839869687464,2852548.0
2020-12-04,2393.172607421875,2403.0873539284025,2368.122583197615,2378.476033406106,2686527.0
2020-12-07,2402.077880859375,2407.605589596008,2374.3956381805774,2382.1607783357003,1996400.0
2020-12-08,2454.371337890625,2461.6099476872682,2397.471392168468,2404.095859733607,4277818.0
2020-12-09,2466.216552734375,2491.8368037903465,2450.7301849167493,2469.901620658389,3659996.0
2020-12-10,2442.96484375,2480.693352329908,2439.411301843931,2472.5334227483854,2127801.0
2020-12-11,2442.351318359375,2463.496708121257,2425.636664588039,2450.3355971534,1795408.0
2020-12-14,2454.72216796875,2460.2498763676463,2418.3536810764354,2458.495061905187,2483658.0
2020-12-15,2423.004150390625,2452.0901164400307,2417.257089785099,2444.456715840757,2365509.0
2020-12-16,2469.19921875,2474.112784593812,2422.038583290339,2438.31452916089,2565149.0
2020-12-17,2490.25732421875,2503.8571371950884,2461.1274450728747,2466.3918888056505,2863460.0
2020-12-18,2510.261962890625,2542.7260288210528,2497.276293676306,2516.403813201787,6076692.0
2020-12-21,2474.419921875,2532.6359774550715,2443.5791433266495,2510.262093018867,2705195.0
2020-12-22,2520.352783203125,2530.1357901324595,2473.1043085282113,2486.572597945224,2881737.0
2020-12-23,2552.158447265625,2561.151871961619,2514.1666688784435,2523.467271809338,2790988.0
2020-12-24,2552.68505859375,2563.213946377933,2529.740728770922,2552.37788034907,1807144.0
2020-12-28,2570.27685546875,2588.0882664768783,2546.235981165484,2553.2552395560165,2108994.0
2020-12-29,2571.241455078125,2590.105707350495,2562.028680712549,2562.028680712549,1994151.0
2020-12-30,2552.64111328125,2586.333468082579,2546.2359971176083,2574.6639080930568,2637968.0
2020-12-31,2511.79736328125,2548.8678160272575,2496.2233860920987,2544.4807801993275,4040956.0
2021-01-01,2569.267578125,2579.5771125032015,2526.055274454666,2526.9326816357893,2681440.0
2021-01-04,2666.835205078125,2676.749949034454,2580.4105980208788,2588.351175826154,5113293.0
2021-01-05,2713.8212890625,2732.466197692496,2666.9678161189736,2666.9678161189736,5801309.0
2021-01-06,2677.408447265625,2731.807701314607,2664.86147969927,2719.962702449103,3726716.0
2021-01-07,2661.000732421875,2703.160193337854,2632.4410837877763,2698.027275276198,3717827.0
2021-01-08,2738.300537109375,2744.5302150336934,2684.866514706874,2711.1887354392943,5879039.0
2021-01-11,2787.0400390625,2834.025237152171,2760.80564964127,2834.025237152171,9508039.0
2021-01-12,2785.63671875,2816.477500398718,2763.8330611389288,2787.0404419371316,3611458.0
2021-01-13,2771.685546875,2787.522790335835,2742.994373083854,2785.7679758628506,3572801.0
2021-01-14,2857.614990234375,2871.5044469839613,2743.0712370881365,2773.4873810605845,6931542.0
2021-01-15,2842.36328125,2878.0976701403415,2821.8367505041224,2843.8136722370205,4131692.0
2021-01-18,2832.16650390625,2862.9342008525427,2801.970121198734,2857.0004307271865,4160906.0
2021-01-19,2866.40576171875,2882.4929105475835,2841.1762997529095,2842.055376578328,2975735.0
2021-01-20,2908.68994140625,2925.5241796509895,2872.0324744270283,2874.5817118103246,3453446.0
2021-01-21,2877.96630859375,2908.997554851266,2867.637153892933,2905.349471166,2778546.0
2021-01-22,2903.679443359375,2922.9311445997478,2849.8797570632864,2849.8797570632864,3052459.0
2021-01-25,2893.306396484375,2935.941634277251,2882.1859428044563,2908.8220208853404,2272887.0
2021-01-27,2866.714111328125,2906.624121525152,2836.78149637115,2900.9541177641136,2786662.0
2021-01-28,2810.013916015625,2878.977470828268,2798.805683113927,2839.419001763452,3083938.0
2021-01-29,2735.116455078125,2827.859083504321,2725.1388447507825,2821.8813166631194,5445659.0
2021-02-01,2759.729736328125,2782.27796957067,2675.9976742107137,2725.1379796742735,3985846.0
2021-02-02,2816.078857421875,2834.1439306728867,2769.0922399564497,2790.190085594213,2881837.0
2021-02-03,2813.08984375,2844.692612763549,2780.2122416423435,2824.473845738344,2505866.0
2021-02-04,2802.89306640625,2846.319599731516,2791.948600489851,2827.155677875,2057261.0
2021-02-05,2776.0810546875,2818.188970021207,2750.631819511196,2812.12321020043,2366135.0
2021-02-08,2825.44140625,2835.9023364608793,2773.6196466029005,2803.81602670241,2526592.0
2021-02-09,2792.7392578125,2853.3077836933403,2781.3992518932832,2808.6506352082934,2658751.0
2021-02-10,2824.73828125,2830.1005223957927,2775.5099672593133,2799.860358220309,2127983.0
2021-02-11,2818.321044921875,2830.0128127044054,2799.904423500234,2826.23273843538,1165882.0
2021-02-12,2804.958740234375,2853.044205879988,2797.2228202465326,2799.1567465888947,2777404.0
2021-02-15,2760.169189453125,2820.9572602101916,2752.8728095834463,2820.9572602101916,2630853.0
2021-02-16,2732.873779296875,2784.607316051334,2725.1378611544455,2769.0916976246785,3435770.0
2021-02-17,2701.491943359375,2754.016800502436,2677.273326137925,2729.622410783274,3678426.0
2021-02-18,2687.64599609375,2723.292394683918,2664.482232638335,2694.3708489067953,4189909.0
2021-02-19,2700.392822265625,2713.8425289396955,2651.428060692321,2688.2175197249344,3725028.0
2021-02-22,2600.704833984375,2721.6218962319185,2587.254915410718,2721.6218962319185,5366696.0
2021-02-23,2619.8251953125,2661.845118240103,2609.100498988318,2610.8586529633776,3832829.0
2021-02-24,2591.60693359375,2640.17593679513,2567.915637260526,2612.616787592777,3774549.0
2021-02-25,2633.099365234375,2663.5153004809417,2609.496062078548,2614.3749823229737,4224073.0
2021-02-26,2544.312744140625,2612.924750692814,2531.7418994246586,2602.068063297566,5553153.0
2021-03-01,2570.59716796875,2606.4635559455824,2550.9059271202764,2572.1795496447803,3265871.0
2021-03-02,2642.81298828125,2659.2076870166584,2591.518764074416,2602.06768713035,3306469.0
2021-03-03,2689.1845703125,2693.49196181922,2634.505808531232,2667.9987284991294,3509857.0
2021-03-04,2680.921142578125,2708.8318379382204,2651.340286728885,2657.449829088751,3916760.0
2021-03-05,2644.30810546875,2692.7891252045097,2634.2427148670195,2651.384719560967,3203686.0
2021-03-08,2643.33984375,2666.239836472586,2633.7139960672166,2651.29553142147,2003125.0
2021-03-09,2682.020263671875,2696.0415006414014,2630.28670456108,2643.340870863011,1942397.0
2021-03-10,2699.601318359375,2719.160780509051,2689.975468674562,2703.1616229327706,3053778.0
2021-03-12,2688.173583984375,2740.0831259740735,2673.5810339324644,2703.161890397907,2938317.0
2021-03-15,2695.3818359375,2724.2596010016764,2673.2731354133907,2673.2731354133907,3097083.0
2021-03-16,2733.9736328125,2761.181024691169,2689.975783366755,2689.975783366755,4894756.0
2021-03-17,2736.522705078125,2773.487935863313,2712.2163118679223,2729.534085849631,3838390.0
2021-03-18,2669.3173828125,2765.9718586572135,2625.8470669085596,2747.9507796690177,3656306.0
2021-03-19,2681.3603515625,2724.2593477518403,2641.626118100768,2663.6030408803085,5776626.0
2021-03-22,2751.203125,2759.818122141022,2653.6255823341885,2680.041887934514,2821646.0
2021-03-23,2762.588134765625,2785.795687335934,2745.226359812995,2760.302448164983,3305973.0
2021-03-24,2743.686767578125,2771.1139216266733,2734.9397814644067,2734.9837782293816,2207104.0
2021-03-25,2694.23876953125,2752.2578416304186,2681.1843924615882,2735.862929607131,3179786.0
2021-03-26,2695.953125,2740.9618201102044,2675.075048275299,2716.918980645141,3697370.0
2021-03-30,2776.6083984375,2802.892712023387,2690.766409978978,2710.194095407423,4694008.0
2021-03-31,2793.57470703125,2817.441559826417,2753.2689439551755,2773.487713339265,3530069.0
2021-04-01,2782.2783203125,2826.2321642352886,2764.6967827433846,2805.222312687547,4285076.0
2021-04-05,2847.2421875,2868.4280273958516,2769.9714110708946,2787.5529497003513,5317862.0
2021-04-06,2869.92236328125,2878.9768984351203,2839.4184372352483,2878.9768984351203,2291562.0
2021-04-07,2875.8125,2881.2189524865717,2843.638409585986,2864.9120307136286,2491268.0
2021-04-08,2916.205810546875,2931.721431827485,2871.1091231096307,2874.5814339058097,2578118.0
2021-04-09,2920.51416015625,2948.7326234710144,2907.9873103459627,2948.4248606107494,2911129.0
2021-04-12,2853.96728515625,2934.4468220123777,2824.649983332408,2920.5133666529578,3791828.0
2021-04-13,2728.69873046875,2825.35319397879,2701.44734620822,2825.35319397879,8654596.0
2021-04-15,2829.704833984375,2845.791985824758,2714.1062098015173,2778.1470543691926,6062760.0
2021-04-16,2808.782958984375,2854.3631900125724,2797.7507136681297,2838.5398030645506,3224657.0
2021-04-19,2779.46533203125,2803.3761803289435,2755.994022175126,2785.794642666172,2679106.0
2021-04-20,2764.302001953125,2835.3314762070754,2748.302841285095,2835.0237133675523,3141893.0
2021-04-22,2741.665283203125,2767.3342876746483,2729.753747395712,2767.3342876746483,1988980.0
2021-04-23,2733.490234375,2741.8414668003297,2717.271304851599,2729.534387436686,1615309.0
2021-04-26,2725.84228515625,2771.7300663568353,2714.6340522523333,2726.9411315193793,2490260.0
2021-04-27,2753.26904296875,2756.8733443576716,2727.7758110894097,2730.4130419734793,1471417.0
2021-04-28,2746.324462890625,2769.9715476659917,2735.6875456479106,2769.0484739187477,1639037.0
2021-04-29,2738.544189453125,2775.5534111245584,2729.9731900639367,2765.224258014511,1621395.0
2021-04-30,2668.5703125,2753.3134737025607,2654.812841733753,2724.259932626788,3072305.0
2021-05-03,2669.756591796875,2685.5799762724573,2640.7470535916405,2659.119675274267,1545831.0
2021-05-04,2680.96533203125,2716.3481845976103,2667.9989450659377,2692.437330880178,1990777.0
2021-05-05,2721.3583984375,2724.610940141866,2683.2943245964398,2698.7661643501683,1939289.0
2021-05-06,2735.204345703125,2755.0275768392307,2702.282951883789,2729.973879985396,1791671.0
2021-05-07,2754.059814453125,2777.7511075730526,2735.51142144039,2754.147807986654,1912540.0
2021-05-10,2765.136474609375,2781.575170224942,2747.115397601112,2765.5320163029514,2137153.0
2021-05-11,2745.005615234375,2749.8405381869234,2717.358475020094,2747.1153139481335,2415625.0
2021-05-12,2714.23876953125,2742.720784134497,2699.2944575664146,2742.720784134497,1978558.0
2021-05-14,2682.503173828125,2723.8197883357184,2672.393789427331,2723.8197883357184,2043935.0
2021-05-17,2698.546630859375,2703.3375576036415,2668.877781998229,2685.5802450608003,2890462.0
2021-05-18,2715.29296875,2746.236434952546,2705.798894617137,2725.1385878210285,2098538.0
2021-05-19,2709.3154296875,2740.962203038814,2696.217267675573,2711.073583762573,1986041.0
2021-05-20,2689.97509765625,2715.292553263747,2683.030476552131,2696.2166289916227,2329027.0
2021-05-21,2707.996337890625,2714.765186965572,2685.6678709113507,2690.854338673333,1685566.0
2021-05-24,2708.875732421875,2729.5340415933547,2700.5245010546814,2708.875732421875,1652260.0
2021-05-25,2750.8359375,2763.4240595646675,2722.656297882168,2731.401643786127,1841613.0
2021-05-26,2790.146728515625,2795.88867999112,2741.826041540108,2756.136708237692,1923753.0
2021-05-27,2809.138916015625,2842.4863984305903,2793.061497428676,2793.193917714031,5959785.0
2021-05-28,2776.98388671875,2825.0395068850357,2769.960867380018,2817.530802754791,1763701.0
2021-05-31,2790.7197265625,2800.613719239694,2763.7327379043213,2782.6369151239296,1652799.0
2021-06-01,2785.287353515625,2800.2605487714864,2766.7364386967765,2799.0681193626156,1377441.0
2021-06-02,2764.48388671875,2790.9851945829346,2751.7191332311404,2783.388282396119,2240078.0
2021-06-03,2774.908203125,2786.657161213381,2758.4773034623645,2786.657161213381,1281706.0
2021-06-04,2777.1162109375,2788.688534934649,2760.552893576044,2763.203024353877,1836060.0
2021-06-07,2811.966064453125,2818.370548707964,2768.1506877795873,2778.2211008923114,2559821.0
2021-06-08,2826.9384765625,2854.1907399662523,2815.498788937065,2825.039302510701,2574057.0
2021-06-09,2827.0263671875,2844.4730575248027,2814.6148810544228,2828.572276457894,1710925.0
2021-06-10,2841.64697265625,2848.007243465834,2820.622558432509,2835.63996635401,1874324.0
2021-06-11,2891.999267578125,2923.094090563508,2836.5231564821465,2837.009056898893,3452954.0
2021-06-14,2894.252685546875,2922.8298057031197,2888.952422877845,2896.5935486250673,1847360.0
2021-06-15,2882.238037109375,2913.3770734462396,2872.3442587686054,2913.3770734462396,1304985.0
2021-06-16,2892.485107421875,2910.461697119566,2873.624925196123,2881.6637408883203,1635552.0
2021-06-17,2930.82421875,2946.9900619599393,2879.8091939190717,2884.6677677124935,2273413.0
2021-06-18,2912.75927734375,2966.380222751199,2893.0599254050558,2960.1081592410437,3380431.0
2021-06-21,2891.381103515625,2902.7765795967334,2872.4767078933537,2884.2256641458716,1130569.0
2021-06-22,2916.203857421875,2939.0392371670882,2901.893194391392,2918.6773559419053,1708688.0
2021-06-23,2881.045654296875,2940.7620256141804,2876.628769307968,2940.7620256141804,1467104.0
2021-06-24,2980.160888671875,2988.464546637038,2896.1516453294503,2901.010219082481,4155204.0
2021-06-25,2986.520751953125,3003.1722775928047,2959.3126995223847,2981.6179668844566,2722861.0
2021-06-28,2947.6083984375,2995.9732923655597,2944.2957344698248,2995.9732923655597,1355238.0
2021-06-29,2951.229736328125,2973.711634794395,2938.5531918306488,2952.2455334730284,1497322.0
2021-06-30,2955.558349609375,2987.5807631708603,2949.153866897078,2955.7791938408336,1693146.0
2021-07-01,2951.80419921875,2969.913427434816,2943.7213860627653,2966.3799194902176,990310.0
2021-07-02,2937.6259765625,2950.214098705569,2910.903822539493,2942.5287620044955,1682274.0
2021-07-05,2933.694580078125,2980.5135541052673,2916.9104195778286,2952.2454943152948,1972858.0
2021-07-06,2881.841064453125,2939.878894936464,2876.3641697416374,2926.628238859527,2159420.0
2021-07-07,2893.015869140625,2899.862041851697,2863.5553714558605,2893.060081130474,2640710.0
2021-07-08,2878.484130859375,2913.3775244972285,2854.986214952416,2913.3775244972285,2485811.0
2021-07-09,2834.005859375,2899.2433376238587,2827.68980004082,2870.9752733935225,6365067.0
2021-07-12,2820.71142578125,2858.608216049346,2816.5153846730195,2857.7248389739293,1892226.0
2021-07-13,2815.80859375,2839.1738738783592,2804.72216850149,2839.1738738783592,1809339.0
2021-07-14,2839.659423828125,2846.2405389860573,2813.5555917661677,2815.3223456699457,2044279.0
2021-07-15,2835.587158203125,2861.1725983413016,2827.6637229336393,2857.410052686177,2232968.0
2021-07-16,2828.37158203125,2850.548508646721,2825.8926855705236,2844.484084817698,1256526.0
2021-07-19,2819.34228515625,2832.798877430651,2811.7285759823467,2815.2697958513418,1597058.0
2021-07-20,2838.1103515625,2846.255113012707,2794.15483576375,2819.3419318366623,1811945.0
2021-07-22,2847.4501953125,2855.0636869502946,2824.122327250977,2824.122327250977,2859334.0
2021-07-23,2844.351806640625,2869.760012901406,2838.862743596103,2859.5346985379906,1776193.0
2021-07-26,2830.806396484375,2854.443991333239,2824.8748975730673,2832.9753500089523,1259611.0
2021-07-27,2817.881103515625,2841.8286435684886,2798.581414048037,2832.97559483463,1121367.0
2021-07-28,2831.027587890625,2836.91477805401,2773.1285272482296,2822.3515580665385,1660654.0
2021-07-29,2829.256591796875,2855.505787732318,2824.387416311197,2833.19615418934,1731997.0
2021-07-30,2804.1591796875,2853.7805664074917,2799.6442540307867,2849.7966940486167,2999943.0
2021-08-02,2850.150634765625,2855.0198119311576,2803.760742407745,2815.2697066171863,2608669.0
2021-08-03,2908.137939453125,2912.653080836421,2849.7521253310056,2858.649482681095,3804735.0
2021-08-04,2898.44384765625,2926.1096249558805,2887.1562105180005,2921.506082840999,2929598.0
2021-08-05,2907.29638671875,2934.785141452431,2888.3066437371212,2899.372952716957,2534521.0
2021-08-06,2930.181640625,2942.752924571996,2890.5199454655735,2897.2040394095043,2292362.0
2021-08-09,2941.60205078125,2954.261951939117,2930.3587236794956,2942.6643732539064,1510489.0
2021-08-10,2951.517822265625,2965.6827001982383,2935.3169160413063,2935.3169160413063,2040777.0
2021-08-11,2960.63623046875,2974.6240893547983,2945.4976482687453,2965.771041469814,1929707.0
2021-08-12,2967.320068359375,2981.706269928955,2944.5234720260405,2944.5234720260405,1310205.0
2021-08-13,3066.164794921875,3080.86094219364,2972.4110958089495,2975.288336631401,4363584.0
2021-08-16,3074.61962890625,3093.565283570846,3042.350308322489,3063.154973605649,2083489.0
2021-08-17,3145.53271484375,3152.393828029611,3065.8109629209002,3082.7203734861305,4336019.0
2021-08-18,3152.172119140625,3182.670826952774,3130.96911193571,3163.9467164708954,2631309.0
2021-08-20,3151.24267578125,3164.9649012271298,3098.567036166421,3103.8788653712777,2836148.0
2021-08-23,3220.2080078125,3251.7249492072847,3153.367486803747,3169.391592203125,3744176.0
2021-08-24,3198.783447265625,3246.7228346734682,3182.139672824167,3237.559843001873,2511141.0
2021-08-25,3239.330810546875,3273.6363773434564,3193.339261643497,3195.9508680170043,2123263.0
2021-08-26,3250.706787109375,3264.6503388708297,3229.503562472118,3240.2158378999643,1902533.0
2021-08-27,3293.466796875,3301.7444837926687,3232.336669047164,3245.527625039261,3944728.0
2021-08-30,3276.778564453125,3311.3497586964454,3264.64993242064,3288.90719648561,2033114.0
2021-08-31,3352.162353515625,3367.7881130904075,3278.682054309323,3283.9495746993503,3207480.0
2021-09-01,3288.863525390625,3378.943302536192,3281.825394384427,3360.617533607576,2643336.0
2021-09-02,3396.693115234375,3416.523855854154,3295.104391712346,3305.728049074127,3403717.0
2021-09-03,3401.3857421875,3414.532390299756,3368.186808360249,3386.2912503795983,1746812.0
2021-09-06,3410.1943359375,3432.858226910187,3376.552751107379,3408.1580915226373,1723693.0
2021-09-07,3378.23486328125,3426.0856360966154,3371.4623672882394,3420.8181151977305,1585039.0
2021-09-08,3341.273193359375,3377.4379827229823,3325.2049968827055,3373.0114584992302,4147175.0
2021-09-09,3356.545166015625,3371.8609851751867,3333.173201338298,3355.040190799243,1441148.0
2021-09-13,3404.30712890625,3410.5483552564024,3334.94340668906,3334.94340668906,1691473.0
2021-09-14,3440.2060546875,3449.5903726199604,3386.291075393648,3408.3793883308576,1991188.0
2021-09-15,3500.982666015625,3523.513633332648,3422.588870970859,3436.842366847689,2461369.0
2021-09-16,3455.6103515625,3525.062471552736,3445.694980793567,3479.2479470590197,2946666.0
2021-09-17,3388.81396484375,3492.5273326388105,3368.5846643068885,3470.3947132938247,6477148.0
2021-09-20,3384.962646484375,3427.0146213001217,3371.107713869043,3372.1257278564103,2002008.0
2021-09-21,3419.88818359375,3427.5018914398584,3383.325051595029,3415.5059679978876,1568129.0
2021-09-22,3419.18017578125,3449.9004282075575,3410.592761622935,3419.4901189466127,1744067.0
2021-09-23,3425.466064453125,3434.0977874300374,3395.1443709188434,3426.130043143657,2003869.0
2021-09-24,3427.28076171875,3491.996417565266,3412.8502492141406,3443.835919440469,2320754.0
2021-09-27,3396.8701171875,3456.229845648555,3366.725446335667,3452.688626544407,1673362.0
2021-09-28,3345.69921875,3408.423144104183,3320.9993037196923,3408.423144104183,2253075.0
2021-09-29,3356.987060546875,3369.4699442208935,3295.237053029952,3328.5689072008972,2489161.0
2021-09-30,3342.512451171875,3368.584633292451,3319.981488113893,3368.584633292451,2252412.0
2021-10-01,3302.364013671875,3373.0113819065105,3297.760471811483,3348.001520610222,1578374.0
2021-10-04,3340.5205078125,3349.6832824327,3282.223102672276,3297.5832267767064,1356860.0
2021-10-05,3393.638916015625,3399.5704149180474,3312.4565094913187,3323.4342025006117,1877966.0
2021-10-06,3373.807861328125,3415.01884159684,3359.7316019415425,3396.0290975092903,1678154.0
2021-10-07,3446.403076171875,3451.80352207463,3381.908749178324,3390.7174889832863,1647233.0
2021-10-08,3484.25,3532.277788850689,3452.688968067958,3474.821589658137,2934339.0
2021-10-11,3262.879638671875,3326.532970873897,3240.21574807677,3324.319708750894,11845402.0
2021-10-12,3233.885986328125,3281.8251586645006,3214.187952937166,3280.939853792997,5752877.0
2021-10-13,3235.9658203125,3253.893241175022,3226.9357552539627,3231.3622789237215,3545655.0
2021-10-14,3203.368896484375,3255.3029971474057,3200.4861349746393,3215.387837781838,6442299.0
2021-10-18,3235.034912109375,3239.957825124647,3194.4988931682005,3196.27290026894,3590107.0
2021-10-19,3223.50390625,3273.1319287564406,3215.5652676856744,3254.4160669882417,3135441.0
2021-10-20,3201.062744140625,3219.8227819927815,3173.964743256937,3203.8567186109995,2933693.0
2021-10-21,3133.33984375,3199.820712339937,3114.4910194953113,3196.8493805660564,4871211.0
2021-10-22,3103.4921875,3159.1516554194964,3091.207102780001,3157.7323632415505,2691670.0
2021-10-25,3098.2587890625,3117.4181510183253,3060.1620325763606,3107.1732174246354,2595594.0
2021-10-26,3089.07861328125,3130.235490892572,3082.337299759617,3099.6338687798507,3878763.0
2021-10-27,3095.420166015625,3114.490739429003,3089.432892967239,3089.432892967239,2510813.0
2021-10-28,3035.015869140625,3120.478755095048,3029.11738165139,3120.478755095048,2424942.0
2021-10-29,3013.81640625,3069.9193825417556,3003.349720722002,3015.8565577895124,3960501.0
2021-11-01,3083.579345703125,3092.9816708421895,3027.2990084532134,3049.4740992966476,2020718.0
2021-11-02,3090.497314453125,3116.5753452859794,3077.6801581714835,3099.18999139741,3087414.0
2021-11-03,3097.63818359375,3122.163745415681,3074.39873362359,3108.23783282908,1537639.0
2021-11-04,3112.184814453125,3116.265117267384,3108.9473382259107,3115.9989729006115,328991.0
2021-11-08,3106.951416015625,3147.0883231813395,3087.8364478558224,3147.0883231813395,2526082.0
2021-11-09,3109.567626953125,3135.5568686375505,3100.963737696429,3111.6077779860047,1782692.0
2021-11-10,3090.586181640625,3121.9860173269394,3086.949380853607,3102.738085663698,1516489.0
2021-11-11,3094.0458984375,3113.427013620151,3047.744354064243,3086.7725122652982,1284514.0
2021-11-12,3127.619140625,3134.803739975808,3091.828458130939,3109.8346748298673,1747259.0
2021-11-15,3151.789306640625,3166.2475057480005,3129.3480767252768,3129.3480767252768,1809157.0
2021-11-16,3154.539306640625,3171.525554383202,3141.7665422714635,3165.7156378788404,2013204.0
2021-11-17,3123.9375,3160.260466102447,3110.188945926167,3149.3946733666758,1632914.0
2021-11-18,3082.958251953125,3123.0065929021084,3061.5815959383253,3117.9504993315195,2136598.0
2021-11-22,3067.613037109375,3118.6601354949016,3051.5584025436406,3085.35310837777,3167936.0
2021-11-23,3072.802001953125,3087.614917705007,3022.730695618105,3055.7271838719826,2153461.0
2021-11-24,3054.21923828125,3098.347663033605,3037.100027177156,3079.853553174247,2161746.0
2021-11-25,3056.525634765625,3071.6934830271994,3046.014771982266,3054.7516275562534,1849619.0
2021-11-26,3057.3681640625,3095.6422792605736,3026.3672178510988,3037.9870505637437,1941251.0
2021-11-29,3106.28662109375,3130.5462562837033,3021.5333834239445,3057.6343867946935,2981745.0
2021-11-30,3130.3681640625,3161.0585703001743,3096.5290687949237,3096.5290687949237,5588446.0
2021-12-01,3173.521240234375,3184.3426398781166,3135.5574462309587,3135.5574462309587,2102118.0
2021-12-02,3231.2646484375,3235.7884524678047,3170.2389868311807,3183.632608442972,3152938.0
2021-12-03,3229.09228515625,3251.7108774665157,3220.5771803363205,3234.4143068763124,2486263.0
2021-12-06,3136.799560546875,3244.6592889214253,3124.0267948554565,3229.0923318543937,1849642.0
2021-12-07,3179.46435546875,3191.4389038852173,3126.0667828778905,3159.95027656784,1484458.0
2021-12-08,3217.0732421875,3234.414205727127,3194.0999357691167,3194.0999357691167,1428660.0
2021-12-09,3194.76513671875,3224.0362547896098,3163.0547588086524,3202.0829162364653,1567957.0
2021-12-10,3225.854248046875,3230.466622758769,3171.1261775123917,3179.9074252032365,1510718.0
2021-12-13,3201.772216796875,3248.2069383784756,3194.7205820190884,3237.562895980731,1883864.0
2021-12-14,3214.32373046875,3224.258127606222,3172.5457737481966,3197.648019262842,1747007.0
2021-12-15,3166.9130859375,3213.613734373968,3156.0914698132124,3210.952723829358,1603233.0
2021-12-16,3176.8916015625,3200.707513951153,3166.6022750557354,3177.246316316427,2072320.0
2021-12-17,3179.330810546875,3238.760039975643,3169.8840941458316,3195.4298360766725,4333992.0
2021-12-20,3154.982421875,3198.5343770244094,3113.5150114130224,3183.4553186745993,2312310.0
2021-12-21,3200.5751953125,3229.7575276974712,3163.4096138189643,3177.82342259873,2340989.0
2021-12-22,3220.488037109375,3225.8544517275404,3198.756450823021,3214.500763336604,1224328.0
2021-12-23,3248.827880859375,3255.746551906063,3219.8229078923873,3235.788971898465,1792861.0
2021-12-24,3256.10107421875,3286.3479803080686,3232.950412710677,3268.607910238929,2209923.0
2021-12-27,3278.4541015625,3281.9133289905308,3240.3129466580153,3256.1902245200645,1534135.0
2021-12-28,3287.72314453125,3304.088317180793,3276.458242438429,3290.783263554562,1456218.0
2021-12-29,3277.211669921875,3299.608507488964,3268.607779592957,3275.0385547359824,1456923.0
2021-12-30,3311.84912109375,3317.3928926389353,3264.1726858051557,3265.370227080346,1966475.0
2021-12-31,3315.929443359375,3335.1329814850587,3309.676025708375,3319.8765654123854,1207141.0
2022-01-03,3386.35791015625,3397.2237039875417,3321.828399852048,3326.263417742371,2346158.0
2022-01-04,3445.787109375,3449.689838451158,3380.9914554484494,3398.1994545927564,2488606.0
2022-01-05,3424.67626953125,3432.703694867435,3381.6122044154104,3428.2686771738076,1733031.0
2022-01-06,3377.221435546875,3401.658425302727,3345.777204756685,3381.257344785918,1810293.0
2022-01-07,3418.06787109375,3428.1796240286867,3367.419886343486,3388.3532548535422,2460591.0
2022-01-10,3441.440673828125,3528.499982192148,3424.7205709512023,3528.499982192148,3937092.0
2022-01-11,3473.4169921875,3481.4888108289488,3420.285568039854,3420.285568039854,1906106.0
2022-01-12,3423.74462890625,3485.0366556927033,3403.033227682781,3481.488641790242,3203744.0
2022-01-13,3457.45068359375,3479.71455695481,3421.17232887451,3475.279539676,6684507.0
2022-01-14,3519.76318359375,3527.6132519299485,3423.8782261400397,3439.6669332386305,3348123.0
2022-01-17,3565.00048828125,3586.1556110947845,3514.5744627618396,3541.539286003683,3442604.0
2022-01-18,3539.6767578125,3585.002513185261,3530.2744327520645,3578.1282350812835,2389041.0
2022-01-19,3478.41015625,3564.9117788335907,3474.7227096532292,3564.9117788335907,3102539.0
2022-01-20,3400.127685546875,3483.1637786694,3386.3105001298686,3474.2781567850393,6176776.0
2022-01-21,3406.302978515625,3422.3415685992545,3350.856787511947,3382.7560817031394,3112358.0
2022-01-24,3351.0791015625,3420.6533474824882,3323.311533128875,3412.078809123836,3258414.0
2022-01-25,3349.790771484375,3384.888980694485,3307.4063951415274,3349.43543335464,3330501.0
2022-01-27,3242.585693359375,3317.3581176759967,3221.1270024404544,3315.2256551137434,5718297.0
2022-01-28,3278.839111328125,3314.1594600905173,3239.6979015769352,3239.6979015769352,3143862.0
2022-01-31,3319.89013671875,3339.2163623389933,3306.694902797494,3331.219303461651,2739393.0
2022-02-01,3377.114013671875,3383.6450329539907,3320.023889363237,3349.8796676041347,2105169.0
2022-02-02,3426.473876953125,3433.4047062376403,3377.1141981026553,3401.327520629823,1984212.0
2022-02-03,3398.3955078125,3449.843178942447,3390.7982566523374,3421.853466093333,1960538.0
2022-02-04,3389.776123046875,3398.4840766951115,3348.991201555373,3390.1316781159926,2307366.0
2022-02-07,3357.87646484375,3404.7925911476827,3337.5727323379806,3368.539210961275,1919149.0
2022-02-08,3326.2880859375,3376.2697091125106,3306.33990816381,3369.028014039471,2946443.0
2022-02-09,3341.482666015625,3356.9435617136155,3328.642985453299,3332.1082913026003,1638721.0
2022-02-10,3350.190185546875,3367.472674927871,3339.2163568872406,3367.472674927871,2112459.0
2022-02-11,3283.192626953125,3334.329421359059,3278.794287758808,3334.329421359059,3851488.0
2022-02-14,3317.668701171875,3370.5381454891767,3296.5653515494223,3309.0052208005523,5951745.0
2022-02-15,3392.3525390625,3407.6357642925827,3330.3308590791657,3364.09621997698,3931683.0
2022-02-16,3388.17626953125,3424.607316053256,3381.8673917745273,3415.6327519656547,3256906.0
2022-02-17,3362.4970703125,3407.6360739487654,3357.876590209227,3398.7504518524192,3134372.0
2022-02-18,3371.11572265625,3390.7085606865603,3338.8610914162996,3348.990612757656,3688883.0
2022-02-21,3304.91796875,3401.238235819317,3292.6115131522834,3385.421786187314,7465922.0
2022-02-22,3186.7392578125,3259.157074169786,3172.1669250983023,3243.2518982097486,5408531.0
2022-02-23,3166.658203125,3219.1721021582184,3159.4162905968537,3208.598298112839,2426203.0
2022-02-24,3022.5771484375,3095.617125825377,3013.2029919298166,3086.8647024601314,5039136.0
2022-02-25,3128.405029296875,3136.624228763181,3076.2020056595275,3081.5333782863204,2549723.0
2022-02-28,3158.127197265625,3166.6130082367754,3070.781504293489,3101.0815569965193,3288942.0
2022-03-02,3150.974853515625,3173.899802351873,3115.299166886402,3156.617310428963,2761341.0
2022-03-03,3149.419677734375,3179.8086775840598,3136.713412213718,3165.813823365856,1928039.0
2022-03-04,3131.604248046875,3164.347634660531,3098.4608348995284,3111.3005151866846,2370257.0
2022-03-07,3096.550048828125,3152.618405439203,3049.145389831269,3065.539317577579,3054130.0
2022-03-08,3198.779296875,3206.8208277906424,3074.4250662664513,3074.4250662664513,3300992.0
2022-03-09,3227.791015625,3246.806159231084,3196.2025871914693,3203.2666130344987,2719654.0
2022-03-10,3217.439208984375,3273.4630982851195,3212.152307356326,3273.4630982851195,2005441.0
2022-03-11,3198.068603515625,3234.2332591475283,3192.4708351186337,3201.7117953641396,1623423.0
2022-03-14,3237.031982421875,3241.7858768007827,3181.0525657618205,3181.0525657618205,1765688.0
2022-03-15,3193.403564453125,3251.2490497339313,3185.8507858462003,3251.2490497339313,3651133.0
2022-03-16,3248.49462890625,3259.246318858256,3213.263222620275,3234.8108570892805,3090475.0
2022-03-17,3263.466796875,3296.565738589953,3252.4042409503854,3284.6590919681585,3600452.0
2022-03-21,3222.548583984375,3300.0756382590976,3212.152449319463,3284.1259896776583,2413831.0
2022-03-22,3288.52392578125,3297.454018450051,3221.037676335606,3234.3661080997535,2907611.0
2022-03-23,3298.698486328125,3314.1595999957713,3278.7947782419956,3294.7888991114687,1596195.0
2022-03-24,3331.974853515625,3339.3942172821903,3283.2371329817483,3287.6799437165005,1879046.0
2022-03-25,3294.2998046875,3358.320753023483,3262.80031885229,3340.904847554434,1690133.0
2022-03-28,3294.52197265625,3299.2313956274616,3253.203831019655,3283.2372762842633,1760990.0
2022-03-29,3292.433837890625,3307.228310863317,3279.6828843085714,3283.0149923595486,2689063.0
2022-03-30,3315.7138671875,3321.4450492066144,3293.18873172542,3321.4450492066144,1583455.0
2022-03-31,3323.17822265625,3336.24004386944,3305.6291188569076,3323.2226941539616,2168110.0
2022-04-01,3339.883056640625,3343.659445863298,3312.604241407199,3330.331013312687,1387014.0
2022-04-04,3350.190185546875,3358.764722999939,3320.6454958538197,3342.770605271368,1472994.0
2022-04-05,3389.687255859375,3408.1693937254495,3351.6567488325595,3351.6567488325595,2314947.0
2022-04-06,3336.8623046875,3384.8001942913256,3315.358924868198,3384.8001942913256,2051729.0
2022-04-07,3273.596435546875,3328.1098148423775,3269.0204268602606,3328.1098148423775,2494829.0
2022-04-08,3274.929443359375,3292.1232100559987,3236.5880681859585,3278.7947760071893,2296773.0
2022-04-11,3284.48095703125,3298.6536964936704,3248.6720768870196,3278.794246196316,2291660.0
2022-04-12,3279.772216796875,3322.3342619156374,3241.786180504579,3272.5747757783615,4483476.0
2022-04-13,3253.87060546875,3296.4328689407776,3248.183893637111,3293.9003796631946,1621672.0
2022-04-18,3134.8916015625,3207.709223229319,3129.960038455755,3207.709223229319,3820792.0
2022-04-19,3084.9990234375,3166.4358794399823,3055.898611311743,3154.3958182118126,3170014.0
2022-04-20,3160.438232421875,3171.4118459733177,3092.1966087050055,3109.96785358262,2640370.0
2022-04-21,3224.281494140625,3237.921012181296,3169.8570534172154,3181.053025139693,2280996.0
2022-04-22,3209.975830078125,3213.9298889876704,3173.500303710109,3182.030588696181,1581465.0
2022-04-25,3152.79638671875,3184.606957189106,3139.3792275227693,3161.504339754141,1960694.0
2022-04-26,3151.10791015625,3188.071964429589,3126.094756154156,3176.7427973254776,1943469.0
2022-04-27,3164.347412109375,3170.789487548089,3115.5654379746916,3150.841311128136,1727648.0
2022-04-28,3184.873779296875,3202.7337507159955,3143.777774418422,3188.161416300322,1703660.0
2022-04-29,3151.46337890625,3219.4828558444133,3142.7111717645585,3196.1580990746857,2051115.0
2022-05-02,3147.642822265625,3152.5743861315545,3103.5257934019173,3127.6501716746743,1324161.0
2022-05-04,3091.973876953125,3150.3523618271915,3079.1341983708458,3144.176898799808,2305825.0
2022-05-05,3121.8740234375,3139.2899275277423,3096.950029855675,3120.7190662444004,1612262.0
2022-05-06,3050.078857421875,3087.309528817,3042.8814164437517,3073.536813981293,2010812.0
2022-05-09,3061.185791015625,3070.87103244035,2973.8845528972033,3019.3344236783305,2481830.0
2022-05-10,3055.54296875,3078.690055200708,3040.6595533442382,3051.32229870956,1622685.0
2022-05-11,3031.77392578125,3064.161971372953,3005.25025996758,3052.2108543548047,1841769.0
2022-05-12,3028.797607421875,3065.2731309391734,2976.772461562635,3001.563261406277,2807195.0
2022-05-13,3034.3505859375,3056.564638125786,3005.2501775708447,3052.2107706705233,2187823.0
2022-05-16,3000.4970703125,3047.7685389584967,2991.4337786855167,3034.440105114655,1195813.0
2022-05-17,3066.9609375,3080.644706648595,2977.0382821780336,2994.4541855799725,1754076.0
2022-05-18,3064.473388671875,3105.5249193259233,3059.3641559719827,3078.8680530656147,1866781.0
2022-05-19,2898.44482421875,3025.5536639730703,2870.055311199124,3018.445167846261,4642963.0
2022-05-20,2926.035400390625,2944.6062640779983,2905.6429407592427,2941.1409581818916,3065125.0
2022-05-23,2951.58154296875,2966.820298209671,2902.932761610268,2936.5204567843207,2293690.0
2022-05-24,2921.5927734375,2954.3363801932683,2910.5746879512376,2945.7171525393956,1711510.0
2022-05-25,2833.61328125,2945.610802185031,2821.4475663720973,2945.610802185031,3548046.0
2022-05-26,2886.660400390625,2899.6761119484217,2845.153478156193,2854.50145711165,2813186.0
2022-05-27,2917.3876953125,2933.131599681016,2888.6726342881934,2910.1417734778424,3103153.0
2022-05-30,3019.321533203125,3029.4747349681716,2939.7963456033503,2949.3231893846983,2094624.0
2022-05-31,3009.5712890625,3026.612246033562,2974.3707538356352,3000.44672887576,4840965.0
2022-06-01,3001.385986328125,3030.727190529451,2987.8336778962866,3030.727190529451,1493835.0
2022-06-02,3062.036376953125,3070.0873052010297,2993.424621008395,3001.2071413022886,2657939.0
2022-06-03,3077.377685546875,3110.6102582693384,3069.371528604616,3094.5977259894203,1913622.0
2022-06-06,3069.1484375,3088.8732582845537,3021.021726779004,3057.564088275877,1084210.0
2022-06-07,3008.094970703125,3058.3239461384833,3002.101545860968,3042.400956238807,2308256.0
2022-06-08,3045.173583984375,3053.940192585429,2993.6030113678175,3023.7044453999356,2185707.0
2022-06-09,3065.7041015625,3074.5600352543865,2999.507580582336,3028.043561052109,1279197.0
2022-06-10,3005.590087890625,3035.1996977943127,2998.523249928245,3025.3596751960995,1527582.0
2022-06-13,2880.08544921875,2945.7451536237168,2855.7983516097243,2943.0615109086025,3030921.0
2022-06-14,2871.989990234375,2897.350284976145,2839.9203697482353,2853.6069924191734,2611493.0
2022-06-15,2868.1875,2892.966420404165,2863.4463548898366,2879.100935086829,1404536.0
2022-06-16,2810.668701171875,2902.6730138373405,2802.662543426552,2898.334370400024,2032028.0
2022-06-17,2763.16796875,2789.870301721433,2704.9778226240087,2765.9411536425396,5240434.0
2022-06-20,2784.189697265625,2807.7611124816544,2745.3664210931734,2767.7301097628797,1502769.0
2022-06-21,2873.241943359375,2896.321313698456,2795.8188096638946,2799.9338157288753,2964461.0
2022-06-22,2883.081787109375,2907.7713851734843,2847.3446585890692,2862.4624238008673,3336315.0
2022-06-23,2959.87890625,2968.108699833873,2883.0819135631095,2883.0819135631095,3692578.0
2022-06-24,2945.834716796875,2992.261648742065,2931.8796872203643,2986.8943632734695,2132118.0
2022-06-27,2965.15625,3008.2733913920747,2957.821004932529,2996.7338171855354,2037686.0
2022-06-28,2968.242919921875,2978.843395941268,2927.496452991012,2958.2688019152474,1400046.0
2022-06-29,2943.5087890625,2981.5270609163695,2926.065111388372,2926.065111388372,2133994.0
2022-06-30,2922.57666015625,2961.7576717790407,2911.752546434991,2926.959856201318,2719603.0
2022-07-01,2965.51416015625,2981.5264711882255,2909.11290315332,2916.2245112732116,1502879.0
2022-07-04,2893.906494140625,2968.0644088978033,2884.9610174077725,2962.741893920842,2622535.0
2022-07-05,2877.13330078125,2926.9595551529096,2868.7691939118813,2911.752246950709,2170627.0
2022-07-06,2916.896240234375,2923.8289844992887,2864.5652028798677,2879.1016021450087,2182144.0
2022-07-07,2941.138427734375,2969.361229929666,2920.742698680176,2926.0652132459163,1989921.0
2022-07-08,2921.100341796875,2956.47974214826,2907.279625410543,2952.0070042630127,2136916.0
2022-07-11,2785.442138671875,2884.9157801887623,2778.464624268619,2868.053471913843,6974600.0
2022-07-12,2759.410888671875,2805.480089247644,2755.4301956021764,2786.4261820294582,3734815.0
2022-07-13,2718.306884765625,2782.0434098300598,2714.9523308148655,2776.6761235088443,3863530.0
2022-07-14,2689.605224609375,2741.8501614442216,2661.128370626433,2740.9532526573576,4764908.0
2022-07-15,2685.88330078125,2716.6470988263773,2648.5718054355975,2707.364223712299,4574806.0
2022-07-18,2747.68017578125,2759.7435556409487,2703.552305539903,2711.3553684957465,3202795.0
2022-07-19,2757.322509765625,2761.5379382964898,2717.6791755225568,2717.6791755225568,1865074.0
2022-07-20,2838.537353515625,2844.950164613829,2778.668683955497,2787.4135458013584,3402251.0
2022-07-21,2849.748046875,2855.757291350746,2819.925832698677,2840.5098435011973,2420640.0
2022-07-22,2844.09765625,2867.4172838319932,2819.4326655382765,2856.65437879415,2075886.0
2022-07-25,2840.286376953125,2857.95543922205,2824.45602179989,2838.7167863129835,1797504.0
2022-07-26,2794.67822265625,2842.214392123494,2777.278278402279,2838.447418714807,2639367.0
2022-07-27,2860.107421875,2864.816192593285,2789.3860826411606,2793.8706261823845,1389808.0
2022-07-28,2924.371337890625,2927.5105189004753,2871.5881638933847,2884.4588936225273,2106333.0
2022-07-29,2961.5029296875,2975.3154558936158,2937.376171773738,2950.829803094839,2430257.0
2022-08-01,2958.72314453125,2984.015931899953,2933.7890331363833,2984.015931899953,1306913.0
2022-08-02,2952.44482421875,2971.369471032021,2934.3719781124923,2950.830344369699,1269114.0
2022-08-03,2995.226806640625,3003.7474398680797,2939.2148983239913,2941.860735373933,2895824.0
2022-08-04,3009.08447265625,3038.637577140398,2966.3917403654004,3004.6448173920953,2150567.0
2022-08-05,3018.1435546875,3028.861573018545,3009.1295758001834,3014.6903675855206,1106933.0
2022-08-08,3026.573974609375,3030.56517513093,2992.087873696429,3018.098229912615,1068836.0
2022-08-10,3008.45654296875,3036.0364904074586,2991.1910474176884,3036.0364904074586,1878359.0
2022-08-11,3069.67041015625,3075.231200998242,3027.1121308061656,3049.4899618791087,1449248.0
2022-08-12,3050.88037109375,3066.5313868784974,3032.6730774737994,3066.5313868784974,1472354.0
2022-08-16,3042.942626953125,3062.8092894639904,3038.278744703972,3059.3561027853134,839942.0
2022-08-17,3050.47705078125,3065.589834875391,3023.56978286917,3036.126507894807,1622326.0
2022-08-18,3032.6728515625,3042.314621072089,3015.407357324399,3040.520803488909,1430659.0
2022-08-19,3036.708984375,3068.7734741310087,3023.7038067117237,3037.830120380455,1398410.0
2022-08-22,3008.7255859375,3035.22928589152,3002.3125563634576,3018.0982394990715,1536532.0
2022-08-23,2945.987060546875,2997.3797653396714,2932.8921030180345,2977.6926587789303,1849256.0
2022-08-24,2919.752197265625,2966.974358766676,2915.132985487199,2952.6238177327377,1691923.0
2022-08-25,2886.431884765625,2940.201524060297,2883.337593169555,2938.2732577100746,1946930.0
2022-08-26,2890.01953125,2921.23200171297,2885.1763112522453,2900.872215467774,1457962.0
2022-08-29,2809.612060546875,2818.7155984293877,2763.3763622653864,2802.8403544561284,2539173.0
2022-08-30,2880.108642578125,2893.876280423968,2818.1772643190006,2829.7473003990763,3431525.0
2022-09-01,2808.849609375,2861.1394429895345,2799.252727764996,2861.1394429895345,3546935.0
2022-09-02,2807.683349609375,2836.9226654285976,2798.6247016941093,2836.9226654285976,2052900.0
2022-09-05,2810.3740234375,2823.4240906299206,2791.4044893857963,2801.6291623975735,2147912.0
2022-09-06,2804.6787109375,2817.056096189983,2786.112742544714,2812.2575465142127,1936453.0
2022-09-07,2824.90380859375,2835.935610736674,2782.210865683748,2782.210865683748,1291534.0
2022-09-08,2842.88671875,2855.308992469009,2834.3214154044554,2843.200724399798,1346113.0
2022-09-09,2885.9384765625,2900.1545684530834,2841.855497183731,2865.6235800858517,1561185.0
2022-09-12,2908.630126953125,2932.7122139820603,2892.5306590174614,2905.8945115277447,1785928.0
2022-09-13,2896.4326171875,2927.017076901439,2892.530976189004,2927.017076901439,1972678.0
2022-09-14,2798.71435546875,2817.5494417731366,2792.794888299078,2811.809312583414,5090269.0
2022-09-15,2784.319091796875,2814.2757599671518,2780.4174506886047,2807.32471634043,2138023.0
2022-09-16,2698.529296875,2775.3496622556345,2690.726234589064,2758.8912991986535,5322221.0
2022-09-19,2716.557373046875,2728.3965252199246,2679.7841128450286,2723.015072507459,2072220.0
2022-09-20,2726.871826171875,2762.434171951961,2717.6336218806787,2735.571797602663,1544295.0
2022-09-21,2691.802978515625,2727.8586729249173,2689.0673625441004,2715.8401811124536,2253818.0
2022-09-22,2697.363525390625,2717.588863283786,2672.1605186728298,2681.7573993510473,2017983.0
2022-09-23,2674.626953125,2710.9068705929853,2671.891337467826,2694.3140576546994,2652374.0
2022-09-26,2685.70361328125,2713.9115701152955,2624.4449176434205,2654.715589532401,2925489.0
2022-09-27,2706.3779296875,2713.1496362102757,2669.2010966485227,2699.1577686794003,2227447.0
2022-09-28,2722.701171875,2735.527011795521,2672.7882836301883,2672.7882836301883,2739767.0
2022-09-29,2688.304931640625,2740.818988441174,2681.757453261362,2739.1596194850167,2493902.0
2022-09-30,2694.8076171875,2708.395699120603,2645.9709725023213,2682.520009335048,2817353.0
2022-10-03,2677.228271484375,2709.2927657878695,2667.4071624781054,2686.2422500409975,1763331.0
2022-10-04,2772.480224609375,2778.624138974122,2711.355962594826,2717.5894364782553,2145875.0
2022-10-06,2782.166259765625,2801.943142965374,2773.645626008208,2790.2833283499613,1790816.0
2022-10-07,2748.935791015625,2784.901922759827,2742.8369861368456,2778.085328049343,1939879.0
2022-10-10,2797.05517578125,2804.634011871847,2695.2111306923252,2699.6956750029613,3064063.0
2022-10-11,2753.1064453125,2820.7781703423966,2738.5765665760173,2780.417274423348,4730645.0
2022-10-12,2781.09033203125,2789.296961055594,2746.3800006423335,2766.8742380689673,1665247.0
2022-10-13,2783.377197265625,2789.386442591945,2737.679736477988,2781.090035970088,2054781.0
2022-10-14,2779.6552734375,2825.2631809472705,2754.4073741870056,2820.778636215608,2245977.0
2022-10-17,2798.179443359375,2813.1515376703646,2761.940424094576,2763.019456376146,1517005.0
2022-10-18,2827.808837890625,2837.3857701324823,2813.2863596612765,2832.5748013053026,1793722.0
2022-10-19,2807.26171875,2840.668030854225,2798.404213997578,2840.668030854225,1194289.0
2022-10-20,2839.138916015625,2841.566793102016,2792.109143222076,2792.109143222076,1587601.0
2022-10-21,2821.244140625,2841.9264308188326,2811.8922363527845,2839.5885645200665,1021913.0
2022-10-24,2843.095703125,2857.753197352684,2837.0709054901563,2850.6493675283837,260949.0
2022-10-25,2843.45556640625,2863.373425161377,2833.6088212517743,2860.0013123108297,2069643.0
2022-10-27,2839.22900390625,2854.1563112448976,2818.501925922069,2842.1965071167756,2438421.0
2022-10-28,2844.489501953125,2858.2027604387918,2828.0785532735567,2832.574703596726,1355739.0
2022-10-31,2871.37646484375,2876.637048668789,2857.5734147297503,2876.637048668789,1919414.0
2022-11-01,2931.219970703125,2933.827869411688,2880.638283485939,2890.5748188380967,2991060.0
2022-11-02,2915.0341796875,2940.482435498772,2897.364395986869,2940.482435498772,1405955.0
2022-11-03,2883.606201171875,2902.75984672767,2873.0402472110827,2902.75984672767,1422652.0
2022-11-04,2893.1826171875,2895.565708495487,2847.097078046765,2892.8230129901267,1464013.0
2022-11-07,2907.84033203125,2916.0234137611046,2873.1301818756806,2903.6139944666893,1474498.0
2022-11-09,2891.96875,2922.317763177847,2879.019705987638,2922.317763177847,1162267.0
2022-11-10,2882.61669921875,2900.01688836437,2850.5592360046676,2850.5592360046676,1573092.0
2022-11-11,2981.802001953125,3004.8673857085314,2927.038976756328,2940.1228186004687,3265394.0
2022-11-14,2999.382080078125,3011.5216867580993,2975.552481780397,2989.0409336470357,1342074.0
2022-11-15,2996.774169921875,3003.3833791047664,2960.26534186353,2986.3430134656087,1400708.0
2022-11-16,3017.23193359375,3028.517096203142,2986.747900169754,3002.4394221817815,1748235.0
2022-11-17,3011.521484375,3021.4130150791284,2983.420544874636,3003.4284137988952,1417986.0
2022-11-18,3006.531005859375,3023.886191689514,2986.3433328677056,3012.4210072589017,1164540.0
2022-11-21,2952.621826171875,2997.763130116702,2943.179910784391,2987.691797611102,1304194.0
2022-11-22,2980.903076171875,2984.4999969339733,2927.2190777052792,2949.4750249207636,1149739.0
2022-11-23,2974.923095703125,2994.436345699814,2959.366370479906,2994.436345699814,1150011.0
2022-11-24,3039.53271484375,3051.042904713645,2974.9231600526905,2982.0719958636614,1296591.0
2022-11-25,3048.0751953125,3060.394823210972,3010.6223497742653,3042.0954030126463,1588981.0
2022-11-28,3053.11083984375,3072.669093511846,3026.403751156413,3026.808360772863,2195437.0
2022-11-29,3054.999267578125,3083.4598105600744,3042.0952286744628,3042.0952286744628,1576028.0
2022-11-30,3049.109619140625,3070.780933908881,3034.901738943921,3042.0955801028995,3410702.0
2022-12-01,3125.40869140625,3129.320429758879,3075.3666292457947,3079.862779288552,2180856.0
2022-12-02,3092.587158203125,3119.3392540899144,3069.072378541606,3109.627744491306,2411749.0
2022-12-05,3080.67236328125,3092.5871623054572,3063.6770019225387,3087.056984913436,1475065.0
2022-12-06,3044.208740234375,3064.53120899408,3028.6070100128413,3057.427378941616,1166999.0
2022-12-07,3039.937255859375,3051.717038027653,3016.017648233855,3028.8766821146633,1167505.0
2022-12-08,3012.91552734375,3039.9374364011487,3002.9339851801747,3021.413208083765,1285619.0
2022-12-09,2960.939697265625,3034.092148416434,2946.192412509452,3034.092148416434,1797896.0
2022-12-12,2955.2744140625,2963.8621045413224,2909.99831491075,2927.443289239768,1527610.0
2022-12-13,2996.32470703125,3000.2362262470147,2938.5041676355268,2946.9568427685667,1378016.0
2022-12-14,3026.224365234375,3036.700308985312,3004.2380117667353,3011.3420618911446,1213311.0
2022-12-15,2972.044921875,3025.6838992472126,2966.514526096477,3020.333525085076,1415694.0
2022-12-16,2913.730224609375,2960.2653805768264,2900.1967681932483,2944.9784694377604,2703680.0
2022-12-19,2879.379638671875,2918.4511406152537,2872.590407855624,2901.815384614212,2120965.0
2022-12-20,2917.057373046875,2921.5985288569414,2844.8491537414297,2876.5470140498965,1529971.0
2022-12-21,2939.17822265625,2952.2170574887764,2913.5051625782858,2921.5982324743363,1432566.0
2022-12-22,2931.219970703125,2962.0636034383856,2918.091344499675,2962.0636034383856,1384101.0
2022-12-23,2903.029541015625,2937.649899386993,2892.82319170629,2892.82319170629,1360281.0
2022-12-26,2925.105224609375,2942.280605691526,2900.061800443613,2903.029303397411,870157.0
2022-12-27,2931.04052734375,2943.8995617533924,2905.8620844029233,2939.7630154548165,835883.0
2022-12-28,2928.882080078125,2936.97514996556,2900.9159396516716,2922.3176572617135,910795.0
2022-12-29,2939.3583984375,2941.8312812201243,2902.714771749522,2905.5024728835565,1037927.0
2022-12-30,2928.5224609375,2966.5599359733387,2919.080545409243,2954.914950729539,1163131.0
2023-01-02,2932.794189453125,2937.650164086702,2909.189397527533,2932.3895797849805,709547.0
2023-01-03,2977.66552734375,2985.4437794959777,2918.2713383650357,2924.296135819554,1245178.0
2023-01-04,2980.633056640625,2992.053454899718,2955.050003400902,2973.484221029113,1231668.0
2023-01-05,2977.440673828125,3001.000456972908,2951.227986433968,2994.615835872255,1826057.0
2023-01-06,2887.922607421875,2968.8533202291715,2877.53645537055,2967.45946960088,2488376.0
2023-01-09,2985.3984375,2991.738052574123,2896.554474267273,2903.613517211254,2885060.0
2023-01-10,2955.229736328125,2965.660893386526,2904.6032569263607,2953.9709019935526,3864655.0
2023-01-11,2993.267578125,3011.971610538232,2941.516835251317,2958.557423486995,2720512.0
2023-01-12,2998.34814453125,3012.421008591764,2981.442573769341,2993.537175403577,2250391.0
2023-01-13,3034.496826171875,3038.4983560091237,2971.9553319355296,3006.0360632064353,1742837.0
2023-01-16,3066.2255859375,3083.6532862672816,3033.1174683396407,3050.5451686694223,1843607.0
2023-01-17,3107.012939453125,3110.1399520710393,3054.223972942188,3062.501002679159,1688475.0
2023-01-18,3117.68115234375,3135.1088531125965,3101.3570106168763,3108.4844527793143,2421189.0
2023-01-19,3102.138916015625,3114.9222389947813,3091.0108193863184,3108.484549100195,1585044.0
2023-01-20,3092.942138671875,3121.9575463467286,3086.0446139576375,3094.689421787962,1529349.0
2023-01-23,3140.58056640625,3144.3513027053577,3086.044322440379,3115.841536579629,1067916.0
2023-01-24,3160.261962890625,3174.6547081099407,3142.7882334602164,3149.869647323622,1387863.0
2023-01-25,3154.23779296875,3159.0660598724853,3131.4759632797122,3150.1453068799115,874110.0
2023-01-27,3137.0400390625,3169.1824569748724,3110.599529591221,3150.789059081809,1785879.0
2023-01-30,3157.824462890625,3180.6323213204782,3113.5884754099507,3145.2710585648842,1953798.0
2023-01-31,3088.895263671875,3171.941500962948,3081.8138503122173,3171.941500962948,2820375.0
2023-02-01,3134.55712890625,3144.351523952907,3085.492647809887,3092.8500073277646,2205161.0
2023-02-02,3182.425537109375,3190.334787824689,3145.3630208692275,3151.7086531782097,1813847.0
2023-02-03,3202.56640625,3222.5231973552636,3175.5279775823224,3222.5231973552636,1804469.0
2023-02-06,3182.01220703125,3194.151806260683,3160.767964511945,3194.151806260683,1138714.0
2023-02-07,3193.599853515625,3212.4070586382527,3183.345399100722,3190.2429235610102,1455647.0
2023-02-08,3237.330078125,3255.5393623719233,3198.6579142429127,3198.6579142429127,1986946.0
2023-02-09,3256.413330078125,3262.6211020458163,3223.71901947586,3232.6397728051547,1655427.0
2023-02-10,3253.37841796875,3257.7928785550507,3226.339987208153,3237.238165731009,1187821.0
2023-02-13,3202.65869140625,3263.9088027055695,3194.3816614754664,3263.9088027055695,1087939.0
2023-02-14,3218.936767578125,3241.6985980328905,3214.246361188052,3223.4430603616947,1579818.0
2023-02-15,3237.8359375,3242.756261571135,3182.1959052183624,3206.889133323468,1429449.0
2023-02-16,3272.2314453125,3287.8198047959163,3243.6756507734817,3243.8595398428197,1618931.0
2023-02-17,3219.90234375,3254.6198842343974,3209.648113656855,3242.894092415164,1061369.0
2023-02-20,3207.164794921875,3239.0772946281572,3195.89883897094,3220.6838971572424,1296082.0
2023-02-21,3173.781005859375,3227.029806293947,3168.0330686566454,3213.326813814157,1139541.0
2023-02-22,3128.30322265625,3170.1021750983955,3122.2793398488698,3140.6267096205747,1218430.0
2023-02-23,3139.569091796875,3175.068214566864,3134.2349615691996,3146.1906700493637,1441570.0
2023-02-24,3127.29150390625,3158.1004459242777,3110.5995848333705,3147.5702703492466,977592.0
2023-02-27,3064.201904296875,3117.6806132044985,3049.625048196495,3117.6806132044985,1128022.0
2023-02-28,3046.72900390625,3119.5207982882703,3034.81909717888,3061.121750325032,4116217.0
2023-03-01,3113.726806640625,3116.76176267558,3048.7061797785623,3056.0635400917536,1669307.0
2023-03-02,3054.6376953125,3099.1956592623837,3051.464878906557,3091.010686559656,1556538.0
2023-03-03,3073.6748046875,3088.2516630694918,3063.5126314585646,3084.5729833040723,1043190.0
2023-03-06,3100.989501953125,3131.4304454397543,3089.1716521742155,3091.8386054681678,1334132.0
2023-03-08,3118.04931640625,3123.19955861125,3063.283143345182,3093.7701163628517,1844590.0
2023-03-09,3068.801025390625,3113.083047465499,3063.283005217865,3113.083047465499,1648500.0
2023-03-10,3063.419921875,3069.1678577836515,3025.7134623142447,3046.773809672046,1024404.0
2023-03-13,3018.310546875,3099.1036364238453,3009.159876386488,3065.25973960763,1901233.0
2023-03-14,2956.6923828125,3038.956801633835,2951.5881705094835,3016.5169482934,2670334.0
2023-03-15,2941.93212890625,2998.4460272576657,2935.5864960289846,2988.9273534129698,1780522.0
2023-03-16,2929.14892578125,2961.1534864223922,2917.1932158801023,2950.301335606358,1901060.0
2023-03-17,2923.906982421875,2962.6249561150617,2891.4425853334556,2897.420440551225,6739966.0
2023-03-20,2890.798583984375,2915.0317523258964,2846.424509123387,2915.0317523258964,2289468.0
2023-03-21,2856.5869140625,2903.168107097095,2848.631634298453,2890.798591207588,1815297.0
2023-03-22,2879.302490234375,2890.9822527438723,2856.5866892222766,2878.6127378279625,1123939.0
2023-03-23,2873.646728515625,2893.603746811064,2851.896623184191,2864.6799461628207,1372218.0
2023-03-24,2869.830078125,2915.3537406365167,2856.4948638539495,2895.9486148857454,1329577.0
2023-03-27,2871.485107421875,2899.489008374501,2856.4944445361034,2883.164869163131,1524217.0
2023-03-28,2865.599609375,2896.546639011127,2860.3115069743058,2875.808035994818,1303530.0
2023-03-29,2886.752197265625,2896.960624515923,2854.747859513075,2877.6475536858165,1740616.0
2023-03-31,2948.369873046875,2954.8996196587623,2898.799751373924,2933.701181901108,2382581.0
2023-04-03,2942.94384765625,2965.889568062685,2918.8025114059446,2965.889568062685,1521830.0
2023-04-05,2979.546875,3002.1248181336805,2929.60874969603,2929.60874969603,2655065.0
2023-04-06,2961.98095703125,2995.686995347432,2956.7388832326774,2965.935582713961,1703464.0
2023-04-10,3001.25048828125,3009.1597387753586,2956.7385575069616,2961.3369067410313,2203187.0
2023-04-11,2955.63525390625,3010.033640232757,2935.7242652855402,3001.8026392985266,2348779.0
2023-04-12,2981.248046875,2998.997722073373,2942.0242127497345,2968.6486132828945,2417727.0
2023-04-13,2932.689453125,2970.5337797333086,2924.550284690997,2952.140381716384,4174070.0
2023-04-17,2887.3037109375,2909.2837321918887,2823.6165690415223,2882.3375831860076,5505048.0
2023-04-18,2879.25634765625,2903.2598202590466,2860.7250902170117,2901.5123128481664,2617302.0
2023-04-19,2841.411865234375,2887.7631327122667,2824.76575226934,2879.2561871780026,3298034.0
2023-04-20,2855.3916015625,2862.9328510282207,2830.7443994426158,2841.7804399862516,2419999.0
2023-04-21,2906.9384765625,2910.2491532384734,2851.712258277941,2860.1731758215633,1929184.0
2023-04-24,2919.768310546875,2925.4241911378012,2875.0262311012816,2897.9721768285667,1640676.0
2023-04-25,2920.871826171875,2934.8507648170635,2894.6612320138465,2927.309515965075,2024090.0
2023-04-26,2941.242431640625,2950.6690488552285,2925.4701814296627,2925.4701814296627,2000029.0
2023-04-27,2931.86181640625,2942.2081034997614,2915.951481125579,2929.1488349186,2434446.0
2023-04-28,2960.647216796875,2968.0045757265557,2939.4948098740424,2943.311350007304,2931312.0
2023-05-02,2960.78515625,2975.1320963561516,2952.1403490891025,2975.1320963561516,2321159.0
2023-05-03,2924.458251953125,2957.658425458373,2918.2504800713327,2957.658425458373,2468285.0
2023-05-04,2961.98095703125,2965.429719336731,2922.711095151928,2924.688295728886,1953253.0
2023-05-05,2971.17724609375,2983.4088996200167,2952.1861540997215,2961.3368239138267,1710027.0
2023-05-08,2989.47900390625,2993.387600899083,2971.7293303036295,2984.3287627630057,928235.0
2023-05-09,3019.506103515625,3033.0712341108756,2985.2484008259253,2991.3183117851413,1107375.0
2023-05-10,3022.77099609375,3040.888447761684,3003.687846149381,3025.713894793873,1559987.0
2023-05-11,3018.49462890625,3043.831580870088,3009.160068749002,3043.1878568124844,1719623.0
2023-05-12,3011.27587890625,3025.7146546930912,2998.1245514588077,3015.736144211825,1027479.0
2023-05-15,2993.5712890625,3027.5530439667627,2987.4095461813217,3020.195685415203,1150390.0
2023-05-16,2996.4228515625,3021.1160819525435,2989.3414371589683,2994.6295398899356,986306.0
2023-05-17,2950.945068359375,3016.517583915495,2941.334561816381,2994.3994756276697,1588815.0
2023-05-18,2942.805908203125,2969.56816838411,2938.3454192418985,2966.809158600784,1369364.0
2023-05-19,2963.958251953125,2974.6723165667154,2945.748742874228,2952.1404038272244,1152449.0
2023-05-22,3033.71484375,3042.6816246528992,2958.623891436203,2970.533570909172,1333243.0
2023-05-23,3032.197998046875,3060.6157110445483,3025.806336495552,3040.4289995858485,1687418.0
2023-05-24,3037.99169921875,3050.7289928061655,3012.838637267653,3012.838637267653,1016555.0
2023-05-25,3028.9326171875,3040.4284901842643,3004.6534232298413,3029.3924521073704,1374917.0
2023-05-26,3061.4892578125,3070.4560399745756,3026.6338559375918,3028.9330308509448,1791115.0
2023-05-29,3053.625732421875,3101.126588125399,3045.946399724591,3090.8263311963337,1210372.0
2023-05-30,3049.809326171875,3059.6957777547364,3036.152362656079,3048.7057671800108,1344224.0
2023-05-31,3025.254150390625,3060.3854958314014,3002.8600984079567,3043.1877135256354,5815424.0
2023-06-01,3056.983154296875,3071.6978746545014,3032.611898704556,3047.7864540733585,1177314.0
2023-06-02,3040.060791015625,3067.926608260491,3032.565346909803,3059.0518838880043,2030661.0
2023-06-05,3024.70263671875,3059.742154266237,3021.1620418616694,3048.706114034438,1861468.0
2023-06-06,2972.64892578125,3024.6563011369967,2961.8888333525238,3016.5171330853027,2022849.0
2023-06-07,3011.8271484375,3015.460024506568,2980.65042571226,2991.6864655482823,1567196.0
2023-06-08,2976.4658203125,3007.3207926165123,2973.293003831555,2999.043762912063,1759366.0
2023-06-09,2951.496826171875,2988.9273483672064,2947.8641747619263,2984.3289986004875,1775689.0
2023-06-12,2986.076171875,2992.9736962713932,2953.0601115757804,2956.7387912538566,2324605.0
2023-06-13,2983.13330078125,3002.7223151549406,2978.81089702507,2998.123965514581,1371928.0
2023-06-14,2989.892822265625,2994.3072826160305,2966.7171860869717,2983.1331588044936,1658544.0
2023-06-15,2979.932861328125,3008.793544788029,2974.0958056287536,3006.8016396344283,2273810.0
2023-06-16,2941.5751953125,2964.2746801787644,2924.064254609405,2962.0511476509087,4156189.0
2023-06-19,2974.467041015625,2978.636335213148,2941.6686838079186,2955.5663311329954,1468186.0
2023-06-20,2990.4951171875,2994.942408695361,2965.803725782431,2977.8019803702673,1528452.0
2023-06-21,3018.753662109375,3021.718447715978,2987.020706957234,3011.1563283053792,1645987.0
2023-06-22,3000.50146484375,3027.509130331622,2992.7188743583506,3020.421422075228,1529603.0
2023-06-23,2979.97900390625,3010.599962776281,2973.3079543613294,2999.3893332328184,1119505.0
2023-06-26,2955.24169921875,2977.709560394798,2939.815402540229,2969.4637141952203,1978803.0
2023-06-27,2962.375732421875,2973.7716202061024,2948.431716890738,2966.6839118331172,863542.0
2023-06-28,2979.14501953125,2993.5059172295346,2958.7154391788054,2972.242568780507,1575872.0
2023-06-30,3059.56640625,3066.746855836929,2977.8946733632847,2983.3609896661364,2672406.0
2023-07-03,3031.8173828125,3074.900078835827,3028.5282285215303,3070.7307856722796,1687264.0
2023-07-04,3065.680908203125,3071.378850885963,3036.449489586195,3048.216114453942,1656681.0
2023-07-05,3075.96533203125,3084.350288689611,3062.114059513116,3076.0117027484253,1453008.0
2023-07-06,3078.698486328125,3083.8406595588453,3059.334527255893,3063.5501909386862,1848238.0
2023-07-07,3084.58251953125,3110.200423093998,3059.3351293811484,3059.3351293811484,1789326.0
2023-07-10,3031.4931640625,3080.412918176495,3025.239224007551,3080.412918176495,1407431.0
2023-07-11,3031.91015625,3052.8493652895645,3021.1627797878978,3052.8493652895645,1110172.0
2023-07-12,3020.32861328125,3047.429019608131,3011.2489999836316,3039.8316859801516,1515240.0
2023-07-13,3095.051513671875,3119.974530016401,3032.234121121169,3042.657353528965,4585146.0
2023-07-14,3256.356689453125,3265.8072677930727,3105.66000208669,3117.704626199795,6306101.0
2023-07-17,3235.09375,3289.0165672292546,3221.520473895772,3252.0489220985337,2743228.0
2023-07-18,3239.86474609375,3265.0193878447244,3210.3553288541348,3220.546933072719,2600090.0
2023-07-19,3215.034912109375,3258.3956097228456,3192.42794053721,3242.7838313695074,2405370.0
2023-07-20,3217.12451171875,3231.615508865047,3191.8114745263765,3207.6495853563993,1715404.0
2023-07-21,3128.87744140625,3190.743301408389,3120.2849419514946,3162.086290650304,3770223.0
2023-07-24,3153.447509765625,3170.8182482458337,3132.4075869016933,3140.6748745909354,1680132.0
2023-07-25,3157.534423828125,3164.6407891152476,3139.9314569469643,3156.001798437655,1272980.0
2023-07-26,3147.455810546875,3177.692164718962,3144.390332959445,3158.649328138262,1066803.0
2023-07-27,3155.444580078125,3169.1461341109766,3144.437026978076,3153.633233546405,1701769.0
2023-07-28,3116.89453125,3152.4721721313763,3094.2289997510134,3144.3906226830322,2599831.0
2023-07-31,3178.25,3183.0803336444687,3122.0039068423093,3125.255123478166,2743678.0
2023-08-01,3206.67431640625,3214.0591758025353,3172.2578281403635,3172.2578281403635,1956167.0
2023-08-02,3196.08447265625,3201.4257559135945,3170.957399805504,3190.789680697638,1914899.0
2023-08-03,3158.277587890625,3189.21063084712,3128.59867609207,3176.9024561267456,2026351.0
2023-08-04,3198.778564453125,3224.2773416333084,3159.4852515788793,3159.4852515788793,2248493.0
2023-08-07,3236.39990234375,3240.0690865999345,3196.642128515489,3208.439353054858,1853889.0
2023-08-08,3223.906005859375,3241.8804503952497,3210.901141336807,3236.399919632617,1634225.0
2023-08-09,3216.3818359375,3220.5619711755417,3181.593866924947,3218.6111506830484,1794589.0
2023-08-10,3197.431884765625,3218.6110545764855,3186.2383664939557,3204.770253471881,1096701.0
2023-08-11,3203.6552734375,3220.2363383110205,3171.328853127344,3193.715887415701,1679974.0
2023-08-14,3204.631103515625,3209.4149453532923,3168.5425118958265,3196.1313591222456,1190425.0
2023-08-16,3212.572998046875,3219.6328723246997,3191.0221251590224,3204.770170086617,1328445.0
2023-08-17,3191.533447265625,3214.802913522075,3170.586278504093,3209.4151379764926,1843241.0
2023-08-18,3127.762939453125,3167.6134698101937,3117.9163083336994,3167.6134698101937,2526749.0
2023-08-21,3159.85693359375,3167.3812675130794,3132.314578504026,3135.1013352464674,1375579.0
2023-08-22,3141.742919921875,3168.54232050071,3125.858543041599,3158.3242127535664,1222012.0
2023-08-23,3156.69873046875,3160.1821764304236,3136.0302844294856,3147.1773115068418,1330046.0
2023-08-24,3146.9453125,3170.447008335197,3137.981334949488,3165.755922072172,1152881.0
2023-08-25,3140.95361328125,3145.133748452828,3112.1106352399906,3135.101378683671,1158046.0
2023-08-28,3135.6123046875,3152.7508133982506,3121.2605527357937,3152.7508133982506,1037485.0
2023-08-29,3136.169677734375,3148.617327956399,3125.812321973633,3140.721516741904,944517.0
2023-08-30,3149.917724609375,3165.8488209595616,3142.5793554875713,3156.466648681639,1188200.0
2023-08-31,3118.195068359375,3174.487418701091,3105.979648519252,3159.2532391652235,3417652.0
2023-09-01,3139.00244140625,3148.105891229252,3118.194750485235,3126.740758299694,1277950.0
2023-09-04,3175.50927734375,3188.839354347761,3130.5032017453473,3137.888061684127,1828332.0
2023-09-05,3185.58837890625,3201.98370810682,3163.1083582727633,3176.902895771779,1501842.0
2023-09-06,3186.0986328125,3199.1034965488716,3156.559195183631,3189.907290764311,1314818.0
2023-09-07,3209.646728515625,3214.0590928772335,3179.0388989856174,3186.934708895865,1885092.0
2023-09-08,3197.245849609375,3218.703966769239,3190.8828912594386,3209.647007555386,1518917.0
2023-09-11,3233.2412109375,3237.932296351562,3200.1253456084146,3215.9169656012573,1783604.0
2023-09-12,3326.272705078125,3334.725730646849,3235.424395053453,3243.7846648081127,4476016.0
2023-09-13,3314.243408203125,3333.750705221569,3293.01752049451,3317.262394646456,1754929.0
2023-09-14,3306.997314453125,3341.971015449601,3293.5744835760424,3316.286502158623,2604721.0
2023-09-15,3342.528564453125,3350.9353249531437,3309.2267347478796,3314.243032341554,2952897.0
2023-09-18,3349.821044921875,3362.0364654202117,3321.1175395324153,3325.5763959350998,1395753.0
2023-09-20,3349.728271484375,3367.331240473756,3325.529887143737,3325.529887143737,1649396.0
2023-09-21,3330.452880859375,3348.7525373008507,3277.225784076949,3333.4718671967476,2004073.0
2023-09-22,3347.49853515625,3375.45908502732,3311.6424013468136,3329.2453693121192,1989083.0
2023-09-25,3322.882080078125,3362.6863447912865,3305.697080802258,3346.430264395196,1238778.0
2023-09-26,3330.824462890625,3339.4169627375986,3284.6572387999286,3314.0111668297322,1726062.0
2023-09-27,3334.16845703125,3357.1127071544365,3302.9566931122054,3334.8186548656413,1541134.0
2023-09-28,3285.354248046875,3346.7093928835707,3276.6225002286055,3344.1083743461513,1755753.0
2023-09-29,3277.78369140625,3314.8009776794106,3256.3720629859226,3285.7722587762732,2243791.0
2023-10-03,3264.081787109375,3282.9851507659523,3232.7307740458355,3282.9851507659523,1948148.0
2023-10-04,3286.28271484375,3295.8041332105504,3230.12961480862,3238.4898845941034,1788138.0
2023-10-05,3334.21484375,3366.4017900176427,3298.7764548387318,3301.37747288154,2990768.0
2023-10-06,3363.98681640625,3376.573712868575,3320.931561429297,3335.747772538649,2075691.0
2023-10-09,3379.73193359375,3417.492393516818,3372.9042894426652,3385.955644430069,4233074.0
2023-10-10,3370.953857421875,3388.696299926251,3345.3623220029544,3381.3114396957885,1848148.0
2023-10-11,3353.303955078125,3390.553690446803,3348.752343578281,3390.553690446803,2426417.0
2023-10-12,3290.741455078125,3333.5644771796983,3286.6078116313074,3320.8848258321595,4241281.0
2023-10-13,3317.02978515625,3322.7425450571513,3274.4387674941177,3279.083361490563,2890357.0
2023-10-16,3273.556884765625,3320.5600477596604,3268.958781301307,3312.5249895233706,1671104.0
2023-10-17,3257.76513671875,3282.9387033243615,3254.32818207953,3279.083780529412,1672065.0
2023-10-18,3239.3720703125,3272.30219626278,3236.353084226468,3261.4338917104274,1408245.0
2023-10-19,3218.32421875,3238.0684358855883,3214.8317596869083,3231.223125172474,1514545.0
2023-10-20,3254.552978515625,3259.1629792610242,3207.5211938456205,3213.434955097758,1481211.0
2023-10-23,3175.94921875,3240.0242499313185,3167.7071513441997,3234.4829267293885,1106272.0
2023-10-25,3157.2763671875,3189.779430139314,3145.2621710118374,3157.6488052225827,1518537.0
2023-10-26,3107.59033203125,3142.002652711776,3101.3039051963924,3136.740771569839,1984471.0
2023-10-27,3120.8154296875,3131.1065899208998,3107.8235248560504,3119.930718689772,1108851.0
2023-10-30,3146.52001953125,3150.5247521908564,3104.7967215257736,3119.9307137941782,910972.0
2023-10-31,3137.392822265625,3165.5653292410716,3119.977136155537,3165.5653292410716,999811.0
2023-11-01,3101.909423828125,3140.0472649317667,3083.609026294752,3124.587219335214,1563475.0
2023-11-02,3129.336669921875,3144.0979943996585,3113.5971840186144,3113.5971840186144,1245384.0
2023-11-03,3120.76806640625,3155.2269944023587,3114.6214751338234,3149.732283319998,1402598.0
2023-11-06,3148.102783203125,3159.3252644555632,3128.3121806905697,3143.213340229435,1099852.0
2023-11-07,3138.975830078125,3170.3613524077323,3134.8314904867043,3146.0073603280116,1191144.0
2023-11-08,3149.313720703125,3168.312609208247,3138.137850435721,3139.907272278595,992899.0
2023-11-09,3117.555419921875,3158.5802210317074,3112.526369431392,3157.276460496739,2112352.0
2023-11-10,3104.51708984375,3117.5556054640406,3094.1795460261487,3108.754652895078,1338557.0
2023-11-13,3102.747314453125,3125.5181025923366,3098.509751884596,3125.5181025923366,1030990.0
2023-11-15,3170.5009765625,3178.603436184404,3125.564669561065,3150.7569866293434,2059802.0
2023-11-16,3257.626708984375,3286.963369638234,3179.7214403793696,3194.4829939118117,3951984.0
2023-11-17,3261.91015625,3282.4458610340766,3252.690155264645,3257.626209552958,2021292.0
2023-11-20,3277.882568359375,3291.200297423911,3251.4794860942648,3251.4794860942648,1475621.0
2023-11-21,3269.1279296875,3295.9966725893887,3260.5598088550396,3277.8824969038105,1807236.0
2023-11-22,3287.7080078125,3290.036314045069,3242.0268214284124,3259.6287255971747,1798051.0
2023-11-23,3267.31201171875,3300.606789576356,3259.628601443918,3287.56827517058,2729804.0
2023-11-24,3219.675048828125,3263.8662551978136,3215.8565356961108,3254.273588142524,1989733.0
2023-11-28,3231.828369140625,3242.166138837972,3197.229832568979,3219.6747935926865,1689195.0
2023-11-29,3272.43408203125,3276.3922022300785,3237.0904424364394,3241.933273440279,1441634.0
2023-11-30,3248.08056640625,3275.1353041689813,3241.9337467212595,3259.116602029924,3266235.0
2023-12-01,3270.478515625,3275.4145702734368,3250.3620863601263,3259.6286996171643,1172141.0
2023-12-04,3271.2236328125,3304.1459737662194,3257.766068313779,3301.212171500063,1625213.0
2023-12-05,3289.058349609375,3295.0187221482606,3262.236218437115,3295.0187221482606,1377656.0
2023-12-06,3356.57958984375,3364.728661904826,3283.0514948908803,3289.990029573241,1896572.0
2023-12-07,3366.637451171875,3381.2127840148296,3345.030815693545,3357.4174498180882,1967653.0
2023-12-08,3377.627197265625,3394.670444147185,3354.670189052335,3383.494574372215,1641155.0
2023-12-11,3392.714599609375,3402.12104768493,3366.7307931511145,3374.0881498547355,1102503.0
2023-12-12,3419.909423828125,3444.4030235404603,3381.6319783454765,3389.0359467038065,2236866.0
2023-12-13,3346.75390625,3399.327014186455,3318.301959327764,3393.3200297320063,3850968.0
2023-12-14,3415.392578125,3425.4042954103893,3378.4657304357984,3380.7008135779533,3290396.0
2023-12-15,3595.8359375,3628.3856112730377,3414.879942101353,3414.879942101353,8531230.0
2023-12-18,3594.159423828125,3659.165773966342,3567.1044621574897,3593.1351055942864,2521612.0
2023-12-19,3554.11279296875,3590.341373765734,3529.7121895342984,3580.934925794031,2004435.0
2023-12-20,3520.4453125,3631.0398484080574,3507.872459996768,3564.403684666202,2586083.0
2023-12-21,3527.383544921875,3545.264889298634,3486.265752436792,3498.279720293807,1517562.0
2023-12-22,3561.377197265625,3581.819680420596,3503.635202958494,3539.025457533832,2413058.0
2023-12-26,3534.881103515625,3570.6904075901484,3529.8518256722914,3557.51228537649,1285231.0
2023-12-27,3549.456298828125,3555.9755563874555,3509.2232119367036,3538.094209699452,1293976.0
2023-12-28,3538.93212890625,3574.4156056228353,3531.6679956087487,3561.377091167723,1682889.0
2023-12-29,3532.87841796875,3560.073214846418,3506.8013899069297,3531.574657515115,1574996.0
2024-01-01,3549.36328125,3568.8278306083957,3513.879802945062,3529.712285492124,825907.0
2024-01-02,3523.379150390625,3549.363183929598,3508.5246023534996,3549.363183929598,1344068.0
2024-01-03,3438.209716796875,3512.8087373367534,3433.83254667766,3508.29173242333,1803075.0
2024-01-04,3414.97314453125,3463.58813008378,3400.258204607658,3447.5228181063812,3598144.0
2024-01-05,3481.18994140625,3490.3635580837076,3422.4702454218473,3422.6098528337334,1963127.0
2024-01-08,3425.68359375,3482.9133158422196,3420.1886545813795,3481.1902782695042,1067805.0
2024-01-09,3436.48681640625,3494.648088677372,3429.8279514524115,3455.1598780853456,1370944.0
2024-01-10,3458.046630859375,3473.1340080380555,3434.7169596150297,3436.579604387055,1292227.0
2024-01-11,3479.001708984375,3513.879690118427,3452.412406909358,3468.244888948058,1777909.0
2024-01-12,3616.138671875,3637.0468143478074,3559.141786285624,3583.728606775587,6813450.0
2024-01-15,3635.696533203125,3692.6934202169923,3618.1876261142534,3688.036808085571,2801505.0
2024-01-16,3596.115234375,3631.2260434367095,3590.7601305663925,3631.2260434367095,1432672.0
2024-01-17,3617.8154296875,3641.4243183462013,3550.713598917996,3556.7205834939423,3458696.0
2024-01-18,3634.579345703125,3640.353499833649,3596.7675605644026,3630.2951711755672,2239110.0
2024-01-19,3697.834716796875,3717.059837136614,3671.5760158450357,3699.6634019644803,2941975.0
2024-01-23,3618.30810546875,3689.253392795468,3603.772039730458,3657.4617018928593,2618854.0
2024-01-24,3602.88134765625,3642.1285897607904,3568.9326446510017,3638.7056721419845,2657709.0
2024-01-25,3573.340087890625,3620.8870436828015,3543.7051787524156,3601.0991467068993,2205154.0
2024-01-29,3564.618408203125,3582.436811190723,3545.7216145125103,3564.430891857951,1646747.0
2024-01-30,3564.196533203125,3608.5080891700763,3551.4891523141855,3570.6673355072853,1411621.0
2024-01-31,3578.638916015625,3595.566445988201,3560.3516062355598,3574.184314915353,2459358.0
2024-02-01,3614.463134765625,3662.057029330496,3568.4167652804376,3582.436989907515,2363107.0
2024-02-02,3719.638671875,3736.612908383376,3631.2030759637855,3634.063444426215,2826510.0
2024-02-05,3726.203369140625,3771.8747052852855,3715.6999348975555,3735.300087307631,1691523.0
2024-02-06,3878.78515625,3891.820633736524,3741.864790482955,3748.4294655539775,4474396.0
2024-02-07,3829.456298828125,3896.603639652877,3820.594033092657,3894.7280181656797,2124267.0
2024-02-08,3877.003662109375,3899.4172483124053,3831.941808049095,3835.6461148623707,2345173.0
2024-02-09,3876.62841796875,3924.5034728185747,3845.0240130368975,3879.3008122308597,2100596.0
2024-02-12,3864.43701171875,3900.9177589811775,3850.228812262782,3873.1584686878864,1013716.0
2024-02-13,3891.445068359375,3910.6701855786464,3827.6739478271575,3868.890906690215,1257415.0
2024-02-14,3845.11767578125,3858.997090733716,3797.6643636034514,3851.5884779156377,1391283.0
2024-02-15,3848.02490234375,3888.444175657724,3829.0809437517446,3871.282423660838,1091582.0
2024-02-16,3871.563720703125,3889.9920672478725,3845.1177337734257,3857.4498528668705,1307556.0
2024-02-19,3848.5869140625,3871.56327350548,3802.8219404605725,3866.6397679105557,772291.0
2024-02-20,3779.98681640625,3843.148462143892,3760.6211159582745,3828.2373627684356,1193648.0
2024-02-21,3743.271484375,3810.6532761089843,3733.04943912238,3763.434414830734,1885939.0
2024-02-22,3832.92626953125,3840.287946278356,3724.0463538039667,3724.0463538039667,2982052.0
2024-02-23,3800.102783203125,3873.1581442686033,3794.7570791114713,3873.1581442686033,2538072.0
2024-02-26,3752.2275390625,3798.1333269385277,3735.065557497388,3785.0039771663946,1379284.0
2024-02-27,3849.150146484375,3867.5313277921664,3750.3049902620937,3750.3049902620937,2960475.0
2024-02-28,3862.795654296875,3896.509674983892,3834.7080400231876,3840.8976823678586,1939225.0
2024-02-29,3840.428955078125,3880.754817970432,3811.778790417747,3844.0863254782985,3772719.0
2024-03-01,3839.72509765625,3882.536061925083,3832.644581510238,3851.7760560015763,2043265.0
2024-03-04,3826.92431640625,3861.810830830789,3822.422778973925,3849.7131636292625,1749271.0
2024-03-05,3762.590576171875,3811.2628621841086,3732.4867597177044,3809.387240696813,2070859.0
2024-03-06,3811.5439453125,3818.765041667535,3712.2765944807757,3745.662745858388,1744204.0
2024-03-07,3853.089111328125,3867.5313044415575,3786.598195707899,3812.200473461429,2688905.0
2024-03-11,3865.984375,3894.7281839316047,3834.70829378674,3834.70829378674,2304068.0
2024-03-12,3931.536865234375,3966.8925114142617,3864.764560938834,3865.983989585085,4039801.0
2024-03-13,3890.976806640625,3977.25539574907,3874.9401512123873,3943.4942087066347,2837260.0
2024-03-14,3945.932861328125,3962.2506778621505,3831.894975087514,3895.1504974777836,2919608.0
2024-03-15,3956.858154296875,3975.3799172991535,3917.235648633773,3931.865588461695,3373143.0
2024-03-18,3894.2587890625,3990.1499296240027,3861.76374108121,3953.106408331295,1526904.0
2024-03-19,3729.954833984375,3805.636117588947,3719.920304502826,3799.305894869941,8931209.0
2024-03-20,3723.952392578125,3768.123367840969,3713.9178639455963,3738.113425638154,1817913.0
2024-03-21,3725.875244140625,3759.1205900676036,3702.476911275549,3741.9118998530926,3829582.0
2024-03-22,3667.683837890625,3693.098599879169,3615.260310445454,3654.6483605203457,5852485.0
2024-03-26,3636.361328125,3701.2577888212077,3630.687527069717,3634.016801156512,3440925.0
2024-03-27,3602.036865234375,3652.7725134223638,3591.2520426658625,3646.6767441445086,1968575.0
2024-03-28,3635.23583984375,3671.529069915745,3601.6621693515754,3610.6652440946027,4311783.0
2024-04-01,3673.170166015625,3688.690979343402,3646.2550439346555,3655.3048258696854,1569676.0
2024-04-02,3642.26953125,3666.699547713614,3632.141129095373,3648.083912259489,2142666.0
2024-04-03,3701.820068359375,3733.4242418469757,3611.5088559037185,3611.5088559037185,3973090.0
2024-04-04,3754.337646484375,3778.1110105154908,3690.519582126367,3728.6414957560305,3394637.0
2024-04-05,3731.783203125,3753.1183964079287,3714.199252617092,3730.610939757806,1636819.0
2024-04-08,3725.500244140625,3781.862534405873,3713.7306731098083,3735.300320958678,2302538.0
2024-04-09,3701.11669921875,3766.1070236289547,3680.953770065772,3736.237662579727,1876992.0
2024-04-10,3736.847412109375,3742.052307422326,3674.3424188992844,3710.3542591400274,2101965.0
2024-04-12,3752.555419921875,3763.762440285618,3700.131896496917,3724.0460679227617,4354821.0
2024-04-15,3696.099365234375,3811.450077595125,3675.326950485817,3752.555521752734,4200329.0
2024-04-16,3631.953369140625,3684.37689632826,3622.622198353119,3659.33739612377,3051420.0
2024-04-18,3621.824951171875,3691.2229435040135,3610.571222685582,3635.704595429841,3476284.0
2024-04-19,3588.25146484375,3612.962869820078,3564.5248069516724,3599.3176775438415,2957749.0
2024-04-22,3624.263671875,3636.830244882277,3574.934732720794,3598.3800024789316,1728883.0
2024-04-23,3633.735107421875,3652.772710601142,3620.5121138030436,3635.9390541705266,1807586.0
2024-04-24,3592.7998046875,3655.586186600659,3586.6101623523527,3648.0837008405756,1317312.0
2024-04-25,3612.634521484375,3632.7505162587627,3573.9967644173494,3574.184280775608,2856271.0
2024-04-26,3583.703125,3635.7046841917695,3566.07223748283,3615.400944510773,2039178.0
2024-04-29,3629.514892578125,3636.6423454168485,3581.6865473099597,3599.3174341023114,1110693.0
2024-04-30,3583.046630859375,3640.346960554097,3573.059037730691,3631.2033055362826,2203078.0
2024-05-02,3623.04443359375,3630.3594034721755,3543.0960645672344,3543.0960645672344,2491044.0
2024-05-03,3604.381591796875,3651.459872612422,3561.430044438285,3648.224242496259,2962234.0
2024-05-06,3677.202880859375,3694.9274124213143,3613.384813638277,3613.384813638277,2053831.0
2024-05-07,3731.501953125,3739.9891860111734,3670.1222867238534,3686.3464581217104,2062112.0
2024-05-08,3729.626220703125,3736.5192209369857,3693.66131770256,3714.6681858171114,1247685.0
2024-05-09,3713.91796875,3724.0463703208047,3666.886852709913,3715.6060738380834,1726486.0
2024-05-10,3651.740966796875,3726.484662213695,3643.441479536376,3716.1687445881325,1672489.0
2024-05-13,3702.28955078125,3709.0417428021406,3629.327824183131,3642.9260808887266,931326.0
2024-05-14,3658.5869140625,3700.413361230903,3650.8030397651737,3691.222770938554,1058317.0
2024-05-15,3639.080322265625,3682.7354534258484,3634.485141704623,3661.6816503123987,1115021.0
2024-05-16,3684.9423828125,3693.018989202287,3630.673611714795,3675.637945909043,2599399.0
2024-05-17,3621.7939453125,3702.937300542508,3617.9208829280115,3701.992673680125,2765804.0
2024-05-21,3608.66357421875,3631.8542103330115,3599.0757035999536,3618.487832180219,1908117.0
2024-05-22,3619.810302734375,3628.548101612322,3606.160490071024,3622.644183451547,1311168.0
2024-05-23,3677.857177734375,3688.767663426612,3613.6698326347005,3628.264270607641,2095742.0
2024-05-24,3636.34130859375,3668.742057896385,3631.429294761055,3663.4993323947815,1309452.0
2024-05-27,3634.02685546875,3691.9325288692844,3628.64252842061,3641.5365929797185,1841538.0
2024-05-28,3627.2724609375,3655.7058206803945,3617.9207475984267,3644.370298755804,1801993.0
2024-05-29,3593.030029296875,3635.774396680819,3589.582233347775,3635.774396680819,1568095.0
2024-05-30,3529.220703125,3584.2922676744465,3509.714018991741,3567.8558516313005,2919230.0
2024-05-31,3467.677978515625,3542.1618998121,3451.430442400017,3532.904510318457,10956800.0
2024-06-03,3497.811767578125,3543.815050940118,3491.3409811408733,3526.1032967744277,2156773.0
2024-06-04,3509.289306640625,3537.628116653874,3392.627872086085,3495.1199016340006,3395997.0
2024-06-05,3538.9970703125,3574.27897395571,3495.1192010613695,3510.233230038932,2799670.0
2024-06-06,3618.298583984375,3627.2725390345563,3534.3213495003415,3571.634109972148,4328036.0
2024-06-07,3678.330078125,3698.2145216133376,3624.8170534773285,3624.8170534773285,4552445.0
2024-06-10,3645.03173828125,3689.6180814133613,3629.161960387638,3679.3217405498876,1734661.0
2024-06-11,3638.797119140625,3665.1048380918546,3628.311669035547,3632.0901763711736,1419898.0
2024-06-12,3619.4794921875,3677.9047569591216,3615.5121054162055,3659.8622913039767,2177001.0
2024-06-13,3663.40478515625,3674.5987063691045,3638.7028835305373,3643.23713885556,1932323.0
2024-06-14,3619.857421875,3673.6538756786167,3616.031636949793,3673.6538756786167,1860730.0
2024-06-18,3603.845947265625,3629.2563169969253,3584.906133011182,3614.1895650327606,1774045.0
2024-06-19,3591.187744140625,3621.5576348500226,3582.922259445668,3615.7007640544557,1509050.0
2024-06-20,3577.5380859375,3598.981069597492,3570.736818650082,3585.8035709865335,2846526.0
2024-06-21,3599.73681640625,3663.074093663598,3587.7401013764106,3615.087002922448,4642195.0
2024-06-24,3605.45166015625,3643.425611853127,3581.3636764636767,3597.8473681995324,1702154.0
2024-06-25,3625.903076171875,3634.5935975227003,3582.8752747763524,3605.6408753024607,1338808.0
2024-06-26,3642.339599609375,3652.8248194664434,3628.3117983770853,3631.6179924136177,1639845.0
2024-06-27,3716.303466796875,3723.7188794930803,3606.6797101565076,3618.865303738709,4526556.0
2024-06-28,3687.96484375,3740.722345851188,3682.013879060851,3700.8591386940006,2731571.0
2024-07-01,3757.914794921875,3780.1135277066987,3668.930984521538,3668.930984521538,2658723.0
2024-07-02,3794.943603515625,3800.6113642998603,3762.023498000259,3772.4616702355806,2307449.0
2024-07-03,3745.681884765625,3803.162524946505,3735.9994588608656,3797.4002085008037,1821198.0
2024-07-04,3798.29736328125,3823.2356509992096,3761.598747788845,3778.3658747158024,2518001.0
2024-07-05,3789.654296875,3803.7764231043757,3767.172130214255,3787.953922306711,1668616.0
2024-07-08,3772.084228515625,3808.0273294957547,3757.7732227074534,3799.2895303521054,1758882.0
2024-07-09,3764.810546875,3785.0727479543702,3754.9865192673674,3764.3382334203675,1305801.0
2024-07-10,3692.688232421875,3781.624995321451,3685.9342421919528,3763.1102154389605,2669716.0
2024-07-11,3706.432373046875,3759.6149115124776,3679.8884965924376,3713.3281952652137,4872189.0
2024-07-12,3952.272216796875,3967.3862483978237,3751.3971521774197,3759.6153607360716,13509164.0
2024-07-15,3938.337890625,4005.2172776506286,3926.8603070256004,4001.1555672673976,4848030.0
2024-07-16,3947.075927734375,3962.2840497986936,3915.3834227252332,3940.9829005455586,2029521.0
2024-07-18,4076.5849609375,4085.511870794273,3929.648412139694,3929.648412139694,5613364.0
2024-07-19,4073.6025390625,4126.955994366335,4057.364651530447,4087.804853926967,3903354.0
2024-07-22,4059.352294921875,4090.2187458114163,4038.1907573413023,4071.282329598796,1896386.0
2024-07-23,4073.55419921875,4129.748101166285,4039.4210350241588,4055.2331259044586,2365208.0
2024-07-24,4077.247802734375,4108.350964066985,4041.126675185908,4059.4949095439492,1809793.0
2024-07-25,4092.633056640625,4112.042883745572,4046.901795265646,4066.5954836949645,2810342.0
2024-07-26,4154.50830078125,4187.268397348249,4106.409520256929,4118.671036198701,3552210.0
2024-07-29,4148.11669921875,4195.362964674367,4138.553716676068,4180.21383187482,1746803.0
2024-07-30,4133.20458984375,4164.118198879963,4097.177778242139,4157.585227320139,1797906.0
2024-07-31,4152.14111328125,4179.267439518362,4113.936797622856,4118.670902108038,2330091.0
2024-08-01,4163.265625,4184.2847683252885,4132.919742480951,4165.443127805721,2202244.0
2024-08-02,4055.281005859375,4164.118251496919,4042.9251782382544,4132.873162297419,2811282.0
2024-08-05,3934.088134765625,4013.573937057952,3891.907447104674,4013.573937057952,2787771.0
2024-08-06,3949.37890625,4031.799467797811,3939.531600575893,3949.142201061965,2203067.0
2024-08-07,3977.07421875,4019.207750753754,3957.9954068783913,4003.1589508286056,1237666.0
2024-08-08,3950.6572265625,4006.945912072743,3938.7748095989155,3958.6580478204482,2441283.0
2024-08-09,4003.86865234375,4027.4443989451242,3981.902223791584,3992.7435074037467,1302536.0
2024-08-12,3972.52880859375,4013.573584922349,3963.723559610809,4005.0521972685856,936912.0
2024-08-13,3973.76025390625,4008.8397841438527,3960.5519171170845,3988.956544779889,1495593.0
2024-08-14,4066.83203125,4077.1999039105713,3965.42743135513,3985.168737449799,3226545.0
2024-08-16,4181.20849609375,4191.576370483643,4095.0954075700097,4118.671156901704,3457058.0
2024-08-19,4251.2255859375,4255.249574521071,4156.87498137627,4185.894947757169,2055210.0
2024-08-20,4282.75439453125,4322.237007322546,4260.693654534821,4265.427758595415,2212298.0
2024-08-21,4309.455078125,4317.503055311436,4253.639804359008,4277.736579801988,1896990.0
2024-08-22,4262.58740234375,4318.402675534502,4258.042847258311,4317.5030108146375,1829872.0
2024-08-23,4226.513671875,4266.374923745363,4218.087058430003,4260.6939984141445,1809253.0
2024-08-26,4263.01318359375,4310.069896517647,4246.490976918167,4250.278259840725,1844164.0
2024-08-27,4257.9951171875,4270.161857070282,4248.195429331919,4265.427753015881,930697.0
2024-08-28,4266.421875,4319.8700965173775,4220.2643589002255,4259.510267771518,1848058.0
2024-08-29,4271.8662109375,4313.715878264525,4222.821074859477,4222.821074859477,2133641.0
2024-08-30,4311.58544921875,4348.038051973605,4249.14242918416,4260.693828489569,3637222.0
2024-09-02,4280.62451171875,4344.014356887433,4272.055967366194,4332.652505910395,1216500.0
2024-09-03,4272.38671875,4313.620577631577,4256.811332431798,4280.623781915076,1717263.0
2024-09-04,4241.04736328125,4248.3852249914535,4200.760320366018,4238.869860215786,1265505.0
2024-09-05,4237.92236328125,4259.746395831193,4217.281394309991,4242.703622965008,1688793.0
2024-09-06,4219.744140625,4278.6365868505345,4203.8848901946485,4236.029645395859,1649179.0
2024-09-09,4212.9267578125,4251.462553433798,4194.890004562873,4218.0871166522065,1184938.0
2024-09-10,4268.1259765625,4298.519014859862,4204.310350980651,4206.20399246566,1385591.0
2024-09-11,4241.14208984375,4307.419549702135,4233.4727484543055,4281.003340307267,1325919.0
2024-09-12,4277.45263671875,4291.5601745835365,4195.6469473824145,4270.398636628928,2742216.0
2024-09-13,4282.09228515625,4305.194622601226,4265.428144890812,4289.098667337487,1458786.0
2024-09-16,4273.23974609375,4304.295289007335,4255.43969677022,4286.2585344411245,1155120.0
2024-09-17,4266.04345703125,4294.590014445038,4228.502101148829,4273.239388269134,1699364.0
2024-09-18,4115.02587890625,4257.901071253871,4091.213423900801,4257.901071253871,2961779.0
2024-09-19,4067.684326171875,4187.031372404745,4054.097354431545,4156.590712046438,2927551.0
2024-09-20,4057.0322265625,4100.39689523506,4002.6848068053296,4087.3304912148405,5447908.0
2024-09-23,4041.5048828125,4080.229763925027,4026.8291593303416,4071.3297402117255,1702319.0
2024-09-24,4044.155029296875,4062.8075818205225,4014.519726618274,4025.550095196614,3012026.0
2024-09-25,4047.421875,4061.482255162534,4014.5198549622787,4026.2131833235376,2713073.0
2024-09-26,4064.22802734375,4087.235586404884,4033.4563532869834,4033.4563532869834,3964251.0
2024-09-27,4079.5673828125,4145.181886032281,4071.37701220358,4104.468587471434,3012477.0
2024-09-30,4041.5048828125,4070.1462141244547,4033.504061536598,4058.926294354151,2503416.0
2024-10-01,4059.873291015625,4067.305927628493,4017.313968463482,4029.2435420878182,1823365.0
2024-10-03,4007.656494140625,4051.446964367783,3986.116316893753,4035.9191927934635,3350119.0
2024-10-04,4026.119140625,4069.436196462167,3999.4186065272825,4000.318271301223,2965463.0
2024-10-07,4045.6240234375,4068.7263623530516,4004.4844678804907,4046.618000517575,1472619.0
2024-10-08,4027.065673828125,4051.8249459382696,3980.3875920827627,4045.386749254377,1541867.0
2024-10-09,4026.781982421875,4066.595614866151,4020.8643520160745,4033.456884593668,1082504.0
2024-10-10,4002.590576171875,4065.5070098395613,3975.322319205254,4027.0659888752402,2378875.0
2024-10-11,3928.549560546875,4016.367201197805,3893.753891609714,3922.6790858954605,5759183.0
2024-10-14,3916.66650390625,3943.887604227915,3902.985219568291,3919.8384463197513,2137590.0
2024-10-15,3897.871826171875,3948.1957233726384,3877.231316907688,3911.364023062213,2759474.0
2024-10-16,3877.183837890625,3896.167641402821,3850.909560357471,3867.7630170426546,2359151.0
2024-10-17,3890.48681640625,3910.3228978529323,3875.2902957519555,3894.0845506582914,2522659.0
2024-10-18,3913.3134765625,3935.2384902660306,3872.4535818662375,3881.944889664929,2361000.0
2024-10-21,3872.31103515625,3929.3538837407996,3862.9620049373275,3922.3776803062365,1595450.0
2024-10-22,3811.234130859375,3881.754584605675,3802.5496780872345,3859.165228757121,1928049.0
2024-10-23,3859.40283203125,3904.2965301967497,3791.919544419266,3796.143361546141,1966476.0
2024-10-24,3841.986328125,3871.504387583309,3800.3195802607424,3800.3195802607424,2676744.0
2024-10-25,3851.1455078125,3883.8430156937015,3827.5595160672574,3850.670942439126,1759676.0
2024-10-28,3882.751220703125,3923.7061156513423,3844.9282715296536,3861.965120390014,1532534.0
2024-10-29,3867.945068359375,3894.7580119042254,3853.5658302619245,3887.497254393904,1445885.0
2024-10-30,3876.86669921875,3898.079863479923,3853.518222560894,3867.7076804676617,1935002.0
2024-10-31,3766.577880859375,3870.839986500922,3758.557772361112,3862.962154926698,3740372.0
2024-11-01,3781.52685546875,3795.5265346519595,3773.7915322018357,3786.889583476844,154895.0
2024-11-04,3762.49658203125,3788.834960428504,3714.1859193893415,3764.5373521831416,2269192.0
2024-11-05,3769.33056640625,3783.235239462336,3740.619360687802,3740.619360687802,967590.0
2024-11-06,3929.068603515625,3938.7021869268697,3773.0316173071656,3799.939563929586,3792017.0
2024-11-07,3939.746826171875,3991.8540128312807,3877.246703910295,3957.5907627391994,3724349.0
2024-11-08,3936.044921875,3957.6376448006463,3908.187843785678,3943.637967299403,1648039.0
2024-11-11,3985.115234375,4018.903916361986,3908.1879134815194,3918.201520379155,1406487.0
2024-11-12,3983.88134765625,4003.4335339434815,3952.512761507312,4001.5352724290465,1587640.0
2024-11-13,3939.224853515625,3983.264427096759,3920.9063521955636,3965.5632315109633,1098813.0
2024-11-14,3935.0009765625,3948.383812461554,3907.0493548019417,3924.6555443578186,1825432.0
2024-11-18,3815.031005859375,3998.687803877484,3787.2214288591285,3998.687803877484,3313944.0
2024-11-19,3834.061279296875,3921.950650276649,3809.9059473493503,3815.410720482754,1776233.0
2024-11-21,3865.6669921875,3884.2698145282143,3819.3018656674813,3839.1386042394874,2384347.0
2024-11-22,4028.680419921875,4038.504015740722,3847.776008717878,3863.9112312507355,3096553.0
2024-11-25,4095.593994140625,4107.932693294498,4035.8937655385084,4062.2794137366227,4052167.0
2024-11-26,4131.28173828125,4144.474563456407,4090.7536685314544,4101.241378290607,2060669.0
2024-11-27,4112.15576171875,4154.724363536381,4104.088151292946,4137.2131813248125,1558993.0
2024-11-28,4028.96484375,4119.179995477792,4017.670281030027,4099.2955217974695,2558544.0
2024-11-29,4053.59521484375,4080.028599301392,3982.2203960362835,4005.3318228209696,2017425.0
2024-12-02,4059.099609375,4070.0623467391047,4014.87002722247,4052.7879830735096,1670944.0
2024-12-03,4083.8720703125,4104.990228133534,4048.469681005338,4094.882078988639,2010905.0
2024-12-04,4132.89501953125,4163.789504813234,4070.8692297125376,4094.122934068909,3302642.0
2024-12-05,4236.96728515625,4260.648284679668,4138.210407931244,4176.9347603164215,3746747.0
2024-12-06,4219.36083984375,4237.868889866684,4188.276807112925,4226.479320621802,1842087.0
2024-12-09,4225.67236328125,4242.0448686697655,4190.934085246633,4205.07650413352,2066639.0
2024-12-10,4207.06884765625,4265.203099559396,4187.659404066042,4200.994504227562,2087828.0
2024-12-11,4202.22802734375,4222.349315924819,4182.818123196703,4206.4041088649055,1635256.0
2024-12-12,4228.33056640625,4256.851762402647,4200.853043566135,4204.696838041356,1914642.0
2024-12-13,4246.31591796875,4266.247663475759,4170.8600242636485,4209.347553772588,1967048.0
2024-12-16,4190.60205078125,4247.359881247422,4173.327686669254,4232.1737900519,1646224.0
2024-12-17,4108.31201171875,4207.44889332409,4098.346139910261,4185.666159565598,3225027.0
2024-12-18,4126.677734375,4140.107840205238,4071.3908747482337,4092.366754522636,1575404.0
2024-12-19,4054.59130859375,4142.006337975124,4045.1950074358338,4064.177621267067,3015763.0
2024-12-20,3958.159423828125,4159.090570831168,3941.2650833812017,4108.7866456248585,4116989.0
2024-12-23,3946.769775390625,4002.4839296244636,3905.577598089669,3986.3959798160035,2195338.0
2024-12-24,3966.89208984375,4003.43362482616,3946.77033195685,3946.77033195685,1181886.0
2024-12-26,3957.02099609375,3986.3017716323247,3932.390868416551,3966.8918629397335,1208464.0
2024-12-27,3952.987060546875,3968.2681573970385,3936.2822676568094,3951.2310760757846,858100.0
2024-12-30,3947.244873046875,3985.6846693501766,3902.8257382512747,3939.841838395195,1527169.0
